2025-10-06 09:28:41 [main] INFO  pe.crediactiva.app.Main - Iniciando aplicación CrediActiva Desktop v1.0.0
2025-10-06 09:28:41 [JavaFX Application Thread] INFO  pe.crediactiva.app.Main - Icono no encontrado, continuando sin icono
2025-10-06 09:28:41 [JavaFX Application Thread] INFO  p.c.app.config.DatabaseConfig - Propiedades de base de datos cargadas correctamente
2025-10-06 09:28:41 [JavaFX Application Thread] INFO  p.c.app.config.DatabaseConfig - Pool de conexiones HikariCP inicializado correctamente
2025-10-06 09:28:42 [JavaFX Application Thread] INFO  pe.crediactiva.app.Main - Aplicación CrediActiva iniciada correctamente
2025-10-06 09:29:14 [JavaFX Application Thread] INFO  p.c.app.dao.impl.UsuarioDAOImpl - Usuario autenticado exitosamente: 12345678
2025-10-06 09:29:14 [JavaFX Application Thread] INFO  p.c.a.service.AuthenticationService - Usuario autenticado exitosamente: 12345678 - ASESOR
2025-10-06 09:29:14 [JavaFX Application Thread] INFO  p.c.app.view.LoginController - Usuario autenticado exitosamente: 12345678
2025-10-06 09:29:14 [JavaFX Application Thread] ERROR p.c.app.service.RecaudacionService - Error al calcular recaudación mensual para asesor: null
java.lang.NullPointerException: Cannot invoke "java.lang.Long.longValue()" because "idAsesor" is null
	at pe.crediactiva.app.dao.impl.RecaudacionAsesorDAOImpl.findByAsesor(RecaudacionAsesorDAOImpl.java:157)
	at pe.crediactiva.app.service.RecaudacionService.obtenerRecaudacionMensualPorAsesor(RecaudacionService.java:112)
	at pe.crediactiva.app.service.RecaudacionService.obtenerRecaudacionDelDia(RecaudacionService.java:268)
	at pe.crediactiva.app.view.asesor.AsesorMainController.cargarEstadisticasDashboard(AsesorMainController.java:136)
	at pe.crediactiva.app.view.asesor.AsesorMainController.initialize(AsesorMainController.java:111)
	at java.base/jdk.internal.reflect.DirectMethodHandleAccessor.invoke(DirectMethodHandleAccessor.java:103)
	at java.base/java.lang.reflect.Method.invoke(Method.java:580)
	at com.sun.javafx.reflect.Trampoline.invoke(MethodUtil.java:72)
	at java.base/jdk.internal.reflect.DirectMethodHandleAccessor.invoke(DirectMethodHandleAccessor.java:103)
	at java.base/java.lang.reflect.Method.invoke(Method.java:580)
	at javafx.base@21.0.1/com.sun.javafx.reflect.MethodUtil.invoke(MethodUtil.java:270)
	at javafx.fxml@21.0.1/com.sun.javafx.fxml.MethodHelper.invoke(MethodHelper.java:84)
	at javafx.fxml@21.0.1/javafx.fxml.FXMLLoader.loadImpl(FXMLLoader.java:2688)
	at javafx.fxml@21.0.1/javafx.fxml.FXMLLoader.loadImpl(FXMLLoader.java:2563)
	at javafx.fxml@21.0.1/javafx.fxml.FXMLLoader.load(FXMLLoader.java:2531)
	at pe.crediactiva.app.view.LoginController.redirectToMainScreen(LoginController.java:140)
	at pe.crediactiva.app.view.LoginController.handleLogin(LoginController.java:99)
	at java.base/jdk.internal.reflect.DirectMethodHandleAccessor.invoke(DirectMethodHandleAccessor.java:103)
	at java.base/java.lang.reflect.Method.invoke(Method.java:580)
	at com.sun.javafx.reflect.Trampoline.invoke(MethodUtil.java:72)
	at java.base/jdk.internal.reflect.DirectMethodHandleAccessor.invoke(DirectMethodHandleAccessor.java:103)
	at java.base/java.lang.reflect.Method.invoke(Method.java:580)
	at javafx.base@21.0.1/com.sun.javafx.reflect.MethodUtil.invoke(MethodUtil.java:270)
	at javafx.fxml@21.0.1/com.sun.javafx.fxml.MethodHelper.invoke(MethodHelper.java:84)
	at javafx.fxml@21.0.1/javafx.fxml.FXMLLoader$MethodHandler.invoke(FXMLLoader.java:1855)
	at javafx.fxml@21.0.1/javafx.fxml.FXMLLoader$ControllerMethodEventHandler.handle(FXMLLoader.java:1726)
	at javafx.base@21.0.1/com.sun.javafx.event.CompositeEventHandler.dispatchBubblingEvent(CompositeEventHandler.java:86)
	at javafx.base@21.0.1/com.sun.javafx.event.EventHandlerManager.dispatchBubblingEvent(EventHandlerManager.java:232)
	at javafx.base@21.0.1/com.sun.javafx.event.EventHandlerManager.dispatchBubblingEvent(EventHandlerManager.java:189)
	at javafx.base@21.0.1/com.sun.javafx.event.CompositeEventDispatcher.dispatchBubblingEvent(CompositeEventDispatcher.java:59)
	at javafx.base@21.0.1/com.sun.javafx.event.BasicEventDispatcher.dispatchEvent(BasicEventDispatcher.java:58)
	at javafx.base@21.0.1/com.sun.javafx.event.EventDispatchChainImpl.dispatchEvent(EventDispatchChainImpl.java:114)
	at javafx.base@21.0.1/com.sun.javafx.event.BasicEventDispatcher.dispatchEvent(BasicEventDispatcher.java:56)
	at javafx.base@21.0.1/com.sun.javafx.event.EventDispatchChainImpl.dispatchEvent(EventDispatchChainImpl.java:114)
	at javafx.base@21.0.1/com.sun.javafx.event.BasicEventDispatcher.dispatchEvent(BasicEventDispatcher.java:56)
	at javafx.base@21.0.1/com.sun.javafx.event.EventDispatchChainImpl.dispatchEvent(EventDispatchChainImpl.java:114)
	at javafx.base@21.0.1/com.sun.javafx.event.EventUtil.fireEventImpl(EventUtil.java:74)
	at javafx.base@21.0.1/com.sun.javafx.event.EventUtil.fireEvent(EventUtil.java:49)
	at javafx.base@21.0.1/javafx.event.Event.fireEvent(Event.java:198)
	at javafx.graphics@21.0.1/javafx.scene.Node.fireEvent(Node.java:8875)
	at javafx.controls@21.0.1/javafx.scene.control.Button.fire(Button.java:203)
	at javafx.controls@21.0.1/com.sun.javafx.scene.control.behavior.ButtonBehavior.mouseReleased(ButtonBehavior.java:207)
	at javafx.controls@21.0.1/com.sun.javafx.scene.control.inputmap.InputMap.handle(InputMap.java:274)
	at javafx.base@21.0.1/com.sun.javafx.event.CompositeEventHandler$NormalEventHandlerRecord.handleBubblingEvent(CompositeEventHandler.java:247)
	at javafx.base@21.0.1/com.sun.javafx.event.CompositeEventHandler.dispatchBubblingEvent(CompositeEventHandler.java:80)
	at javafx.base@21.0.1/com.sun.javafx.event.EventHandlerManager.dispatchBubblingEvent(EventHandlerManager.java:232)
	at javafx.base@21.0.1/com.sun.javafx.event.EventHandlerManager.dispatchBubblingEvent(EventHandlerManager.java:189)
	at javafx.base@21.0.1/com.sun.javafx.event.CompositeEventDispatcher.dispatchBubblingEvent(CompositeEventDispatcher.java:59)
	at javafx.base@21.0.1/com.sun.javafx.event.BasicEventDispatcher.dispatchEvent(BasicEventDispatcher.java:58)
	at javafx.base@21.0.1/com.sun.javafx.event.EventDispatchChainImpl.dispatchEvent(EventDispatchChainImpl.java:114)
	at javafx.base@21.0.1/com.sun.javafx.event.BasicEventDispatcher.dispatchEvent(BasicEventDispatcher.java:56)
	at javafx.base@21.0.1/com.sun.javafx.event.EventDispatchChainImpl.dispatchEvent(EventDispatchChainImpl.java:114)
	at javafx.base@21.0.1/com.sun.javafx.event.BasicEventDispatcher.dispatchEvent(BasicEventDispatcher.java:56)
	at javafx.base@21.0.1/com.sun.javafx.event.EventDispatchChainImpl.dispatchEvent(EventDispatchChainImpl.java:114)
	at javafx.base@21.0.1/com.sun.javafx.event.EventUtil.fireEventImpl(EventUtil.java:74)
	at javafx.base@21.0.1/com.sun.javafx.event.EventUtil.fireEvent(EventUtil.java:54)
	at javafx.base@21.0.1/javafx.event.Event.fireEvent(Event.java:198)
	at javafx.graphics@21.0.1/javafx.scene.Scene$MouseHandler.process(Scene.java:3984)
	at javafx.graphics@21.0.1/javafx.scene.Scene.processMouseEvent(Scene.java:1890)
	at javafx.graphics@21.0.1/javafx.scene.Scene$ScenePeerListener.mouseEvent(Scene.java:2708)
	at javafx.graphics@21.0.1/com.sun.javafx.tk.quantum.GlassViewEventHandler$MouseEventNotification.run(GlassViewEventHandler.java:411)
	at javafx.graphics@21.0.1/com.sun.javafx.tk.quantum.GlassViewEventHandler$MouseEventNotification.run(GlassViewEventHandler.java:301)
	at java.base/java.security.AccessController.doPrivileged(AccessController.java:400)
	at javafx.graphics@21.0.1/com.sun.javafx.tk.quantum.GlassViewEventHandler.lambda$handleMouseEvent$2(GlassViewEventHandler.java:450)
	at javafx.graphics@21.0.1/com.sun.javafx.tk.quantum.QuantumToolkit.runWithoutRenderLock(QuantumToolkit.java:424)
	at javafx.graphics@21.0.1/com.sun.javafx.tk.quantum.GlassViewEventHandler.handleMouseEvent(GlassViewEventHandler.java:449)
	at javafx.graphics@21.0.1/com.sun.glass.ui.View.handleMouseEvent(View.java:551)
	at javafx.graphics@21.0.1/com.sun.glass.ui.View.notifyMouse(View.java:937)
	at javafx.graphics@21.0.1/com.sun.glass.ui.win.WinApplication._runLoop(Native Method)
	at javafx.graphics@21.0.1/com.sun.glass.ui.win.WinApplication.lambda$runLoop$3(WinApplication.java:185)
	at java.base/java.lang.Thread.run(Thread.java:1583)
2025-10-06 09:29:14 [JavaFX Application Thread] ERROR p.c.app.service.RecaudacionService - Error al calcular recaudación mensual para asesor: null
java.lang.NullPointerException: Cannot invoke "java.lang.Long.longValue()" because "idAsesor" is null
	at pe.crediactiva.app.dao.impl.RecaudacionAsesorDAOImpl.findByAsesor(RecaudacionAsesorDAOImpl.java:157)
	at pe.crediactiva.app.service.RecaudacionService.obtenerRecaudacionMensualPorAsesor(RecaudacionService.java:112)
	at pe.crediactiva.app.service.RecaudacionService.obtenerRecaudacionDelMes(RecaudacionService.java:275)
	at pe.crediactiva.app.view.asesor.AsesorMainController.cargarEstadisticasDashboard(AsesorMainController.java:140)
	at pe.crediactiva.app.view.asesor.AsesorMainController.initialize(AsesorMainController.java:111)
	at java.base/jdk.internal.reflect.DirectMethodHandleAccessor.invoke(DirectMethodHandleAccessor.java:103)
	at java.base/java.lang.reflect.Method.invoke(Method.java:580)
	at com.sun.javafx.reflect.Trampoline.invoke(MethodUtil.java:72)
	at java.base/jdk.internal.reflect.DirectMethodHandleAccessor.invoke(DirectMethodHandleAccessor.java:103)
	at java.base/java.lang.reflect.Method.invoke(Method.java:580)
	at javafx.base@21.0.1/com.sun.javafx.reflect.MethodUtil.invoke(MethodUtil.java:270)
	at javafx.fxml@21.0.1/com.sun.javafx.fxml.MethodHelper.invoke(MethodHelper.java:84)
	at javafx.fxml@21.0.1/javafx.fxml.FXMLLoader.loadImpl(FXMLLoader.java:2688)
	at javafx.fxml@21.0.1/javafx.fxml.FXMLLoader.loadImpl(FXMLLoader.java:2563)
	at javafx.fxml@21.0.1/javafx.fxml.FXMLLoader.load(FXMLLoader.java:2531)
	at pe.crediactiva.app.view.LoginController.redirectToMainScreen(LoginController.java:140)
	at pe.crediactiva.app.view.LoginController.handleLogin(LoginController.java:99)
	at java.base/jdk.internal.reflect.DirectMethodHandleAccessor.invoke(DirectMethodHandleAccessor.java:103)
	at java.base/java.lang.reflect.Method.invoke(Method.java:580)
	at com.sun.javafx.reflect.Trampoline.invoke(MethodUtil.java:72)
	at java.base/jdk.internal.reflect.DirectMethodHandleAccessor.invoke(DirectMethodHandleAccessor.java:103)
	at java.base/java.lang.reflect.Method.invoke(Method.java:580)
	at javafx.base@21.0.1/com.sun.javafx.reflect.MethodUtil.invoke(MethodUtil.java:270)
	at javafx.fxml@21.0.1/com.sun.javafx.fxml.MethodHelper.invoke(MethodHelper.java:84)
	at javafx.fxml@21.0.1/javafx.fxml.FXMLLoader$MethodHandler.invoke(FXMLLoader.java:1855)
	at javafx.fxml@21.0.1/javafx.fxml.FXMLLoader$ControllerMethodEventHandler.handle(FXMLLoader.java:1726)
	at javafx.base@21.0.1/com.sun.javafx.event.CompositeEventHandler.dispatchBubblingEvent(CompositeEventHandler.java:86)
	at javafx.base@21.0.1/com.sun.javafx.event.EventHandlerManager.dispatchBubblingEvent(EventHandlerManager.java:232)
	at javafx.base@21.0.1/com.sun.javafx.event.EventHandlerManager.dispatchBubblingEvent(EventHandlerManager.java:189)
	at javafx.base@21.0.1/com.sun.javafx.event.CompositeEventDispatcher.dispatchBubblingEvent(CompositeEventDispatcher.java:59)
	at javafx.base@21.0.1/com.sun.javafx.event.BasicEventDispatcher.dispatchEvent(BasicEventDispatcher.java:58)
	at javafx.base@21.0.1/com.sun.javafx.event.EventDispatchChainImpl.dispatchEvent(EventDispatchChainImpl.java:114)
	at javafx.base@21.0.1/com.sun.javafx.event.BasicEventDispatcher.dispatchEvent(BasicEventDispatcher.java:56)
	at javafx.base@21.0.1/com.sun.javafx.event.EventDispatchChainImpl.dispatchEvent(EventDispatchChainImpl.java:114)
	at javafx.base@21.0.1/com.sun.javafx.event.BasicEventDispatcher.dispatchEvent(BasicEventDispatcher.java:56)
	at javafx.base@21.0.1/com.sun.javafx.event.EventDispatchChainImpl.dispatchEvent(EventDispatchChainImpl.java:114)
	at javafx.base@21.0.1/com.sun.javafx.event.EventUtil.fireEventImpl(EventUtil.java:74)
	at javafx.base@21.0.1/com.sun.javafx.event.EventUtil.fireEvent(EventUtil.java:49)
	at javafx.base@21.0.1/javafx.event.Event.fireEvent(Event.java:198)
	at javafx.graphics@21.0.1/javafx.scene.Node.fireEvent(Node.java:8875)
	at javafx.controls@21.0.1/javafx.scene.control.Button.fire(Button.java:203)
	at javafx.controls@21.0.1/com.sun.javafx.scene.control.behavior.ButtonBehavior.mouseReleased(ButtonBehavior.java:207)
	at javafx.controls@21.0.1/com.sun.javafx.scene.control.inputmap.InputMap.handle(InputMap.java:274)
	at javafx.base@21.0.1/com.sun.javafx.event.CompositeEventHandler$NormalEventHandlerRecord.handleBubblingEvent(CompositeEventHandler.java:247)
	at javafx.base@21.0.1/com.sun.javafx.event.CompositeEventHandler.dispatchBubblingEvent(CompositeEventHandler.java:80)
	at javafx.base@21.0.1/com.sun.javafx.event.EventHandlerManager.dispatchBubblingEvent(EventHandlerManager.java:232)
	at javafx.base@21.0.1/com.sun.javafx.event.EventHandlerManager.dispatchBubblingEvent(EventHandlerManager.java:189)
	at javafx.base@21.0.1/com.sun.javafx.event.CompositeEventDispatcher.dispatchBubblingEvent(CompositeEventDispatcher.java:59)
	at javafx.base@21.0.1/com.sun.javafx.event.BasicEventDispatcher.dispatchEvent(BasicEventDispatcher.java:58)
	at javafx.base@21.0.1/com.sun.javafx.event.EventDispatchChainImpl.dispatchEvent(EventDispatchChainImpl.java:114)
	at javafx.base@21.0.1/com.sun.javafx.event.BasicEventDispatcher.dispatchEvent(BasicEventDispatcher.java:56)
	at javafx.base@21.0.1/com.sun.javafx.event.EventDispatchChainImpl.dispatchEvent(EventDispatchChainImpl.java:114)
	at javafx.base@21.0.1/com.sun.javafx.event.BasicEventDispatcher.dispatchEvent(BasicEventDispatcher.java:56)
	at javafx.base@21.0.1/com.sun.javafx.event.EventDispatchChainImpl.dispatchEvent(EventDispatchChainImpl.java:114)
	at javafx.base@21.0.1/com.sun.javafx.event.EventUtil.fireEventImpl(EventUtil.java:74)
	at javafx.base@21.0.1/com.sun.javafx.event.EventUtil.fireEvent(EventUtil.java:54)
	at javafx.base@21.0.1/javafx.event.Event.fireEvent(Event.java:198)
	at javafx.graphics@21.0.1/javafx.scene.Scene$MouseHandler.process(Scene.java:3984)
	at javafx.graphics@21.0.1/javafx.scene.Scene.processMouseEvent(Scene.java:1890)
	at javafx.graphics@21.0.1/javafx.scene.Scene$ScenePeerListener.mouseEvent(Scene.java:2708)
	at javafx.graphics@21.0.1/com.sun.javafx.tk.quantum.GlassViewEventHandler$MouseEventNotification.run(GlassViewEventHandler.java:411)
	at javafx.graphics@21.0.1/com.sun.javafx.tk.quantum.GlassViewEventHandler$MouseEventNotification.run(GlassViewEventHandler.java:301)
	at java.base/java.security.AccessController.doPrivileged(AccessController.java:400)
	at javafx.graphics@21.0.1/com.sun.javafx.tk.quantum.GlassViewEventHandler.lambda$handleMouseEvent$2(GlassViewEventHandler.java:450)
	at javafx.graphics@21.0.1/com.sun.javafx.tk.quantum.QuantumToolkit.runWithoutRenderLock(QuantumToolkit.java:424)
	at javafx.graphics@21.0.1/com.sun.javafx.tk.quantum.GlassViewEventHandler.handleMouseEvent(GlassViewEventHandler.java:449)
	at javafx.graphics@21.0.1/com.sun.glass.ui.View.handleMouseEvent(View.java:551)
	at javafx.graphics@21.0.1/com.sun.glass.ui.View.notifyMouse(View.java:937)
	at javafx.graphics@21.0.1/com.sun.glass.ui.win.WinApplication._runLoop(Native Method)
	at javafx.graphics@21.0.1/com.sun.glass.ui.win.WinApplication.lambda$runLoop$3(WinApplication.java:185)
	at java.base/java.lang.Thread.run(Thread.java:1583)
2025-10-06 09:29:14 [JavaFX Application Thread] INFO  p.c.app.view.LoginController - Usuario redirigido a pantalla principal: ASESOR
2025-10-06 09:29:36 [JavaFX Application Thread] INFO  p.c.app.config.DatabaseConfig - Pool de conexiones cerrado correctamente
2025-10-06 09:29:36 [JavaFX Application Thread] INFO  pe.crediactiva.app.Main - Aplicación CrediActiva cerrada
2025-10-06 09:53:31 [main] INFO  pe.crediactiva.app.Main - Iniciando aplicación CrediActiva Desktop v1.0.0
2025-10-06 09:53:31 [JavaFX Application Thread] INFO  pe.crediactiva.app.Main - Icono no encontrado, continuando sin icono
2025-10-06 09:53:31 [JavaFX Application Thread] INFO  p.c.app.config.DatabaseConfig - Propiedades de base de datos cargadas correctamente
2025-10-06 09:53:31 [JavaFX Application Thread] INFO  p.c.app.config.DatabaseConfig - Pool de conexiones HikariCP inicializado correctamente
2025-10-06 09:53:32 [JavaFX Application Thread] INFO  pe.crediactiva.app.Main - Aplicación CrediActiva iniciada correctamente
2025-10-06 09:53:44 [JavaFX Application Thread] INFO  p.c.app.dao.impl.UsuarioDAOImpl - Usuario autenticado exitosamente: 12345678
2025-10-06 09:53:44 [JavaFX Application Thread] INFO  p.c.a.service.AuthenticationService - Usuario autenticado exitosamente: 12345678 - ASESOR
2025-10-06 09:53:44 [JavaFX Application Thread] INFO  p.c.app.view.LoginController - Usuario autenticado exitosamente: 12345678
2025-10-06 09:53:44 [JavaFX Application Thread] ERROR p.c.app.service.RecaudacionService - Error al calcular recaudación mensual para asesor: null
java.lang.NullPointerException: Cannot invoke "java.lang.Long.longValue()" because "idAsesor" is null
	at pe.crediactiva.app.dao.impl.RecaudacionAsesorDAOImpl.findByAsesor(RecaudacionAsesorDAOImpl.java:157)
	at pe.crediactiva.app.service.RecaudacionService.obtenerRecaudacionMensualPorAsesor(RecaudacionService.java:112)
	at pe.crediactiva.app.service.RecaudacionService.obtenerRecaudacionDelDia(RecaudacionService.java:268)
	at pe.crediactiva.app.view.asesor.AsesorMainController.cargarEstadisticasDashboard(AsesorMainController.java:134)
	at pe.crediactiva.app.view.asesor.AsesorMainController.initialize(AsesorMainController.java:109)
	at java.base/jdk.internal.reflect.DirectMethodHandleAccessor.invoke(DirectMethodHandleAccessor.java:103)
	at java.base/java.lang.reflect.Method.invoke(Method.java:580)
	at com.sun.javafx.reflect.Trampoline.invoke(MethodUtil.java:72)
	at java.base/jdk.internal.reflect.DirectMethodHandleAccessor.invoke(DirectMethodHandleAccessor.java:103)
	at java.base/java.lang.reflect.Method.invoke(Method.java:580)
	at javafx.base@21.0.1/com.sun.javafx.reflect.MethodUtil.invoke(MethodUtil.java:270)
	at javafx.fxml@21.0.1/com.sun.javafx.fxml.MethodHelper.invoke(MethodHelper.java:84)
	at javafx.fxml@21.0.1/javafx.fxml.FXMLLoader.loadImpl(FXMLLoader.java:2688)
	at javafx.fxml@21.0.1/javafx.fxml.FXMLLoader.loadImpl(FXMLLoader.java:2563)
	at javafx.fxml@21.0.1/javafx.fxml.FXMLLoader.load(FXMLLoader.java:2531)
	at pe.crediactiva.app.view.LoginController.redirectToMainScreen(LoginController.java:140)
	at pe.crediactiva.app.view.LoginController.handleLogin(LoginController.java:99)
	at java.base/jdk.internal.reflect.DirectMethodHandleAccessor.invoke(DirectMethodHandleAccessor.java:103)
	at java.base/java.lang.reflect.Method.invoke(Method.java:580)
	at com.sun.javafx.reflect.Trampoline.invoke(MethodUtil.java:72)
	at java.base/jdk.internal.reflect.DirectMethodHandleAccessor.invoke(DirectMethodHandleAccessor.java:103)
	at java.base/java.lang.reflect.Method.invoke(Method.java:580)
	at javafx.base@21.0.1/com.sun.javafx.reflect.MethodUtil.invoke(MethodUtil.java:270)
	at javafx.fxml@21.0.1/com.sun.javafx.fxml.MethodHelper.invoke(MethodHelper.java:84)
	at javafx.fxml@21.0.1/javafx.fxml.FXMLLoader$MethodHandler.invoke(FXMLLoader.java:1855)
	at javafx.fxml@21.0.1/javafx.fxml.FXMLLoader$ControllerMethodEventHandler.handle(FXMLLoader.java:1726)
	at javafx.base@21.0.1/com.sun.javafx.event.CompositeEventHandler.dispatchBubblingEvent(CompositeEventHandler.java:86)
	at javafx.base@21.0.1/com.sun.javafx.event.EventHandlerManager.dispatchBubblingEvent(EventHandlerManager.java:232)
	at javafx.base@21.0.1/com.sun.javafx.event.EventHandlerManager.dispatchBubblingEvent(EventHandlerManager.java:189)
	at javafx.base@21.0.1/com.sun.javafx.event.CompositeEventDispatcher.dispatchBubblingEvent(CompositeEventDispatcher.java:59)
	at javafx.base@21.0.1/com.sun.javafx.event.BasicEventDispatcher.dispatchEvent(BasicEventDispatcher.java:58)
	at javafx.base@21.0.1/com.sun.javafx.event.EventDispatchChainImpl.dispatchEvent(EventDispatchChainImpl.java:114)
	at javafx.base@21.0.1/com.sun.javafx.event.BasicEventDispatcher.dispatchEvent(BasicEventDispatcher.java:56)
	at javafx.base@21.0.1/com.sun.javafx.event.EventDispatchChainImpl.dispatchEvent(EventDispatchChainImpl.java:114)
	at javafx.base@21.0.1/com.sun.javafx.event.BasicEventDispatcher.dispatchEvent(BasicEventDispatcher.java:56)
	at javafx.base@21.0.1/com.sun.javafx.event.EventDispatchChainImpl.dispatchEvent(EventDispatchChainImpl.java:114)
	at javafx.base@21.0.1/com.sun.javafx.event.EventUtil.fireEventImpl(EventUtil.java:74)
	at javafx.base@21.0.1/com.sun.javafx.event.EventUtil.fireEvent(EventUtil.java:49)
	at javafx.base@21.0.1/javafx.event.Event.fireEvent(Event.java:198)
	at javafx.graphics@21.0.1/javafx.scene.Node.fireEvent(Node.java:8875)
	at javafx.controls@21.0.1/javafx.scene.control.Button.fire(Button.java:203)
	at javafx.controls@21.0.1/com.sun.javafx.scene.control.behavior.ButtonBehavior.mouseReleased(ButtonBehavior.java:207)
	at javafx.controls@21.0.1/com.sun.javafx.scene.control.inputmap.InputMap.handle(InputMap.java:274)
	at javafx.base@21.0.1/com.sun.javafx.event.CompositeEventHandler$NormalEventHandlerRecord.handleBubblingEvent(CompositeEventHandler.java:247)
	at javafx.base@21.0.1/com.sun.javafx.event.CompositeEventHandler.dispatchBubblingEvent(CompositeEventHandler.java:80)
	at javafx.base@21.0.1/com.sun.javafx.event.EventHandlerManager.dispatchBubblingEvent(EventHandlerManager.java:232)
	at javafx.base@21.0.1/com.sun.javafx.event.EventHandlerManager.dispatchBubblingEvent(EventHandlerManager.java:189)
	at javafx.base@21.0.1/com.sun.javafx.event.CompositeEventDispatcher.dispatchBubblingEvent(CompositeEventDispatcher.java:59)
	at javafx.base@21.0.1/com.sun.javafx.event.BasicEventDispatcher.dispatchEvent(BasicEventDispatcher.java:58)
	at javafx.base@21.0.1/com.sun.javafx.event.EventDispatchChainImpl.dispatchEvent(EventDispatchChainImpl.java:114)
	at javafx.base@21.0.1/com.sun.javafx.event.BasicEventDispatcher.dispatchEvent(BasicEventDispatcher.java:56)
	at javafx.base@21.0.1/com.sun.javafx.event.EventDispatchChainImpl.dispatchEvent(EventDispatchChainImpl.java:114)
	at javafx.base@21.0.1/com.sun.javafx.event.BasicEventDispatcher.dispatchEvent(BasicEventDispatcher.java:56)
	at javafx.base@21.0.1/com.sun.javafx.event.EventDispatchChainImpl.dispatchEvent(EventDispatchChainImpl.java:114)
	at javafx.base@21.0.1/com.sun.javafx.event.EventUtil.fireEventImpl(EventUtil.java:74)
	at javafx.base@21.0.1/com.sun.javafx.event.EventUtil.fireEvent(EventUtil.java:54)
	at javafx.base@21.0.1/javafx.event.Event.fireEvent(Event.java:198)
	at javafx.graphics@21.0.1/javafx.scene.Scene$MouseHandler.process(Scene.java:3984)
	at javafx.graphics@21.0.1/javafx.scene.Scene.processMouseEvent(Scene.java:1890)
	at javafx.graphics@21.0.1/javafx.scene.Scene$ScenePeerListener.mouseEvent(Scene.java:2708)
	at javafx.graphics@21.0.1/com.sun.javafx.tk.quantum.GlassViewEventHandler$MouseEventNotification.run(GlassViewEventHandler.java:411)
	at javafx.graphics@21.0.1/com.sun.javafx.tk.quantum.GlassViewEventHandler$MouseEventNotification.run(GlassViewEventHandler.java:301)
	at java.base/java.security.AccessController.doPrivileged(AccessController.java:400)
	at javafx.graphics@21.0.1/com.sun.javafx.tk.quantum.GlassViewEventHandler.lambda$handleMouseEvent$2(GlassViewEventHandler.java:450)
	at javafx.graphics@21.0.1/com.sun.javafx.tk.quantum.QuantumToolkit.runWithoutRenderLock(QuantumToolkit.java:424)
	at javafx.graphics@21.0.1/com.sun.javafx.tk.quantum.GlassViewEventHandler.handleMouseEvent(GlassViewEventHandler.java:449)
	at javafx.graphics@21.0.1/com.sun.glass.ui.View.handleMouseEvent(View.java:551)
	at javafx.graphics@21.0.1/com.sun.glass.ui.View.notifyMouse(View.java:937)
	at javafx.graphics@21.0.1/com.sun.glass.ui.win.WinApplication._runLoop(Native Method)
	at javafx.graphics@21.0.1/com.sun.glass.ui.win.WinApplication.lambda$runLoop$3(WinApplication.java:185)
	at java.base/java.lang.Thread.run(Thread.java:1583)
2025-10-06 09:53:44 [JavaFX Application Thread] ERROR p.c.app.service.RecaudacionService - Error al calcular recaudación mensual para asesor: null
java.lang.NullPointerException: Cannot invoke "java.lang.Long.longValue()" because "idAsesor" is null
	at pe.crediactiva.app.dao.impl.RecaudacionAsesorDAOImpl.findByAsesor(RecaudacionAsesorDAOImpl.java:157)
	at pe.crediactiva.app.service.RecaudacionService.obtenerRecaudacionMensualPorAsesor(RecaudacionService.java:112)
	at pe.crediactiva.app.service.RecaudacionService.obtenerRecaudacionDelMes(RecaudacionService.java:275)
	at pe.crediactiva.app.view.asesor.AsesorMainController.cargarEstadisticasDashboard(AsesorMainController.java:138)
	at pe.crediactiva.app.view.asesor.AsesorMainController.initialize(AsesorMainController.java:109)
	at java.base/jdk.internal.reflect.DirectMethodHandleAccessor.invoke(DirectMethodHandleAccessor.java:103)
	at java.base/java.lang.reflect.Method.invoke(Method.java:580)
	at com.sun.javafx.reflect.Trampoline.invoke(MethodUtil.java:72)
	at java.base/jdk.internal.reflect.DirectMethodHandleAccessor.invoke(DirectMethodHandleAccessor.java:103)
	at java.base/java.lang.reflect.Method.invoke(Method.java:580)
	at javafx.base@21.0.1/com.sun.javafx.reflect.MethodUtil.invoke(MethodUtil.java:270)
	at javafx.fxml@21.0.1/com.sun.javafx.fxml.MethodHelper.invoke(MethodHelper.java:84)
	at javafx.fxml@21.0.1/javafx.fxml.FXMLLoader.loadImpl(FXMLLoader.java:2688)
	at javafx.fxml@21.0.1/javafx.fxml.FXMLLoader.loadImpl(FXMLLoader.java:2563)
	at javafx.fxml@21.0.1/javafx.fxml.FXMLLoader.load(FXMLLoader.java:2531)
	at pe.crediactiva.app.view.LoginController.redirectToMainScreen(LoginController.java:140)
	at pe.crediactiva.app.view.LoginController.handleLogin(LoginController.java:99)
	at java.base/jdk.internal.reflect.DirectMethodHandleAccessor.invoke(DirectMethodHandleAccessor.java:103)
	at java.base/java.lang.reflect.Method.invoke(Method.java:580)
	at com.sun.javafx.reflect.Trampoline.invoke(MethodUtil.java:72)
	at java.base/jdk.internal.reflect.DirectMethodHandleAccessor.invoke(DirectMethodHandleAccessor.java:103)
	at java.base/java.lang.reflect.Method.invoke(Method.java:580)
	at javafx.base@21.0.1/com.sun.javafx.reflect.MethodUtil.invoke(MethodUtil.java:270)
	at javafx.fxml@21.0.1/com.sun.javafx.fxml.MethodHelper.invoke(MethodHelper.java:84)
	at javafx.fxml@21.0.1/javafx.fxml.FXMLLoader$MethodHandler.invoke(FXMLLoader.java:1855)
	at javafx.fxml@21.0.1/javafx.fxml.FXMLLoader$ControllerMethodEventHandler.handle(FXMLLoader.java:1726)
	at javafx.base@21.0.1/com.sun.javafx.event.CompositeEventHandler.dispatchBubblingEvent(CompositeEventHandler.java:86)
	at javafx.base@21.0.1/com.sun.javafx.event.EventHandlerManager.dispatchBubblingEvent(EventHandlerManager.java:232)
	at javafx.base@21.0.1/com.sun.javafx.event.EventHandlerManager.dispatchBubblingEvent(EventHandlerManager.java:189)
	at javafx.base@21.0.1/com.sun.javafx.event.CompositeEventDispatcher.dispatchBubblingEvent(CompositeEventDispatcher.java:59)
	at javafx.base@21.0.1/com.sun.javafx.event.BasicEventDispatcher.dispatchEvent(BasicEventDispatcher.java:58)
	at javafx.base@21.0.1/com.sun.javafx.event.EventDispatchChainImpl.dispatchEvent(EventDispatchChainImpl.java:114)
	at javafx.base@21.0.1/com.sun.javafx.event.BasicEventDispatcher.dispatchEvent(BasicEventDispatcher.java:56)
	at javafx.base@21.0.1/com.sun.javafx.event.EventDispatchChainImpl.dispatchEvent(EventDispatchChainImpl.java:114)
	at javafx.base@21.0.1/com.sun.javafx.event.BasicEventDispatcher.dispatchEvent(BasicEventDispatcher.java:56)
	at javafx.base@21.0.1/com.sun.javafx.event.EventDispatchChainImpl.dispatchEvent(EventDispatchChainImpl.java:114)
	at javafx.base@21.0.1/com.sun.javafx.event.EventUtil.fireEventImpl(EventUtil.java:74)
	at javafx.base@21.0.1/com.sun.javafx.event.EventUtil.fireEvent(EventUtil.java:49)
	at javafx.base@21.0.1/javafx.event.Event.fireEvent(Event.java:198)
	at javafx.graphics@21.0.1/javafx.scene.Node.fireEvent(Node.java:8875)
	at javafx.controls@21.0.1/javafx.scene.control.Button.fire(Button.java:203)
	at javafx.controls@21.0.1/com.sun.javafx.scene.control.behavior.ButtonBehavior.mouseReleased(ButtonBehavior.java:207)
	at javafx.controls@21.0.1/com.sun.javafx.scene.control.inputmap.InputMap.handle(InputMap.java:274)
	at javafx.base@21.0.1/com.sun.javafx.event.CompositeEventHandler$NormalEventHandlerRecord.handleBubblingEvent(CompositeEventHandler.java:247)
	at javafx.base@21.0.1/com.sun.javafx.event.CompositeEventHandler.dispatchBubblingEvent(CompositeEventHandler.java:80)
	at javafx.base@21.0.1/com.sun.javafx.event.EventHandlerManager.dispatchBubblingEvent(EventHandlerManager.java:232)
	at javafx.base@21.0.1/com.sun.javafx.event.EventHandlerManager.dispatchBubblingEvent(EventHandlerManager.java:189)
	at javafx.base@21.0.1/com.sun.javafx.event.CompositeEventDispatcher.dispatchBubblingEvent(CompositeEventDispatcher.java:59)
	at javafx.base@21.0.1/com.sun.javafx.event.BasicEventDispatcher.dispatchEvent(BasicEventDispatcher.java:58)
	at javafx.base@21.0.1/com.sun.javafx.event.EventDispatchChainImpl.dispatchEvent(EventDispatchChainImpl.java:114)
	at javafx.base@21.0.1/com.sun.javafx.event.BasicEventDispatcher.dispatchEvent(BasicEventDispatcher.java:56)
	at javafx.base@21.0.1/com.sun.javafx.event.EventDispatchChainImpl.dispatchEvent(EventDispatchChainImpl.java:114)
	at javafx.base@21.0.1/com.sun.javafx.event.BasicEventDispatcher.dispatchEvent(BasicEventDispatcher.java:56)
	at javafx.base@21.0.1/com.sun.javafx.event.EventDispatchChainImpl.dispatchEvent(EventDispatchChainImpl.java:114)
	at javafx.base@21.0.1/com.sun.javafx.event.EventUtil.fireEventImpl(EventUtil.java:74)
	at javafx.base@21.0.1/com.sun.javafx.event.EventUtil.fireEvent(EventUtil.java:54)
	at javafx.base@21.0.1/javafx.event.Event.fireEvent(Event.java:198)
	at javafx.graphics@21.0.1/javafx.scene.Scene$MouseHandler.process(Scene.java:3984)
	at javafx.graphics@21.0.1/javafx.scene.Scene.processMouseEvent(Scene.java:1890)
	at javafx.graphics@21.0.1/javafx.scene.Scene$ScenePeerListener.mouseEvent(Scene.java:2708)
	at javafx.graphics@21.0.1/com.sun.javafx.tk.quantum.GlassViewEventHandler$MouseEventNotification.run(GlassViewEventHandler.java:411)
	at javafx.graphics@21.0.1/com.sun.javafx.tk.quantum.GlassViewEventHandler$MouseEventNotification.run(GlassViewEventHandler.java:301)
	at java.base/java.security.AccessController.doPrivileged(AccessController.java:400)
	at javafx.graphics@21.0.1/com.sun.javafx.tk.quantum.GlassViewEventHandler.lambda$handleMouseEvent$2(GlassViewEventHandler.java:450)
	at javafx.graphics@21.0.1/com.sun.javafx.tk.quantum.QuantumToolkit.runWithoutRenderLock(QuantumToolkit.java:424)
	at javafx.graphics@21.0.1/com.sun.javafx.tk.quantum.GlassViewEventHandler.handleMouseEvent(GlassViewEventHandler.java:449)
	at javafx.graphics@21.0.1/com.sun.glass.ui.View.handleMouseEvent(View.java:551)
	at javafx.graphics@21.0.1/com.sun.glass.ui.View.notifyMouse(View.java:937)
	at javafx.graphics@21.0.1/com.sun.glass.ui.win.WinApplication._runLoop(Native Method)
	at javafx.graphics@21.0.1/com.sun.glass.ui.win.WinApplication.lambda$runLoop$3(WinApplication.java:185)
	at java.base/java.lang.Thread.run(Thread.java:1583)
2025-10-06 09:53:44 [JavaFX Application Thread] INFO  p.c.app.view.LoginController - Usuario redirigido a pantalla principal: ASESOR
2025-10-06 09:53:52 [JavaFX Application Thread] ERROR p.c.a.v.asesor.AsesorMainController - Error al cargar gestión de clientes
javafx.fxml.LoadException: FXCollections is not a valid type.
/C:/Users/USER/OneDrive/Escritorio/proyecto_v4.0/target/classes/fxml/asesor/GestionClientesView.fxml:29

	at javafx.fxml@21.0.1/javafx.fxml.FXMLLoader.constructLoadException(FXMLLoader.java:2718)
	at javafx.fxml@21.0.1/javafx.fxml.FXMLLoader.createElement(FXMLLoader.java:2920)
	at javafx.fxml@21.0.1/javafx.fxml.FXMLLoader.processStartElement(FXMLLoader.java:2850)
	at javafx.fxml@21.0.1/javafx.fxml.FXMLLoader.loadImpl(FXMLLoader.java:2649)
	at javafx.fxml@21.0.1/javafx.fxml.FXMLLoader.loadImpl(FXMLLoader.java:2563)
	at javafx.fxml@21.0.1/javafx.fxml.FXMLLoader.load(FXMLLoader.java:2531)
	at pe.crediactiva.app.view.asesor.AsesorMainController.handleClientes(AsesorMainController.java:189)
	at java.base/jdk.internal.reflect.DirectMethodHandleAccessor.invoke(DirectMethodHandleAccessor.java:103)
	at java.base/java.lang.reflect.Method.invoke(Method.java:580)
	at com.sun.javafx.reflect.Trampoline.invoke(MethodUtil.java:72)
	at java.base/jdk.internal.reflect.DirectMethodHandleAccessor.invoke(DirectMethodHandleAccessor.java:103)
	at java.base/java.lang.reflect.Method.invoke(Method.java:580)
	at javafx.base@21.0.1/com.sun.javafx.reflect.MethodUtil.invoke(MethodUtil.java:270)
	at javafx.fxml@21.0.1/com.sun.javafx.fxml.MethodHelper.invoke(MethodHelper.java:84)
	at javafx.fxml@21.0.1/javafx.fxml.FXMLLoader$MethodHandler.invoke(FXMLLoader.java:1855)
	at javafx.fxml@21.0.1/javafx.fxml.FXMLLoader$ControllerMethodEventHandler.handle(FXMLLoader.java:1726)
	at javafx.base@21.0.1/com.sun.javafx.event.CompositeEventHandler.dispatchBubblingEvent(CompositeEventHandler.java:86)
	at javafx.base@21.0.1/com.sun.javafx.event.EventHandlerManager.dispatchBubblingEvent(EventHandlerManager.java:232)
	at javafx.base@21.0.1/com.sun.javafx.event.EventHandlerManager.dispatchBubblingEvent(EventHandlerManager.java:189)
	at javafx.base@21.0.1/com.sun.javafx.event.CompositeEventDispatcher.dispatchBubblingEvent(CompositeEventDispatcher.java:59)
	at javafx.base@21.0.1/com.sun.javafx.event.BasicEventDispatcher.dispatchEvent(BasicEventDispatcher.java:58)
	at javafx.base@21.0.1/com.sun.javafx.event.EventDispatchChainImpl.dispatchEvent(EventDispatchChainImpl.java:114)
	at javafx.base@21.0.1/com.sun.javafx.event.BasicEventDispatcher.dispatchEvent(BasicEventDispatcher.java:56)
	at javafx.base@21.0.1/com.sun.javafx.event.EventDispatchChainImpl.dispatchEvent(EventDispatchChainImpl.java:114)
	at javafx.base@21.0.1/com.sun.javafx.event.BasicEventDispatcher.dispatchEvent(BasicEventDispatcher.java:56)
	at javafx.base@21.0.1/com.sun.javafx.event.EventDispatchChainImpl.dispatchEvent(EventDispatchChainImpl.java:114)
	at javafx.base@21.0.1/com.sun.javafx.event.BasicEventDispatcher.dispatchEvent(BasicEventDispatcher.java:56)
	at javafx.base@21.0.1/com.sun.javafx.event.EventDispatchChainImpl.dispatchEvent(EventDispatchChainImpl.java:114)
	at javafx.base@21.0.1/com.sun.javafx.event.EventUtil.fireEventImpl(EventUtil.java:74)
	at javafx.base@21.0.1/com.sun.javafx.event.EventUtil.fireEvent(EventUtil.java:49)
	at javafx.base@21.0.1/javafx.event.Event.fireEvent(Event.java:198)
	at javafx.graphics@21.0.1/javafx.scene.Node.fireEvent(Node.java:8875)
	at javafx.controls@21.0.1/javafx.scene.control.Button.fire(Button.java:203)
	at javafx.controls@21.0.1/com.sun.javafx.scene.control.behavior.ButtonBehavior.mouseReleased(ButtonBehavior.java:207)
	at javafx.controls@21.0.1/com.sun.javafx.scene.control.inputmap.InputMap.handle(InputMap.java:274)
	at javafx.base@21.0.1/com.sun.javafx.event.CompositeEventHandler$NormalEventHandlerRecord.handleBubblingEvent(CompositeEventHandler.java:247)
	at javafx.base@21.0.1/com.sun.javafx.event.CompositeEventHandler.dispatchBubblingEvent(CompositeEventHandler.java:80)
	at javafx.base@21.0.1/com.sun.javafx.event.EventHandlerManager.dispatchBubblingEvent(EventHandlerManager.java:232)
	at javafx.base@21.0.1/com.sun.javafx.event.EventHandlerManager.dispatchBubblingEvent(EventHandlerManager.java:189)
	at javafx.base@21.0.1/com.sun.javafx.event.CompositeEventDispatcher.dispatchBubblingEvent(CompositeEventDispatcher.java:59)
	at javafx.base@21.0.1/com.sun.javafx.event.BasicEventDispatcher.dispatchEvent(BasicEventDispatcher.java:58)
	at javafx.base@21.0.1/com.sun.javafx.event.EventDispatchChainImpl.dispatchEvent(EventDispatchChainImpl.java:114)
	at javafx.base@21.0.1/com.sun.javafx.event.BasicEventDispatcher.dispatchEvent(BasicEventDispatcher.java:56)
	at javafx.base@21.0.1/com.sun.javafx.event.EventDispatchChainImpl.dispatchEvent(EventDispatchChainImpl.java:114)
	at javafx.base@21.0.1/com.sun.javafx.event.BasicEventDispatcher.dispatchEvent(BasicEventDispatcher.java:56)
	at javafx.base@21.0.1/com.sun.javafx.event.EventDispatchChainImpl.dispatchEvent(EventDispatchChainImpl.java:114)
	at javafx.base@21.0.1/com.sun.javafx.event.BasicEventDispatcher.dispatchEvent(BasicEventDispatcher.java:56)
	at javafx.base@21.0.1/com.sun.javafx.event.EventDispatchChainImpl.dispatchEvent(EventDispatchChainImpl.java:114)
	at javafx.base@21.0.1/com.sun.javafx.event.EventUtil.fireEventImpl(EventUtil.java:74)
	at javafx.base@21.0.1/com.sun.javafx.event.EventUtil.fireEvent(EventUtil.java:54)
	at javafx.base@21.0.1/javafx.event.Event.fireEvent(Event.java:198)
	at javafx.graphics@21.0.1/javafx.scene.Scene$MouseHandler.process(Scene.java:3984)
	at javafx.graphics@21.0.1/javafx.scene.Scene.processMouseEvent(Scene.java:1890)
	at javafx.graphics@21.0.1/javafx.scene.Scene$ScenePeerListener.mouseEvent(Scene.java:2708)
	at javafx.graphics@21.0.1/com.sun.javafx.tk.quantum.GlassViewEventHandler$MouseEventNotification.run(GlassViewEventHandler.java:411)
	at javafx.graphics@21.0.1/com.sun.javafx.tk.quantum.GlassViewEventHandler$MouseEventNotification.run(GlassViewEventHandler.java:301)
	at java.base/java.security.AccessController.doPrivileged(AccessController.java:400)
	at javafx.graphics@21.0.1/com.sun.javafx.tk.quantum.GlassViewEventHandler.lambda$handleMouseEvent$2(GlassViewEventHandler.java:450)
	at javafx.graphics@21.0.1/com.sun.javafx.tk.quantum.QuantumToolkit.runWithoutRenderLock(QuantumToolkit.java:424)
	at javafx.graphics@21.0.1/com.sun.javafx.tk.quantum.GlassViewEventHandler.handleMouseEvent(GlassViewEventHandler.java:449)
	at javafx.graphics@21.0.1/com.sun.glass.ui.View.handleMouseEvent(View.java:551)
	at javafx.graphics@21.0.1/com.sun.glass.ui.View.notifyMouse(View.java:937)
	at javafx.graphics@21.0.1/com.sun.glass.ui.win.WinApplication._runLoop(Native Method)
	at javafx.graphics@21.0.1/com.sun.glass.ui.win.WinApplication.lambda$runLoop$3(WinApplication.java:185)
	at java.base/java.lang.Thread.run(Thread.java:1583)
2025-10-06 09:53:55 [JavaFX Application Thread] ERROR p.c.a.v.asesor.AsesorMainController - Error al cargar solicitud de préstamo
javafx.fxml.LoadException: FXCollections is not a valid type.
/C:/Users/USER/OneDrive/Escritorio/proyecto_v4.0/target/classes/fxml/asesor/SolicitarPrestamoView.fxml:55

	at javafx.fxml@21.0.1/javafx.fxml.FXMLLoader.constructLoadException(FXMLLoader.java:2718)
	at javafx.fxml@21.0.1/javafx.fxml.FXMLLoader.createElement(FXMLLoader.java:2920)
	at javafx.fxml@21.0.1/javafx.fxml.FXMLLoader.processStartElement(FXMLLoader.java:2850)
	at javafx.fxml@21.0.1/javafx.fxml.FXMLLoader.loadImpl(FXMLLoader.java:2649)
	at javafx.fxml@21.0.1/javafx.fxml.FXMLLoader.loadImpl(FXMLLoader.java:2563)
	at javafx.fxml@21.0.1/javafx.fxml.FXMLLoader.load(FXMLLoader.java:2531)
	at pe.crediactiva.app.view.asesor.AsesorMainController.handleSolicitarPrestamo(AsesorMainController.java:210)
	at java.base/jdk.internal.reflect.DirectMethodHandleAccessor.invoke(DirectMethodHandleAccessor.java:103)
	at java.base/java.lang.reflect.Method.invoke(Method.java:580)
	at com.sun.javafx.reflect.Trampoline.invoke(MethodUtil.java:72)
	at java.base/jdk.internal.reflect.DirectMethodHandleAccessor.invoke(DirectMethodHandleAccessor.java:103)
	at java.base/java.lang.reflect.Method.invoke(Method.java:580)
	at javafx.base@21.0.1/com.sun.javafx.reflect.MethodUtil.invoke(MethodUtil.java:270)
	at javafx.fxml@21.0.1/com.sun.javafx.fxml.MethodHelper.invoke(MethodHelper.java:84)
	at javafx.fxml@21.0.1/javafx.fxml.FXMLLoader$MethodHandler.invoke(FXMLLoader.java:1855)
	at javafx.fxml@21.0.1/javafx.fxml.FXMLLoader$ControllerMethodEventHandler.handle(FXMLLoader.java:1726)
	at javafx.base@21.0.1/com.sun.javafx.event.CompositeEventHandler.dispatchBubblingEvent(CompositeEventHandler.java:86)
	at javafx.base@21.0.1/com.sun.javafx.event.EventHandlerManager.dispatchBubblingEvent(EventHandlerManager.java:232)
	at javafx.base@21.0.1/com.sun.javafx.event.EventHandlerManager.dispatchBubblingEvent(EventHandlerManager.java:189)
	at javafx.base@21.0.1/com.sun.javafx.event.CompositeEventDispatcher.dispatchBubblingEvent(CompositeEventDispatcher.java:59)
	at javafx.base@21.0.1/com.sun.javafx.event.BasicEventDispatcher.dispatchEvent(BasicEventDispatcher.java:58)
	at javafx.base@21.0.1/com.sun.javafx.event.EventDispatchChainImpl.dispatchEvent(EventDispatchChainImpl.java:114)
	at javafx.base@21.0.1/com.sun.javafx.event.BasicEventDispatcher.dispatchEvent(BasicEventDispatcher.java:56)
	at javafx.base@21.0.1/com.sun.javafx.event.EventDispatchChainImpl.dispatchEvent(EventDispatchChainImpl.java:114)
	at javafx.base@21.0.1/com.sun.javafx.event.BasicEventDispatcher.dispatchEvent(BasicEventDispatcher.java:56)
	at javafx.base@21.0.1/com.sun.javafx.event.EventDispatchChainImpl.dispatchEvent(EventDispatchChainImpl.java:114)
	at javafx.base@21.0.1/com.sun.javafx.event.BasicEventDispatcher.dispatchEvent(BasicEventDispatcher.java:56)
	at javafx.base@21.0.1/com.sun.javafx.event.EventDispatchChainImpl.dispatchEvent(EventDispatchChainImpl.java:114)
	at javafx.base@21.0.1/com.sun.javafx.event.EventUtil.fireEventImpl(EventUtil.java:74)
	at javafx.base@21.0.1/com.sun.javafx.event.EventUtil.fireEvent(EventUtil.java:49)
	at javafx.base@21.0.1/javafx.event.Event.fireEvent(Event.java:198)
	at javafx.graphics@21.0.1/javafx.scene.Node.fireEvent(Node.java:8875)
	at javafx.controls@21.0.1/javafx.scene.control.Button.fire(Button.java:203)
	at javafx.controls@21.0.1/com.sun.javafx.scene.control.behavior.ButtonBehavior.mouseReleased(ButtonBehavior.java:207)
	at javafx.controls@21.0.1/com.sun.javafx.scene.control.inputmap.InputMap.handle(InputMap.java:274)
	at javafx.base@21.0.1/com.sun.javafx.event.CompositeEventHandler$NormalEventHandlerRecord.handleBubblingEvent(CompositeEventHandler.java:247)
	at javafx.base@21.0.1/com.sun.javafx.event.CompositeEventHandler.dispatchBubblingEvent(CompositeEventHandler.java:80)
	at javafx.base@21.0.1/com.sun.javafx.event.EventHandlerManager.dispatchBubblingEvent(EventHandlerManager.java:232)
	at javafx.base@21.0.1/com.sun.javafx.event.EventHandlerManager.dispatchBubblingEvent(EventHandlerManager.java:189)
	at javafx.base@21.0.1/com.sun.javafx.event.CompositeEventDispatcher.dispatchBubblingEvent(CompositeEventDispatcher.java:59)
	at javafx.base@21.0.1/com.sun.javafx.event.BasicEventDispatcher.dispatchEvent(BasicEventDispatcher.java:58)
	at javafx.base@21.0.1/com.sun.javafx.event.EventDispatchChainImpl.dispatchEvent(EventDispatchChainImpl.java:114)
	at javafx.base@21.0.1/com.sun.javafx.event.BasicEventDispatcher.dispatchEvent(BasicEventDispatcher.java:56)
	at javafx.base@21.0.1/com.sun.javafx.event.EventDispatchChainImpl.dispatchEvent(EventDispatchChainImpl.java:114)
	at javafx.base@21.0.1/com.sun.javafx.event.BasicEventDispatcher.dispatchEvent(BasicEventDispatcher.java:56)
	at javafx.base@21.0.1/com.sun.javafx.event.EventDispatchChainImpl.dispatchEvent(EventDispatchChainImpl.java:114)
	at javafx.base@21.0.1/com.sun.javafx.event.BasicEventDispatcher.dispatchEvent(BasicEventDispatcher.java:56)
	at javafx.base@21.0.1/com.sun.javafx.event.EventDispatchChainImpl.dispatchEvent(EventDispatchChainImpl.java:114)
	at javafx.base@21.0.1/com.sun.javafx.event.EventUtil.fireEventImpl(EventUtil.java:74)
	at javafx.base@21.0.1/com.sun.javafx.event.EventUtil.fireEvent(EventUtil.java:54)
	at javafx.base@21.0.1/javafx.event.Event.fireEvent(Event.java:198)
	at javafx.graphics@21.0.1/javafx.scene.Scene$MouseHandler.process(Scene.java:3984)
	at javafx.graphics@21.0.1/javafx.scene.Scene.processMouseEvent(Scene.java:1890)
	at javafx.graphics@21.0.1/javafx.scene.Scene$ScenePeerListener.mouseEvent(Scene.java:2708)
	at javafx.graphics@21.0.1/com.sun.javafx.tk.quantum.GlassViewEventHandler$MouseEventNotification.run(GlassViewEventHandler.java:411)
	at javafx.graphics@21.0.1/com.sun.javafx.tk.quantum.GlassViewEventHandler$MouseEventNotification.run(GlassViewEventHandler.java:301)
	at java.base/java.security.AccessController.doPrivileged(AccessController.java:400)
	at javafx.graphics@21.0.1/com.sun.javafx.tk.quantum.GlassViewEventHandler.lambda$handleMouseEvent$2(GlassViewEventHandler.java:450)
	at javafx.graphics@21.0.1/com.sun.javafx.tk.quantum.QuantumToolkit.runWithoutRenderLock(QuantumToolkit.java:424)
	at javafx.graphics@21.0.1/com.sun.javafx.tk.quantum.GlassViewEventHandler.handleMouseEvent(GlassViewEventHandler.java:449)
	at javafx.graphics@21.0.1/com.sun.glass.ui.View.handleMouseEvent(View.java:551)
	at javafx.graphics@21.0.1/com.sun.glass.ui.View.notifyMouse(View.java:937)
	at javafx.graphics@21.0.1/com.sun.glass.ui.win.WinApplication._runLoop(Native Method)
	at javafx.graphics@21.0.1/com.sun.glass.ui.win.WinApplication.lambda$runLoop$3(WinApplication.java:185)
	at java.base/java.lang.Thread.run(Thread.java:1583)
2025-10-06 09:53:57 [JavaFX Application Thread] ERROR p.c.a.v.asesor.AsesorMainController - Error al cargar simulador
javafx.fxml.LoadException: FXCollections is not a valid type.
/C:/Users/USER/OneDrive/Escritorio/proyecto_v4.0/target/classes/fxml/asesor/SimuladorView.fxml:37

	at javafx.fxml@21.0.1/javafx.fxml.FXMLLoader.constructLoadException(FXMLLoader.java:2718)
	at javafx.fxml@21.0.1/javafx.fxml.FXMLLoader.createElement(FXMLLoader.java:2920)
	at javafx.fxml@21.0.1/javafx.fxml.FXMLLoader.processStartElement(FXMLLoader.java:2850)
	at javafx.fxml@21.0.1/javafx.fxml.FXMLLoader.loadImpl(FXMLLoader.java:2649)
	at javafx.fxml@21.0.1/javafx.fxml.FXMLLoader.loadImpl(FXMLLoader.java:2563)
	at javafx.fxml@21.0.1/javafx.fxml.FXMLLoader.load(FXMLLoader.java:2531)
	at pe.crediactiva.app.view.asesor.AsesorMainController.handleSimulador(AsesorMainController.java:231)
	at java.base/jdk.internal.reflect.DirectMethodHandleAccessor.invoke(DirectMethodHandleAccessor.java:103)
	at java.base/java.lang.reflect.Method.invoke(Method.java:580)
	at com.sun.javafx.reflect.Trampoline.invoke(MethodUtil.java:72)
	at java.base/jdk.internal.reflect.DirectMethodHandleAccessor.invoke(DirectMethodHandleAccessor.java:103)
	at java.base/java.lang.reflect.Method.invoke(Method.java:580)
	at javafx.base@21.0.1/com.sun.javafx.reflect.MethodUtil.invoke(MethodUtil.java:270)
	at javafx.fxml@21.0.1/com.sun.javafx.fxml.MethodHelper.invoke(MethodHelper.java:84)
	at javafx.fxml@21.0.1/javafx.fxml.FXMLLoader$MethodHandler.invoke(FXMLLoader.java:1855)
	at javafx.fxml@21.0.1/javafx.fxml.FXMLLoader$ControllerMethodEventHandler.handle(FXMLLoader.java:1726)
	at javafx.base@21.0.1/com.sun.javafx.event.CompositeEventHandler.dispatchBubblingEvent(CompositeEventHandler.java:86)
	at javafx.base@21.0.1/com.sun.javafx.event.EventHandlerManager.dispatchBubblingEvent(EventHandlerManager.java:232)
	at javafx.base@21.0.1/com.sun.javafx.event.EventHandlerManager.dispatchBubblingEvent(EventHandlerManager.java:189)
	at javafx.base@21.0.1/com.sun.javafx.event.CompositeEventDispatcher.dispatchBubblingEvent(CompositeEventDispatcher.java:59)
	at javafx.base@21.0.1/com.sun.javafx.event.BasicEventDispatcher.dispatchEvent(BasicEventDispatcher.java:58)
	at javafx.base@21.0.1/com.sun.javafx.event.EventDispatchChainImpl.dispatchEvent(EventDispatchChainImpl.java:114)
	at javafx.base@21.0.1/com.sun.javafx.event.BasicEventDispatcher.dispatchEvent(BasicEventDispatcher.java:56)
	at javafx.base@21.0.1/com.sun.javafx.event.EventDispatchChainImpl.dispatchEvent(EventDispatchChainImpl.java:114)
	at javafx.base@21.0.1/com.sun.javafx.event.BasicEventDispatcher.dispatchEvent(BasicEventDispatcher.java:56)
	at javafx.base@21.0.1/com.sun.javafx.event.EventDispatchChainImpl.dispatchEvent(EventDispatchChainImpl.java:114)
	at javafx.base@21.0.1/com.sun.javafx.event.BasicEventDispatcher.dispatchEvent(BasicEventDispatcher.java:56)
	at javafx.base@21.0.1/com.sun.javafx.event.EventDispatchChainImpl.dispatchEvent(EventDispatchChainImpl.java:114)
	at javafx.base@21.0.1/com.sun.javafx.event.EventUtil.fireEventImpl(EventUtil.java:74)
	at javafx.base@21.0.1/com.sun.javafx.event.EventUtil.fireEvent(EventUtil.java:49)
	at javafx.base@21.0.1/javafx.event.Event.fireEvent(Event.java:198)
	at javafx.graphics@21.0.1/javafx.scene.Node.fireEvent(Node.java:8875)
	at javafx.controls@21.0.1/javafx.scene.control.Button.fire(Button.java:203)
	at javafx.controls@21.0.1/com.sun.javafx.scene.control.behavior.ButtonBehavior.mouseReleased(ButtonBehavior.java:207)
	at javafx.controls@21.0.1/com.sun.javafx.scene.control.inputmap.InputMap.handle(InputMap.java:274)
	at javafx.base@21.0.1/com.sun.javafx.event.CompositeEventHandler$NormalEventHandlerRecord.handleBubblingEvent(CompositeEventHandler.java:247)
	at javafx.base@21.0.1/com.sun.javafx.event.CompositeEventHandler.dispatchBubblingEvent(CompositeEventHandler.java:80)
	at javafx.base@21.0.1/com.sun.javafx.event.EventHandlerManager.dispatchBubblingEvent(EventHandlerManager.java:232)
	at javafx.base@21.0.1/com.sun.javafx.event.EventHandlerManager.dispatchBubblingEvent(EventHandlerManager.java:189)
	at javafx.base@21.0.1/com.sun.javafx.event.CompositeEventDispatcher.dispatchBubblingEvent(CompositeEventDispatcher.java:59)
	at javafx.base@21.0.1/com.sun.javafx.event.BasicEventDispatcher.dispatchEvent(BasicEventDispatcher.java:58)
	at javafx.base@21.0.1/com.sun.javafx.event.EventDispatchChainImpl.dispatchEvent(EventDispatchChainImpl.java:114)
	at javafx.base@21.0.1/com.sun.javafx.event.BasicEventDispatcher.dispatchEvent(BasicEventDispatcher.java:56)
	at javafx.base@21.0.1/com.sun.javafx.event.EventDispatchChainImpl.dispatchEvent(EventDispatchChainImpl.java:114)
	at javafx.base@21.0.1/com.sun.javafx.event.BasicEventDispatcher.dispatchEvent(BasicEventDispatcher.java:56)
	at javafx.base@21.0.1/com.sun.javafx.event.EventDispatchChainImpl.dispatchEvent(EventDispatchChainImpl.java:114)
	at javafx.base@21.0.1/com.sun.javafx.event.BasicEventDispatcher.dispatchEvent(BasicEventDispatcher.java:56)
	at javafx.base@21.0.1/com.sun.javafx.event.EventDispatchChainImpl.dispatchEvent(EventDispatchChainImpl.java:114)
	at javafx.base@21.0.1/com.sun.javafx.event.EventUtil.fireEventImpl(EventUtil.java:74)
	at javafx.base@21.0.1/com.sun.javafx.event.EventUtil.fireEvent(EventUtil.java:54)
	at javafx.base@21.0.1/javafx.event.Event.fireEvent(Event.java:198)
	at javafx.graphics@21.0.1/javafx.scene.Scene$MouseHandler.process(Scene.java:3984)
	at javafx.graphics@21.0.1/javafx.scene.Scene.processMouseEvent(Scene.java:1890)
	at javafx.graphics@21.0.1/javafx.scene.Scene$ScenePeerListener.mouseEvent(Scene.java:2708)
	at javafx.graphics@21.0.1/com.sun.javafx.tk.quantum.GlassViewEventHandler$MouseEventNotification.run(GlassViewEventHandler.java:411)
	at javafx.graphics@21.0.1/com.sun.javafx.tk.quantum.GlassViewEventHandler$MouseEventNotification.run(GlassViewEventHandler.java:301)
	at java.base/java.security.AccessController.doPrivileged(AccessController.java:400)
	at javafx.graphics@21.0.1/com.sun.javafx.tk.quantum.GlassViewEventHandler.lambda$handleMouseEvent$2(GlassViewEventHandler.java:450)
	at javafx.graphics@21.0.1/com.sun.javafx.tk.quantum.QuantumToolkit.runWithoutRenderLock(QuantumToolkit.java:424)
	at javafx.graphics@21.0.1/com.sun.javafx.tk.quantum.GlassViewEventHandler.handleMouseEvent(GlassViewEventHandler.java:449)
	at javafx.graphics@21.0.1/com.sun.glass.ui.View.handleMouseEvent(View.java:551)
	at javafx.graphics@21.0.1/com.sun.glass.ui.View.notifyMouse(View.java:937)
	at javafx.graphics@21.0.1/com.sun.glass.ui.win.WinApplication._runLoop(Native Method)
	at javafx.graphics@21.0.1/com.sun.glass.ui.win.WinApplication.lambda$runLoop$3(WinApplication.java:185)
	at java.base/java.lang.Thread.run(Thread.java:1583)
2025-10-06 09:53:59 [JavaFX Application Thread] ERROR p.c.a.v.asesor.AsesorMainController - Error al cargar registro de cobro
javafx.fxml.LoadException: FXCollections is not a valid type.
/C:/Users/USER/OneDrive/Escritorio/proyecto_v4.0/target/classes/fxml/asesor/RegistrarCobroView.fxml:118

	at javafx.fxml@21.0.1/javafx.fxml.FXMLLoader.constructLoadException(FXMLLoader.java:2718)
	at javafx.fxml@21.0.1/javafx.fxml.FXMLLoader.createElement(FXMLLoader.java:2920)
	at javafx.fxml@21.0.1/javafx.fxml.FXMLLoader.processStartElement(FXMLLoader.java:2850)
	at javafx.fxml@21.0.1/javafx.fxml.FXMLLoader.loadImpl(FXMLLoader.java:2649)
	at javafx.fxml@21.0.1/javafx.fxml.FXMLLoader.loadImpl(FXMLLoader.java:2563)
	at javafx.fxml@21.0.1/javafx.fxml.FXMLLoader.load(FXMLLoader.java:2531)
	at pe.crediactiva.app.view.asesor.AsesorMainController.handleRegistrarCobro(AsesorMainController.java:252)
	at java.base/jdk.internal.reflect.DirectMethodHandleAccessor.invoke(DirectMethodHandleAccessor.java:103)
	at java.base/java.lang.reflect.Method.invoke(Method.java:580)
	at com.sun.javafx.reflect.Trampoline.invoke(MethodUtil.java:72)
	at java.base/jdk.internal.reflect.DirectMethodHandleAccessor.invoke(DirectMethodHandleAccessor.java:103)
	at java.base/java.lang.reflect.Method.invoke(Method.java:580)
	at javafx.base@21.0.1/com.sun.javafx.reflect.MethodUtil.invoke(MethodUtil.java:270)
	at javafx.fxml@21.0.1/com.sun.javafx.fxml.MethodHelper.invoke(MethodHelper.java:84)
	at javafx.fxml@21.0.1/javafx.fxml.FXMLLoader$MethodHandler.invoke(FXMLLoader.java:1855)
	at javafx.fxml@21.0.1/javafx.fxml.FXMLLoader$ControllerMethodEventHandler.handle(FXMLLoader.java:1726)
	at javafx.base@21.0.1/com.sun.javafx.event.CompositeEventHandler.dispatchBubblingEvent(CompositeEventHandler.java:86)
	at javafx.base@21.0.1/com.sun.javafx.event.EventHandlerManager.dispatchBubblingEvent(EventHandlerManager.java:232)
	at javafx.base@21.0.1/com.sun.javafx.event.EventHandlerManager.dispatchBubblingEvent(EventHandlerManager.java:189)
	at javafx.base@21.0.1/com.sun.javafx.event.CompositeEventDispatcher.dispatchBubblingEvent(CompositeEventDispatcher.java:59)
	at javafx.base@21.0.1/com.sun.javafx.event.BasicEventDispatcher.dispatchEvent(BasicEventDispatcher.java:58)
	at javafx.base@21.0.1/com.sun.javafx.event.EventDispatchChainImpl.dispatchEvent(EventDispatchChainImpl.java:114)
	at javafx.base@21.0.1/com.sun.javafx.event.BasicEventDispatcher.dispatchEvent(BasicEventDispatcher.java:56)
	at javafx.base@21.0.1/com.sun.javafx.event.EventDispatchChainImpl.dispatchEvent(EventDispatchChainImpl.java:114)
	at javafx.base@21.0.1/com.sun.javafx.event.BasicEventDispatcher.dispatchEvent(BasicEventDispatcher.java:56)
	at javafx.base@21.0.1/com.sun.javafx.event.EventDispatchChainImpl.dispatchEvent(EventDispatchChainImpl.java:114)
	at javafx.base@21.0.1/com.sun.javafx.event.BasicEventDispatcher.dispatchEvent(BasicEventDispatcher.java:56)
	at javafx.base@21.0.1/com.sun.javafx.event.EventDispatchChainImpl.dispatchEvent(EventDispatchChainImpl.java:114)
	at javafx.base@21.0.1/com.sun.javafx.event.EventUtil.fireEventImpl(EventUtil.java:74)
	at javafx.base@21.0.1/com.sun.javafx.event.EventUtil.fireEvent(EventUtil.java:49)
	at javafx.base@21.0.1/javafx.event.Event.fireEvent(Event.java:198)
	at javafx.graphics@21.0.1/javafx.scene.Node.fireEvent(Node.java:8875)
	at javafx.controls@21.0.1/javafx.scene.control.Button.fire(Button.java:203)
	at javafx.controls@21.0.1/com.sun.javafx.scene.control.behavior.ButtonBehavior.mouseReleased(ButtonBehavior.java:207)
	at javafx.controls@21.0.1/com.sun.javafx.scene.control.inputmap.InputMap.handle(InputMap.java:274)
	at javafx.base@21.0.1/com.sun.javafx.event.CompositeEventHandler$NormalEventHandlerRecord.handleBubblingEvent(CompositeEventHandler.java:247)
	at javafx.base@21.0.1/com.sun.javafx.event.CompositeEventHandler.dispatchBubblingEvent(CompositeEventHandler.java:80)
	at javafx.base@21.0.1/com.sun.javafx.event.EventHandlerManager.dispatchBubblingEvent(EventHandlerManager.java:232)
	at javafx.base@21.0.1/com.sun.javafx.event.EventHandlerManager.dispatchBubblingEvent(EventHandlerManager.java:189)
	at javafx.base@21.0.1/com.sun.javafx.event.CompositeEventDispatcher.dispatchBubblingEvent(CompositeEventDispatcher.java:59)
	at javafx.base@21.0.1/com.sun.javafx.event.BasicEventDispatcher.dispatchEvent(BasicEventDispatcher.java:58)
	at javafx.base@21.0.1/com.sun.javafx.event.EventDispatchChainImpl.dispatchEvent(EventDispatchChainImpl.java:114)
	at javafx.base@21.0.1/com.sun.javafx.event.BasicEventDispatcher.dispatchEvent(BasicEventDispatcher.java:56)
	at javafx.base@21.0.1/com.sun.javafx.event.EventDispatchChainImpl.dispatchEvent(EventDispatchChainImpl.java:114)
	at javafx.base@21.0.1/com.sun.javafx.event.BasicEventDispatcher.dispatchEvent(BasicEventDispatcher.java:56)
	at javafx.base@21.0.1/com.sun.javafx.event.EventDispatchChainImpl.dispatchEvent(EventDispatchChainImpl.java:114)
	at javafx.base@21.0.1/com.sun.javafx.event.BasicEventDispatcher.dispatchEvent(BasicEventDispatcher.java:56)
	at javafx.base@21.0.1/com.sun.javafx.event.EventDispatchChainImpl.dispatchEvent(EventDispatchChainImpl.java:114)
	at javafx.base@21.0.1/com.sun.javafx.event.EventUtil.fireEventImpl(EventUtil.java:74)
	at javafx.base@21.0.1/com.sun.javafx.event.EventUtil.fireEvent(EventUtil.java:54)
	at javafx.base@21.0.1/javafx.event.Event.fireEvent(Event.java:198)
	at javafx.graphics@21.0.1/javafx.scene.Scene$MouseHandler.process(Scene.java:3984)
	at javafx.graphics@21.0.1/javafx.scene.Scene.processMouseEvent(Scene.java:1890)
	at javafx.graphics@21.0.1/javafx.scene.Scene$ScenePeerListener.mouseEvent(Scene.java:2708)
	at javafx.graphics@21.0.1/com.sun.javafx.tk.quantum.GlassViewEventHandler$MouseEventNotification.run(GlassViewEventHandler.java:411)
	at javafx.graphics@21.0.1/com.sun.javafx.tk.quantum.GlassViewEventHandler$MouseEventNotification.run(GlassViewEventHandler.java:301)
	at java.base/java.security.AccessController.doPrivileged(AccessController.java:400)
	at javafx.graphics@21.0.1/com.sun.javafx.tk.quantum.GlassViewEventHandler.lambda$handleMouseEvent$2(GlassViewEventHandler.java:450)
	at javafx.graphics@21.0.1/com.sun.javafx.tk.quantum.QuantumToolkit.runWithoutRenderLock(QuantumToolkit.java:424)
	at javafx.graphics@21.0.1/com.sun.javafx.tk.quantum.GlassViewEventHandler.handleMouseEvent(GlassViewEventHandler.java:449)
	at javafx.graphics@21.0.1/com.sun.glass.ui.View.handleMouseEvent(View.java:551)
	at javafx.graphics@21.0.1/com.sun.glass.ui.View.notifyMouse(View.java:937)
	at javafx.graphics@21.0.1/com.sun.glass.ui.win.WinApplication._runLoop(Native Method)
	at javafx.graphics@21.0.1/com.sun.glass.ui.win.WinApplication.lambda$runLoop$3(WinApplication.java:185)
	at java.base/java.lang.Thread.run(Thread.java:1583)
2025-10-06 09:54:02 [JavaFX Application Thread] ERROR p.c.a.v.asesor.AsesorMainController - Error al cargar cartera
javafx.fxml.LoadException: FXCollections is not a valid type.
/C:/Users/USER/OneDrive/Escritorio/proyecto_v4.0/target/classes/fxml/asesor/CarteraView.fxml:64

	at javafx.fxml@21.0.1/javafx.fxml.FXMLLoader.constructLoadException(FXMLLoader.java:2718)
	at javafx.fxml@21.0.1/javafx.fxml.FXMLLoader.createElement(FXMLLoader.java:2920)
	at javafx.fxml@21.0.1/javafx.fxml.FXMLLoader.processStartElement(FXMLLoader.java:2850)
	at javafx.fxml@21.0.1/javafx.fxml.FXMLLoader.loadImpl(FXMLLoader.java:2649)
	at javafx.fxml@21.0.1/javafx.fxml.FXMLLoader.loadImpl(FXMLLoader.java:2563)
	at javafx.fxml@21.0.1/javafx.fxml.FXMLLoader.load(FXMLLoader.java:2531)
	at pe.crediactiva.app.view.asesor.AsesorMainController.handleCartera(AsesorMainController.java:273)
	at java.base/jdk.internal.reflect.DirectMethodHandleAccessor.invoke(DirectMethodHandleAccessor.java:103)
	at java.base/java.lang.reflect.Method.invoke(Method.java:580)
	at com.sun.javafx.reflect.Trampoline.invoke(MethodUtil.java:72)
	at java.base/jdk.internal.reflect.DirectMethodHandleAccessor.invoke(DirectMethodHandleAccessor.java:103)
	at java.base/java.lang.reflect.Method.invoke(Method.java:580)
	at javafx.base@21.0.1/com.sun.javafx.reflect.MethodUtil.invoke(MethodUtil.java:270)
	at javafx.fxml@21.0.1/com.sun.javafx.fxml.MethodHelper.invoke(MethodHelper.java:84)
	at javafx.fxml@21.0.1/javafx.fxml.FXMLLoader$MethodHandler.invoke(FXMLLoader.java:1855)
	at javafx.fxml@21.0.1/javafx.fxml.FXMLLoader$ControllerMethodEventHandler.handle(FXMLLoader.java:1726)
	at javafx.base@21.0.1/com.sun.javafx.event.CompositeEventHandler.dispatchBubblingEvent(CompositeEventHandler.java:86)
	at javafx.base@21.0.1/com.sun.javafx.event.EventHandlerManager.dispatchBubblingEvent(EventHandlerManager.java:232)
	at javafx.base@21.0.1/com.sun.javafx.event.EventHandlerManager.dispatchBubblingEvent(EventHandlerManager.java:189)
	at javafx.base@21.0.1/com.sun.javafx.event.CompositeEventDispatcher.dispatchBubblingEvent(CompositeEventDispatcher.java:59)
	at javafx.base@21.0.1/com.sun.javafx.event.BasicEventDispatcher.dispatchEvent(BasicEventDispatcher.java:58)
	at javafx.base@21.0.1/com.sun.javafx.event.EventDispatchChainImpl.dispatchEvent(EventDispatchChainImpl.java:114)
	at javafx.base@21.0.1/com.sun.javafx.event.BasicEventDispatcher.dispatchEvent(BasicEventDispatcher.java:56)
	at javafx.base@21.0.1/com.sun.javafx.event.EventDispatchChainImpl.dispatchEvent(EventDispatchChainImpl.java:114)
	at javafx.base@21.0.1/com.sun.javafx.event.BasicEventDispatcher.dispatchEvent(BasicEventDispatcher.java:56)
	at javafx.base@21.0.1/com.sun.javafx.event.EventDispatchChainImpl.dispatchEvent(EventDispatchChainImpl.java:114)
	at javafx.base@21.0.1/com.sun.javafx.event.BasicEventDispatcher.dispatchEvent(BasicEventDispatcher.java:56)
	at javafx.base@21.0.1/com.sun.javafx.event.EventDispatchChainImpl.dispatchEvent(EventDispatchChainImpl.java:114)
	at javafx.base@21.0.1/com.sun.javafx.event.EventUtil.fireEventImpl(EventUtil.java:74)
	at javafx.base@21.0.1/com.sun.javafx.event.EventUtil.fireEvent(EventUtil.java:49)
	at javafx.base@21.0.1/javafx.event.Event.fireEvent(Event.java:198)
	at javafx.graphics@21.0.1/javafx.scene.Node.fireEvent(Node.java:8875)
	at javafx.controls@21.0.1/javafx.scene.control.Button.fire(Button.java:203)
	at javafx.controls@21.0.1/com.sun.javafx.scene.control.behavior.ButtonBehavior.mouseReleased(ButtonBehavior.java:207)
	at javafx.controls@21.0.1/com.sun.javafx.scene.control.inputmap.InputMap.handle(InputMap.java:274)
	at javafx.base@21.0.1/com.sun.javafx.event.CompositeEventHandler$NormalEventHandlerRecord.handleBubblingEvent(CompositeEventHandler.java:247)
	at javafx.base@21.0.1/com.sun.javafx.event.CompositeEventHandler.dispatchBubblingEvent(CompositeEventHandler.java:80)
	at javafx.base@21.0.1/com.sun.javafx.event.EventHandlerManager.dispatchBubblingEvent(EventHandlerManager.java:232)
	at javafx.base@21.0.1/com.sun.javafx.event.EventHandlerManager.dispatchBubblingEvent(EventHandlerManager.java:189)
	at javafx.base@21.0.1/com.sun.javafx.event.CompositeEventDispatcher.dispatchBubblingEvent(CompositeEventDispatcher.java:59)
	at javafx.base@21.0.1/com.sun.javafx.event.BasicEventDispatcher.dispatchEvent(BasicEventDispatcher.java:58)
	at javafx.base@21.0.1/com.sun.javafx.event.EventDispatchChainImpl.dispatchEvent(EventDispatchChainImpl.java:114)
	at javafx.base@21.0.1/com.sun.javafx.event.BasicEventDispatcher.dispatchEvent(BasicEventDispatcher.java:56)
	at javafx.base@21.0.1/com.sun.javafx.event.EventDispatchChainImpl.dispatchEvent(EventDispatchChainImpl.java:114)
	at javafx.base@21.0.1/com.sun.javafx.event.BasicEventDispatcher.dispatchEvent(BasicEventDispatcher.java:56)
	at javafx.base@21.0.1/com.sun.javafx.event.EventDispatchChainImpl.dispatchEvent(EventDispatchChainImpl.java:114)
	at javafx.base@21.0.1/com.sun.javafx.event.BasicEventDispatcher.dispatchEvent(BasicEventDispatcher.java:56)
	at javafx.base@21.0.1/com.sun.javafx.event.EventDispatchChainImpl.dispatchEvent(EventDispatchChainImpl.java:114)
	at javafx.base@21.0.1/com.sun.javafx.event.EventUtil.fireEventImpl(EventUtil.java:74)
	at javafx.base@21.0.1/com.sun.javafx.event.EventUtil.fireEvent(EventUtil.java:54)
	at javafx.base@21.0.1/javafx.event.Event.fireEvent(Event.java:198)
	at javafx.graphics@21.0.1/javafx.scene.Scene$MouseHandler.process(Scene.java:3984)
	at javafx.graphics@21.0.1/javafx.scene.Scene.processMouseEvent(Scene.java:1890)
	at javafx.graphics@21.0.1/javafx.scene.Scene$ScenePeerListener.mouseEvent(Scene.java:2708)
	at javafx.graphics@21.0.1/com.sun.javafx.tk.quantum.GlassViewEventHandler$MouseEventNotification.run(GlassViewEventHandler.java:411)
	at javafx.graphics@21.0.1/com.sun.javafx.tk.quantum.GlassViewEventHandler$MouseEventNotification.run(GlassViewEventHandler.java:301)
	at java.base/java.security.AccessController.doPrivileged(AccessController.java:400)
	at javafx.graphics@21.0.1/com.sun.javafx.tk.quantum.GlassViewEventHandler.lambda$handleMouseEvent$2(GlassViewEventHandler.java:450)
	at javafx.graphics@21.0.1/com.sun.javafx.tk.quantum.QuantumToolkit.runWithoutRenderLock(QuantumToolkit.java:424)
	at javafx.graphics@21.0.1/com.sun.javafx.tk.quantum.GlassViewEventHandler.handleMouseEvent(GlassViewEventHandler.java:449)
	at javafx.graphics@21.0.1/com.sun.glass.ui.View.handleMouseEvent(View.java:551)
	at javafx.graphics@21.0.1/com.sun.glass.ui.View.notifyMouse(View.java:937)
	at javafx.graphics@21.0.1/com.sun.glass.ui.win.WinApplication._runLoop(Native Method)
	at javafx.graphics@21.0.1/com.sun.glass.ui.win.WinApplication.lambda$runLoop$3(WinApplication.java:185)
	at java.base/java.lang.Thread.run(Thread.java:1583)
2025-10-06 09:54:04 [JavaFX Application Thread] INFO  p.c.a.v.asesor.AsesorMainController - Cargados reportes del asesor
2025-10-06 09:54:51 [JavaFX Application Thread] ERROR p.c.a.v.asesor.AsesorMainController - Error al cargar gestión de clientes
javafx.fxml.LoadException: FXCollections is not a valid type.
/C:/Users/USER/OneDrive/Escritorio/proyecto_v4.0/target/classes/fxml/asesor/GestionClientesView.fxml:29

	at javafx.fxml@21.0.1/javafx.fxml.FXMLLoader.constructLoadException(FXMLLoader.java:2718)
	at javafx.fxml@21.0.1/javafx.fxml.FXMLLoader.createElement(FXMLLoader.java:2920)
	at javafx.fxml@21.0.1/javafx.fxml.FXMLLoader.processStartElement(FXMLLoader.java:2850)
	at javafx.fxml@21.0.1/javafx.fxml.FXMLLoader.loadImpl(FXMLLoader.java:2649)
	at javafx.fxml@21.0.1/javafx.fxml.FXMLLoader.loadImpl(FXMLLoader.java:2563)
	at javafx.fxml@21.0.1/javafx.fxml.FXMLLoader.load(FXMLLoader.java:2531)
	at pe.crediactiva.app.view.asesor.AsesorMainController.handleClientes(AsesorMainController.java:189)
	at java.base/jdk.internal.reflect.DirectMethodHandleAccessor.invoke(DirectMethodHandleAccessor.java:103)
	at java.base/java.lang.reflect.Method.invoke(Method.java:580)
	at com.sun.javafx.reflect.Trampoline.invoke(MethodUtil.java:72)
	at java.base/jdk.internal.reflect.DirectMethodHandleAccessor.invoke(DirectMethodHandleAccessor.java:103)
	at java.base/java.lang.reflect.Method.invoke(Method.java:580)
	at javafx.base@21.0.1/com.sun.javafx.reflect.MethodUtil.invoke(MethodUtil.java:270)
	at javafx.fxml@21.0.1/com.sun.javafx.fxml.MethodHelper.invoke(MethodHelper.java:84)
	at javafx.fxml@21.0.1/javafx.fxml.FXMLLoader$MethodHandler.invoke(FXMLLoader.java:1855)
	at javafx.fxml@21.0.1/javafx.fxml.FXMLLoader$ControllerMethodEventHandler.handle(FXMLLoader.java:1726)
	at javafx.base@21.0.1/com.sun.javafx.event.CompositeEventHandler.dispatchBubblingEvent(CompositeEventHandler.java:86)
	at javafx.base@21.0.1/com.sun.javafx.event.EventHandlerManager.dispatchBubblingEvent(EventHandlerManager.java:232)
	at javafx.base@21.0.1/com.sun.javafx.event.EventHandlerManager.dispatchBubblingEvent(EventHandlerManager.java:189)
	at javafx.base@21.0.1/com.sun.javafx.event.CompositeEventDispatcher.dispatchBubblingEvent(CompositeEventDispatcher.java:59)
	at javafx.base@21.0.1/com.sun.javafx.event.BasicEventDispatcher.dispatchEvent(BasicEventDispatcher.java:58)
	at javafx.base@21.0.1/com.sun.javafx.event.EventDispatchChainImpl.dispatchEvent(EventDispatchChainImpl.java:114)
	at javafx.base@21.0.1/com.sun.javafx.event.BasicEventDispatcher.dispatchEvent(BasicEventDispatcher.java:56)
	at javafx.base@21.0.1/com.sun.javafx.event.EventDispatchChainImpl.dispatchEvent(EventDispatchChainImpl.java:114)
	at javafx.base@21.0.1/com.sun.javafx.event.BasicEventDispatcher.dispatchEvent(BasicEventDispatcher.java:56)
	at javafx.base@21.0.1/com.sun.javafx.event.EventDispatchChainImpl.dispatchEvent(EventDispatchChainImpl.java:114)
	at javafx.base@21.0.1/com.sun.javafx.event.BasicEventDispatcher.dispatchEvent(BasicEventDispatcher.java:56)
	at javafx.base@21.0.1/com.sun.javafx.event.EventDispatchChainImpl.dispatchEvent(EventDispatchChainImpl.java:114)
	at javafx.base@21.0.1/com.sun.javafx.event.EventUtil.fireEventImpl(EventUtil.java:74)
	at javafx.base@21.0.1/com.sun.javafx.event.EventUtil.fireEvent(EventUtil.java:49)
	at javafx.base@21.0.1/javafx.event.Event.fireEvent(Event.java:198)
	at javafx.graphics@21.0.1/javafx.scene.Node.fireEvent(Node.java:8875)
	at javafx.controls@21.0.1/javafx.scene.control.Button.fire(Button.java:203)
	at javafx.controls@21.0.1/com.sun.javafx.scene.control.behavior.ButtonBehavior.mouseReleased(ButtonBehavior.java:207)
	at javafx.controls@21.0.1/com.sun.javafx.scene.control.inputmap.InputMap.handle(InputMap.java:274)
	at javafx.base@21.0.1/com.sun.javafx.event.CompositeEventHandler$NormalEventHandlerRecord.handleBubblingEvent(CompositeEventHandler.java:247)
	at javafx.base@21.0.1/com.sun.javafx.event.CompositeEventHandler.dispatchBubblingEvent(CompositeEventHandler.java:80)
	at javafx.base@21.0.1/com.sun.javafx.event.EventHandlerManager.dispatchBubblingEvent(EventHandlerManager.java:232)
	at javafx.base@21.0.1/com.sun.javafx.event.EventHandlerManager.dispatchBubblingEvent(EventHandlerManager.java:189)
	at javafx.base@21.0.1/com.sun.javafx.event.CompositeEventDispatcher.dispatchBubblingEvent(CompositeEventDispatcher.java:59)
	at javafx.base@21.0.1/com.sun.javafx.event.BasicEventDispatcher.dispatchEvent(BasicEventDispatcher.java:58)
	at javafx.base@21.0.1/com.sun.javafx.event.EventDispatchChainImpl.dispatchEvent(EventDispatchChainImpl.java:114)
	at javafx.base@21.0.1/com.sun.javafx.event.BasicEventDispatcher.dispatchEvent(BasicEventDispatcher.java:56)
	at javafx.base@21.0.1/com.sun.javafx.event.EventDispatchChainImpl.dispatchEvent(EventDispatchChainImpl.java:114)
	at javafx.base@21.0.1/com.sun.javafx.event.BasicEventDispatcher.dispatchEvent(BasicEventDispatcher.java:56)
	at javafx.base@21.0.1/com.sun.javafx.event.EventDispatchChainImpl.dispatchEvent(EventDispatchChainImpl.java:114)
	at javafx.base@21.0.1/com.sun.javafx.event.BasicEventDispatcher.dispatchEvent(BasicEventDispatcher.java:56)
	at javafx.base@21.0.1/com.sun.javafx.event.EventDispatchChainImpl.dispatchEvent(EventDispatchChainImpl.java:114)
	at javafx.base@21.0.1/com.sun.javafx.event.EventUtil.fireEventImpl(EventUtil.java:74)
	at javafx.base@21.0.1/com.sun.javafx.event.EventUtil.fireEvent(EventUtil.java:54)
	at javafx.base@21.0.1/javafx.event.Event.fireEvent(Event.java:198)
	at javafx.graphics@21.0.1/javafx.scene.Scene$MouseHandler.process(Scene.java:3984)
	at javafx.graphics@21.0.1/javafx.scene.Scene.processMouseEvent(Scene.java:1890)
	at javafx.graphics@21.0.1/javafx.scene.Scene$ScenePeerListener.mouseEvent(Scene.java:2708)
	at javafx.graphics@21.0.1/com.sun.javafx.tk.quantum.GlassViewEventHandler$MouseEventNotification.run(GlassViewEventHandler.java:411)
	at javafx.graphics@21.0.1/com.sun.javafx.tk.quantum.GlassViewEventHandler$MouseEventNotification.run(GlassViewEventHandler.java:301)
	at java.base/java.security.AccessController.doPrivileged(AccessController.java:400)
	at javafx.graphics@21.0.1/com.sun.javafx.tk.quantum.GlassViewEventHandler.lambda$handleMouseEvent$2(GlassViewEventHandler.java:450)
	at javafx.graphics@21.0.1/com.sun.javafx.tk.quantum.QuantumToolkit.runWithoutRenderLock(QuantumToolkit.java:424)
	at javafx.graphics@21.0.1/com.sun.javafx.tk.quantum.GlassViewEventHandler.handleMouseEvent(GlassViewEventHandler.java:449)
	at javafx.graphics@21.0.1/com.sun.glass.ui.View.handleMouseEvent(View.java:551)
	at javafx.graphics@21.0.1/com.sun.glass.ui.View.notifyMouse(View.java:937)
	at javafx.graphics@21.0.1/com.sun.glass.ui.win.WinApplication._runLoop(Native Method)
	at javafx.graphics@21.0.1/com.sun.glass.ui.win.WinApplication.lambda$runLoop$3(WinApplication.java:185)
	at java.base/java.lang.Thread.run(Thread.java:1583)
2025-10-06 09:54:55 [JavaFX Application Thread] ERROR p.c.a.v.asesor.AsesorMainController - Error al cargar solicitud de préstamo
javafx.fxml.LoadException: FXCollections is not a valid type.
/C:/Users/USER/OneDrive/Escritorio/proyecto_v4.0/target/classes/fxml/asesor/SolicitarPrestamoView.fxml:55

	at javafx.fxml@21.0.1/javafx.fxml.FXMLLoader.constructLoadException(FXMLLoader.java:2718)
	at javafx.fxml@21.0.1/javafx.fxml.FXMLLoader.createElement(FXMLLoader.java:2920)
	at javafx.fxml@21.0.1/javafx.fxml.FXMLLoader.processStartElement(FXMLLoader.java:2850)
	at javafx.fxml@21.0.1/javafx.fxml.FXMLLoader.loadImpl(FXMLLoader.java:2649)
	at javafx.fxml@21.0.1/javafx.fxml.FXMLLoader.loadImpl(FXMLLoader.java:2563)
	at javafx.fxml@21.0.1/javafx.fxml.FXMLLoader.load(FXMLLoader.java:2531)
	at pe.crediactiva.app.view.asesor.AsesorMainController.handleSolicitarPrestamo(AsesorMainController.java:210)
	at java.base/jdk.internal.reflect.DirectMethodHandleAccessor.invoke(DirectMethodHandleAccessor.java:103)
	at java.base/java.lang.reflect.Method.invoke(Method.java:580)
	at com.sun.javafx.reflect.Trampoline.invoke(MethodUtil.java:72)
	at java.base/jdk.internal.reflect.DirectMethodHandleAccessor.invoke(DirectMethodHandleAccessor.java:103)
	at java.base/java.lang.reflect.Method.invoke(Method.java:580)
	at javafx.base@21.0.1/com.sun.javafx.reflect.MethodUtil.invoke(MethodUtil.java:270)
	at javafx.fxml@21.0.1/com.sun.javafx.fxml.MethodHelper.invoke(MethodHelper.java:84)
	at javafx.fxml@21.0.1/javafx.fxml.FXMLLoader$MethodHandler.invoke(FXMLLoader.java:1855)
	at javafx.fxml@21.0.1/javafx.fxml.FXMLLoader$ControllerMethodEventHandler.handle(FXMLLoader.java:1726)
	at javafx.base@21.0.1/com.sun.javafx.event.CompositeEventHandler.dispatchBubblingEvent(CompositeEventHandler.java:86)
	at javafx.base@21.0.1/com.sun.javafx.event.EventHandlerManager.dispatchBubblingEvent(EventHandlerManager.java:232)
	at javafx.base@21.0.1/com.sun.javafx.event.EventHandlerManager.dispatchBubblingEvent(EventHandlerManager.java:189)
	at javafx.base@21.0.1/com.sun.javafx.event.CompositeEventDispatcher.dispatchBubblingEvent(CompositeEventDispatcher.java:59)
	at javafx.base@21.0.1/com.sun.javafx.event.BasicEventDispatcher.dispatchEvent(BasicEventDispatcher.java:58)
	at javafx.base@21.0.1/com.sun.javafx.event.EventDispatchChainImpl.dispatchEvent(EventDispatchChainImpl.java:114)
	at javafx.base@21.0.1/com.sun.javafx.event.BasicEventDispatcher.dispatchEvent(BasicEventDispatcher.java:56)
	at javafx.base@21.0.1/com.sun.javafx.event.EventDispatchChainImpl.dispatchEvent(EventDispatchChainImpl.java:114)
	at javafx.base@21.0.1/com.sun.javafx.event.BasicEventDispatcher.dispatchEvent(BasicEventDispatcher.java:56)
	at javafx.base@21.0.1/com.sun.javafx.event.EventDispatchChainImpl.dispatchEvent(EventDispatchChainImpl.java:114)
	at javafx.base@21.0.1/com.sun.javafx.event.BasicEventDispatcher.dispatchEvent(BasicEventDispatcher.java:56)
	at javafx.base@21.0.1/com.sun.javafx.event.EventDispatchChainImpl.dispatchEvent(EventDispatchChainImpl.java:114)
	at javafx.base@21.0.1/com.sun.javafx.event.EventUtil.fireEventImpl(EventUtil.java:74)
	at javafx.base@21.0.1/com.sun.javafx.event.EventUtil.fireEvent(EventUtil.java:49)
	at javafx.base@21.0.1/javafx.event.Event.fireEvent(Event.java:198)
	at javafx.graphics@21.0.1/javafx.scene.Node.fireEvent(Node.java:8875)
	at javafx.controls@21.0.1/javafx.scene.control.Button.fire(Button.java:203)
	at javafx.controls@21.0.1/com.sun.javafx.scene.control.behavior.ButtonBehavior.mouseReleased(ButtonBehavior.java:207)
	at javafx.controls@21.0.1/com.sun.javafx.scene.control.inputmap.InputMap.handle(InputMap.java:274)
	at javafx.base@21.0.1/com.sun.javafx.event.CompositeEventHandler$NormalEventHandlerRecord.handleBubblingEvent(CompositeEventHandler.java:247)
	at javafx.base@21.0.1/com.sun.javafx.event.CompositeEventHandler.dispatchBubblingEvent(CompositeEventHandler.java:80)
	at javafx.base@21.0.1/com.sun.javafx.event.EventHandlerManager.dispatchBubblingEvent(EventHandlerManager.java:232)
	at javafx.base@21.0.1/com.sun.javafx.event.EventHandlerManager.dispatchBubblingEvent(EventHandlerManager.java:189)
	at javafx.base@21.0.1/com.sun.javafx.event.CompositeEventDispatcher.dispatchBubblingEvent(CompositeEventDispatcher.java:59)
	at javafx.base@21.0.1/com.sun.javafx.event.BasicEventDispatcher.dispatchEvent(BasicEventDispatcher.java:58)
	at javafx.base@21.0.1/com.sun.javafx.event.EventDispatchChainImpl.dispatchEvent(EventDispatchChainImpl.java:114)
	at javafx.base@21.0.1/com.sun.javafx.event.BasicEventDispatcher.dispatchEvent(BasicEventDispatcher.java:56)
	at javafx.base@21.0.1/com.sun.javafx.event.EventDispatchChainImpl.dispatchEvent(EventDispatchChainImpl.java:114)
	at javafx.base@21.0.1/com.sun.javafx.event.BasicEventDispatcher.dispatchEvent(BasicEventDispatcher.java:56)
	at javafx.base@21.0.1/com.sun.javafx.event.EventDispatchChainImpl.dispatchEvent(EventDispatchChainImpl.java:114)
	at javafx.base@21.0.1/com.sun.javafx.event.BasicEventDispatcher.dispatchEvent(BasicEventDispatcher.java:56)
	at javafx.base@21.0.1/com.sun.javafx.event.EventDispatchChainImpl.dispatchEvent(EventDispatchChainImpl.java:114)
	at javafx.base@21.0.1/com.sun.javafx.event.EventUtil.fireEventImpl(EventUtil.java:74)
	at javafx.base@21.0.1/com.sun.javafx.event.EventUtil.fireEvent(EventUtil.java:54)
	at javafx.base@21.0.1/javafx.event.Event.fireEvent(Event.java:198)
	at javafx.graphics@21.0.1/javafx.scene.Scene$MouseHandler.process(Scene.java:3984)
	at javafx.graphics@21.0.1/javafx.scene.Scene.processMouseEvent(Scene.java:1890)
	at javafx.graphics@21.0.1/javafx.scene.Scene$ScenePeerListener.mouseEvent(Scene.java:2708)
	at javafx.graphics@21.0.1/com.sun.javafx.tk.quantum.GlassViewEventHandler$MouseEventNotification.run(GlassViewEventHandler.java:411)
	at javafx.graphics@21.0.1/com.sun.javafx.tk.quantum.GlassViewEventHandler$MouseEventNotification.run(GlassViewEventHandler.java:301)
	at java.base/java.security.AccessController.doPrivileged(AccessController.java:400)
	at javafx.graphics@21.0.1/com.sun.javafx.tk.quantum.GlassViewEventHandler.lambda$handleMouseEvent$2(GlassViewEventHandler.java:450)
	at javafx.graphics@21.0.1/com.sun.javafx.tk.quantum.QuantumToolkit.runWithoutRenderLock(QuantumToolkit.java:424)
	at javafx.graphics@21.0.1/com.sun.javafx.tk.quantum.GlassViewEventHandler.handleMouseEvent(GlassViewEventHandler.java:449)
	at javafx.graphics@21.0.1/com.sun.glass.ui.View.handleMouseEvent(View.java:551)
	at javafx.graphics@21.0.1/com.sun.glass.ui.View.notifyMouse(View.java:937)
	at javafx.graphics@21.0.1/com.sun.glass.ui.win.WinApplication._runLoop(Native Method)
	at javafx.graphics@21.0.1/com.sun.glass.ui.win.WinApplication.lambda$runLoop$3(WinApplication.java:185)
	at java.base/java.lang.Thread.run(Thread.java:1583)
2025-10-06 09:55:09 [JavaFX Application Thread] ERROR p.c.a.v.asesor.AsesorMainController - Error al cargar gestión de clientes
javafx.fxml.LoadException: FXCollections is not a valid type.
/C:/Users/USER/OneDrive/Escritorio/proyecto_v4.0/target/classes/fxml/asesor/GestionClientesView.fxml:29

	at javafx.fxml@21.0.1/javafx.fxml.FXMLLoader.constructLoadException(FXMLLoader.java:2718)
	at javafx.fxml@21.0.1/javafx.fxml.FXMLLoader.createElement(FXMLLoader.java:2920)
	at javafx.fxml@21.0.1/javafx.fxml.FXMLLoader.processStartElement(FXMLLoader.java:2850)
	at javafx.fxml@21.0.1/javafx.fxml.FXMLLoader.loadImpl(FXMLLoader.java:2649)
	at javafx.fxml@21.0.1/javafx.fxml.FXMLLoader.loadImpl(FXMLLoader.java:2563)
	at javafx.fxml@21.0.1/javafx.fxml.FXMLLoader.load(FXMLLoader.java:2531)
	at pe.crediactiva.app.view.asesor.AsesorMainController.handleClientes(AsesorMainController.java:189)
	at java.base/jdk.internal.reflect.DirectMethodHandleAccessor.invoke(DirectMethodHandleAccessor.java:103)
	at java.base/java.lang.reflect.Method.invoke(Method.java:580)
	at com.sun.javafx.reflect.Trampoline.invoke(MethodUtil.java:72)
	at java.base/jdk.internal.reflect.DirectMethodHandleAccessor.invoke(DirectMethodHandleAccessor.java:103)
	at java.base/java.lang.reflect.Method.invoke(Method.java:580)
	at javafx.base@21.0.1/com.sun.javafx.reflect.MethodUtil.invoke(MethodUtil.java:270)
	at javafx.fxml@21.0.1/com.sun.javafx.fxml.MethodHelper.invoke(MethodHelper.java:84)
	at javafx.fxml@21.0.1/javafx.fxml.FXMLLoader$MethodHandler.invoke(FXMLLoader.java:1855)
	at javafx.fxml@21.0.1/javafx.fxml.FXMLLoader$ControllerMethodEventHandler.handle(FXMLLoader.java:1726)
	at javafx.base@21.0.1/com.sun.javafx.event.CompositeEventHandler.dispatchBubblingEvent(CompositeEventHandler.java:86)
	at javafx.base@21.0.1/com.sun.javafx.event.EventHandlerManager.dispatchBubblingEvent(EventHandlerManager.java:232)
	at javafx.base@21.0.1/com.sun.javafx.event.EventHandlerManager.dispatchBubblingEvent(EventHandlerManager.java:189)
	at javafx.base@21.0.1/com.sun.javafx.event.CompositeEventDispatcher.dispatchBubblingEvent(CompositeEventDispatcher.java:59)
	at javafx.base@21.0.1/com.sun.javafx.event.BasicEventDispatcher.dispatchEvent(BasicEventDispatcher.java:58)
	at javafx.base@21.0.1/com.sun.javafx.event.EventDispatchChainImpl.dispatchEvent(EventDispatchChainImpl.java:114)
	at javafx.base@21.0.1/com.sun.javafx.event.BasicEventDispatcher.dispatchEvent(BasicEventDispatcher.java:56)
	at javafx.base@21.0.1/com.sun.javafx.event.EventDispatchChainImpl.dispatchEvent(EventDispatchChainImpl.java:114)
	at javafx.base@21.0.1/com.sun.javafx.event.BasicEventDispatcher.dispatchEvent(BasicEventDispatcher.java:56)
	at javafx.base@21.0.1/com.sun.javafx.event.EventDispatchChainImpl.dispatchEvent(EventDispatchChainImpl.java:114)
	at javafx.base@21.0.1/com.sun.javafx.event.BasicEventDispatcher.dispatchEvent(BasicEventDispatcher.java:56)
	at javafx.base@21.0.1/com.sun.javafx.event.EventDispatchChainImpl.dispatchEvent(EventDispatchChainImpl.java:114)
	at javafx.base@21.0.1/com.sun.javafx.event.EventUtil.fireEventImpl(EventUtil.java:74)
	at javafx.base@21.0.1/com.sun.javafx.event.EventUtil.fireEvent(EventUtil.java:49)
	at javafx.base@21.0.1/javafx.event.Event.fireEvent(Event.java:198)
	at javafx.graphics@21.0.1/javafx.scene.Node.fireEvent(Node.java:8875)
	at javafx.controls@21.0.1/javafx.scene.control.Button.fire(Button.java:203)
	at javafx.controls@21.0.1/com.sun.javafx.scene.control.behavior.ButtonBehavior.mouseReleased(ButtonBehavior.java:207)
	at javafx.controls@21.0.1/com.sun.javafx.scene.control.inputmap.InputMap.handle(InputMap.java:274)
	at javafx.base@21.0.1/com.sun.javafx.event.CompositeEventHandler$NormalEventHandlerRecord.handleBubblingEvent(CompositeEventHandler.java:247)
	at javafx.base@21.0.1/com.sun.javafx.event.CompositeEventHandler.dispatchBubblingEvent(CompositeEventHandler.java:80)
	at javafx.base@21.0.1/com.sun.javafx.event.EventHandlerManager.dispatchBubblingEvent(EventHandlerManager.java:232)
	at javafx.base@21.0.1/com.sun.javafx.event.EventHandlerManager.dispatchBubblingEvent(EventHandlerManager.java:189)
	at javafx.base@21.0.1/com.sun.javafx.event.CompositeEventDispatcher.dispatchBubblingEvent(CompositeEventDispatcher.java:59)
	at javafx.base@21.0.1/com.sun.javafx.event.BasicEventDispatcher.dispatchEvent(BasicEventDispatcher.java:58)
	at javafx.base@21.0.1/com.sun.javafx.event.EventDispatchChainImpl.dispatchEvent(EventDispatchChainImpl.java:114)
	at javafx.base@21.0.1/com.sun.javafx.event.BasicEventDispatcher.dispatchEvent(BasicEventDispatcher.java:56)
	at javafx.base@21.0.1/com.sun.javafx.event.EventDispatchChainImpl.dispatchEvent(EventDispatchChainImpl.java:114)
	at javafx.base@21.0.1/com.sun.javafx.event.BasicEventDispatcher.dispatchEvent(BasicEventDispatcher.java:56)
	at javafx.base@21.0.1/com.sun.javafx.event.EventDispatchChainImpl.dispatchEvent(EventDispatchChainImpl.java:114)
	at javafx.base@21.0.1/com.sun.javafx.event.BasicEventDispatcher.dispatchEvent(BasicEventDispatcher.java:56)
	at javafx.base@21.0.1/com.sun.javafx.event.EventDispatchChainImpl.dispatchEvent(EventDispatchChainImpl.java:114)
	at javafx.base@21.0.1/com.sun.javafx.event.EventUtil.fireEventImpl(EventUtil.java:74)
	at javafx.base@21.0.1/com.sun.javafx.event.EventUtil.fireEvent(EventUtil.java:54)
	at javafx.base@21.0.1/javafx.event.Event.fireEvent(Event.java:198)
	at javafx.graphics@21.0.1/javafx.scene.Scene$MouseHandler.process(Scene.java:3984)
	at javafx.graphics@21.0.1/javafx.scene.Scene.processMouseEvent(Scene.java:1890)
	at javafx.graphics@21.0.1/javafx.scene.Scene$ScenePeerListener.mouseEvent(Scene.java:2708)
	at javafx.graphics@21.0.1/com.sun.javafx.tk.quantum.GlassViewEventHandler$MouseEventNotification.run(GlassViewEventHandler.java:411)
	at javafx.graphics@21.0.1/com.sun.javafx.tk.quantum.GlassViewEventHandler$MouseEventNotification.run(GlassViewEventHandler.java:301)
	at java.base/java.security.AccessController.doPrivileged(AccessController.java:400)
	at javafx.graphics@21.0.1/com.sun.javafx.tk.quantum.GlassViewEventHandler.lambda$handleMouseEvent$2(GlassViewEventHandler.java:450)
	at javafx.graphics@21.0.1/com.sun.javafx.tk.quantum.QuantumToolkit.runWithoutRenderLock(QuantumToolkit.java:424)
	at javafx.graphics@21.0.1/com.sun.javafx.tk.quantum.GlassViewEventHandler.handleMouseEvent(GlassViewEventHandler.java:449)
	at javafx.graphics@21.0.1/com.sun.glass.ui.View.handleMouseEvent(View.java:551)
	at javafx.graphics@21.0.1/com.sun.glass.ui.View.notifyMouse(View.java:937)
	at javafx.graphics@21.0.1/com.sun.glass.ui.win.WinApplication._runLoop(Native Method)
	at javafx.graphics@21.0.1/com.sun.glass.ui.win.WinApplication.lambda$runLoop$3(WinApplication.java:185)
	at java.base/java.lang.Thread.run(Thread.java:1583)
2025-10-06 09:55:24 [JavaFX Application Thread] ERROR p.c.a.v.asesor.AsesorMainController - Error al cargar solicitud de préstamo
javafx.fxml.LoadException: FXCollections is not a valid type.
/C:/Users/USER/OneDrive/Escritorio/proyecto_v4.0/target/classes/fxml/asesor/SolicitarPrestamoView.fxml:55

	at javafx.fxml@21.0.1/javafx.fxml.FXMLLoader.constructLoadException(FXMLLoader.java:2718)
	at javafx.fxml@21.0.1/javafx.fxml.FXMLLoader.createElement(FXMLLoader.java:2920)
	at javafx.fxml@21.0.1/javafx.fxml.FXMLLoader.processStartElement(FXMLLoader.java:2850)
	at javafx.fxml@21.0.1/javafx.fxml.FXMLLoader.loadImpl(FXMLLoader.java:2649)
	at javafx.fxml@21.0.1/javafx.fxml.FXMLLoader.loadImpl(FXMLLoader.java:2563)
	at javafx.fxml@21.0.1/javafx.fxml.FXMLLoader.load(FXMLLoader.java:2531)
	at pe.crediactiva.app.view.asesor.AsesorMainController.handleSolicitarPrestamo(AsesorMainController.java:210)
	at java.base/jdk.internal.reflect.DirectMethodHandleAccessor.invoke(DirectMethodHandleAccessor.java:103)
	at java.base/java.lang.reflect.Method.invoke(Method.java:580)
	at com.sun.javafx.reflect.Trampoline.invoke(MethodUtil.java:72)
	at java.base/jdk.internal.reflect.DirectMethodHandleAccessor.invoke(DirectMethodHandleAccessor.java:103)
	at java.base/java.lang.reflect.Method.invoke(Method.java:580)
	at javafx.base@21.0.1/com.sun.javafx.reflect.MethodUtil.invoke(MethodUtil.java:270)
	at javafx.fxml@21.0.1/com.sun.javafx.fxml.MethodHelper.invoke(MethodHelper.java:84)
	at javafx.fxml@21.0.1/javafx.fxml.FXMLLoader$MethodHandler.invoke(FXMLLoader.java:1855)
	at javafx.fxml@21.0.1/javafx.fxml.FXMLLoader$ControllerMethodEventHandler.handle(FXMLLoader.java:1726)
	at javafx.base@21.0.1/com.sun.javafx.event.CompositeEventHandler.dispatchBubblingEvent(CompositeEventHandler.java:86)
	at javafx.base@21.0.1/com.sun.javafx.event.EventHandlerManager.dispatchBubblingEvent(EventHandlerManager.java:232)
	at javafx.base@21.0.1/com.sun.javafx.event.EventHandlerManager.dispatchBubblingEvent(EventHandlerManager.java:189)
	at javafx.base@21.0.1/com.sun.javafx.event.CompositeEventDispatcher.dispatchBubblingEvent(CompositeEventDispatcher.java:59)
	at javafx.base@21.0.1/com.sun.javafx.event.BasicEventDispatcher.dispatchEvent(BasicEventDispatcher.java:58)
	at javafx.base@21.0.1/com.sun.javafx.event.EventDispatchChainImpl.dispatchEvent(EventDispatchChainImpl.java:114)
	at javafx.base@21.0.1/com.sun.javafx.event.BasicEventDispatcher.dispatchEvent(BasicEventDispatcher.java:56)
	at javafx.base@21.0.1/com.sun.javafx.event.EventDispatchChainImpl.dispatchEvent(EventDispatchChainImpl.java:114)
	at javafx.base@21.0.1/com.sun.javafx.event.BasicEventDispatcher.dispatchEvent(BasicEventDispatcher.java:56)
	at javafx.base@21.0.1/com.sun.javafx.event.EventDispatchChainImpl.dispatchEvent(EventDispatchChainImpl.java:114)
	at javafx.base@21.0.1/com.sun.javafx.event.BasicEventDispatcher.dispatchEvent(BasicEventDispatcher.java:56)
	at javafx.base@21.0.1/com.sun.javafx.event.EventDispatchChainImpl.dispatchEvent(EventDispatchChainImpl.java:114)
	at javafx.base@21.0.1/com.sun.javafx.event.EventUtil.fireEventImpl(EventUtil.java:74)
	at javafx.base@21.0.1/com.sun.javafx.event.EventUtil.fireEvent(EventUtil.java:49)
	at javafx.base@21.0.1/javafx.event.Event.fireEvent(Event.java:198)
	at javafx.graphics@21.0.1/javafx.scene.Node.fireEvent(Node.java:8875)
	at javafx.controls@21.0.1/javafx.scene.control.Button.fire(Button.java:203)
	at javafx.controls@21.0.1/com.sun.javafx.scene.control.behavior.ButtonBehavior.mouseReleased(ButtonBehavior.java:207)
	at javafx.controls@21.0.1/com.sun.javafx.scene.control.inputmap.InputMap.handle(InputMap.java:274)
	at javafx.base@21.0.1/com.sun.javafx.event.CompositeEventHandler$NormalEventHandlerRecord.handleBubblingEvent(CompositeEventHandler.java:247)
	at javafx.base@21.0.1/com.sun.javafx.event.CompositeEventHandler.dispatchBubblingEvent(CompositeEventHandler.java:80)
	at javafx.base@21.0.1/com.sun.javafx.event.EventHandlerManager.dispatchBubblingEvent(EventHandlerManager.java:232)
	at javafx.base@21.0.1/com.sun.javafx.event.EventHandlerManager.dispatchBubblingEvent(EventHandlerManager.java:189)
	at javafx.base@21.0.1/com.sun.javafx.event.CompositeEventDispatcher.dispatchBubblingEvent(CompositeEventDispatcher.java:59)
	at javafx.base@21.0.1/com.sun.javafx.event.BasicEventDispatcher.dispatchEvent(BasicEventDispatcher.java:58)
	at javafx.base@21.0.1/com.sun.javafx.event.EventDispatchChainImpl.dispatchEvent(EventDispatchChainImpl.java:114)
	at javafx.base@21.0.1/com.sun.javafx.event.BasicEventDispatcher.dispatchEvent(BasicEventDispatcher.java:56)
	at javafx.base@21.0.1/com.sun.javafx.event.EventDispatchChainImpl.dispatchEvent(EventDispatchChainImpl.java:114)
	at javafx.base@21.0.1/com.sun.javafx.event.BasicEventDispatcher.dispatchEvent(BasicEventDispatcher.java:56)
	at javafx.base@21.0.1/com.sun.javafx.event.EventDispatchChainImpl.dispatchEvent(EventDispatchChainImpl.java:114)
	at javafx.base@21.0.1/com.sun.javafx.event.BasicEventDispatcher.dispatchEvent(BasicEventDispatcher.java:56)
	at javafx.base@21.0.1/com.sun.javafx.event.EventDispatchChainImpl.dispatchEvent(EventDispatchChainImpl.java:114)
	at javafx.base@21.0.1/com.sun.javafx.event.EventUtil.fireEventImpl(EventUtil.java:74)
	at javafx.base@21.0.1/com.sun.javafx.event.EventUtil.fireEvent(EventUtil.java:54)
	at javafx.base@21.0.1/javafx.event.Event.fireEvent(Event.java:198)
	at javafx.graphics@21.0.1/javafx.scene.Scene$MouseHandler.process(Scene.java:3984)
	at javafx.graphics@21.0.1/javafx.scene.Scene.processMouseEvent(Scene.java:1890)
	at javafx.graphics@21.0.1/javafx.scene.Scene$ScenePeerListener.mouseEvent(Scene.java:2708)
	at javafx.graphics@21.0.1/com.sun.javafx.tk.quantum.GlassViewEventHandler$MouseEventNotification.run(GlassViewEventHandler.java:411)
	at javafx.graphics@21.0.1/com.sun.javafx.tk.quantum.GlassViewEventHandler$MouseEventNotification.run(GlassViewEventHandler.java:301)
	at java.base/java.security.AccessController.doPrivileged(AccessController.java:400)
	at javafx.graphics@21.0.1/com.sun.javafx.tk.quantum.GlassViewEventHandler.lambda$handleMouseEvent$2(GlassViewEventHandler.java:450)
	at javafx.graphics@21.0.1/com.sun.javafx.tk.quantum.QuantumToolkit.runWithoutRenderLock(QuantumToolkit.java:424)
	at javafx.graphics@21.0.1/com.sun.javafx.tk.quantum.GlassViewEventHandler.handleMouseEvent(GlassViewEventHandler.java:449)
	at javafx.graphics@21.0.1/com.sun.glass.ui.View.handleMouseEvent(View.java:551)
	at javafx.graphics@21.0.1/com.sun.glass.ui.View.notifyMouse(View.java:937)
	at javafx.graphics@21.0.1/com.sun.glass.ui.win.WinApplication._runLoop(Native Method)
	at javafx.graphics@21.0.1/com.sun.glass.ui.win.WinApplication.lambda$runLoop$3(WinApplication.java:185)
	at java.base/java.lang.Thread.run(Thread.java:1583)
2025-10-06 09:55:28 [JavaFX Application Thread] ERROR p.c.a.v.asesor.AsesorMainController - Error al cargar gestión de clientes
javafx.fxml.LoadException: FXCollections is not a valid type.
/C:/Users/USER/OneDrive/Escritorio/proyecto_v4.0/target/classes/fxml/asesor/GestionClientesView.fxml:29

	at javafx.fxml@21.0.1/javafx.fxml.FXMLLoader.constructLoadException(FXMLLoader.java:2718)
	at javafx.fxml@21.0.1/javafx.fxml.FXMLLoader.createElement(FXMLLoader.java:2920)
	at javafx.fxml@21.0.1/javafx.fxml.FXMLLoader.processStartElement(FXMLLoader.java:2850)
	at javafx.fxml@21.0.1/javafx.fxml.FXMLLoader.loadImpl(FXMLLoader.java:2649)
	at javafx.fxml@21.0.1/javafx.fxml.FXMLLoader.loadImpl(FXMLLoader.java:2563)
	at javafx.fxml@21.0.1/javafx.fxml.FXMLLoader.load(FXMLLoader.java:2531)
	at pe.crediactiva.app.view.asesor.AsesorMainController.handleClientes(AsesorMainController.java:189)
	at java.base/jdk.internal.reflect.DirectMethodHandleAccessor.invoke(DirectMethodHandleAccessor.java:103)
	at java.base/java.lang.reflect.Method.invoke(Method.java:580)
	at com.sun.javafx.reflect.Trampoline.invoke(MethodUtil.java:72)
	at java.base/jdk.internal.reflect.DirectMethodHandleAccessor.invoke(DirectMethodHandleAccessor.java:103)
	at java.base/java.lang.reflect.Method.invoke(Method.java:580)
	at javafx.base@21.0.1/com.sun.javafx.reflect.MethodUtil.invoke(MethodUtil.java:270)
	at javafx.fxml@21.0.1/com.sun.javafx.fxml.MethodHelper.invoke(MethodHelper.java:84)
	at javafx.fxml@21.0.1/javafx.fxml.FXMLLoader$MethodHandler.invoke(FXMLLoader.java:1855)
	at javafx.fxml@21.0.1/javafx.fxml.FXMLLoader$ControllerMethodEventHandler.handle(FXMLLoader.java:1726)
	at javafx.base@21.0.1/com.sun.javafx.event.CompositeEventHandler.dispatchBubblingEvent(CompositeEventHandler.java:86)
	at javafx.base@21.0.1/com.sun.javafx.event.EventHandlerManager.dispatchBubblingEvent(EventHandlerManager.java:232)
	at javafx.base@21.0.1/com.sun.javafx.event.EventHandlerManager.dispatchBubblingEvent(EventHandlerManager.java:189)
	at javafx.base@21.0.1/com.sun.javafx.event.CompositeEventDispatcher.dispatchBubblingEvent(CompositeEventDispatcher.java:59)
	at javafx.base@21.0.1/com.sun.javafx.event.BasicEventDispatcher.dispatchEvent(BasicEventDispatcher.java:58)
	at javafx.base@21.0.1/com.sun.javafx.event.EventDispatchChainImpl.dispatchEvent(EventDispatchChainImpl.java:114)
	at javafx.base@21.0.1/com.sun.javafx.event.BasicEventDispatcher.dispatchEvent(BasicEventDispatcher.java:56)
	at javafx.base@21.0.1/com.sun.javafx.event.EventDispatchChainImpl.dispatchEvent(EventDispatchChainImpl.java:114)
	at javafx.base@21.0.1/com.sun.javafx.event.BasicEventDispatcher.dispatchEvent(BasicEventDispatcher.java:56)
	at javafx.base@21.0.1/com.sun.javafx.event.EventDispatchChainImpl.dispatchEvent(EventDispatchChainImpl.java:114)
	at javafx.base@21.0.1/com.sun.javafx.event.BasicEventDispatcher.dispatchEvent(BasicEventDispatcher.java:56)
	at javafx.base@21.0.1/com.sun.javafx.event.EventDispatchChainImpl.dispatchEvent(EventDispatchChainImpl.java:114)
	at javafx.base@21.0.1/com.sun.javafx.event.EventUtil.fireEventImpl(EventUtil.java:74)
	at javafx.base@21.0.1/com.sun.javafx.event.EventUtil.fireEvent(EventUtil.java:49)
	at javafx.base@21.0.1/javafx.event.Event.fireEvent(Event.java:198)
	at javafx.graphics@21.0.1/javafx.scene.Node.fireEvent(Node.java:8875)
	at javafx.controls@21.0.1/javafx.scene.control.Button.fire(Button.java:203)
	at javafx.controls@21.0.1/com.sun.javafx.scene.control.behavior.ButtonBehavior.mouseReleased(ButtonBehavior.java:207)
	at javafx.controls@21.0.1/com.sun.javafx.scene.control.inputmap.InputMap.handle(InputMap.java:274)
	at javafx.base@21.0.1/com.sun.javafx.event.CompositeEventHandler$NormalEventHandlerRecord.handleBubblingEvent(CompositeEventHandler.java:247)
	at javafx.base@21.0.1/com.sun.javafx.event.CompositeEventHandler.dispatchBubblingEvent(CompositeEventHandler.java:80)
	at javafx.base@21.0.1/com.sun.javafx.event.EventHandlerManager.dispatchBubblingEvent(EventHandlerManager.java:232)
	at javafx.base@21.0.1/com.sun.javafx.event.EventHandlerManager.dispatchBubblingEvent(EventHandlerManager.java:189)
	at javafx.base@21.0.1/com.sun.javafx.event.CompositeEventDispatcher.dispatchBubblingEvent(CompositeEventDispatcher.java:59)
	at javafx.base@21.0.1/com.sun.javafx.event.BasicEventDispatcher.dispatchEvent(BasicEventDispatcher.java:58)
	at javafx.base@21.0.1/com.sun.javafx.event.EventDispatchChainImpl.dispatchEvent(EventDispatchChainImpl.java:114)
	at javafx.base@21.0.1/com.sun.javafx.event.BasicEventDispatcher.dispatchEvent(BasicEventDispatcher.java:56)
	at javafx.base@21.0.1/com.sun.javafx.event.EventDispatchChainImpl.dispatchEvent(EventDispatchChainImpl.java:114)
	at javafx.base@21.0.1/com.sun.javafx.event.BasicEventDispatcher.dispatchEvent(BasicEventDispatcher.java:56)
	at javafx.base@21.0.1/com.sun.javafx.event.EventDispatchChainImpl.dispatchEvent(EventDispatchChainImpl.java:114)
	at javafx.base@21.0.1/com.sun.javafx.event.BasicEventDispatcher.dispatchEvent(BasicEventDispatcher.java:56)
	at javafx.base@21.0.1/com.sun.javafx.event.EventDispatchChainImpl.dispatchEvent(EventDispatchChainImpl.java:114)
	at javafx.base@21.0.1/com.sun.javafx.event.EventUtil.fireEventImpl(EventUtil.java:74)
	at javafx.base@21.0.1/com.sun.javafx.event.EventUtil.fireEvent(EventUtil.java:54)
	at javafx.base@21.0.1/javafx.event.Event.fireEvent(Event.java:198)
	at javafx.graphics@21.0.1/javafx.scene.Scene$MouseHandler.process(Scene.java:3984)
	at javafx.graphics@21.0.1/javafx.scene.Scene.processMouseEvent(Scene.java:1890)
	at javafx.graphics@21.0.1/javafx.scene.Scene$ScenePeerListener.mouseEvent(Scene.java:2708)
	at javafx.graphics@21.0.1/com.sun.javafx.tk.quantum.GlassViewEventHandler$MouseEventNotification.run(GlassViewEventHandler.java:411)
	at javafx.graphics@21.0.1/com.sun.javafx.tk.quantum.GlassViewEventHandler$MouseEventNotification.run(GlassViewEventHandler.java:301)
	at java.base/java.security.AccessController.doPrivileged(AccessController.java:400)
	at javafx.graphics@21.0.1/com.sun.javafx.tk.quantum.GlassViewEventHandler.lambda$handleMouseEvent$2(GlassViewEventHandler.java:450)
	at javafx.graphics@21.0.1/com.sun.javafx.tk.quantum.QuantumToolkit.runWithoutRenderLock(QuantumToolkit.java:424)
	at javafx.graphics@21.0.1/com.sun.javafx.tk.quantum.GlassViewEventHandler.handleMouseEvent(GlassViewEventHandler.java:449)
	at javafx.graphics@21.0.1/com.sun.glass.ui.View.handleMouseEvent(View.java:551)
	at javafx.graphics@21.0.1/com.sun.glass.ui.View.notifyMouse(View.java:937)
	at javafx.graphics@21.0.1/com.sun.glass.ui.win.WinApplication._runLoop(Native Method)
	at javafx.graphics@21.0.1/com.sun.glass.ui.win.WinApplication.lambda$runLoop$3(WinApplication.java:185)
	at java.base/java.lang.Thread.run(Thread.java:1583)
2025-10-06 09:55:33 [JavaFX Application Thread] ERROR p.c.a.v.asesor.AsesorMainController - Error al cargar gestión de clientes
javafx.fxml.LoadException: FXCollections is not a valid type.
/C:/Users/USER/OneDrive/Escritorio/proyecto_v4.0/target/classes/fxml/asesor/GestionClientesView.fxml:29

	at javafx.fxml@21.0.1/javafx.fxml.FXMLLoader.constructLoadException(FXMLLoader.java:2718)
	at javafx.fxml@21.0.1/javafx.fxml.FXMLLoader.createElement(FXMLLoader.java:2920)
	at javafx.fxml@21.0.1/javafx.fxml.FXMLLoader.processStartElement(FXMLLoader.java:2850)
	at javafx.fxml@21.0.1/javafx.fxml.FXMLLoader.loadImpl(FXMLLoader.java:2649)
	at javafx.fxml@21.0.1/javafx.fxml.FXMLLoader.loadImpl(FXMLLoader.java:2563)
	at javafx.fxml@21.0.1/javafx.fxml.FXMLLoader.load(FXMLLoader.java:2531)
	at pe.crediactiva.app.view.asesor.AsesorMainController.handleClientes(AsesorMainController.java:189)
	at java.base/jdk.internal.reflect.DirectMethodHandleAccessor.invoke(DirectMethodHandleAccessor.java:103)
	at java.base/java.lang.reflect.Method.invoke(Method.java:580)
	at com.sun.javafx.reflect.Trampoline.invoke(MethodUtil.java:72)
	at java.base/jdk.internal.reflect.DirectMethodHandleAccessor.invoke(DirectMethodHandleAccessor.java:103)
	at java.base/java.lang.reflect.Method.invoke(Method.java:580)
	at javafx.base@21.0.1/com.sun.javafx.reflect.MethodUtil.invoke(MethodUtil.java:270)
	at javafx.fxml@21.0.1/com.sun.javafx.fxml.MethodHelper.invoke(MethodHelper.java:84)
	at javafx.fxml@21.0.1/javafx.fxml.FXMLLoader$MethodHandler.invoke(FXMLLoader.java:1855)
	at javafx.fxml@21.0.1/javafx.fxml.FXMLLoader$ControllerMethodEventHandler.handle(FXMLLoader.java:1726)
	at javafx.base@21.0.1/com.sun.javafx.event.CompositeEventHandler.dispatchBubblingEvent(CompositeEventHandler.java:86)
	at javafx.base@21.0.1/com.sun.javafx.event.EventHandlerManager.dispatchBubblingEvent(EventHandlerManager.java:232)
	at javafx.base@21.0.1/com.sun.javafx.event.EventHandlerManager.dispatchBubblingEvent(EventHandlerManager.java:189)
	at javafx.base@21.0.1/com.sun.javafx.event.CompositeEventDispatcher.dispatchBubblingEvent(CompositeEventDispatcher.java:59)
	at javafx.base@21.0.1/com.sun.javafx.event.BasicEventDispatcher.dispatchEvent(BasicEventDispatcher.java:58)
	at javafx.base@21.0.1/com.sun.javafx.event.EventDispatchChainImpl.dispatchEvent(EventDispatchChainImpl.java:114)
	at javafx.base@21.0.1/com.sun.javafx.event.BasicEventDispatcher.dispatchEvent(BasicEventDispatcher.java:56)
	at javafx.base@21.0.1/com.sun.javafx.event.EventDispatchChainImpl.dispatchEvent(EventDispatchChainImpl.java:114)
	at javafx.base@21.0.1/com.sun.javafx.event.BasicEventDispatcher.dispatchEvent(BasicEventDispatcher.java:56)
	at javafx.base@21.0.1/com.sun.javafx.event.EventDispatchChainImpl.dispatchEvent(EventDispatchChainImpl.java:114)
	at javafx.base@21.0.1/com.sun.javafx.event.BasicEventDispatcher.dispatchEvent(BasicEventDispatcher.java:56)
	at javafx.base@21.0.1/com.sun.javafx.event.EventDispatchChainImpl.dispatchEvent(EventDispatchChainImpl.java:114)
	at javafx.base@21.0.1/com.sun.javafx.event.EventUtil.fireEventImpl(EventUtil.java:74)
	at javafx.base@21.0.1/com.sun.javafx.event.EventUtil.fireEvent(EventUtil.java:49)
	at javafx.base@21.0.1/javafx.event.Event.fireEvent(Event.java:198)
	at javafx.graphics@21.0.1/javafx.scene.Node.fireEvent(Node.java:8875)
	at javafx.controls@21.0.1/javafx.scene.control.Button.fire(Button.java:203)
	at javafx.controls@21.0.1/com.sun.javafx.scene.control.behavior.ButtonBehavior.mouseReleased(ButtonBehavior.java:207)
	at javafx.controls@21.0.1/com.sun.javafx.scene.control.inputmap.InputMap.handle(InputMap.java:274)
	at javafx.base@21.0.1/com.sun.javafx.event.CompositeEventHandler$NormalEventHandlerRecord.handleBubblingEvent(CompositeEventHandler.java:247)
	at javafx.base@21.0.1/com.sun.javafx.event.CompositeEventHandler.dispatchBubblingEvent(CompositeEventHandler.java:80)
	at javafx.base@21.0.1/com.sun.javafx.event.EventHandlerManager.dispatchBubblingEvent(EventHandlerManager.java:232)
	at javafx.base@21.0.1/com.sun.javafx.event.EventHandlerManager.dispatchBubblingEvent(EventHandlerManager.java:189)
	at javafx.base@21.0.1/com.sun.javafx.event.CompositeEventDispatcher.dispatchBubblingEvent(CompositeEventDispatcher.java:59)
	at javafx.base@21.0.1/com.sun.javafx.event.BasicEventDispatcher.dispatchEvent(BasicEventDispatcher.java:58)
	at javafx.base@21.0.1/com.sun.javafx.event.EventDispatchChainImpl.dispatchEvent(EventDispatchChainImpl.java:114)
	at javafx.base@21.0.1/com.sun.javafx.event.BasicEventDispatcher.dispatchEvent(BasicEventDispatcher.java:56)
	at javafx.base@21.0.1/com.sun.javafx.event.EventDispatchChainImpl.dispatchEvent(EventDispatchChainImpl.java:114)
	at javafx.base@21.0.1/com.sun.javafx.event.BasicEventDispatcher.dispatchEvent(BasicEventDispatcher.java:56)
	at javafx.base@21.0.1/com.sun.javafx.event.EventDispatchChainImpl.dispatchEvent(EventDispatchChainImpl.java:114)
	at javafx.base@21.0.1/com.sun.javafx.event.BasicEventDispatcher.dispatchEvent(BasicEventDispatcher.java:56)
	at javafx.base@21.0.1/com.sun.javafx.event.EventDispatchChainImpl.dispatchEvent(EventDispatchChainImpl.java:114)
	at javafx.base@21.0.1/com.sun.javafx.event.EventUtil.fireEventImpl(EventUtil.java:74)
	at javafx.base@21.0.1/com.sun.javafx.event.EventUtil.fireEvent(EventUtil.java:54)
	at javafx.base@21.0.1/javafx.event.Event.fireEvent(Event.java:198)
	at javafx.graphics@21.0.1/javafx.scene.Scene$MouseHandler.process(Scene.java:3984)
	at javafx.graphics@21.0.1/javafx.scene.Scene.processMouseEvent(Scene.java:1890)
	at javafx.graphics@21.0.1/javafx.scene.Scene$ScenePeerListener.mouseEvent(Scene.java:2708)
	at javafx.graphics@21.0.1/com.sun.javafx.tk.quantum.GlassViewEventHandler$MouseEventNotification.run(GlassViewEventHandler.java:411)
	at javafx.graphics@21.0.1/com.sun.javafx.tk.quantum.GlassViewEventHandler$MouseEventNotification.run(GlassViewEventHandler.java:301)
	at java.base/java.security.AccessController.doPrivileged(AccessController.java:400)
	at javafx.graphics@21.0.1/com.sun.javafx.tk.quantum.GlassViewEventHandler.lambda$handleMouseEvent$2(GlassViewEventHandler.java:450)
	at javafx.graphics@21.0.1/com.sun.javafx.tk.quantum.QuantumToolkit.runWithoutRenderLock(QuantumToolkit.java:424)
	at javafx.graphics@21.0.1/com.sun.javafx.tk.quantum.GlassViewEventHandler.handleMouseEvent(GlassViewEventHandler.java:449)
	at javafx.graphics@21.0.1/com.sun.glass.ui.View.handleMouseEvent(View.java:551)
	at javafx.graphics@21.0.1/com.sun.glass.ui.View.notifyMouse(View.java:937)
	at javafx.graphics@21.0.1/com.sun.glass.ui.win.WinApplication._runLoop(Native Method)
	at javafx.graphics@21.0.1/com.sun.glass.ui.win.WinApplication.lambda$runLoop$3(WinApplication.java:185)
	at java.base/java.lang.Thread.run(Thread.java:1583)
2025-10-06 09:57:26 [JavaFX Application Thread] INFO  p.c.app.config.DatabaseConfig - Pool de conexiones cerrado correctamente
2025-10-06 09:57:26 [JavaFX Application Thread] INFO  pe.crediactiva.app.Main - Aplicación CrediActiva cerrada
2025-10-06 10:00:40 [main] INFO  pe.crediactiva.app.Main - Iniciando aplicación CrediActiva Desktop v1.0.0
2025-10-06 10:00:40 [JavaFX Application Thread] INFO  pe.crediactiva.app.Main - Icono no encontrado, continuando sin icono
2025-10-06 10:00:40 [JavaFX Application Thread] INFO  p.c.app.config.DatabaseConfig - Propiedades de base de datos cargadas correctamente
2025-10-06 10:00:40 [JavaFX Application Thread] INFO  p.c.app.config.DatabaseConfig - Pool de conexiones HikariCP inicializado correctamente
2025-10-06 10:00:41 [JavaFX Application Thread] INFO  pe.crediactiva.app.Main - Aplicación CrediActiva iniciada correctamente
2025-10-06 10:00:52 [JavaFX Application Thread] INFO  p.c.app.dao.impl.UsuarioDAOImpl - Usuario autenticado exitosamente: 12345678
2025-10-06 10:00:52 [JavaFX Application Thread] INFO  p.c.a.service.AuthenticationService - Usuario autenticado exitosamente: 12345678 - ASESOR
2025-10-06 10:00:52 [JavaFX Application Thread] INFO  p.c.app.view.LoginController - Usuario autenticado exitosamente: 12345678
2025-10-06 10:00:52 [JavaFX Application Thread] ERROR p.c.app.service.RecaudacionService - Error al calcular recaudación mensual para asesor: null
java.lang.NullPointerException: Cannot invoke "java.lang.Long.longValue()" because "idAsesor" is null
	at pe.crediactiva.app.dao.impl.RecaudacionAsesorDAOImpl.findByAsesor(RecaudacionAsesorDAOImpl.java:157)
	at pe.crediactiva.app.service.RecaudacionService.obtenerRecaudacionMensualPorAsesor(RecaudacionService.java:112)
	at pe.crediactiva.app.service.RecaudacionService.obtenerRecaudacionDelDia(RecaudacionService.java:268)
	at pe.crediactiva.app.view.asesor.AsesorMainController.cargarEstadisticasDashboard(AsesorMainController.java:134)
	at pe.crediactiva.app.view.asesor.AsesorMainController.initialize(AsesorMainController.java:109)
	at java.base/jdk.internal.reflect.DirectMethodHandleAccessor.invoke(DirectMethodHandleAccessor.java:103)
	at java.base/java.lang.reflect.Method.invoke(Method.java:580)
	at com.sun.javafx.reflect.Trampoline.invoke(MethodUtil.java:72)
	at java.base/jdk.internal.reflect.DirectMethodHandleAccessor.invoke(DirectMethodHandleAccessor.java:103)
	at java.base/java.lang.reflect.Method.invoke(Method.java:580)
	at javafx.base@21.0.1/com.sun.javafx.reflect.MethodUtil.invoke(MethodUtil.java:270)
	at javafx.fxml@21.0.1/com.sun.javafx.fxml.MethodHelper.invoke(MethodHelper.java:84)
	at javafx.fxml@21.0.1/javafx.fxml.FXMLLoader.loadImpl(FXMLLoader.java:2688)
	at javafx.fxml@21.0.1/javafx.fxml.FXMLLoader.loadImpl(FXMLLoader.java:2563)
	at javafx.fxml@21.0.1/javafx.fxml.FXMLLoader.load(FXMLLoader.java:2531)
	at pe.crediactiva.app.view.LoginController.redirectToMainScreen(LoginController.java:140)
	at pe.crediactiva.app.view.LoginController.handleLogin(LoginController.java:99)
	at pe.crediactiva.app.view.LoginController.lambda$initialize$0(LoginController.java:50)
	at javafx.base@21.0.1/com.sun.javafx.event.CompositeEventHandler.dispatchBubblingEvent(CompositeEventHandler.java:86)
	at javafx.base@21.0.1/com.sun.javafx.event.EventHandlerManager.dispatchBubblingEvent(EventHandlerManager.java:232)
	at javafx.base@21.0.1/com.sun.javafx.event.EventHandlerManager.dispatchBubblingEvent(EventHandlerManager.java:189)
	at javafx.base@21.0.1/com.sun.javafx.event.CompositeEventDispatcher.dispatchBubblingEvent(CompositeEventDispatcher.java:59)
	at javafx.base@21.0.1/com.sun.javafx.event.BasicEventDispatcher.dispatchEvent(BasicEventDispatcher.java:58)
	at javafx.base@21.0.1/com.sun.javafx.event.EventDispatchChainImpl.dispatchEvent(EventDispatchChainImpl.java:114)
	at javafx.base@21.0.1/com.sun.javafx.event.BasicEventDispatcher.dispatchEvent(BasicEventDispatcher.java:56)
	at javafx.base@21.0.1/com.sun.javafx.event.EventDispatchChainImpl.dispatchEvent(EventDispatchChainImpl.java:114)
	at javafx.base@21.0.1/com.sun.javafx.event.BasicEventDispatcher.dispatchEvent(BasicEventDispatcher.java:56)
	at javafx.base@21.0.1/com.sun.javafx.event.EventDispatchChainImpl.dispatchEvent(EventDispatchChainImpl.java:114)
	at javafx.base@21.0.1/com.sun.javafx.event.EventUtil.fireEventImpl(EventUtil.java:74)
	at javafx.base@21.0.1/com.sun.javafx.event.EventUtil.fireEvent(EventUtil.java:49)
	at javafx.base@21.0.1/javafx.event.Event.fireEvent(Event.java:198)
	at javafx.graphics@21.0.1/javafx.scene.Node.fireEvent(Node.java:8875)
	at javafx.controls@21.0.1/com.sun.javafx.scene.control.behavior.TextFieldBehavior.fire(TextFieldBehavior.java:161)
	at javafx.controls@21.0.1/com.sun.javafx.scene.control.behavior.TextInputControlBehavior.lambda$keyMapping$62(TextInputControlBehavior.java:344)
	at javafx.controls@21.0.1/com.sun.javafx.scene.control.inputmap.InputMap.handle(InputMap.java:274)
	at javafx.base@21.0.1/com.sun.javafx.event.CompositeEventHandler$NormalEventHandlerRecord.handleBubblingEvent(CompositeEventHandler.java:247)
	at javafx.base@21.0.1/com.sun.javafx.event.CompositeEventHandler.dispatchBubblingEvent(CompositeEventHandler.java:80)
	at javafx.base@21.0.1/com.sun.javafx.event.EventHandlerManager.dispatchBubblingEvent(EventHandlerManager.java:232)
	at javafx.base@21.0.1/com.sun.javafx.event.EventHandlerManager.dispatchBubblingEvent(EventHandlerManager.java:189)
	at javafx.base@21.0.1/com.sun.javafx.event.CompositeEventDispatcher.dispatchBubblingEvent(CompositeEventDispatcher.java:59)
	at javafx.base@21.0.1/com.sun.javafx.event.BasicEventDispatcher.dispatchEvent(BasicEventDispatcher.java:58)
	at javafx.base@21.0.1/com.sun.javafx.event.EventDispatchChainImpl.dispatchEvent(EventDispatchChainImpl.java:114)
	at javafx.base@21.0.1/com.sun.javafx.event.BasicEventDispatcher.dispatchEvent(BasicEventDispatcher.java:56)
	at javafx.base@21.0.1/com.sun.javafx.event.EventDispatchChainImpl.dispatchEvent(EventDispatchChainImpl.java:114)
	at javafx.base@21.0.1/com.sun.javafx.event.BasicEventDispatcher.dispatchEvent(BasicEventDispatcher.java:56)
	at javafx.base@21.0.1/com.sun.javafx.event.EventDispatchChainImpl.dispatchEvent(EventDispatchChainImpl.java:114)
	at javafx.base@21.0.1/com.sun.javafx.event.EventUtil.fireEventImpl(EventUtil.java:74)
	at javafx.base@21.0.1/com.sun.javafx.event.EventUtil.fireEvent(EventUtil.java:54)
	at javafx.base@21.0.1/javafx.event.Event.fireEvent(Event.java:198)
	at javafx.graphics@21.0.1/javafx.scene.Scene.processKeyEvent(Scene.java:2194)
	at javafx.graphics@21.0.1/javafx.scene.Scene$ScenePeerListener.keyEvent(Scene.java:2715)
	at javafx.graphics@21.0.1/com.sun.javafx.tk.quantum.GlassViewEventHandler$KeyEventNotification.run(GlassViewEventHandler.java:218)
	at javafx.graphics@21.0.1/com.sun.javafx.tk.quantum.GlassViewEventHandler$KeyEventNotification.run(GlassViewEventHandler.java:150)
	at java.base/java.security.AccessController.doPrivileged(AccessController.java:400)
	at javafx.graphics@21.0.1/com.sun.javafx.tk.quantum.GlassViewEventHandler.lambda$handleKeyEvent$1(GlassViewEventHandler.java:250)
	at javafx.graphics@21.0.1/com.sun.javafx.tk.quantum.QuantumToolkit.runWithoutRenderLock(QuantumToolkit.java:424)
	at javafx.graphics@21.0.1/com.sun.javafx.tk.quantum.GlassViewEventHandler.handleKeyEvent(GlassViewEventHandler.java:249)
	at javafx.graphics@21.0.1/com.sun.glass.ui.View.handleKeyEvent(View.java:542)
	at javafx.graphics@21.0.1/com.sun.glass.ui.View.notifyKey(View.java:966)
	at javafx.graphics@21.0.1/com.sun.glass.ui.win.WinApplication._runLoop(Native Method)
	at javafx.graphics@21.0.1/com.sun.glass.ui.win.WinApplication.lambda$runLoop$3(WinApplication.java:185)
	at java.base/java.lang.Thread.run(Thread.java:1583)
2025-10-06 10:00:52 [JavaFX Application Thread] ERROR p.c.app.service.RecaudacionService - Error al calcular recaudación mensual para asesor: null
java.lang.NullPointerException: Cannot invoke "java.lang.Long.longValue()" because "idAsesor" is null
	at pe.crediactiva.app.dao.impl.RecaudacionAsesorDAOImpl.findByAsesor(RecaudacionAsesorDAOImpl.java:157)
	at pe.crediactiva.app.service.RecaudacionService.obtenerRecaudacionMensualPorAsesor(RecaudacionService.java:112)
	at pe.crediactiva.app.service.RecaudacionService.obtenerRecaudacionDelMes(RecaudacionService.java:275)
	at pe.crediactiva.app.view.asesor.AsesorMainController.cargarEstadisticasDashboard(AsesorMainController.java:138)
	at pe.crediactiva.app.view.asesor.AsesorMainController.initialize(AsesorMainController.java:109)
	at java.base/jdk.internal.reflect.DirectMethodHandleAccessor.invoke(DirectMethodHandleAccessor.java:103)
	at java.base/java.lang.reflect.Method.invoke(Method.java:580)
	at com.sun.javafx.reflect.Trampoline.invoke(MethodUtil.java:72)
	at java.base/jdk.internal.reflect.DirectMethodHandleAccessor.invoke(DirectMethodHandleAccessor.java:103)
	at java.base/java.lang.reflect.Method.invoke(Method.java:580)
	at javafx.base@21.0.1/com.sun.javafx.reflect.MethodUtil.invoke(MethodUtil.java:270)
	at javafx.fxml@21.0.1/com.sun.javafx.fxml.MethodHelper.invoke(MethodHelper.java:84)
	at javafx.fxml@21.0.1/javafx.fxml.FXMLLoader.loadImpl(FXMLLoader.java:2688)
	at javafx.fxml@21.0.1/javafx.fxml.FXMLLoader.loadImpl(FXMLLoader.java:2563)
	at javafx.fxml@21.0.1/javafx.fxml.FXMLLoader.load(FXMLLoader.java:2531)
	at pe.crediactiva.app.view.LoginController.redirectToMainScreen(LoginController.java:140)
	at pe.crediactiva.app.view.LoginController.handleLogin(LoginController.java:99)
	at pe.crediactiva.app.view.LoginController.lambda$initialize$0(LoginController.java:50)
	at javafx.base@21.0.1/com.sun.javafx.event.CompositeEventHandler.dispatchBubblingEvent(CompositeEventHandler.java:86)
	at javafx.base@21.0.1/com.sun.javafx.event.EventHandlerManager.dispatchBubblingEvent(EventHandlerManager.java:232)
	at javafx.base@21.0.1/com.sun.javafx.event.EventHandlerManager.dispatchBubblingEvent(EventHandlerManager.java:189)
	at javafx.base@21.0.1/com.sun.javafx.event.CompositeEventDispatcher.dispatchBubblingEvent(CompositeEventDispatcher.java:59)
	at javafx.base@21.0.1/com.sun.javafx.event.BasicEventDispatcher.dispatchEvent(BasicEventDispatcher.java:58)
	at javafx.base@21.0.1/com.sun.javafx.event.EventDispatchChainImpl.dispatchEvent(EventDispatchChainImpl.java:114)
	at javafx.base@21.0.1/com.sun.javafx.event.BasicEventDispatcher.dispatchEvent(BasicEventDispatcher.java:56)
	at javafx.base@21.0.1/com.sun.javafx.event.EventDispatchChainImpl.dispatchEvent(EventDispatchChainImpl.java:114)
	at javafx.base@21.0.1/com.sun.javafx.event.BasicEventDispatcher.dispatchEvent(BasicEventDispatcher.java:56)
	at javafx.base@21.0.1/com.sun.javafx.event.EventDispatchChainImpl.dispatchEvent(EventDispatchChainImpl.java:114)
	at javafx.base@21.0.1/com.sun.javafx.event.EventUtil.fireEventImpl(EventUtil.java:74)
	at javafx.base@21.0.1/com.sun.javafx.event.EventUtil.fireEvent(EventUtil.java:49)
	at javafx.base@21.0.1/javafx.event.Event.fireEvent(Event.java:198)
	at javafx.graphics@21.0.1/javafx.scene.Node.fireEvent(Node.java:8875)
	at javafx.controls@21.0.1/com.sun.javafx.scene.control.behavior.TextFieldBehavior.fire(TextFieldBehavior.java:161)
	at javafx.controls@21.0.1/com.sun.javafx.scene.control.behavior.TextInputControlBehavior.lambda$keyMapping$62(TextInputControlBehavior.java:344)
	at javafx.controls@21.0.1/com.sun.javafx.scene.control.inputmap.InputMap.handle(InputMap.java:274)
	at javafx.base@21.0.1/com.sun.javafx.event.CompositeEventHandler$NormalEventHandlerRecord.handleBubblingEvent(CompositeEventHandler.java:247)
	at javafx.base@21.0.1/com.sun.javafx.event.CompositeEventHandler.dispatchBubblingEvent(CompositeEventHandler.java:80)
	at javafx.base@21.0.1/com.sun.javafx.event.EventHandlerManager.dispatchBubblingEvent(EventHandlerManager.java:232)
	at javafx.base@21.0.1/com.sun.javafx.event.EventHandlerManager.dispatchBubblingEvent(EventHandlerManager.java:189)
	at javafx.base@21.0.1/com.sun.javafx.event.CompositeEventDispatcher.dispatchBubblingEvent(CompositeEventDispatcher.java:59)
	at javafx.base@21.0.1/com.sun.javafx.event.BasicEventDispatcher.dispatchEvent(BasicEventDispatcher.java:58)
	at javafx.base@21.0.1/com.sun.javafx.event.EventDispatchChainImpl.dispatchEvent(EventDispatchChainImpl.java:114)
	at javafx.base@21.0.1/com.sun.javafx.event.BasicEventDispatcher.dispatchEvent(BasicEventDispatcher.java:56)
	at javafx.base@21.0.1/com.sun.javafx.event.EventDispatchChainImpl.dispatchEvent(EventDispatchChainImpl.java:114)
	at javafx.base@21.0.1/com.sun.javafx.event.BasicEventDispatcher.dispatchEvent(BasicEventDispatcher.java:56)
	at javafx.base@21.0.1/com.sun.javafx.event.EventDispatchChainImpl.dispatchEvent(EventDispatchChainImpl.java:114)
	at javafx.base@21.0.1/com.sun.javafx.event.EventUtil.fireEventImpl(EventUtil.java:74)
	at javafx.base@21.0.1/com.sun.javafx.event.EventUtil.fireEvent(EventUtil.java:54)
	at javafx.base@21.0.1/javafx.event.Event.fireEvent(Event.java:198)
	at javafx.graphics@21.0.1/javafx.scene.Scene.processKeyEvent(Scene.java:2194)
	at javafx.graphics@21.0.1/javafx.scene.Scene$ScenePeerListener.keyEvent(Scene.java:2715)
	at javafx.graphics@21.0.1/com.sun.javafx.tk.quantum.GlassViewEventHandler$KeyEventNotification.run(GlassViewEventHandler.java:218)
	at javafx.graphics@21.0.1/com.sun.javafx.tk.quantum.GlassViewEventHandler$KeyEventNotification.run(GlassViewEventHandler.java:150)
	at java.base/java.security.AccessController.doPrivileged(AccessController.java:400)
	at javafx.graphics@21.0.1/com.sun.javafx.tk.quantum.GlassViewEventHandler.lambda$handleKeyEvent$1(GlassViewEventHandler.java:250)
	at javafx.graphics@21.0.1/com.sun.javafx.tk.quantum.QuantumToolkit.runWithoutRenderLock(QuantumToolkit.java:424)
	at javafx.graphics@21.0.1/com.sun.javafx.tk.quantum.GlassViewEventHandler.handleKeyEvent(GlassViewEventHandler.java:249)
	at javafx.graphics@21.0.1/com.sun.glass.ui.View.handleKeyEvent(View.java:542)
	at javafx.graphics@21.0.1/com.sun.glass.ui.View.notifyKey(View.java:966)
	at javafx.graphics@21.0.1/com.sun.glass.ui.win.WinApplication._runLoop(Native Method)
	at javafx.graphics@21.0.1/com.sun.glass.ui.win.WinApplication.lambda$runLoop$3(WinApplication.java:185)
	at java.base/java.lang.Thread.run(Thread.java:1583)
2025-10-06 10:00:52 [JavaFX Application Thread] INFO  p.c.app.view.LoginController - Usuario redirigido a pantalla principal: ASESOR
2025-10-06 10:00:55 [JavaFX Application Thread] INFO  p.c.a.v.asesor.AsesorMainController - Intentando cargar solicitud de préstamo...
2025-10-06 10:00:55 [JavaFX Application Thread] ERROR p.c.a.v.asesor.AsesorMainController - Error al cargar solicitud de préstamo
javafx.fxml.LoadException: FXCollections is not a valid type.
/C:/Users/USER/OneDrive/Escritorio/proyecto_v4.0/target/classes/fxml/asesor/SolicitarPrestamoView.fxml:55

	at javafx.fxml@21.0.1/javafx.fxml.FXMLLoader.constructLoadException(FXMLLoader.java:2718)
	at javafx.fxml@21.0.1/javafx.fxml.FXMLLoader.createElement(FXMLLoader.java:2920)
	at javafx.fxml@21.0.1/javafx.fxml.FXMLLoader.processStartElement(FXMLLoader.java:2850)
	at javafx.fxml@21.0.1/javafx.fxml.FXMLLoader.loadImpl(FXMLLoader.java:2649)
	at javafx.fxml@21.0.1/javafx.fxml.FXMLLoader.loadImpl(FXMLLoader.java:2563)
	at javafx.fxml@21.0.1/javafx.fxml.FXMLLoader.load(FXMLLoader.java:2531)
	at pe.crediactiva.app.view.asesor.AsesorMainController.handleSolicitarPrestamo(AsesorMainController.java:233)
	at java.base/jdk.internal.reflect.DirectMethodHandleAccessor.invoke(DirectMethodHandleAccessor.java:103)
	at java.base/java.lang.reflect.Method.invoke(Method.java:580)
	at com.sun.javafx.reflect.Trampoline.invoke(MethodUtil.java:72)
	at java.base/jdk.internal.reflect.DirectMethodHandleAccessor.invoke(DirectMethodHandleAccessor.java:103)
	at java.base/java.lang.reflect.Method.invoke(Method.java:580)
	at javafx.base@21.0.1/com.sun.javafx.reflect.MethodUtil.invoke(MethodUtil.java:270)
	at javafx.fxml@21.0.1/com.sun.javafx.fxml.MethodHelper.invoke(MethodHelper.java:84)
	at javafx.fxml@21.0.1/javafx.fxml.FXMLLoader$MethodHandler.invoke(FXMLLoader.java:1855)
	at javafx.fxml@21.0.1/javafx.fxml.FXMLLoader$ControllerMethodEventHandler.handle(FXMLLoader.java:1726)
	at javafx.base@21.0.1/com.sun.javafx.event.CompositeEventHandler.dispatchBubblingEvent(CompositeEventHandler.java:86)
	at javafx.base@21.0.1/com.sun.javafx.event.EventHandlerManager.dispatchBubblingEvent(EventHandlerManager.java:232)
	at javafx.base@21.0.1/com.sun.javafx.event.EventHandlerManager.dispatchBubblingEvent(EventHandlerManager.java:189)
	at javafx.base@21.0.1/com.sun.javafx.event.CompositeEventDispatcher.dispatchBubblingEvent(CompositeEventDispatcher.java:59)
	at javafx.base@21.0.1/com.sun.javafx.event.BasicEventDispatcher.dispatchEvent(BasicEventDispatcher.java:58)
	at javafx.base@21.0.1/com.sun.javafx.event.EventDispatchChainImpl.dispatchEvent(EventDispatchChainImpl.java:114)
	at javafx.base@21.0.1/com.sun.javafx.event.BasicEventDispatcher.dispatchEvent(BasicEventDispatcher.java:56)
	at javafx.base@21.0.1/com.sun.javafx.event.EventDispatchChainImpl.dispatchEvent(EventDispatchChainImpl.java:114)
	at javafx.base@21.0.1/com.sun.javafx.event.BasicEventDispatcher.dispatchEvent(BasicEventDispatcher.java:56)
	at javafx.base@21.0.1/com.sun.javafx.event.EventDispatchChainImpl.dispatchEvent(EventDispatchChainImpl.java:114)
	at javafx.base@21.0.1/com.sun.javafx.event.BasicEventDispatcher.dispatchEvent(BasicEventDispatcher.java:56)
	at javafx.base@21.0.1/com.sun.javafx.event.EventDispatchChainImpl.dispatchEvent(EventDispatchChainImpl.java:114)
	at javafx.base@21.0.1/com.sun.javafx.event.EventUtil.fireEventImpl(EventUtil.java:74)
	at javafx.base@21.0.1/com.sun.javafx.event.EventUtil.fireEvent(EventUtil.java:49)
	at javafx.base@21.0.1/javafx.event.Event.fireEvent(Event.java:198)
	at javafx.graphics@21.0.1/javafx.scene.Node.fireEvent(Node.java:8875)
	at javafx.controls@21.0.1/javafx.scene.control.Button.fire(Button.java:203)
	at javafx.controls@21.0.1/com.sun.javafx.scene.control.behavior.ButtonBehavior.mouseReleased(ButtonBehavior.java:207)
	at javafx.controls@21.0.1/com.sun.javafx.scene.control.inputmap.InputMap.handle(InputMap.java:274)
	at javafx.base@21.0.1/com.sun.javafx.event.CompositeEventHandler$NormalEventHandlerRecord.handleBubblingEvent(CompositeEventHandler.java:247)
	at javafx.base@21.0.1/com.sun.javafx.event.CompositeEventHandler.dispatchBubblingEvent(CompositeEventHandler.java:80)
	at javafx.base@21.0.1/com.sun.javafx.event.EventHandlerManager.dispatchBubblingEvent(EventHandlerManager.java:232)
	at javafx.base@21.0.1/com.sun.javafx.event.EventHandlerManager.dispatchBubblingEvent(EventHandlerManager.java:189)
	at javafx.base@21.0.1/com.sun.javafx.event.CompositeEventDispatcher.dispatchBubblingEvent(CompositeEventDispatcher.java:59)
	at javafx.base@21.0.1/com.sun.javafx.event.BasicEventDispatcher.dispatchEvent(BasicEventDispatcher.java:58)
	at javafx.base@21.0.1/com.sun.javafx.event.EventDispatchChainImpl.dispatchEvent(EventDispatchChainImpl.java:114)
	at javafx.base@21.0.1/com.sun.javafx.event.BasicEventDispatcher.dispatchEvent(BasicEventDispatcher.java:56)
	at javafx.base@21.0.1/com.sun.javafx.event.EventDispatchChainImpl.dispatchEvent(EventDispatchChainImpl.java:114)
	at javafx.base@21.0.1/com.sun.javafx.event.BasicEventDispatcher.dispatchEvent(BasicEventDispatcher.java:56)
	at javafx.base@21.0.1/com.sun.javafx.event.EventDispatchChainImpl.dispatchEvent(EventDispatchChainImpl.java:114)
	at javafx.base@21.0.1/com.sun.javafx.event.BasicEventDispatcher.dispatchEvent(BasicEventDispatcher.java:56)
	at javafx.base@21.0.1/com.sun.javafx.event.EventDispatchChainImpl.dispatchEvent(EventDispatchChainImpl.java:114)
	at javafx.base@21.0.1/com.sun.javafx.event.EventUtil.fireEventImpl(EventUtil.java:74)
	at javafx.base@21.0.1/com.sun.javafx.event.EventUtil.fireEvent(EventUtil.java:54)
	at javafx.base@21.0.1/javafx.event.Event.fireEvent(Event.java:198)
	at javafx.graphics@21.0.1/javafx.scene.Scene$MouseHandler.process(Scene.java:3984)
	at javafx.graphics@21.0.1/javafx.scene.Scene.processMouseEvent(Scene.java:1890)
	at javafx.graphics@21.0.1/javafx.scene.Scene$ScenePeerListener.mouseEvent(Scene.java:2708)
	at javafx.graphics@21.0.1/com.sun.javafx.tk.quantum.GlassViewEventHandler$MouseEventNotification.run(GlassViewEventHandler.java:411)
	at javafx.graphics@21.0.1/com.sun.javafx.tk.quantum.GlassViewEventHandler$MouseEventNotification.run(GlassViewEventHandler.java:301)
	at java.base/java.security.AccessController.doPrivileged(AccessController.java:400)
	at javafx.graphics@21.0.1/com.sun.javafx.tk.quantum.GlassViewEventHandler.lambda$handleMouseEvent$2(GlassViewEventHandler.java:450)
	at javafx.graphics@21.0.1/com.sun.javafx.tk.quantum.QuantumToolkit.runWithoutRenderLock(QuantumToolkit.java:424)
	at javafx.graphics@21.0.1/com.sun.javafx.tk.quantum.GlassViewEventHandler.handleMouseEvent(GlassViewEventHandler.java:449)
	at javafx.graphics@21.0.1/com.sun.glass.ui.View.handleMouseEvent(View.java:551)
	at javafx.graphics@21.0.1/com.sun.glass.ui.View.notifyMouse(View.java:937)
	at javafx.graphics@21.0.1/com.sun.glass.ui.win.WinApplication._runLoop(Native Method)
	at javafx.graphics@21.0.1/com.sun.glass.ui.win.WinApplication.lambda$runLoop$3(WinApplication.java:185)
	at java.base/java.lang.Thread.run(Thread.java:1583)
2025-10-06 10:01:02 [JavaFX Application Thread] ERROR p.c.a.v.asesor.AsesorMainController - Error al cargar simulador
javafx.fxml.LoadException: FXCollections is not a valid type.
/C:/Users/USER/OneDrive/Escritorio/proyecto_v4.0/target/classes/fxml/asesor/SimuladorView.fxml:37

	at javafx.fxml@21.0.1/javafx.fxml.FXMLLoader.constructLoadException(FXMLLoader.java:2718)
	at javafx.fxml@21.0.1/javafx.fxml.FXMLLoader.createElement(FXMLLoader.java:2920)
	at javafx.fxml@21.0.1/javafx.fxml.FXMLLoader.processStartElement(FXMLLoader.java:2850)
	at javafx.fxml@21.0.1/javafx.fxml.FXMLLoader.loadImpl(FXMLLoader.java:2649)
	at javafx.fxml@21.0.1/javafx.fxml.FXMLLoader.loadImpl(FXMLLoader.java:2563)
	at javafx.fxml@21.0.1/javafx.fxml.FXMLLoader.load(FXMLLoader.java:2531)
	at pe.crediactiva.app.view.asesor.AsesorMainController.handleSimulador(AsesorMainController.java:257)
	at java.base/jdk.internal.reflect.DirectMethodHandleAccessor.invoke(DirectMethodHandleAccessor.java:103)
	at java.base/java.lang.reflect.Method.invoke(Method.java:580)
	at com.sun.javafx.reflect.Trampoline.invoke(MethodUtil.java:72)
	at java.base/jdk.internal.reflect.DirectMethodHandleAccessor.invoke(DirectMethodHandleAccessor.java:103)
	at java.base/java.lang.reflect.Method.invoke(Method.java:580)
	at javafx.base@21.0.1/com.sun.javafx.reflect.MethodUtil.invoke(MethodUtil.java:270)
	at javafx.fxml@21.0.1/com.sun.javafx.fxml.MethodHelper.invoke(MethodHelper.java:84)
	at javafx.fxml@21.0.1/javafx.fxml.FXMLLoader$MethodHandler.invoke(FXMLLoader.java:1855)
	at javafx.fxml@21.0.1/javafx.fxml.FXMLLoader$ControllerMethodEventHandler.handle(FXMLLoader.java:1726)
	at javafx.base@21.0.1/com.sun.javafx.event.CompositeEventHandler.dispatchBubblingEvent(CompositeEventHandler.java:86)
	at javafx.base@21.0.1/com.sun.javafx.event.EventHandlerManager.dispatchBubblingEvent(EventHandlerManager.java:232)
	at javafx.base@21.0.1/com.sun.javafx.event.EventHandlerManager.dispatchBubblingEvent(EventHandlerManager.java:189)
	at javafx.base@21.0.1/com.sun.javafx.event.CompositeEventDispatcher.dispatchBubblingEvent(CompositeEventDispatcher.java:59)
	at javafx.base@21.0.1/com.sun.javafx.event.BasicEventDispatcher.dispatchEvent(BasicEventDispatcher.java:58)
	at javafx.base@21.0.1/com.sun.javafx.event.EventDispatchChainImpl.dispatchEvent(EventDispatchChainImpl.java:114)
	at javafx.base@21.0.1/com.sun.javafx.event.BasicEventDispatcher.dispatchEvent(BasicEventDispatcher.java:56)
	at javafx.base@21.0.1/com.sun.javafx.event.EventDispatchChainImpl.dispatchEvent(EventDispatchChainImpl.java:114)
	at javafx.base@21.0.1/com.sun.javafx.event.BasicEventDispatcher.dispatchEvent(BasicEventDispatcher.java:56)
	at javafx.base@21.0.1/com.sun.javafx.event.EventDispatchChainImpl.dispatchEvent(EventDispatchChainImpl.java:114)
	at javafx.base@21.0.1/com.sun.javafx.event.BasicEventDispatcher.dispatchEvent(BasicEventDispatcher.java:56)
	at javafx.base@21.0.1/com.sun.javafx.event.EventDispatchChainImpl.dispatchEvent(EventDispatchChainImpl.java:114)
	at javafx.base@21.0.1/com.sun.javafx.event.EventUtil.fireEventImpl(EventUtil.java:74)
	at javafx.base@21.0.1/com.sun.javafx.event.EventUtil.fireEvent(EventUtil.java:49)
	at javafx.base@21.0.1/javafx.event.Event.fireEvent(Event.java:198)
	at javafx.graphics@21.0.1/javafx.scene.Node.fireEvent(Node.java:8875)
	at javafx.controls@21.0.1/javafx.scene.control.Button.fire(Button.java:203)
	at javafx.controls@21.0.1/com.sun.javafx.scene.control.behavior.ButtonBehavior.mouseReleased(ButtonBehavior.java:207)
	at javafx.controls@21.0.1/com.sun.javafx.scene.control.inputmap.InputMap.handle(InputMap.java:274)
	at javafx.base@21.0.1/com.sun.javafx.event.CompositeEventHandler$NormalEventHandlerRecord.handleBubblingEvent(CompositeEventHandler.java:247)
	at javafx.base@21.0.1/com.sun.javafx.event.CompositeEventHandler.dispatchBubblingEvent(CompositeEventHandler.java:80)
	at javafx.base@21.0.1/com.sun.javafx.event.EventHandlerManager.dispatchBubblingEvent(EventHandlerManager.java:232)
	at javafx.base@21.0.1/com.sun.javafx.event.EventHandlerManager.dispatchBubblingEvent(EventHandlerManager.java:189)
	at javafx.base@21.0.1/com.sun.javafx.event.CompositeEventDispatcher.dispatchBubblingEvent(CompositeEventDispatcher.java:59)
	at javafx.base@21.0.1/com.sun.javafx.event.BasicEventDispatcher.dispatchEvent(BasicEventDispatcher.java:58)
	at javafx.base@21.0.1/com.sun.javafx.event.EventDispatchChainImpl.dispatchEvent(EventDispatchChainImpl.java:114)
	at javafx.base@21.0.1/com.sun.javafx.event.BasicEventDispatcher.dispatchEvent(BasicEventDispatcher.java:56)
	at javafx.base@21.0.1/com.sun.javafx.event.EventDispatchChainImpl.dispatchEvent(EventDispatchChainImpl.java:114)
	at javafx.base@21.0.1/com.sun.javafx.event.BasicEventDispatcher.dispatchEvent(BasicEventDispatcher.java:56)
	at javafx.base@21.0.1/com.sun.javafx.event.EventDispatchChainImpl.dispatchEvent(EventDispatchChainImpl.java:114)
	at javafx.base@21.0.1/com.sun.javafx.event.BasicEventDispatcher.dispatchEvent(BasicEventDispatcher.java:56)
	at javafx.base@21.0.1/com.sun.javafx.event.EventDispatchChainImpl.dispatchEvent(EventDispatchChainImpl.java:114)
	at javafx.base@21.0.1/com.sun.javafx.event.EventUtil.fireEventImpl(EventUtil.java:74)
	at javafx.base@21.0.1/com.sun.javafx.event.EventUtil.fireEvent(EventUtil.java:54)
	at javafx.base@21.0.1/javafx.event.Event.fireEvent(Event.java:198)
	at javafx.graphics@21.0.1/javafx.scene.Scene$MouseHandler.process(Scene.java:3984)
	at javafx.graphics@21.0.1/javafx.scene.Scene.processMouseEvent(Scene.java:1890)
	at javafx.graphics@21.0.1/javafx.scene.Scene$ScenePeerListener.mouseEvent(Scene.java:2708)
	at javafx.graphics@21.0.1/com.sun.javafx.tk.quantum.GlassViewEventHandler$MouseEventNotification.run(GlassViewEventHandler.java:411)
	at javafx.graphics@21.0.1/com.sun.javafx.tk.quantum.GlassViewEventHandler$MouseEventNotification.run(GlassViewEventHandler.java:301)
	at java.base/java.security.AccessController.doPrivileged(AccessController.java:400)
	at javafx.graphics@21.0.1/com.sun.javafx.tk.quantum.GlassViewEventHandler.lambda$handleMouseEvent$2(GlassViewEventHandler.java:450)
	at javafx.graphics@21.0.1/com.sun.javafx.tk.quantum.QuantumToolkit.runWithoutRenderLock(QuantumToolkit.java:424)
	at javafx.graphics@21.0.1/com.sun.javafx.tk.quantum.GlassViewEventHandler.handleMouseEvent(GlassViewEventHandler.java:449)
	at javafx.graphics@21.0.1/com.sun.glass.ui.View.handleMouseEvent(View.java:551)
	at javafx.graphics@21.0.1/com.sun.glass.ui.View.notifyMouse(View.java:937)
	at javafx.graphics@21.0.1/com.sun.glass.ui.win.WinApplication._runLoop(Native Method)
	at javafx.graphics@21.0.1/com.sun.glass.ui.win.WinApplication.lambda$runLoop$3(WinApplication.java:185)
	at java.base/java.lang.Thread.run(Thread.java:1583)
2025-10-06 10:01:04 [JavaFX Application Thread] INFO  p.c.a.v.asesor.AsesorMainController - Intentando cargar gestión de clientes...
2025-10-06 10:01:04 [JavaFX Application Thread] ERROR p.c.a.v.asesor.AsesorMainController - Error al cargar gestión de clientes
javafx.fxml.LoadException: FXCollections is not a valid type.
/C:/Users/USER/OneDrive/Escritorio/proyecto_v4.0/target/classes/fxml/asesor/GestionClientesView.fxml:29

	at javafx.fxml@21.0.1/javafx.fxml.FXMLLoader.constructLoadException(FXMLLoader.java:2718)
	at javafx.fxml@21.0.1/javafx.fxml.FXMLLoader.createElement(FXMLLoader.java:2920)
	at javafx.fxml@21.0.1/javafx.fxml.FXMLLoader.processStartElement(FXMLLoader.java:2850)
	at javafx.fxml@21.0.1/javafx.fxml.FXMLLoader.loadImpl(FXMLLoader.java:2649)
	at javafx.fxml@21.0.1/javafx.fxml.FXMLLoader.loadImpl(FXMLLoader.java:2563)
	at javafx.fxml@21.0.1/javafx.fxml.FXMLLoader.load(FXMLLoader.java:2531)
	at pe.crediactiva.app.view.asesor.AsesorMainController.handleClientes(AsesorMainController.java:199)
	at java.base/jdk.internal.reflect.DirectMethodHandleAccessor.invoke(DirectMethodHandleAccessor.java:103)
	at java.base/java.lang.reflect.Method.invoke(Method.java:580)
	at com.sun.javafx.reflect.Trampoline.invoke(MethodUtil.java:72)
	at java.base/jdk.internal.reflect.DirectMethodHandleAccessor.invoke(DirectMethodHandleAccessor.java:103)
	at java.base/java.lang.reflect.Method.invoke(Method.java:580)
	at javafx.base@21.0.1/com.sun.javafx.reflect.MethodUtil.invoke(MethodUtil.java:270)
	at javafx.fxml@21.0.1/com.sun.javafx.fxml.MethodHelper.invoke(MethodHelper.java:84)
	at javafx.fxml@21.0.1/javafx.fxml.FXMLLoader$MethodHandler.invoke(FXMLLoader.java:1855)
	at javafx.fxml@21.0.1/javafx.fxml.FXMLLoader$ControllerMethodEventHandler.handle(FXMLLoader.java:1726)
	at javafx.base@21.0.1/com.sun.javafx.event.CompositeEventHandler.dispatchBubblingEvent(CompositeEventHandler.java:86)
	at javafx.base@21.0.1/com.sun.javafx.event.EventHandlerManager.dispatchBubblingEvent(EventHandlerManager.java:232)
	at javafx.base@21.0.1/com.sun.javafx.event.EventHandlerManager.dispatchBubblingEvent(EventHandlerManager.java:189)
	at javafx.base@21.0.1/com.sun.javafx.event.CompositeEventDispatcher.dispatchBubblingEvent(CompositeEventDispatcher.java:59)
	at javafx.base@21.0.1/com.sun.javafx.event.BasicEventDispatcher.dispatchEvent(BasicEventDispatcher.java:58)
	at javafx.base@21.0.1/com.sun.javafx.event.EventDispatchChainImpl.dispatchEvent(EventDispatchChainImpl.java:114)
	at javafx.base@21.0.1/com.sun.javafx.event.BasicEventDispatcher.dispatchEvent(BasicEventDispatcher.java:56)
	at javafx.base@21.0.1/com.sun.javafx.event.EventDispatchChainImpl.dispatchEvent(EventDispatchChainImpl.java:114)
	at javafx.base@21.0.1/com.sun.javafx.event.BasicEventDispatcher.dispatchEvent(BasicEventDispatcher.java:56)
	at javafx.base@21.0.1/com.sun.javafx.event.EventDispatchChainImpl.dispatchEvent(EventDispatchChainImpl.java:114)
	at javafx.base@21.0.1/com.sun.javafx.event.BasicEventDispatcher.dispatchEvent(BasicEventDispatcher.java:56)
	at javafx.base@21.0.1/com.sun.javafx.event.EventDispatchChainImpl.dispatchEvent(EventDispatchChainImpl.java:114)
	at javafx.base@21.0.1/com.sun.javafx.event.EventUtil.fireEventImpl(EventUtil.java:74)
	at javafx.base@21.0.1/com.sun.javafx.event.EventUtil.fireEvent(EventUtil.java:49)
	at javafx.base@21.0.1/javafx.event.Event.fireEvent(Event.java:198)
	at javafx.graphics@21.0.1/javafx.scene.Node.fireEvent(Node.java:8875)
	at javafx.controls@21.0.1/javafx.scene.control.Button.fire(Button.java:203)
	at javafx.controls@21.0.1/com.sun.javafx.scene.control.behavior.ButtonBehavior.mouseReleased(ButtonBehavior.java:207)
	at javafx.controls@21.0.1/com.sun.javafx.scene.control.inputmap.InputMap.handle(InputMap.java:274)
	at javafx.base@21.0.1/com.sun.javafx.event.CompositeEventHandler$NormalEventHandlerRecord.handleBubblingEvent(CompositeEventHandler.java:247)
	at javafx.base@21.0.1/com.sun.javafx.event.CompositeEventHandler.dispatchBubblingEvent(CompositeEventHandler.java:80)
	at javafx.base@21.0.1/com.sun.javafx.event.EventHandlerManager.dispatchBubblingEvent(EventHandlerManager.java:232)
	at javafx.base@21.0.1/com.sun.javafx.event.EventHandlerManager.dispatchBubblingEvent(EventHandlerManager.java:189)
	at javafx.base@21.0.1/com.sun.javafx.event.CompositeEventDispatcher.dispatchBubblingEvent(CompositeEventDispatcher.java:59)
	at javafx.base@21.0.1/com.sun.javafx.event.BasicEventDispatcher.dispatchEvent(BasicEventDispatcher.java:58)
	at javafx.base@21.0.1/com.sun.javafx.event.EventDispatchChainImpl.dispatchEvent(EventDispatchChainImpl.java:114)
	at javafx.base@21.0.1/com.sun.javafx.event.BasicEventDispatcher.dispatchEvent(BasicEventDispatcher.java:56)
	at javafx.base@21.0.1/com.sun.javafx.event.EventDispatchChainImpl.dispatchEvent(EventDispatchChainImpl.java:114)
	at javafx.base@21.0.1/com.sun.javafx.event.BasicEventDispatcher.dispatchEvent(BasicEventDispatcher.java:56)
	at javafx.base@21.0.1/com.sun.javafx.event.EventDispatchChainImpl.dispatchEvent(EventDispatchChainImpl.java:114)
	at javafx.base@21.0.1/com.sun.javafx.event.BasicEventDispatcher.dispatchEvent(BasicEventDispatcher.java:56)
	at javafx.base@21.0.1/com.sun.javafx.event.EventDispatchChainImpl.dispatchEvent(EventDispatchChainImpl.java:114)
	at javafx.base@21.0.1/com.sun.javafx.event.EventUtil.fireEventImpl(EventUtil.java:74)
	at javafx.base@21.0.1/com.sun.javafx.event.EventUtil.fireEvent(EventUtil.java:54)
	at javafx.base@21.0.1/javafx.event.Event.fireEvent(Event.java:198)
	at javafx.graphics@21.0.1/javafx.scene.Scene$MouseHandler.process(Scene.java:3984)
	at javafx.graphics@21.0.1/javafx.scene.Scene.processMouseEvent(Scene.java:1890)
	at javafx.graphics@21.0.1/javafx.scene.Scene$ScenePeerListener.mouseEvent(Scene.java:2708)
	at javafx.graphics@21.0.1/com.sun.javafx.tk.quantum.GlassViewEventHandler$MouseEventNotification.run(GlassViewEventHandler.java:411)
	at javafx.graphics@21.0.1/com.sun.javafx.tk.quantum.GlassViewEventHandler$MouseEventNotification.run(GlassViewEventHandler.java:301)
	at java.base/java.security.AccessController.doPrivileged(AccessController.java:400)
	at javafx.graphics@21.0.1/com.sun.javafx.tk.quantum.GlassViewEventHandler.lambda$handleMouseEvent$2(GlassViewEventHandler.java:450)
	at javafx.graphics@21.0.1/com.sun.javafx.tk.quantum.QuantumToolkit.runWithoutRenderLock(QuantumToolkit.java:424)
	at javafx.graphics@21.0.1/com.sun.javafx.tk.quantum.GlassViewEventHandler.handleMouseEvent(GlassViewEventHandler.java:449)
	at javafx.graphics@21.0.1/com.sun.glass.ui.View.handleMouseEvent(View.java:551)
	at javafx.graphics@21.0.1/com.sun.glass.ui.View.notifyMouse(View.java:937)
	at javafx.graphics@21.0.1/com.sun.glass.ui.win.WinApplication._runLoop(Native Method)
	at javafx.graphics@21.0.1/com.sun.glass.ui.win.WinApplication.lambda$runLoop$3(WinApplication.java:185)
	at java.base/java.lang.Thread.run(Thread.java:1583)
2025-10-06 10:03:40 [main] INFO  pe.crediactiva.app.Main - Iniciando aplicación CrediActiva Desktop v1.0.0
2025-10-06 10:03:40 [JavaFX Application Thread] INFO  pe.crediactiva.app.Main - Icono no encontrado, continuando sin icono
2025-10-06 10:03:40 [JavaFX Application Thread] INFO  p.c.app.config.DatabaseConfig - Propiedades de base de datos cargadas correctamente
2025-10-06 10:03:40 [JavaFX Application Thread] INFO  p.c.app.config.DatabaseConfig - Pool de conexiones HikariCP inicializado correctamente
2025-10-06 10:03:41 [JavaFX Application Thread] INFO  pe.crediactiva.app.Main - Aplicación CrediActiva iniciada correctamente
2025-10-06 10:04:00 [JavaFX Application Thread] INFO  p.c.app.dao.impl.UsuarioDAOImpl - Usuario autenticado exitosamente: 12345678
2025-10-06 10:04:00 [JavaFX Application Thread] INFO  p.c.a.service.AuthenticationService - Usuario autenticado exitosamente: 12345678 - ASESOR
2025-10-06 10:04:00 [JavaFX Application Thread] INFO  p.c.app.view.LoginController - Usuario autenticado exitosamente: 12345678
2025-10-06 10:04:00 [JavaFX Application Thread] ERROR p.c.app.service.RecaudacionService - Error al calcular recaudación mensual para asesor: null
java.lang.NullPointerException: Cannot invoke "java.lang.Long.longValue()" because "idAsesor" is null
	at pe.crediactiva.app.dao.impl.RecaudacionAsesorDAOImpl.findByAsesor(RecaudacionAsesorDAOImpl.java:157)
	at pe.crediactiva.app.service.RecaudacionService.obtenerRecaudacionMensualPorAsesor(RecaudacionService.java:112)
	at pe.crediactiva.app.service.RecaudacionService.obtenerRecaudacionDelDia(RecaudacionService.java:268)
	at pe.crediactiva.app.view.asesor.AsesorMainController.cargarEstadisticasDashboard(AsesorMainController.java:134)
	at pe.crediactiva.app.view.asesor.AsesorMainController.initialize(AsesorMainController.java:109)
	at java.base/jdk.internal.reflect.DirectMethodHandleAccessor.invoke(DirectMethodHandleAccessor.java:103)
	at java.base/java.lang.reflect.Method.invoke(Method.java:580)
	at com.sun.javafx.reflect.Trampoline.invoke(MethodUtil.java:72)
	at java.base/jdk.internal.reflect.DirectMethodHandleAccessor.invoke(DirectMethodHandleAccessor.java:103)
	at java.base/java.lang.reflect.Method.invoke(Method.java:580)
	at javafx.base@21.0.1/com.sun.javafx.reflect.MethodUtil.invoke(MethodUtil.java:270)
	at javafx.fxml@21.0.1/com.sun.javafx.fxml.MethodHelper.invoke(MethodHelper.java:84)
	at javafx.fxml@21.0.1/javafx.fxml.FXMLLoader.loadImpl(FXMLLoader.java:2688)
	at javafx.fxml@21.0.1/javafx.fxml.FXMLLoader.loadImpl(FXMLLoader.java:2563)
	at javafx.fxml@21.0.1/javafx.fxml.FXMLLoader.load(FXMLLoader.java:2531)
	at pe.crediactiva.app.view.LoginController.redirectToMainScreen(LoginController.java:140)
	at pe.crediactiva.app.view.LoginController.handleLogin(LoginController.java:99)
	at java.base/jdk.internal.reflect.DirectMethodHandleAccessor.invoke(DirectMethodHandleAccessor.java:103)
	at java.base/java.lang.reflect.Method.invoke(Method.java:580)
	at com.sun.javafx.reflect.Trampoline.invoke(MethodUtil.java:72)
	at java.base/jdk.internal.reflect.DirectMethodHandleAccessor.invoke(DirectMethodHandleAccessor.java:103)
	at java.base/java.lang.reflect.Method.invoke(Method.java:580)
	at javafx.base@21.0.1/com.sun.javafx.reflect.MethodUtil.invoke(MethodUtil.java:270)
	at javafx.fxml@21.0.1/com.sun.javafx.fxml.MethodHelper.invoke(MethodHelper.java:84)
	at javafx.fxml@21.0.1/javafx.fxml.FXMLLoader$MethodHandler.invoke(FXMLLoader.java:1855)
	at javafx.fxml@21.0.1/javafx.fxml.FXMLLoader$ControllerMethodEventHandler.handle(FXMLLoader.java:1726)
	at javafx.base@21.0.1/com.sun.javafx.event.CompositeEventHandler.dispatchBubblingEvent(CompositeEventHandler.java:86)
	at javafx.base@21.0.1/com.sun.javafx.event.EventHandlerManager.dispatchBubblingEvent(EventHandlerManager.java:232)
	at javafx.base@21.0.1/com.sun.javafx.event.EventHandlerManager.dispatchBubblingEvent(EventHandlerManager.java:189)
	at javafx.base@21.0.1/com.sun.javafx.event.CompositeEventDispatcher.dispatchBubblingEvent(CompositeEventDispatcher.java:59)
	at javafx.base@21.0.1/com.sun.javafx.event.BasicEventDispatcher.dispatchEvent(BasicEventDispatcher.java:58)
	at javafx.base@21.0.1/com.sun.javafx.event.EventDispatchChainImpl.dispatchEvent(EventDispatchChainImpl.java:114)
	at javafx.base@21.0.1/com.sun.javafx.event.BasicEventDispatcher.dispatchEvent(BasicEventDispatcher.java:56)
	at javafx.base@21.0.1/com.sun.javafx.event.EventDispatchChainImpl.dispatchEvent(EventDispatchChainImpl.java:114)
	at javafx.base@21.0.1/com.sun.javafx.event.BasicEventDispatcher.dispatchEvent(BasicEventDispatcher.java:56)
	at javafx.base@21.0.1/com.sun.javafx.event.EventDispatchChainImpl.dispatchEvent(EventDispatchChainImpl.java:114)
	at javafx.base@21.0.1/com.sun.javafx.event.EventUtil.fireEventImpl(EventUtil.java:74)
	at javafx.base@21.0.1/com.sun.javafx.event.EventUtil.fireEvent(EventUtil.java:49)
	at javafx.base@21.0.1/javafx.event.Event.fireEvent(Event.java:198)
	at javafx.graphics@21.0.1/javafx.scene.Node.fireEvent(Node.java:8875)
	at javafx.controls@21.0.1/javafx.scene.control.Button.fire(Button.java:203)
	at javafx.controls@21.0.1/com.sun.javafx.scene.control.behavior.ButtonBehavior.mouseReleased(ButtonBehavior.java:207)
	at javafx.controls@21.0.1/com.sun.javafx.scene.control.inputmap.InputMap.handle(InputMap.java:274)
	at javafx.base@21.0.1/com.sun.javafx.event.CompositeEventHandler$NormalEventHandlerRecord.handleBubblingEvent(CompositeEventHandler.java:247)
	at javafx.base@21.0.1/com.sun.javafx.event.CompositeEventHandler.dispatchBubblingEvent(CompositeEventHandler.java:80)
	at javafx.base@21.0.1/com.sun.javafx.event.EventHandlerManager.dispatchBubblingEvent(EventHandlerManager.java:232)
	at javafx.base@21.0.1/com.sun.javafx.event.EventHandlerManager.dispatchBubblingEvent(EventHandlerManager.java:189)
	at javafx.base@21.0.1/com.sun.javafx.event.CompositeEventDispatcher.dispatchBubblingEvent(CompositeEventDispatcher.java:59)
	at javafx.base@21.0.1/com.sun.javafx.event.BasicEventDispatcher.dispatchEvent(BasicEventDispatcher.java:58)
	at javafx.base@21.0.1/com.sun.javafx.event.EventDispatchChainImpl.dispatchEvent(EventDispatchChainImpl.java:114)
	at javafx.base@21.0.1/com.sun.javafx.event.BasicEventDispatcher.dispatchEvent(BasicEventDispatcher.java:56)
	at javafx.base@21.0.1/com.sun.javafx.event.EventDispatchChainImpl.dispatchEvent(EventDispatchChainImpl.java:114)
	at javafx.base@21.0.1/com.sun.javafx.event.BasicEventDispatcher.dispatchEvent(BasicEventDispatcher.java:56)
	at javafx.base@21.0.1/com.sun.javafx.event.EventDispatchChainImpl.dispatchEvent(EventDispatchChainImpl.java:114)
	at javafx.base@21.0.1/com.sun.javafx.event.EventUtil.fireEventImpl(EventUtil.java:74)
	at javafx.base@21.0.1/com.sun.javafx.event.EventUtil.fireEvent(EventUtil.java:54)
	at javafx.base@21.0.1/javafx.event.Event.fireEvent(Event.java:198)
	at javafx.graphics@21.0.1/javafx.scene.Scene$MouseHandler.process(Scene.java:3984)
	at javafx.graphics@21.0.1/javafx.scene.Scene.processMouseEvent(Scene.java:1890)
	at javafx.graphics@21.0.1/javafx.scene.Scene$ScenePeerListener.mouseEvent(Scene.java:2708)
	at javafx.graphics@21.0.1/com.sun.javafx.tk.quantum.GlassViewEventHandler$MouseEventNotification.run(GlassViewEventHandler.java:411)
	at javafx.graphics@21.0.1/com.sun.javafx.tk.quantum.GlassViewEventHandler$MouseEventNotification.run(GlassViewEventHandler.java:301)
	at java.base/java.security.AccessController.doPrivileged(AccessController.java:400)
	at javafx.graphics@21.0.1/com.sun.javafx.tk.quantum.GlassViewEventHandler.lambda$handleMouseEvent$2(GlassViewEventHandler.java:450)
	at javafx.graphics@21.0.1/com.sun.javafx.tk.quantum.QuantumToolkit.runWithoutRenderLock(QuantumToolkit.java:424)
	at javafx.graphics@21.0.1/com.sun.javafx.tk.quantum.GlassViewEventHandler.handleMouseEvent(GlassViewEventHandler.java:449)
	at javafx.graphics@21.0.1/com.sun.glass.ui.View.handleMouseEvent(View.java:551)
	at javafx.graphics@21.0.1/com.sun.glass.ui.View.notifyMouse(View.java:937)
	at javafx.graphics@21.0.1/com.sun.glass.ui.win.WinApplication._runLoop(Native Method)
	at javafx.graphics@21.0.1/com.sun.glass.ui.win.WinApplication.lambda$runLoop$3(WinApplication.java:185)
	at java.base/java.lang.Thread.run(Thread.java:1583)
2025-10-06 10:04:00 [JavaFX Application Thread] ERROR p.c.app.service.RecaudacionService - Error al calcular recaudación mensual para asesor: null
java.lang.NullPointerException: Cannot invoke "java.lang.Long.longValue()" because "idAsesor" is null
	at pe.crediactiva.app.dao.impl.RecaudacionAsesorDAOImpl.findByAsesor(RecaudacionAsesorDAOImpl.java:157)
	at pe.crediactiva.app.service.RecaudacionService.obtenerRecaudacionMensualPorAsesor(RecaudacionService.java:112)
	at pe.crediactiva.app.service.RecaudacionService.obtenerRecaudacionDelMes(RecaudacionService.java:275)
	at pe.crediactiva.app.view.asesor.AsesorMainController.cargarEstadisticasDashboard(AsesorMainController.java:138)
	at pe.crediactiva.app.view.asesor.AsesorMainController.initialize(AsesorMainController.java:109)
	at java.base/jdk.internal.reflect.DirectMethodHandleAccessor.invoke(DirectMethodHandleAccessor.java:103)
	at java.base/java.lang.reflect.Method.invoke(Method.java:580)
	at com.sun.javafx.reflect.Trampoline.invoke(MethodUtil.java:72)
	at java.base/jdk.internal.reflect.DirectMethodHandleAccessor.invoke(DirectMethodHandleAccessor.java:103)
	at java.base/java.lang.reflect.Method.invoke(Method.java:580)
	at javafx.base@21.0.1/com.sun.javafx.reflect.MethodUtil.invoke(MethodUtil.java:270)
	at javafx.fxml@21.0.1/com.sun.javafx.fxml.MethodHelper.invoke(MethodHelper.java:84)
	at javafx.fxml@21.0.1/javafx.fxml.FXMLLoader.loadImpl(FXMLLoader.java:2688)
	at javafx.fxml@21.0.1/javafx.fxml.FXMLLoader.loadImpl(FXMLLoader.java:2563)
	at javafx.fxml@21.0.1/javafx.fxml.FXMLLoader.load(FXMLLoader.java:2531)
	at pe.crediactiva.app.view.LoginController.redirectToMainScreen(LoginController.java:140)
	at pe.crediactiva.app.view.LoginController.handleLogin(LoginController.java:99)
	at java.base/jdk.internal.reflect.DirectMethodHandleAccessor.invoke(DirectMethodHandleAccessor.java:103)
	at java.base/java.lang.reflect.Method.invoke(Method.java:580)
	at com.sun.javafx.reflect.Trampoline.invoke(MethodUtil.java:72)
	at java.base/jdk.internal.reflect.DirectMethodHandleAccessor.invoke(DirectMethodHandleAccessor.java:103)
	at java.base/java.lang.reflect.Method.invoke(Method.java:580)
	at javafx.base@21.0.1/com.sun.javafx.reflect.MethodUtil.invoke(MethodUtil.java:270)
	at javafx.fxml@21.0.1/com.sun.javafx.fxml.MethodHelper.invoke(MethodHelper.java:84)
	at javafx.fxml@21.0.1/javafx.fxml.FXMLLoader$MethodHandler.invoke(FXMLLoader.java:1855)
	at javafx.fxml@21.0.1/javafx.fxml.FXMLLoader$ControllerMethodEventHandler.handle(FXMLLoader.java:1726)
	at javafx.base@21.0.1/com.sun.javafx.event.CompositeEventHandler.dispatchBubblingEvent(CompositeEventHandler.java:86)
	at javafx.base@21.0.1/com.sun.javafx.event.EventHandlerManager.dispatchBubblingEvent(EventHandlerManager.java:232)
	at javafx.base@21.0.1/com.sun.javafx.event.EventHandlerManager.dispatchBubblingEvent(EventHandlerManager.java:189)
	at javafx.base@21.0.1/com.sun.javafx.event.CompositeEventDispatcher.dispatchBubblingEvent(CompositeEventDispatcher.java:59)
	at javafx.base@21.0.1/com.sun.javafx.event.BasicEventDispatcher.dispatchEvent(BasicEventDispatcher.java:58)
	at javafx.base@21.0.1/com.sun.javafx.event.EventDispatchChainImpl.dispatchEvent(EventDispatchChainImpl.java:114)
	at javafx.base@21.0.1/com.sun.javafx.event.BasicEventDispatcher.dispatchEvent(BasicEventDispatcher.java:56)
	at javafx.base@21.0.1/com.sun.javafx.event.EventDispatchChainImpl.dispatchEvent(EventDispatchChainImpl.java:114)
	at javafx.base@21.0.1/com.sun.javafx.event.BasicEventDispatcher.dispatchEvent(BasicEventDispatcher.java:56)
	at javafx.base@21.0.1/com.sun.javafx.event.EventDispatchChainImpl.dispatchEvent(EventDispatchChainImpl.java:114)
	at javafx.base@21.0.1/com.sun.javafx.event.EventUtil.fireEventImpl(EventUtil.java:74)
	at javafx.base@21.0.1/com.sun.javafx.event.EventUtil.fireEvent(EventUtil.java:49)
	at javafx.base@21.0.1/javafx.event.Event.fireEvent(Event.java:198)
	at javafx.graphics@21.0.1/javafx.scene.Node.fireEvent(Node.java:8875)
	at javafx.controls@21.0.1/javafx.scene.control.Button.fire(Button.java:203)
	at javafx.controls@21.0.1/com.sun.javafx.scene.control.behavior.ButtonBehavior.mouseReleased(ButtonBehavior.java:207)
	at javafx.controls@21.0.1/com.sun.javafx.scene.control.inputmap.InputMap.handle(InputMap.java:274)
	at javafx.base@21.0.1/com.sun.javafx.event.CompositeEventHandler$NormalEventHandlerRecord.handleBubblingEvent(CompositeEventHandler.java:247)
	at javafx.base@21.0.1/com.sun.javafx.event.CompositeEventHandler.dispatchBubblingEvent(CompositeEventHandler.java:80)
	at javafx.base@21.0.1/com.sun.javafx.event.EventHandlerManager.dispatchBubblingEvent(EventHandlerManager.java:232)
	at javafx.base@21.0.1/com.sun.javafx.event.EventHandlerManager.dispatchBubblingEvent(EventHandlerManager.java:189)
	at javafx.base@21.0.1/com.sun.javafx.event.CompositeEventDispatcher.dispatchBubblingEvent(CompositeEventDispatcher.java:59)
	at javafx.base@21.0.1/com.sun.javafx.event.BasicEventDispatcher.dispatchEvent(BasicEventDispatcher.java:58)
	at javafx.base@21.0.1/com.sun.javafx.event.EventDispatchChainImpl.dispatchEvent(EventDispatchChainImpl.java:114)
	at javafx.base@21.0.1/com.sun.javafx.event.BasicEventDispatcher.dispatchEvent(BasicEventDispatcher.java:56)
	at javafx.base@21.0.1/com.sun.javafx.event.EventDispatchChainImpl.dispatchEvent(EventDispatchChainImpl.java:114)
	at javafx.base@21.0.1/com.sun.javafx.event.BasicEventDispatcher.dispatchEvent(BasicEventDispatcher.java:56)
	at javafx.base@21.0.1/com.sun.javafx.event.EventDispatchChainImpl.dispatchEvent(EventDispatchChainImpl.java:114)
	at javafx.base@21.0.1/com.sun.javafx.event.EventUtil.fireEventImpl(EventUtil.java:74)
	at javafx.base@21.0.1/com.sun.javafx.event.EventUtil.fireEvent(EventUtil.java:54)
	at javafx.base@21.0.1/javafx.event.Event.fireEvent(Event.java:198)
	at javafx.graphics@21.0.1/javafx.scene.Scene$MouseHandler.process(Scene.java:3984)
	at javafx.graphics@21.0.1/javafx.scene.Scene.processMouseEvent(Scene.java:1890)
	at javafx.graphics@21.0.1/javafx.scene.Scene$ScenePeerListener.mouseEvent(Scene.java:2708)
	at javafx.graphics@21.0.1/com.sun.javafx.tk.quantum.GlassViewEventHandler$MouseEventNotification.run(GlassViewEventHandler.java:411)
	at javafx.graphics@21.0.1/com.sun.javafx.tk.quantum.GlassViewEventHandler$MouseEventNotification.run(GlassViewEventHandler.java:301)
	at java.base/java.security.AccessController.doPrivileged(AccessController.java:400)
	at javafx.graphics@21.0.1/com.sun.javafx.tk.quantum.GlassViewEventHandler.lambda$handleMouseEvent$2(GlassViewEventHandler.java:450)
	at javafx.graphics@21.0.1/com.sun.javafx.tk.quantum.QuantumToolkit.runWithoutRenderLock(QuantumToolkit.java:424)
	at javafx.graphics@21.0.1/com.sun.javafx.tk.quantum.GlassViewEventHandler.handleMouseEvent(GlassViewEventHandler.java:449)
	at javafx.graphics@21.0.1/com.sun.glass.ui.View.handleMouseEvent(View.java:551)
	at javafx.graphics@21.0.1/com.sun.glass.ui.View.notifyMouse(View.java:937)
	at javafx.graphics@21.0.1/com.sun.glass.ui.win.WinApplication._runLoop(Native Method)
	at javafx.graphics@21.0.1/com.sun.glass.ui.win.WinApplication.lambda$runLoop$3(WinApplication.java:185)
	at java.base/java.lang.Thread.run(Thread.java:1583)
2025-10-06 10:04:00 [JavaFX Application Thread] INFO  p.c.app.view.LoginController - Usuario redirigido a pantalla principal: ASESOR
2025-10-06 10:04:02 [JavaFX Application Thread] INFO  p.c.a.v.asesor.AsesorMainController - Intentando cargar solicitud de préstamo...
2025-10-06 10:04:02 [JavaFX Application Thread] ERROR p.c.a.v.asesor.AsesorMainController - Error al cargar solicitud de préstamo
javafx.fxml.LoadException: String is not a valid type.
/C:/Users/USER/OneDrive/Escritorio/proyecto_v4.0/target/classes/fxml/asesor/SolicitarPrestamoView.fxml:57

	at javafx.fxml@21.0.1/javafx.fxml.FXMLLoader.constructLoadException(FXMLLoader.java:2718)
	at javafx.fxml@21.0.1/javafx.fxml.FXMLLoader.createElement(FXMLLoader.java:2920)
	at javafx.fxml@21.0.1/javafx.fxml.FXMLLoader.processStartElement(FXMLLoader.java:2850)
	at javafx.fxml@21.0.1/javafx.fxml.FXMLLoader.loadImpl(FXMLLoader.java:2649)
	at javafx.fxml@21.0.1/javafx.fxml.FXMLLoader.loadImpl(FXMLLoader.java:2563)
	at javafx.fxml@21.0.1/javafx.fxml.FXMLLoader.load(FXMLLoader.java:2531)
	at pe.crediactiva.app.view.asesor.AsesorMainController.handleSolicitarPrestamo(AsesorMainController.java:233)
	at java.base/jdk.internal.reflect.DirectMethodHandleAccessor.invoke(DirectMethodHandleAccessor.java:103)
	at java.base/java.lang.reflect.Method.invoke(Method.java:580)
	at com.sun.javafx.reflect.Trampoline.invoke(MethodUtil.java:72)
	at java.base/jdk.internal.reflect.DirectMethodHandleAccessor.invoke(DirectMethodHandleAccessor.java:103)
	at java.base/java.lang.reflect.Method.invoke(Method.java:580)
	at javafx.base@21.0.1/com.sun.javafx.reflect.MethodUtil.invoke(MethodUtil.java:270)
	at javafx.fxml@21.0.1/com.sun.javafx.fxml.MethodHelper.invoke(MethodHelper.java:84)
	at javafx.fxml@21.0.1/javafx.fxml.FXMLLoader$MethodHandler.invoke(FXMLLoader.java:1855)
	at javafx.fxml@21.0.1/javafx.fxml.FXMLLoader$ControllerMethodEventHandler.handle(FXMLLoader.java:1726)
	at javafx.base@21.0.1/com.sun.javafx.event.CompositeEventHandler.dispatchBubblingEvent(CompositeEventHandler.java:86)
	at javafx.base@21.0.1/com.sun.javafx.event.EventHandlerManager.dispatchBubblingEvent(EventHandlerManager.java:232)
	at javafx.base@21.0.1/com.sun.javafx.event.EventHandlerManager.dispatchBubblingEvent(EventHandlerManager.java:189)
	at javafx.base@21.0.1/com.sun.javafx.event.CompositeEventDispatcher.dispatchBubblingEvent(CompositeEventDispatcher.java:59)
	at javafx.base@21.0.1/com.sun.javafx.event.BasicEventDispatcher.dispatchEvent(BasicEventDispatcher.java:58)
	at javafx.base@21.0.1/com.sun.javafx.event.EventDispatchChainImpl.dispatchEvent(EventDispatchChainImpl.java:114)
	at javafx.base@21.0.1/com.sun.javafx.event.BasicEventDispatcher.dispatchEvent(BasicEventDispatcher.java:56)
	at javafx.base@21.0.1/com.sun.javafx.event.EventDispatchChainImpl.dispatchEvent(EventDispatchChainImpl.java:114)
	at javafx.base@21.0.1/com.sun.javafx.event.BasicEventDispatcher.dispatchEvent(BasicEventDispatcher.java:56)
	at javafx.base@21.0.1/com.sun.javafx.event.EventDispatchChainImpl.dispatchEvent(EventDispatchChainImpl.java:114)
	at javafx.base@21.0.1/com.sun.javafx.event.BasicEventDispatcher.dispatchEvent(BasicEventDispatcher.java:56)
	at javafx.base@21.0.1/com.sun.javafx.event.EventDispatchChainImpl.dispatchEvent(EventDispatchChainImpl.java:114)
	at javafx.base@21.0.1/com.sun.javafx.event.EventUtil.fireEventImpl(EventUtil.java:74)
	at javafx.base@21.0.1/com.sun.javafx.event.EventUtil.fireEvent(EventUtil.java:49)
	at javafx.base@21.0.1/javafx.event.Event.fireEvent(Event.java:198)
	at javafx.graphics@21.0.1/javafx.scene.Node.fireEvent(Node.java:8875)
	at javafx.controls@21.0.1/javafx.scene.control.Button.fire(Button.java:203)
	at javafx.controls@21.0.1/com.sun.javafx.scene.control.behavior.ButtonBehavior.mouseReleased(ButtonBehavior.java:207)
	at javafx.controls@21.0.1/com.sun.javafx.scene.control.inputmap.InputMap.handle(InputMap.java:274)
	at javafx.base@21.0.1/com.sun.javafx.event.CompositeEventHandler$NormalEventHandlerRecord.handleBubblingEvent(CompositeEventHandler.java:247)
	at javafx.base@21.0.1/com.sun.javafx.event.CompositeEventHandler.dispatchBubblingEvent(CompositeEventHandler.java:80)
	at javafx.base@21.0.1/com.sun.javafx.event.EventHandlerManager.dispatchBubblingEvent(EventHandlerManager.java:232)
	at javafx.base@21.0.1/com.sun.javafx.event.EventHandlerManager.dispatchBubblingEvent(EventHandlerManager.java:189)
	at javafx.base@21.0.1/com.sun.javafx.event.CompositeEventDispatcher.dispatchBubblingEvent(CompositeEventDispatcher.java:59)
	at javafx.base@21.0.1/com.sun.javafx.event.BasicEventDispatcher.dispatchEvent(BasicEventDispatcher.java:58)
	at javafx.base@21.0.1/com.sun.javafx.event.EventDispatchChainImpl.dispatchEvent(EventDispatchChainImpl.java:114)
	at javafx.base@21.0.1/com.sun.javafx.event.BasicEventDispatcher.dispatchEvent(BasicEventDispatcher.java:56)
	at javafx.base@21.0.1/com.sun.javafx.event.EventDispatchChainImpl.dispatchEvent(EventDispatchChainImpl.java:114)
	at javafx.base@21.0.1/com.sun.javafx.event.BasicEventDispatcher.dispatchEvent(BasicEventDispatcher.java:56)
	at javafx.base@21.0.1/com.sun.javafx.event.EventDispatchChainImpl.dispatchEvent(EventDispatchChainImpl.java:114)
	at javafx.base@21.0.1/com.sun.javafx.event.BasicEventDispatcher.dispatchEvent(BasicEventDispatcher.java:56)
	at javafx.base@21.0.1/com.sun.javafx.event.EventDispatchChainImpl.dispatchEvent(EventDispatchChainImpl.java:114)
	at javafx.base@21.0.1/com.sun.javafx.event.EventUtil.fireEventImpl(EventUtil.java:74)
	at javafx.base@21.0.1/com.sun.javafx.event.EventUtil.fireEvent(EventUtil.java:54)
	at javafx.base@21.0.1/javafx.event.Event.fireEvent(Event.java:198)
	at javafx.graphics@21.0.1/javafx.scene.Scene$MouseHandler.process(Scene.java:3984)
	at javafx.graphics@21.0.1/javafx.scene.Scene.processMouseEvent(Scene.java:1890)
	at javafx.graphics@21.0.1/javafx.scene.Scene$ScenePeerListener.mouseEvent(Scene.java:2708)
	at javafx.graphics@21.0.1/com.sun.javafx.tk.quantum.GlassViewEventHandler$MouseEventNotification.run(GlassViewEventHandler.java:411)
	at javafx.graphics@21.0.1/com.sun.javafx.tk.quantum.GlassViewEventHandler$MouseEventNotification.run(GlassViewEventHandler.java:301)
	at java.base/java.security.AccessController.doPrivileged(AccessController.java:400)
	at javafx.graphics@21.0.1/com.sun.javafx.tk.quantum.GlassViewEventHandler.lambda$handleMouseEvent$2(GlassViewEventHandler.java:450)
	at javafx.graphics@21.0.1/com.sun.javafx.tk.quantum.QuantumToolkit.runWithoutRenderLock(QuantumToolkit.java:424)
	at javafx.graphics@21.0.1/com.sun.javafx.tk.quantum.GlassViewEventHandler.handleMouseEvent(GlassViewEventHandler.java:449)
	at javafx.graphics@21.0.1/com.sun.glass.ui.View.handleMouseEvent(View.java:551)
	at javafx.graphics@21.0.1/com.sun.glass.ui.View.notifyMouse(View.java:937)
	at javafx.graphics@21.0.1/com.sun.glass.ui.win.WinApplication._runLoop(Native Method)
	at javafx.graphics@21.0.1/com.sun.glass.ui.win.WinApplication.lambda$runLoop$3(WinApplication.java:185)
	at java.base/java.lang.Thread.run(Thread.java:1583)
2025-10-06 10:04:11 [JavaFX Application Thread] INFO  p.c.a.v.asesor.AsesorMainController - Intentando cargar gestión de clientes...
2025-10-06 10:04:11 [JavaFX Application Thread] ERROR p.c.a.v.asesor.AsesorMainController - Error al cargar gestión de clientes
javafx.fxml.LoadException: String is not a valid type.
/C:/Users/USER/OneDrive/Escritorio/proyecto_v4.0/target/classes/fxml/asesor/GestionClientesView.fxml:31

	at javafx.fxml@21.0.1/javafx.fxml.FXMLLoader.constructLoadException(FXMLLoader.java:2718)
	at javafx.fxml@21.0.1/javafx.fxml.FXMLLoader.createElement(FXMLLoader.java:2920)
	at javafx.fxml@21.0.1/javafx.fxml.FXMLLoader.processStartElement(FXMLLoader.java:2850)
	at javafx.fxml@21.0.1/javafx.fxml.FXMLLoader.loadImpl(FXMLLoader.java:2649)
	at javafx.fxml@21.0.1/javafx.fxml.FXMLLoader.loadImpl(FXMLLoader.java:2563)
	at javafx.fxml@21.0.1/javafx.fxml.FXMLLoader.load(FXMLLoader.java:2531)
	at pe.crediactiva.app.view.asesor.AsesorMainController.handleClientes(AsesorMainController.java:199)
	at java.base/jdk.internal.reflect.DirectMethodHandleAccessor.invoke(DirectMethodHandleAccessor.java:103)
	at java.base/java.lang.reflect.Method.invoke(Method.java:580)
	at com.sun.javafx.reflect.Trampoline.invoke(MethodUtil.java:72)
	at java.base/jdk.internal.reflect.DirectMethodHandleAccessor.invoke(DirectMethodHandleAccessor.java:103)
	at java.base/java.lang.reflect.Method.invoke(Method.java:580)
	at javafx.base@21.0.1/com.sun.javafx.reflect.MethodUtil.invoke(MethodUtil.java:270)
	at javafx.fxml@21.0.1/com.sun.javafx.fxml.MethodHelper.invoke(MethodHelper.java:84)
	at javafx.fxml@21.0.1/javafx.fxml.FXMLLoader$MethodHandler.invoke(FXMLLoader.java:1855)
	at javafx.fxml@21.0.1/javafx.fxml.FXMLLoader$ControllerMethodEventHandler.handle(FXMLLoader.java:1726)
	at javafx.base@21.0.1/com.sun.javafx.event.CompositeEventHandler.dispatchBubblingEvent(CompositeEventHandler.java:86)
	at javafx.base@21.0.1/com.sun.javafx.event.EventHandlerManager.dispatchBubblingEvent(EventHandlerManager.java:232)
	at javafx.base@21.0.1/com.sun.javafx.event.EventHandlerManager.dispatchBubblingEvent(EventHandlerManager.java:189)
	at javafx.base@21.0.1/com.sun.javafx.event.CompositeEventDispatcher.dispatchBubblingEvent(CompositeEventDispatcher.java:59)
	at javafx.base@21.0.1/com.sun.javafx.event.BasicEventDispatcher.dispatchEvent(BasicEventDispatcher.java:58)
	at javafx.base@21.0.1/com.sun.javafx.event.EventDispatchChainImpl.dispatchEvent(EventDispatchChainImpl.java:114)
	at javafx.base@21.0.1/com.sun.javafx.event.BasicEventDispatcher.dispatchEvent(BasicEventDispatcher.java:56)
	at javafx.base@21.0.1/com.sun.javafx.event.EventDispatchChainImpl.dispatchEvent(EventDispatchChainImpl.java:114)
	at javafx.base@21.0.1/com.sun.javafx.event.BasicEventDispatcher.dispatchEvent(BasicEventDispatcher.java:56)
	at javafx.base@21.0.1/com.sun.javafx.event.EventDispatchChainImpl.dispatchEvent(EventDispatchChainImpl.java:114)
	at javafx.base@21.0.1/com.sun.javafx.event.BasicEventDispatcher.dispatchEvent(BasicEventDispatcher.java:56)
	at javafx.base@21.0.1/com.sun.javafx.event.EventDispatchChainImpl.dispatchEvent(EventDispatchChainImpl.java:114)
	at javafx.base@21.0.1/com.sun.javafx.event.EventUtil.fireEventImpl(EventUtil.java:74)
	at javafx.base@21.0.1/com.sun.javafx.event.EventUtil.fireEvent(EventUtil.java:49)
	at javafx.base@21.0.1/javafx.event.Event.fireEvent(Event.java:198)
	at javafx.graphics@21.0.1/javafx.scene.Node.fireEvent(Node.java:8875)
	at javafx.controls@21.0.1/javafx.scene.control.Button.fire(Button.java:203)
	at javafx.controls@21.0.1/com.sun.javafx.scene.control.behavior.ButtonBehavior.mouseReleased(ButtonBehavior.java:207)
	at javafx.controls@21.0.1/com.sun.javafx.scene.control.inputmap.InputMap.handle(InputMap.java:274)
	at javafx.base@21.0.1/com.sun.javafx.event.CompositeEventHandler$NormalEventHandlerRecord.handleBubblingEvent(CompositeEventHandler.java:247)
	at javafx.base@21.0.1/com.sun.javafx.event.CompositeEventHandler.dispatchBubblingEvent(CompositeEventHandler.java:80)
	at javafx.base@21.0.1/com.sun.javafx.event.EventHandlerManager.dispatchBubblingEvent(EventHandlerManager.java:232)
	at javafx.base@21.0.1/com.sun.javafx.event.EventHandlerManager.dispatchBubblingEvent(EventHandlerManager.java:189)
	at javafx.base@21.0.1/com.sun.javafx.event.CompositeEventDispatcher.dispatchBubblingEvent(CompositeEventDispatcher.java:59)
	at javafx.base@21.0.1/com.sun.javafx.event.BasicEventDispatcher.dispatchEvent(BasicEventDispatcher.java:58)
	at javafx.base@21.0.1/com.sun.javafx.event.EventDispatchChainImpl.dispatchEvent(EventDispatchChainImpl.java:114)
	at javafx.base@21.0.1/com.sun.javafx.event.BasicEventDispatcher.dispatchEvent(BasicEventDispatcher.java:56)
	at javafx.base@21.0.1/com.sun.javafx.event.EventDispatchChainImpl.dispatchEvent(EventDispatchChainImpl.java:114)
	at javafx.base@21.0.1/com.sun.javafx.event.BasicEventDispatcher.dispatchEvent(BasicEventDispatcher.java:56)
	at javafx.base@21.0.1/com.sun.javafx.event.EventDispatchChainImpl.dispatchEvent(EventDispatchChainImpl.java:114)
	at javafx.base@21.0.1/com.sun.javafx.event.BasicEventDispatcher.dispatchEvent(BasicEventDispatcher.java:56)
	at javafx.base@21.0.1/com.sun.javafx.event.EventDispatchChainImpl.dispatchEvent(EventDispatchChainImpl.java:114)
	at javafx.base@21.0.1/com.sun.javafx.event.EventUtil.fireEventImpl(EventUtil.java:74)
	at javafx.base@21.0.1/com.sun.javafx.event.EventUtil.fireEvent(EventUtil.java:54)
	at javafx.base@21.0.1/javafx.event.Event.fireEvent(Event.java:198)
	at javafx.graphics@21.0.1/javafx.scene.Scene$MouseHandler.process(Scene.java:3984)
	at javafx.graphics@21.0.1/javafx.scene.Scene.processMouseEvent(Scene.java:1890)
	at javafx.graphics@21.0.1/javafx.scene.Scene$ScenePeerListener.mouseEvent(Scene.java:2708)
	at javafx.graphics@21.0.1/com.sun.javafx.tk.quantum.GlassViewEventHandler$MouseEventNotification.run(GlassViewEventHandler.java:411)
	at javafx.graphics@21.0.1/com.sun.javafx.tk.quantum.GlassViewEventHandler$MouseEventNotification.run(GlassViewEventHandler.java:301)
	at java.base/java.security.AccessController.doPrivileged(AccessController.java:400)
	at javafx.graphics@21.0.1/com.sun.javafx.tk.quantum.GlassViewEventHandler.lambda$handleMouseEvent$2(GlassViewEventHandler.java:450)
	at javafx.graphics@21.0.1/com.sun.javafx.tk.quantum.QuantumToolkit.runWithoutRenderLock(QuantumToolkit.java:424)
	at javafx.graphics@21.0.1/com.sun.javafx.tk.quantum.GlassViewEventHandler.handleMouseEvent(GlassViewEventHandler.java:449)
	at javafx.graphics@21.0.1/com.sun.glass.ui.View.handleMouseEvent(View.java:551)
	at javafx.graphics@21.0.1/com.sun.glass.ui.View.notifyMouse(View.java:937)
	at javafx.graphics@21.0.1/com.sun.glass.ui.win.WinApplication._runLoop(Native Method)
	at javafx.graphics@21.0.1/com.sun.glass.ui.win.WinApplication.lambda$runLoop$3(WinApplication.java:185)
	at java.base/java.lang.Thread.run(Thread.java:1583)
2025-10-06 10:04:14 [JavaFX Application Thread] INFO  p.c.a.v.asesor.AsesorMainController - Intentando cargar solicitud de préstamo...
2025-10-06 10:04:14 [JavaFX Application Thread] ERROR p.c.a.v.asesor.AsesorMainController - Error al cargar solicitud de préstamo
javafx.fxml.LoadException: String is not a valid type.
/C:/Users/USER/OneDrive/Escritorio/proyecto_v4.0/target/classes/fxml/asesor/SolicitarPrestamoView.fxml:57

	at javafx.fxml@21.0.1/javafx.fxml.FXMLLoader.constructLoadException(FXMLLoader.java:2718)
	at javafx.fxml@21.0.1/javafx.fxml.FXMLLoader.createElement(FXMLLoader.java:2920)
	at javafx.fxml@21.0.1/javafx.fxml.FXMLLoader.processStartElement(FXMLLoader.java:2850)
	at javafx.fxml@21.0.1/javafx.fxml.FXMLLoader.loadImpl(FXMLLoader.java:2649)
	at javafx.fxml@21.0.1/javafx.fxml.FXMLLoader.loadImpl(FXMLLoader.java:2563)
	at javafx.fxml@21.0.1/javafx.fxml.FXMLLoader.load(FXMLLoader.java:2531)
	at pe.crediactiva.app.view.asesor.AsesorMainController.handleSolicitarPrestamo(AsesorMainController.java:233)
	at java.base/jdk.internal.reflect.DirectMethodHandleAccessor.invoke(DirectMethodHandleAccessor.java:103)
	at java.base/java.lang.reflect.Method.invoke(Method.java:580)
	at com.sun.javafx.reflect.Trampoline.invoke(MethodUtil.java:72)
	at java.base/jdk.internal.reflect.DirectMethodHandleAccessor.invoke(DirectMethodHandleAccessor.java:103)
	at java.base/java.lang.reflect.Method.invoke(Method.java:580)
	at javafx.base@21.0.1/com.sun.javafx.reflect.MethodUtil.invoke(MethodUtil.java:270)
	at javafx.fxml@21.0.1/com.sun.javafx.fxml.MethodHelper.invoke(MethodHelper.java:84)
	at javafx.fxml@21.0.1/javafx.fxml.FXMLLoader$MethodHandler.invoke(FXMLLoader.java:1855)
	at javafx.fxml@21.0.1/javafx.fxml.FXMLLoader$ControllerMethodEventHandler.handle(FXMLLoader.java:1726)
	at javafx.base@21.0.1/com.sun.javafx.event.CompositeEventHandler.dispatchBubblingEvent(CompositeEventHandler.java:86)
	at javafx.base@21.0.1/com.sun.javafx.event.EventHandlerManager.dispatchBubblingEvent(EventHandlerManager.java:232)
	at javafx.base@21.0.1/com.sun.javafx.event.EventHandlerManager.dispatchBubblingEvent(EventHandlerManager.java:189)
	at javafx.base@21.0.1/com.sun.javafx.event.CompositeEventDispatcher.dispatchBubblingEvent(CompositeEventDispatcher.java:59)
	at javafx.base@21.0.1/com.sun.javafx.event.BasicEventDispatcher.dispatchEvent(BasicEventDispatcher.java:58)
	at javafx.base@21.0.1/com.sun.javafx.event.EventDispatchChainImpl.dispatchEvent(EventDispatchChainImpl.java:114)
	at javafx.base@21.0.1/com.sun.javafx.event.BasicEventDispatcher.dispatchEvent(BasicEventDispatcher.java:56)
	at javafx.base@21.0.1/com.sun.javafx.event.EventDispatchChainImpl.dispatchEvent(EventDispatchChainImpl.java:114)
	at javafx.base@21.0.1/com.sun.javafx.event.BasicEventDispatcher.dispatchEvent(BasicEventDispatcher.java:56)
	at javafx.base@21.0.1/com.sun.javafx.event.EventDispatchChainImpl.dispatchEvent(EventDispatchChainImpl.java:114)
	at javafx.base@21.0.1/com.sun.javafx.event.BasicEventDispatcher.dispatchEvent(BasicEventDispatcher.java:56)
	at javafx.base@21.0.1/com.sun.javafx.event.EventDispatchChainImpl.dispatchEvent(EventDispatchChainImpl.java:114)
	at javafx.base@21.0.1/com.sun.javafx.event.EventUtil.fireEventImpl(EventUtil.java:74)
	at javafx.base@21.0.1/com.sun.javafx.event.EventUtil.fireEvent(EventUtil.java:49)
	at javafx.base@21.0.1/javafx.event.Event.fireEvent(Event.java:198)
	at javafx.graphics@21.0.1/javafx.scene.Node.fireEvent(Node.java:8875)
	at javafx.controls@21.0.1/javafx.scene.control.Button.fire(Button.java:203)
	at javafx.controls@21.0.1/com.sun.javafx.scene.control.behavior.ButtonBehavior.mouseReleased(ButtonBehavior.java:207)
	at javafx.controls@21.0.1/com.sun.javafx.scene.control.inputmap.InputMap.handle(InputMap.java:274)
	at javafx.base@21.0.1/com.sun.javafx.event.CompositeEventHandler$NormalEventHandlerRecord.handleBubblingEvent(CompositeEventHandler.java:247)
	at javafx.base@21.0.1/com.sun.javafx.event.CompositeEventHandler.dispatchBubblingEvent(CompositeEventHandler.java:80)
	at javafx.base@21.0.1/com.sun.javafx.event.EventHandlerManager.dispatchBubblingEvent(EventHandlerManager.java:232)
	at javafx.base@21.0.1/com.sun.javafx.event.EventHandlerManager.dispatchBubblingEvent(EventHandlerManager.java:189)
	at javafx.base@21.0.1/com.sun.javafx.event.CompositeEventDispatcher.dispatchBubblingEvent(CompositeEventDispatcher.java:59)
	at javafx.base@21.0.1/com.sun.javafx.event.BasicEventDispatcher.dispatchEvent(BasicEventDispatcher.java:58)
	at javafx.base@21.0.1/com.sun.javafx.event.EventDispatchChainImpl.dispatchEvent(EventDispatchChainImpl.java:114)
	at javafx.base@21.0.1/com.sun.javafx.event.BasicEventDispatcher.dispatchEvent(BasicEventDispatcher.java:56)
	at javafx.base@21.0.1/com.sun.javafx.event.EventDispatchChainImpl.dispatchEvent(EventDispatchChainImpl.java:114)
	at javafx.base@21.0.1/com.sun.javafx.event.BasicEventDispatcher.dispatchEvent(BasicEventDispatcher.java:56)
	at javafx.base@21.0.1/com.sun.javafx.event.EventDispatchChainImpl.dispatchEvent(EventDispatchChainImpl.java:114)
	at javafx.base@21.0.1/com.sun.javafx.event.BasicEventDispatcher.dispatchEvent(BasicEventDispatcher.java:56)
	at javafx.base@21.0.1/com.sun.javafx.event.EventDispatchChainImpl.dispatchEvent(EventDispatchChainImpl.java:114)
	at javafx.base@21.0.1/com.sun.javafx.event.EventUtil.fireEventImpl(EventUtil.java:74)
	at javafx.base@21.0.1/com.sun.javafx.event.EventUtil.fireEvent(EventUtil.java:54)
	at javafx.base@21.0.1/javafx.event.Event.fireEvent(Event.java:198)
	at javafx.graphics@21.0.1/javafx.scene.Scene$MouseHandler.process(Scene.java:3984)
	at javafx.graphics@21.0.1/javafx.scene.Scene.processMouseEvent(Scene.java:1890)
	at javafx.graphics@21.0.1/javafx.scene.Scene$ScenePeerListener.mouseEvent(Scene.java:2708)
	at javafx.graphics@21.0.1/com.sun.javafx.tk.quantum.GlassViewEventHandler$MouseEventNotification.run(GlassViewEventHandler.java:411)
	at javafx.graphics@21.0.1/com.sun.javafx.tk.quantum.GlassViewEventHandler$MouseEventNotification.run(GlassViewEventHandler.java:301)
	at java.base/java.security.AccessController.doPrivileged(AccessController.java:400)
	at javafx.graphics@21.0.1/com.sun.javafx.tk.quantum.GlassViewEventHandler.lambda$handleMouseEvent$2(GlassViewEventHandler.java:450)
	at javafx.graphics@21.0.1/com.sun.javafx.tk.quantum.QuantumToolkit.runWithoutRenderLock(QuantumToolkit.java:424)
	at javafx.graphics@21.0.1/com.sun.javafx.tk.quantum.GlassViewEventHandler.handleMouseEvent(GlassViewEventHandler.java:449)
	at javafx.graphics@21.0.1/com.sun.glass.ui.View.handleMouseEvent(View.java:551)
	at javafx.graphics@21.0.1/com.sun.glass.ui.View.notifyMouse(View.java:937)
	at javafx.graphics@21.0.1/com.sun.glass.ui.win.WinApplication._runLoop(Native Method)
	at javafx.graphics@21.0.1/com.sun.glass.ui.win.WinApplication.lambda$runLoop$3(WinApplication.java:185)
	at java.base/java.lang.Thread.run(Thread.java:1583)
2025-10-06 10:08:21 [JavaFX Application Thread] INFO  p.c.a.v.asesor.AsesorMainController - Intentando cargar solicitud de préstamo...
2025-10-06 10:08:21 [JavaFX Application Thread] ERROR p.c.a.v.asesor.AsesorMainController - Error al cargar solicitud de préstamo
javafx.fxml.LoadException: String is not a valid type.
/C:/Users/USER/OneDrive/Escritorio/proyecto_v4.0/target/classes/fxml/asesor/SolicitarPrestamoView.fxml:57

	at javafx.fxml@21.0.1/javafx.fxml.FXMLLoader.constructLoadException(FXMLLoader.java:2718)
	at javafx.fxml@21.0.1/javafx.fxml.FXMLLoader.createElement(FXMLLoader.java:2920)
	at javafx.fxml@21.0.1/javafx.fxml.FXMLLoader.processStartElement(FXMLLoader.java:2850)
	at javafx.fxml@21.0.1/javafx.fxml.FXMLLoader.loadImpl(FXMLLoader.java:2649)
	at javafx.fxml@21.0.1/javafx.fxml.FXMLLoader.loadImpl(FXMLLoader.java:2563)
	at javafx.fxml@21.0.1/javafx.fxml.FXMLLoader.load(FXMLLoader.java:2531)
	at pe.crediactiva.app.view.asesor.AsesorMainController.handleSolicitarPrestamo(AsesorMainController.java:233)
	at java.base/jdk.internal.reflect.DirectMethodHandleAccessor.invoke(DirectMethodHandleAccessor.java:103)
	at java.base/java.lang.reflect.Method.invoke(Method.java:580)
	at com.sun.javafx.reflect.Trampoline.invoke(MethodUtil.java:72)
	at java.base/jdk.internal.reflect.DirectMethodHandleAccessor.invoke(DirectMethodHandleAccessor.java:103)
	at java.base/java.lang.reflect.Method.invoke(Method.java:580)
	at javafx.base@21.0.1/com.sun.javafx.reflect.MethodUtil.invoke(MethodUtil.java:270)
	at javafx.fxml@21.0.1/com.sun.javafx.fxml.MethodHelper.invoke(MethodHelper.java:84)
	at javafx.fxml@21.0.1/javafx.fxml.FXMLLoader$MethodHandler.invoke(FXMLLoader.java:1855)
	at javafx.fxml@21.0.1/javafx.fxml.FXMLLoader$ControllerMethodEventHandler.handle(FXMLLoader.java:1726)
	at javafx.base@21.0.1/com.sun.javafx.event.CompositeEventHandler.dispatchBubblingEvent(CompositeEventHandler.java:86)
	at javafx.base@21.0.1/com.sun.javafx.event.EventHandlerManager.dispatchBubblingEvent(EventHandlerManager.java:232)
	at javafx.base@21.0.1/com.sun.javafx.event.EventHandlerManager.dispatchBubblingEvent(EventHandlerManager.java:189)
	at javafx.base@21.0.1/com.sun.javafx.event.CompositeEventDispatcher.dispatchBubblingEvent(CompositeEventDispatcher.java:59)
	at javafx.base@21.0.1/com.sun.javafx.event.BasicEventDispatcher.dispatchEvent(BasicEventDispatcher.java:58)
	at javafx.base@21.0.1/com.sun.javafx.event.EventDispatchChainImpl.dispatchEvent(EventDispatchChainImpl.java:114)
	at javafx.base@21.0.1/com.sun.javafx.event.BasicEventDispatcher.dispatchEvent(BasicEventDispatcher.java:56)
	at javafx.base@21.0.1/com.sun.javafx.event.EventDispatchChainImpl.dispatchEvent(EventDispatchChainImpl.java:114)
	at javafx.base@21.0.1/com.sun.javafx.event.BasicEventDispatcher.dispatchEvent(BasicEventDispatcher.java:56)
	at javafx.base@21.0.1/com.sun.javafx.event.EventDispatchChainImpl.dispatchEvent(EventDispatchChainImpl.java:114)
	at javafx.base@21.0.1/com.sun.javafx.event.BasicEventDispatcher.dispatchEvent(BasicEventDispatcher.java:56)
	at javafx.base@21.0.1/com.sun.javafx.event.EventDispatchChainImpl.dispatchEvent(EventDispatchChainImpl.java:114)
	at javafx.base@21.0.1/com.sun.javafx.event.EventUtil.fireEventImpl(EventUtil.java:74)
	at javafx.base@21.0.1/com.sun.javafx.event.EventUtil.fireEvent(EventUtil.java:49)
	at javafx.base@21.0.1/javafx.event.Event.fireEvent(Event.java:198)
	at javafx.graphics@21.0.1/javafx.scene.Node.fireEvent(Node.java:8875)
	at javafx.controls@21.0.1/javafx.scene.control.Button.fire(Button.java:203)
	at javafx.controls@21.0.1/com.sun.javafx.scene.control.behavior.ButtonBehavior.mouseReleased(ButtonBehavior.java:207)
	at javafx.controls@21.0.1/com.sun.javafx.scene.control.inputmap.InputMap.handle(InputMap.java:274)
	at javafx.base@21.0.1/com.sun.javafx.event.CompositeEventHandler$NormalEventHandlerRecord.handleBubblingEvent(CompositeEventHandler.java:247)
	at javafx.base@21.0.1/com.sun.javafx.event.CompositeEventHandler.dispatchBubblingEvent(CompositeEventHandler.java:80)
	at javafx.base@21.0.1/com.sun.javafx.event.EventHandlerManager.dispatchBubblingEvent(EventHandlerManager.java:232)
	at javafx.base@21.0.1/com.sun.javafx.event.EventHandlerManager.dispatchBubblingEvent(EventHandlerManager.java:189)
	at javafx.base@21.0.1/com.sun.javafx.event.CompositeEventDispatcher.dispatchBubblingEvent(CompositeEventDispatcher.java:59)
	at javafx.base@21.0.1/com.sun.javafx.event.BasicEventDispatcher.dispatchEvent(BasicEventDispatcher.java:58)
	at javafx.base@21.0.1/com.sun.javafx.event.EventDispatchChainImpl.dispatchEvent(EventDispatchChainImpl.java:114)
	at javafx.base@21.0.1/com.sun.javafx.event.BasicEventDispatcher.dispatchEvent(BasicEventDispatcher.java:56)
	at javafx.base@21.0.1/com.sun.javafx.event.EventDispatchChainImpl.dispatchEvent(EventDispatchChainImpl.java:114)
	at javafx.base@21.0.1/com.sun.javafx.event.BasicEventDispatcher.dispatchEvent(BasicEventDispatcher.java:56)
	at javafx.base@21.0.1/com.sun.javafx.event.EventDispatchChainImpl.dispatchEvent(EventDispatchChainImpl.java:114)
	at javafx.base@21.0.1/com.sun.javafx.event.BasicEventDispatcher.dispatchEvent(BasicEventDispatcher.java:56)
	at javafx.base@21.0.1/com.sun.javafx.event.EventDispatchChainImpl.dispatchEvent(EventDispatchChainImpl.java:114)
	at javafx.base@21.0.1/com.sun.javafx.event.EventUtil.fireEventImpl(EventUtil.java:74)
	at javafx.base@21.0.1/com.sun.javafx.event.EventUtil.fireEvent(EventUtil.java:54)
	at javafx.base@21.0.1/javafx.event.Event.fireEvent(Event.java:198)
	at javafx.graphics@21.0.1/javafx.scene.Scene$MouseHandler.process(Scene.java:3984)
	at javafx.graphics@21.0.1/javafx.scene.Scene.processMouseEvent(Scene.java:1890)
	at javafx.graphics@21.0.1/javafx.scene.Scene$ScenePeerListener.mouseEvent(Scene.java:2708)
	at javafx.graphics@21.0.1/com.sun.javafx.tk.quantum.GlassViewEventHandler$MouseEventNotification.run(GlassViewEventHandler.java:411)
	at javafx.graphics@21.0.1/com.sun.javafx.tk.quantum.GlassViewEventHandler$MouseEventNotification.run(GlassViewEventHandler.java:301)
	at java.base/java.security.AccessController.doPrivileged(AccessController.java:400)
	at javafx.graphics@21.0.1/com.sun.javafx.tk.quantum.GlassViewEventHandler.lambda$handleMouseEvent$2(GlassViewEventHandler.java:450)
	at javafx.graphics@21.0.1/com.sun.javafx.tk.quantum.QuantumToolkit.runWithoutRenderLock(QuantumToolkit.java:424)
	at javafx.graphics@21.0.1/com.sun.javafx.tk.quantum.GlassViewEventHandler.handleMouseEvent(GlassViewEventHandler.java:449)
	at javafx.graphics@21.0.1/com.sun.glass.ui.View.handleMouseEvent(View.java:551)
	at javafx.graphics@21.0.1/com.sun.glass.ui.View.notifyMouse(View.java:937)
	at javafx.graphics@21.0.1/com.sun.glass.ui.win.WinApplication._runLoop(Native Method)
	at javafx.graphics@21.0.1/com.sun.glass.ui.win.WinApplication.lambda$runLoop$3(WinApplication.java:185)
	at java.base/java.lang.Thread.run(Thread.java:1583)
2025-10-06 10:08:23 [JavaFX Application Thread] INFO  p.c.app.config.DatabaseConfig - Pool de conexiones cerrado correctamente
2025-10-06 10:08:23 [JavaFX Application Thread] INFO  pe.crediactiva.app.Main - Aplicación CrediActiva cerrada
2025-10-06 10:08:25 [JavaFX Application Thread] INFO  p.c.app.config.DatabaseConfig - Pool de conexiones cerrado correctamente
2025-10-06 10:08:25 [JavaFX Application Thread] INFO  pe.crediactiva.app.Main - Aplicación CrediActiva cerrada
2025-10-06 10:08:40 [main] INFO  pe.crediactiva.app.Main - Iniciando aplicación CrediActiva Desktop v1.0.0
2025-10-06 10:08:40 [JavaFX Application Thread] INFO  pe.crediactiva.app.Main - Icono no encontrado, continuando sin icono
2025-10-06 10:08:40 [JavaFX Application Thread] INFO  p.c.app.config.DatabaseConfig - Propiedades de base de datos cargadas correctamente
2025-10-06 10:08:40 [JavaFX Application Thread] INFO  p.c.app.config.DatabaseConfig - Pool de conexiones HikariCP inicializado correctamente
2025-10-06 10:08:41 [JavaFX Application Thread] INFO  pe.crediactiva.app.Main - Aplicación CrediActiva iniciada correctamente
2025-10-06 10:09:00 [JavaFX Application Thread] INFO  p.c.app.dao.impl.UsuarioDAOImpl - Usuario autenticado exitosamente: 12345678
2025-10-06 10:09:00 [JavaFX Application Thread] INFO  p.c.a.service.AuthenticationService - Usuario autenticado exitosamente: 12345678 - ASESOR
2025-10-06 10:09:00 [JavaFX Application Thread] INFO  p.c.app.view.LoginController - Usuario autenticado exitosamente: 12345678
2025-10-06 10:09:00 [JavaFX Application Thread] ERROR p.c.app.service.RecaudacionService - Error al calcular recaudación mensual para asesor: null
java.lang.NullPointerException: Cannot invoke "java.lang.Long.longValue()" because "idAsesor" is null
	at pe.crediactiva.app.dao.impl.RecaudacionAsesorDAOImpl.findByAsesor(RecaudacionAsesorDAOImpl.java:157)
	at pe.crediactiva.app.service.RecaudacionService.obtenerRecaudacionMensualPorAsesor(RecaudacionService.java:112)
	at pe.crediactiva.app.service.RecaudacionService.obtenerRecaudacionDelDia(RecaudacionService.java:268)
	at pe.crediactiva.app.view.asesor.AsesorMainController.cargarEstadisticasDashboard(AsesorMainController.java:134)
	at pe.crediactiva.app.view.asesor.AsesorMainController.initialize(AsesorMainController.java:109)
	at java.base/jdk.internal.reflect.DirectMethodHandleAccessor.invoke(DirectMethodHandleAccessor.java:103)
	at java.base/java.lang.reflect.Method.invoke(Method.java:580)
	at com.sun.javafx.reflect.Trampoline.invoke(MethodUtil.java:72)
	at java.base/jdk.internal.reflect.DirectMethodHandleAccessor.invoke(DirectMethodHandleAccessor.java:103)
	at java.base/java.lang.reflect.Method.invoke(Method.java:580)
	at javafx.base@21.0.1/com.sun.javafx.reflect.MethodUtil.invoke(MethodUtil.java:270)
	at javafx.fxml@21.0.1/com.sun.javafx.fxml.MethodHelper.invoke(MethodHelper.java:84)
	at javafx.fxml@21.0.1/javafx.fxml.FXMLLoader.loadImpl(FXMLLoader.java:2688)
	at javafx.fxml@21.0.1/javafx.fxml.FXMLLoader.loadImpl(FXMLLoader.java:2563)
	at javafx.fxml@21.0.1/javafx.fxml.FXMLLoader.load(FXMLLoader.java:2531)
	at pe.crediactiva.app.view.LoginController.redirectToMainScreen(LoginController.java:140)
	at pe.crediactiva.app.view.LoginController.handleLogin(LoginController.java:99)
	at pe.crediactiva.app.view.LoginController.lambda$initialize$0(LoginController.java:50)
	at javafx.base@21.0.1/com.sun.javafx.event.CompositeEventHandler.dispatchBubblingEvent(CompositeEventHandler.java:86)
	at javafx.base@21.0.1/com.sun.javafx.event.EventHandlerManager.dispatchBubblingEvent(EventHandlerManager.java:232)
	at javafx.base@21.0.1/com.sun.javafx.event.EventHandlerManager.dispatchBubblingEvent(EventHandlerManager.java:189)
	at javafx.base@21.0.1/com.sun.javafx.event.CompositeEventDispatcher.dispatchBubblingEvent(CompositeEventDispatcher.java:59)
	at javafx.base@21.0.1/com.sun.javafx.event.BasicEventDispatcher.dispatchEvent(BasicEventDispatcher.java:58)
	at javafx.base@21.0.1/com.sun.javafx.event.EventDispatchChainImpl.dispatchEvent(EventDispatchChainImpl.java:114)
	at javafx.base@21.0.1/com.sun.javafx.event.BasicEventDispatcher.dispatchEvent(BasicEventDispatcher.java:56)
	at javafx.base@21.0.1/com.sun.javafx.event.EventDispatchChainImpl.dispatchEvent(EventDispatchChainImpl.java:114)
	at javafx.base@21.0.1/com.sun.javafx.event.BasicEventDispatcher.dispatchEvent(BasicEventDispatcher.java:56)
	at javafx.base@21.0.1/com.sun.javafx.event.EventDispatchChainImpl.dispatchEvent(EventDispatchChainImpl.java:114)
	at javafx.base@21.0.1/com.sun.javafx.event.EventUtil.fireEventImpl(EventUtil.java:74)
	at javafx.base@21.0.1/com.sun.javafx.event.EventUtil.fireEvent(EventUtil.java:49)
	at javafx.base@21.0.1/javafx.event.Event.fireEvent(Event.java:198)
	at javafx.graphics@21.0.1/javafx.scene.Node.fireEvent(Node.java:8875)
	at javafx.controls@21.0.1/com.sun.javafx.scene.control.behavior.TextFieldBehavior.fire(TextFieldBehavior.java:161)
	at javafx.controls@21.0.1/com.sun.javafx.scene.control.behavior.TextInputControlBehavior.lambda$keyMapping$62(TextInputControlBehavior.java:344)
	at javafx.controls@21.0.1/com.sun.javafx.scene.control.inputmap.InputMap.handle(InputMap.java:274)
	at javafx.base@21.0.1/com.sun.javafx.event.CompositeEventHandler$NormalEventHandlerRecord.handleBubblingEvent(CompositeEventHandler.java:247)
	at javafx.base@21.0.1/com.sun.javafx.event.CompositeEventHandler.dispatchBubblingEvent(CompositeEventHandler.java:80)
	at javafx.base@21.0.1/com.sun.javafx.event.EventHandlerManager.dispatchBubblingEvent(EventHandlerManager.java:232)
	at javafx.base@21.0.1/com.sun.javafx.event.EventHandlerManager.dispatchBubblingEvent(EventHandlerManager.java:189)
	at javafx.base@21.0.1/com.sun.javafx.event.CompositeEventDispatcher.dispatchBubblingEvent(CompositeEventDispatcher.java:59)
	at javafx.base@21.0.1/com.sun.javafx.event.BasicEventDispatcher.dispatchEvent(BasicEventDispatcher.java:58)
	at javafx.base@21.0.1/com.sun.javafx.event.EventDispatchChainImpl.dispatchEvent(EventDispatchChainImpl.java:114)
	at javafx.base@21.0.1/com.sun.javafx.event.BasicEventDispatcher.dispatchEvent(BasicEventDispatcher.java:56)
	at javafx.base@21.0.1/com.sun.javafx.event.EventDispatchChainImpl.dispatchEvent(EventDispatchChainImpl.java:114)
	at javafx.base@21.0.1/com.sun.javafx.event.BasicEventDispatcher.dispatchEvent(BasicEventDispatcher.java:56)
	at javafx.base@21.0.1/com.sun.javafx.event.EventDispatchChainImpl.dispatchEvent(EventDispatchChainImpl.java:114)
	at javafx.base@21.0.1/com.sun.javafx.event.EventUtil.fireEventImpl(EventUtil.java:74)
	at javafx.base@21.0.1/com.sun.javafx.event.EventUtil.fireEvent(EventUtil.java:54)
	at javafx.base@21.0.1/javafx.event.Event.fireEvent(Event.java:198)
	at javafx.graphics@21.0.1/javafx.scene.Scene.processKeyEvent(Scene.java:2194)
	at javafx.graphics@21.0.1/javafx.scene.Scene$ScenePeerListener.keyEvent(Scene.java:2715)
	at javafx.graphics@21.0.1/com.sun.javafx.tk.quantum.GlassViewEventHandler$KeyEventNotification.run(GlassViewEventHandler.java:218)
	at javafx.graphics@21.0.1/com.sun.javafx.tk.quantum.GlassViewEventHandler$KeyEventNotification.run(GlassViewEventHandler.java:150)
	at java.base/java.security.AccessController.doPrivileged(AccessController.java:400)
	at javafx.graphics@21.0.1/com.sun.javafx.tk.quantum.GlassViewEventHandler.lambda$handleKeyEvent$1(GlassViewEventHandler.java:250)
	at javafx.graphics@21.0.1/com.sun.javafx.tk.quantum.QuantumToolkit.runWithoutRenderLock(QuantumToolkit.java:424)
	at javafx.graphics@21.0.1/com.sun.javafx.tk.quantum.GlassViewEventHandler.handleKeyEvent(GlassViewEventHandler.java:249)
	at javafx.graphics@21.0.1/com.sun.glass.ui.View.handleKeyEvent(View.java:542)
	at javafx.graphics@21.0.1/com.sun.glass.ui.View.notifyKey(View.java:966)
	at javafx.graphics@21.0.1/com.sun.glass.ui.win.WinApplication._runLoop(Native Method)
	at javafx.graphics@21.0.1/com.sun.glass.ui.win.WinApplication.lambda$runLoop$3(WinApplication.java:185)
	at java.base/java.lang.Thread.run(Thread.java:1583)
2025-10-06 10:09:00 [JavaFX Application Thread] ERROR p.c.app.service.RecaudacionService - Error al calcular recaudación mensual para asesor: null
java.lang.NullPointerException: Cannot invoke "java.lang.Long.longValue()" because "idAsesor" is null
	at pe.crediactiva.app.dao.impl.RecaudacionAsesorDAOImpl.findByAsesor(RecaudacionAsesorDAOImpl.java:157)
	at pe.crediactiva.app.service.RecaudacionService.obtenerRecaudacionMensualPorAsesor(RecaudacionService.java:112)
	at pe.crediactiva.app.service.RecaudacionService.obtenerRecaudacionDelMes(RecaudacionService.java:275)
	at pe.crediactiva.app.view.asesor.AsesorMainController.cargarEstadisticasDashboard(AsesorMainController.java:138)
	at pe.crediactiva.app.view.asesor.AsesorMainController.initialize(AsesorMainController.java:109)
	at java.base/jdk.internal.reflect.DirectMethodHandleAccessor.invoke(DirectMethodHandleAccessor.java:103)
	at java.base/java.lang.reflect.Method.invoke(Method.java:580)
	at com.sun.javafx.reflect.Trampoline.invoke(MethodUtil.java:72)
	at java.base/jdk.internal.reflect.DirectMethodHandleAccessor.invoke(DirectMethodHandleAccessor.java:103)
	at java.base/java.lang.reflect.Method.invoke(Method.java:580)
	at javafx.base@21.0.1/com.sun.javafx.reflect.MethodUtil.invoke(MethodUtil.java:270)
	at javafx.fxml@21.0.1/com.sun.javafx.fxml.MethodHelper.invoke(MethodHelper.java:84)
	at javafx.fxml@21.0.1/javafx.fxml.FXMLLoader.loadImpl(FXMLLoader.java:2688)
	at javafx.fxml@21.0.1/javafx.fxml.FXMLLoader.loadImpl(FXMLLoader.java:2563)
	at javafx.fxml@21.0.1/javafx.fxml.FXMLLoader.load(FXMLLoader.java:2531)
	at pe.crediactiva.app.view.LoginController.redirectToMainScreen(LoginController.java:140)
	at pe.crediactiva.app.view.LoginController.handleLogin(LoginController.java:99)
	at pe.crediactiva.app.view.LoginController.lambda$initialize$0(LoginController.java:50)
	at javafx.base@21.0.1/com.sun.javafx.event.CompositeEventHandler.dispatchBubblingEvent(CompositeEventHandler.java:86)
	at javafx.base@21.0.1/com.sun.javafx.event.EventHandlerManager.dispatchBubblingEvent(EventHandlerManager.java:232)
	at javafx.base@21.0.1/com.sun.javafx.event.EventHandlerManager.dispatchBubblingEvent(EventHandlerManager.java:189)
	at javafx.base@21.0.1/com.sun.javafx.event.CompositeEventDispatcher.dispatchBubblingEvent(CompositeEventDispatcher.java:59)
	at javafx.base@21.0.1/com.sun.javafx.event.BasicEventDispatcher.dispatchEvent(BasicEventDispatcher.java:58)
	at javafx.base@21.0.1/com.sun.javafx.event.EventDispatchChainImpl.dispatchEvent(EventDispatchChainImpl.java:114)
	at javafx.base@21.0.1/com.sun.javafx.event.BasicEventDispatcher.dispatchEvent(BasicEventDispatcher.java:56)
	at javafx.base@21.0.1/com.sun.javafx.event.EventDispatchChainImpl.dispatchEvent(EventDispatchChainImpl.java:114)
	at javafx.base@21.0.1/com.sun.javafx.event.BasicEventDispatcher.dispatchEvent(BasicEventDispatcher.java:56)
	at javafx.base@21.0.1/com.sun.javafx.event.EventDispatchChainImpl.dispatchEvent(EventDispatchChainImpl.java:114)
	at javafx.base@21.0.1/com.sun.javafx.event.EventUtil.fireEventImpl(EventUtil.java:74)
	at javafx.base@21.0.1/com.sun.javafx.event.EventUtil.fireEvent(EventUtil.java:49)
	at javafx.base@21.0.1/javafx.event.Event.fireEvent(Event.java:198)
	at javafx.graphics@21.0.1/javafx.scene.Node.fireEvent(Node.java:8875)
	at javafx.controls@21.0.1/com.sun.javafx.scene.control.behavior.TextFieldBehavior.fire(TextFieldBehavior.java:161)
	at javafx.controls@21.0.1/com.sun.javafx.scene.control.behavior.TextInputControlBehavior.lambda$keyMapping$62(TextInputControlBehavior.java:344)
	at javafx.controls@21.0.1/com.sun.javafx.scene.control.inputmap.InputMap.handle(InputMap.java:274)
	at javafx.base@21.0.1/com.sun.javafx.event.CompositeEventHandler$NormalEventHandlerRecord.handleBubblingEvent(CompositeEventHandler.java:247)
	at javafx.base@21.0.1/com.sun.javafx.event.CompositeEventHandler.dispatchBubblingEvent(CompositeEventHandler.java:80)
	at javafx.base@21.0.1/com.sun.javafx.event.EventHandlerManager.dispatchBubblingEvent(EventHandlerManager.java:232)
	at javafx.base@21.0.1/com.sun.javafx.event.EventHandlerManager.dispatchBubblingEvent(EventHandlerManager.java:189)
	at javafx.base@21.0.1/com.sun.javafx.event.CompositeEventDispatcher.dispatchBubblingEvent(CompositeEventDispatcher.java:59)
	at javafx.base@21.0.1/com.sun.javafx.event.BasicEventDispatcher.dispatchEvent(BasicEventDispatcher.java:58)
	at javafx.base@21.0.1/com.sun.javafx.event.EventDispatchChainImpl.dispatchEvent(EventDispatchChainImpl.java:114)
	at javafx.base@21.0.1/com.sun.javafx.event.BasicEventDispatcher.dispatchEvent(BasicEventDispatcher.java:56)
	at javafx.base@21.0.1/com.sun.javafx.event.EventDispatchChainImpl.dispatchEvent(EventDispatchChainImpl.java:114)
	at javafx.base@21.0.1/com.sun.javafx.event.BasicEventDispatcher.dispatchEvent(BasicEventDispatcher.java:56)
	at javafx.base@21.0.1/com.sun.javafx.event.EventDispatchChainImpl.dispatchEvent(EventDispatchChainImpl.java:114)
	at javafx.base@21.0.1/com.sun.javafx.event.EventUtil.fireEventImpl(EventUtil.java:74)
	at javafx.base@21.0.1/com.sun.javafx.event.EventUtil.fireEvent(EventUtil.java:54)
	at javafx.base@21.0.1/javafx.event.Event.fireEvent(Event.java:198)
	at javafx.graphics@21.0.1/javafx.scene.Scene.processKeyEvent(Scene.java:2194)
	at javafx.graphics@21.0.1/javafx.scene.Scene$ScenePeerListener.keyEvent(Scene.java:2715)
	at javafx.graphics@21.0.1/com.sun.javafx.tk.quantum.GlassViewEventHandler$KeyEventNotification.run(GlassViewEventHandler.java:218)
	at javafx.graphics@21.0.1/com.sun.javafx.tk.quantum.GlassViewEventHandler$KeyEventNotification.run(GlassViewEventHandler.java:150)
	at java.base/java.security.AccessController.doPrivileged(AccessController.java:400)
	at javafx.graphics@21.0.1/com.sun.javafx.tk.quantum.GlassViewEventHandler.lambda$handleKeyEvent$1(GlassViewEventHandler.java:250)
	at javafx.graphics@21.0.1/com.sun.javafx.tk.quantum.QuantumToolkit.runWithoutRenderLock(QuantumToolkit.java:424)
	at javafx.graphics@21.0.1/com.sun.javafx.tk.quantum.GlassViewEventHandler.handleKeyEvent(GlassViewEventHandler.java:249)
	at javafx.graphics@21.0.1/com.sun.glass.ui.View.handleKeyEvent(View.java:542)
	at javafx.graphics@21.0.1/com.sun.glass.ui.View.notifyKey(View.java:966)
	at javafx.graphics@21.0.1/com.sun.glass.ui.win.WinApplication._runLoop(Native Method)
	at javafx.graphics@21.0.1/com.sun.glass.ui.win.WinApplication.lambda$runLoop$3(WinApplication.java:185)
	at java.base/java.lang.Thread.run(Thread.java:1583)
2025-10-06 10:09:01 [JavaFX Application Thread] INFO  p.c.app.view.LoginController - Usuario redirigido a pantalla principal: ASESOR
2025-10-06 10:09:05 [JavaFX Application Thread] INFO  p.c.a.v.asesor.AsesorMainController - Intentando cargar solicitud de préstamo...
2025-10-06 10:09:05 [JavaFX Application Thread] ERROR p.c.a.v.asesor.AsesorMainController - Error al cargar solicitud de préstamo
javafx.fxml.LoadException: String is not a valid type.
/C:/Users/USER/OneDrive/Escritorio/proyecto_v4.0/target/classes/fxml/asesor/SolicitarPrestamoView.fxml:57

	at javafx.fxml@21.0.1/javafx.fxml.FXMLLoader.constructLoadException(FXMLLoader.java:2718)
	at javafx.fxml@21.0.1/javafx.fxml.FXMLLoader.createElement(FXMLLoader.java:2920)
	at javafx.fxml@21.0.1/javafx.fxml.FXMLLoader.processStartElement(FXMLLoader.java:2850)
	at javafx.fxml@21.0.1/javafx.fxml.FXMLLoader.loadImpl(FXMLLoader.java:2649)
	at javafx.fxml@21.0.1/javafx.fxml.FXMLLoader.loadImpl(FXMLLoader.java:2563)
	at javafx.fxml@21.0.1/javafx.fxml.FXMLLoader.load(FXMLLoader.java:2531)
	at pe.crediactiva.app.view.asesor.AsesorMainController.handleSolicitarPrestamo(AsesorMainController.java:233)
	at java.base/jdk.internal.reflect.DirectMethodHandleAccessor.invoke(DirectMethodHandleAccessor.java:103)
	at java.base/java.lang.reflect.Method.invoke(Method.java:580)
	at com.sun.javafx.reflect.Trampoline.invoke(MethodUtil.java:72)
	at java.base/jdk.internal.reflect.DirectMethodHandleAccessor.invoke(DirectMethodHandleAccessor.java:103)
	at java.base/java.lang.reflect.Method.invoke(Method.java:580)
	at javafx.base@21.0.1/com.sun.javafx.reflect.MethodUtil.invoke(MethodUtil.java:270)
	at javafx.fxml@21.0.1/com.sun.javafx.fxml.MethodHelper.invoke(MethodHelper.java:84)
	at javafx.fxml@21.0.1/javafx.fxml.FXMLLoader$MethodHandler.invoke(FXMLLoader.java:1855)
	at javafx.fxml@21.0.1/javafx.fxml.FXMLLoader$ControllerMethodEventHandler.handle(FXMLLoader.java:1726)
	at javafx.base@21.0.1/com.sun.javafx.event.CompositeEventHandler.dispatchBubblingEvent(CompositeEventHandler.java:86)
	at javafx.base@21.0.1/com.sun.javafx.event.EventHandlerManager.dispatchBubblingEvent(EventHandlerManager.java:232)
	at javafx.base@21.0.1/com.sun.javafx.event.EventHandlerManager.dispatchBubblingEvent(EventHandlerManager.java:189)
	at javafx.base@21.0.1/com.sun.javafx.event.CompositeEventDispatcher.dispatchBubblingEvent(CompositeEventDispatcher.java:59)
	at javafx.base@21.0.1/com.sun.javafx.event.BasicEventDispatcher.dispatchEvent(BasicEventDispatcher.java:58)
	at javafx.base@21.0.1/com.sun.javafx.event.EventDispatchChainImpl.dispatchEvent(EventDispatchChainImpl.java:114)
	at javafx.base@21.0.1/com.sun.javafx.event.BasicEventDispatcher.dispatchEvent(BasicEventDispatcher.java:56)
	at javafx.base@21.0.1/com.sun.javafx.event.EventDispatchChainImpl.dispatchEvent(EventDispatchChainImpl.java:114)
	at javafx.base@21.0.1/com.sun.javafx.event.BasicEventDispatcher.dispatchEvent(BasicEventDispatcher.java:56)
	at javafx.base@21.0.1/com.sun.javafx.event.EventDispatchChainImpl.dispatchEvent(EventDispatchChainImpl.java:114)
	at javafx.base@21.0.1/com.sun.javafx.event.BasicEventDispatcher.dispatchEvent(BasicEventDispatcher.java:56)
	at javafx.base@21.0.1/com.sun.javafx.event.EventDispatchChainImpl.dispatchEvent(EventDispatchChainImpl.java:114)
	at javafx.base@21.0.1/com.sun.javafx.event.EventUtil.fireEventImpl(EventUtil.java:74)
	at javafx.base@21.0.1/com.sun.javafx.event.EventUtil.fireEvent(EventUtil.java:49)
	at javafx.base@21.0.1/javafx.event.Event.fireEvent(Event.java:198)
	at javafx.graphics@21.0.1/javafx.scene.Node.fireEvent(Node.java:8875)
	at javafx.controls@21.0.1/javafx.scene.control.Button.fire(Button.java:203)
	at javafx.controls@21.0.1/com.sun.javafx.scene.control.behavior.ButtonBehavior.mouseReleased(ButtonBehavior.java:207)
	at javafx.controls@21.0.1/com.sun.javafx.scene.control.inputmap.InputMap.handle(InputMap.java:274)
	at javafx.base@21.0.1/com.sun.javafx.event.CompositeEventHandler$NormalEventHandlerRecord.handleBubblingEvent(CompositeEventHandler.java:247)
	at javafx.base@21.0.1/com.sun.javafx.event.CompositeEventHandler.dispatchBubblingEvent(CompositeEventHandler.java:80)
	at javafx.base@21.0.1/com.sun.javafx.event.EventHandlerManager.dispatchBubblingEvent(EventHandlerManager.java:232)
	at javafx.base@21.0.1/com.sun.javafx.event.EventHandlerManager.dispatchBubblingEvent(EventHandlerManager.java:189)
	at javafx.base@21.0.1/com.sun.javafx.event.CompositeEventDispatcher.dispatchBubblingEvent(CompositeEventDispatcher.java:59)
	at javafx.base@21.0.1/com.sun.javafx.event.BasicEventDispatcher.dispatchEvent(BasicEventDispatcher.java:58)
	at javafx.base@21.0.1/com.sun.javafx.event.EventDispatchChainImpl.dispatchEvent(EventDispatchChainImpl.java:114)
	at javafx.base@21.0.1/com.sun.javafx.event.BasicEventDispatcher.dispatchEvent(BasicEventDispatcher.java:56)
	at javafx.base@21.0.1/com.sun.javafx.event.EventDispatchChainImpl.dispatchEvent(EventDispatchChainImpl.java:114)
	at javafx.base@21.0.1/com.sun.javafx.event.BasicEventDispatcher.dispatchEvent(BasicEventDispatcher.java:56)
	at javafx.base@21.0.1/com.sun.javafx.event.EventDispatchChainImpl.dispatchEvent(EventDispatchChainImpl.java:114)
	at javafx.base@21.0.1/com.sun.javafx.event.BasicEventDispatcher.dispatchEvent(BasicEventDispatcher.java:56)
	at javafx.base@21.0.1/com.sun.javafx.event.EventDispatchChainImpl.dispatchEvent(EventDispatchChainImpl.java:114)
	at javafx.base@21.0.1/com.sun.javafx.event.EventUtil.fireEventImpl(EventUtil.java:74)
	at javafx.base@21.0.1/com.sun.javafx.event.EventUtil.fireEvent(EventUtil.java:54)
	at javafx.base@21.0.1/javafx.event.Event.fireEvent(Event.java:198)
	at javafx.graphics@21.0.1/javafx.scene.Scene$MouseHandler.process(Scene.java:3984)
	at javafx.graphics@21.0.1/javafx.scene.Scene.processMouseEvent(Scene.java:1890)
	at javafx.graphics@21.0.1/javafx.scene.Scene$ScenePeerListener.mouseEvent(Scene.java:2708)
	at javafx.graphics@21.0.1/com.sun.javafx.tk.quantum.GlassViewEventHandler$MouseEventNotification.run(GlassViewEventHandler.java:411)
	at javafx.graphics@21.0.1/com.sun.javafx.tk.quantum.GlassViewEventHandler$MouseEventNotification.run(GlassViewEventHandler.java:301)
	at java.base/java.security.AccessController.doPrivileged(AccessController.java:400)
	at javafx.graphics@21.0.1/com.sun.javafx.tk.quantum.GlassViewEventHandler.lambda$handleMouseEvent$2(GlassViewEventHandler.java:450)
	at javafx.graphics@21.0.1/com.sun.javafx.tk.quantum.QuantumToolkit.runWithoutRenderLock(QuantumToolkit.java:424)
	at javafx.graphics@21.0.1/com.sun.javafx.tk.quantum.GlassViewEventHandler.handleMouseEvent(GlassViewEventHandler.java:449)
	at javafx.graphics@21.0.1/com.sun.glass.ui.View.handleMouseEvent(View.java:551)
	at javafx.graphics@21.0.1/com.sun.glass.ui.View.notifyMouse(View.java:937)
	at javafx.graphics@21.0.1/com.sun.glass.ui.win.WinApplication._runLoop(Native Method)
	at javafx.graphics@21.0.1/com.sun.glass.ui.win.WinApplication.lambda$runLoop$3(WinApplication.java:185)
	at java.base/java.lang.Thread.run(Thread.java:1583)
2025-10-06 10:09:17 [JavaFX Application Thread] INFO  p.c.a.v.asesor.AsesorMainController - Intentando cargar solicitud de préstamo...
2025-10-06 10:09:17 [JavaFX Application Thread] ERROR p.c.a.v.asesor.AsesorMainController - Error al cargar solicitud de préstamo
javafx.fxml.LoadException: String is not a valid type.
/C:/Users/USER/OneDrive/Escritorio/proyecto_v4.0/target/classes/fxml/asesor/SolicitarPrestamoView.fxml:57

	at javafx.fxml@21.0.1/javafx.fxml.FXMLLoader.constructLoadException(FXMLLoader.java:2718)
	at javafx.fxml@21.0.1/javafx.fxml.FXMLLoader.createElement(FXMLLoader.java:2920)
	at javafx.fxml@21.0.1/javafx.fxml.FXMLLoader.processStartElement(FXMLLoader.java:2850)
	at javafx.fxml@21.0.1/javafx.fxml.FXMLLoader.loadImpl(FXMLLoader.java:2649)
	at javafx.fxml@21.0.1/javafx.fxml.FXMLLoader.loadImpl(FXMLLoader.java:2563)
	at javafx.fxml@21.0.1/javafx.fxml.FXMLLoader.load(FXMLLoader.java:2531)
	at pe.crediactiva.app.view.asesor.AsesorMainController.handleSolicitarPrestamo(AsesorMainController.java:233)
	at pe.crediactiva.app.view.asesor.AsesorMainController.handleNuevaSolicitud(AsesorMainController.java:528)
	at java.base/jdk.internal.reflect.DirectMethodHandleAccessor.invoke(DirectMethodHandleAccessor.java:103)
	at java.base/java.lang.reflect.Method.invoke(Method.java:580)
	at com.sun.javafx.reflect.Trampoline.invoke(MethodUtil.java:72)
	at java.base/jdk.internal.reflect.DirectMethodHandleAccessor.invoke(DirectMethodHandleAccessor.java:103)
	at java.base/java.lang.reflect.Method.invoke(Method.java:580)
	at javafx.base@21.0.1/com.sun.javafx.reflect.MethodUtil.invoke(MethodUtil.java:270)
	at javafx.fxml@21.0.1/com.sun.javafx.fxml.MethodHelper.invoke(MethodHelper.java:84)
	at javafx.fxml@21.0.1/javafx.fxml.FXMLLoader$MethodHandler.invoke(FXMLLoader.java:1855)
	at javafx.fxml@21.0.1/javafx.fxml.FXMLLoader$ControllerMethodEventHandler.handle(FXMLLoader.java:1726)
	at javafx.base@21.0.1/com.sun.javafx.event.CompositeEventHandler.dispatchBubblingEvent(CompositeEventHandler.java:86)
	at javafx.base@21.0.1/com.sun.javafx.event.EventHandlerManager.dispatchBubblingEvent(EventHandlerManager.java:232)
	at javafx.base@21.0.1/com.sun.javafx.event.EventHandlerManager.dispatchBubblingEvent(EventHandlerManager.java:189)
	at javafx.base@21.0.1/com.sun.javafx.event.CompositeEventDispatcher.dispatchBubblingEvent(CompositeEventDispatcher.java:59)
	at javafx.base@21.0.1/com.sun.javafx.event.BasicEventDispatcher.dispatchEvent(BasicEventDispatcher.java:58)
	at javafx.base@21.0.1/com.sun.javafx.event.EventDispatchChainImpl.dispatchEvent(EventDispatchChainImpl.java:114)
	at javafx.base@21.0.1/com.sun.javafx.event.BasicEventDispatcher.dispatchEvent(BasicEventDispatcher.java:56)
	at javafx.base@21.0.1/com.sun.javafx.event.EventDispatchChainImpl.dispatchEvent(EventDispatchChainImpl.java:114)
	at javafx.base@21.0.1/com.sun.javafx.event.BasicEventDispatcher.dispatchEvent(BasicEventDispatcher.java:56)
	at javafx.base@21.0.1/com.sun.javafx.event.EventDispatchChainImpl.dispatchEvent(EventDispatchChainImpl.java:114)
	at javafx.base@21.0.1/com.sun.javafx.event.BasicEventDispatcher.dispatchEvent(BasicEventDispatcher.java:56)
	at javafx.base@21.0.1/com.sun.javafx.event.EventDispatchChainImpl.dispatchEvent(EventDispatchChainImpl.java:114)
	at javafx.base@21.0.1/com.sun.javafx.event.EventUtil.fireEventImpl(EventUtil.java:74)
	at javafx.base@21.0.1/com.sun.javafx.event.EventUtil.fireEvent(EventUtil.java:49)
	at javafx.base@21.0.1/javafx.event.Event.fireEvent(Event.java:198)
	at javafx.graphics@21.0.1/javafx.scene.Node.fireEvent(Node.java:8875)
	at javafx.controls@21.0.1/javafx.scene.control.Button.fire(Button.java:203)
	at javafx.controls@21.0.1/com.sun.javafx.scene.control.behavior.ButtonBehavior.mouseReleased(ButtonBehavior.java:207)
	at javafx.controls@21.0.1/com.sun.javafx.scene.control.inputmap.InputMap.handle(InputMap.java:274)
	at javafx.base@21.0.1/com.sun.javafx.event.CompositeEventHandler$NormalEventHandlerRecord.handleBubblingEvent(CompositeEventHandler.java:247)
	at javafx.base@21.0.1/com.sun.javafx.event.CompositeEventHandler.dispatchBubblingEvent(CompositeEventHandler.java:80)
	at javafx.base@21.0.1/com.sun.javafx.event.EventHandlerManager.dispatchBubblingEvent(EventHandlerManager.java:232)
	at javafx.base@21.0.1/com.sun.javafx.event.EventHandlerManager.dispatchBubblingEvent(EventHandlerManager.java:189)
	at javafx.base@21.0.1/com.sun.javafx.event.CompositeEventDispatcher.dispatchBubblingEvent(CompositeEventDispatcher.java:59)
	at javafx.base@21.0.1/com.sun.javafx.event.BasicEventDispatcher.dispatchEvent(BasicEventDispatcher.java:58)
	at javafx.base@21.0.1/com.sun.javafx.event.EventDispatchChainImpl.dispatchEvent(EventDispatchChainImpl.java:114)
	at javafx.base@21.0.1/com.sun.javafx.event.BasicEventDispatcher.dispatchEvent(BasicEventDispatcher.java:56)
	at javafx.base@21.0.1/com.sun.javafx.event.EventDispatchChainImpl.dispatchEvent(EventDispatchChainImpl.java:114)
	at javafx.base@21.0.1/com.sun.javafx.event.BasicEventDispatcher.dispatchEvent(BasicEventDispatcher.java:56)
	at javafx.base@21.0.1/com.sun.javafx.event.EventDispatchChainImpl.dispatchEvent(EventDispatchChainImpl.java:114)
	at javafx.base@21.0.1/com.sun.javafx.event.BasicEventDispatcher.dispatchEvent(BasicEventDispatcher.java:56)
	at javafx.base@21.0.1/com.sun.javafx.event.EventDispatchChainImpl.dispatchEvent(EventDispatchChainImpl.java:114)
	at javafx.base@21.0.1/com.sun.javafx.event.EventUtil.fireEventImpl(EventUtil.java:74)
	at javafx.base@21.0.1/com.sun.javafx.event.EventUtil.fireEvent(EventUtil.java:54)
	at javafx.base@21.0.1/javafx.event.Event.fireEvent(Event.java:198)
	at javafx.graphics@21.0.1/javafx.scene.Scene$MouseHandler.process(Scene.java:3984)
	at javafx.graphics@21.0.1/javafx.scene.Scene.processMouseEvent(Scene.java:1890)
	at javafx.graphics@21.0.1/javafx.scene.Scene$ScenePeerListener.mouseEvent(Scene.java:2708)
	at javafx.graphics@21.0.1/com.sun.javafx.tk.quantum.GlassViewEventHandler$MouseEventNotification.run(GlassViewEventHandler.java:411)
	at javafx.graphics@21.0.1/com.sun.javafx.tk.quantum.GlassViewEventHandler$MouseEventNotification.run(GlassViewEventHandler.java:301)
	at java.base/java.security.AccessController.doPrivileged(AccessController.java:400)
	at javafx.graphics@21.0.1/com.sun.javafx.tk.quantum.GlassViewEventHandler.lambda$handleMouseEvent$2(GlassViewEventHandler.java:450)
	at javafx.graphics@21.0.1/com.sun.javafx.tk.quantum.QuantumToolkit.runWithoutRenderLock(QuantumToolkit.java:424)
	at javafx.graphics@21.0.1/com.sun.javafx.tk.quantum.GlassViewEventHandler.handleMouseEvent(GlassViewEventHandler.java:449)
	at javafx.graphics@21.0.1/com.sun.glass.ui.View.handleMouseEvent(View.java:551)
	at javafx.graphics@21.0.1/com.sun.glass.ui.View.notifyMouse(View.java:937)
	at javafx.graphics@21.0.1/com.sun.glass.ui.win.WinApplication._runLoop(Native Method)
	at javafx.graphics@21.0.1/com.sun.glass.ui.win.WinApplication.lambda$runLoop$3(WinApplication.java:185)
	at java.base/java.lang.Thread.run(Thread.java:1583)
2025-10-06 10:09:19 [JavaFX Application Thread] ERROR p.c.a.v.asesor.AsesorMainController - Error al cargar registro de cobro
javafx.fxml.LoadException: String is not a valid type.
/C:/Users/USER/OneDrive/Escritorio/proyecto_v4.0/target/classes/fxml/asesor/RegistrarCobroView.fxml:120

	at javafx.fxml@21.0.1/javafx.fxml.FXMLLoader.constructLoadException(FXMLLoader.java:2718)
	at javafx.fxml@21.0.1/javafx.fxml.FXMLLoader.createElement(FXMLLoader.java:2920)
	at javafx.fxml@21.0.1/javafx.fxml.FXMLLoader.processStartElement(FXMLLoader.java:2850)
	at javafx.fxml@21.0.1/javafx.fxml.FXMLLoader.loadImpl(FXMLLoader.java:2649)
	at javafx.fxml@21.0.1/javafx.fxml.FXMLLoader.loadImpl(FXMLLoader.java:2563)
	at javafx.fxml@21.0.1/javafx.fxml.FXMLLoader.load(FXMLLoader.java:2531)
	at pe.crediactiva.app.view.asesor.AsesorMainController.handleRegistrarCobro(AsesorMainController.java:278)
	at pe.crediactiva.app.view.asesor.AsesorMainController.handleRegistrarPago(AsesorMainController.java:536)
	at java.base/jdk.internal.reflect.DirectMethodHandleAccessor.invoke(DirectMethodHandleAccessor.java:103)
	at java.base/java.lang.reflect.Method.invoke(Method.java:580)
	at com.sun.javafx.reflect.Trampoline.invoke(MethodUtil.java:72)
	at java.base/jdk.internal.reflect.DirectMethodHandleAccessor.invoke(DirectMethodHandleAccessor.java:103)
	at java.base/java.lang.reflect.Method.invoke(Method.java:580)
	at javafx.base@21.0.1/com.sun.javafx.reflect.MethodUtil.invoke(MethodUtil.java:270)
	at javafx.fxml@21.0.1/com.sun.javafx.fxml.MethodHelper.invoke(MethodHelper.java:84)
	at javafx.fxml@21.0.1/javafx.fxml.FXMLLoader$MethodHandler.invoke(FXMLLoader.java:1855)
	at javafx.fxml@21.0.1/javafx.fxml.FXMLLoader$ControllerMethodEventHandler.handle(FXMLLoader.java:1726)
	at javafx.base@21.0.1/com.sun.javafx.event.CompositeEventHandler.dispatchBubblingEvent(CompositeEventHandler.java:86)
	at javafx.base@21.0.1/com.sun.javafx.event.EventHandlerManager.dispatchBubblingEvent(EventHandlerManager.java:232)
	at javafx.base@21.0.1/com.sun.javafx.event.EventHandlerManager.dispatchBubblingEvent(EventHandlerManager.java:189)
	at javafx.base@21.0.1/com.sun.javafx.event.CompositeEventDispatcher.dispatchBubblingEvent(CompositeEventDispatcher.java:59)
	at javafx.base@21.0.1/com.sun.javafx.event.BasicEventDispatcher.dispatchEvent(BasicEventDispatcher.java:58)
	at javafx.base@21.0.1/com.sun.javafx.event.EventDispatchChainImpl.dispatchEvent(EventDispatchChainImpl.java:114)
	at javafx.base@21.0.1/com.sun.javafx.event.BasicEventDispatcher.dispatchEvent(BasicEventDispatcher.java:56)
	at javafx.base@21.0.1/com.sun.javafx.event.EventDispatchChainImpl.dispatchEvent(EventDispatchChainImpl.java:114)
	at javafx.base@21.0.1/com.sun.javafx.event.BasicEventDispatcher.dispatchEvent(BasicEventDispatcher.java:56)
	at javafx.base@21.0.1/com.sun.javafx.event.EventDispatchChainImpl.dispatchEvent(EventDispatchChainImpl.java:114)
	at javafx.base@21.0.1/com.sun.javafx.event.BasicEventDispatcher.dispatchEvent(BasicEventDispatcher.java:56)
	at javafx.base@21.0.1/com.sun.javafx.event.EventDispatchChainImpl.dispatchEvent(EventDispatchChainImpl.java:114)
	at javafx.base@21.0.1/com.sun.javafx.event.EventUtil.fireEventImpl(EventUtil.java:74)
	at javafx.base@21.0.1/com.sun.javafx.event.EventUtil.fireEvent(EventUtil.java:49)
	at javafx.base@21.0.1/javafx.event.Event.fireEvent(Event.java:198)
	at javafx.graphics@21.0.1/javafx.scene.Node.fireEvent(Node.java:8875)
	at javafx.controls@21.0.1/javafx.scene.control.Button.fire(Button.java:203)
	at javafx.controls@21.0.1/com.sun.javafx.scene.control.behavior.ButtonBehavior.mouseReleased(ButtonBehavior.java:207)
	at javafx.controls@21.0.1/com.sun.javafx.scene.control.inputmap.InputMap.handle(InputMap.java:274)
	at javafx.base@21.0.1/com.sun.javafx.event.CompositeEventHandler$NormalEventHandlerRecord.handleBubblingEvent(CompositeEventHandler.java:247)
	at javafx.base@21.0.1/com.sun.javafx.event.CompositeEventHandler.dispatchBubblingEvent(CompositeEventHandler.java:80)
	at javafx.base@21.0.1/com.sun.javafx.event.EventHandlerManager.dispatchBubblingEvent(EventHandlerManager.java:232)
	at javafx.base@21.0.1/com.sun.javafx.event.EventHandlerManager.dispatchBubblingEvent(EventHandlerManager.java:189)
	at javafx.base@21.0.1/com.sun.javafx.event.CompositeEventDispatcher.dispatchBubblingEvent(CompositeEventDispatcher.java:59)
	at javafx.base@21.0.1/com.sun.javafx.event.BasicEventDispatcher.dispatchEvent(BasicEventDispatcher.java:58)
	at javafx.base@21.0.1/com.sun.javafx.event.EventDispatchChainImpl.dispatchEvent(EventDispatchChainImpl.java:114)
	at javafx.base@21.0.1/com.sun.javafx.event.BasicEventDispatcher.dispatchEvent(BasicEventDispatcher.java:56)
	at javafx.base@21.0.1/com.sun.javafx.event.EventDispatchChainImpl.dispatchEvent(EventDispatchChainImpl.java:114)
	at javafx.base@21.0.1/com.sun.javafx.event.BasicEventDispatcher.dispatchEvent(BasicEventDispatcher.java:56)
	at javafx.base@21.0.1/com.sun.javafx.event.EventDispatchChainImpl.dispatchEvent(EventDispatchChainImpl.java:114)
	at javafx.base@21.0.1/com.sun.javafx.event.BasicEventDispatcher.dispatchEvent(BasicEventDispatcher.java:56)
	at javafx.base@21.0.1/com.sun.javafx.event.EventDispatchChainImpl.dispatchEvent(EventDispatchChainImpl.java:114)
	at javafx.base@21.0.1/com.sun.javafx.event.EventUtil.fireEventImpl(EventUtil.java:74)
	at javafx.base@21.0.1/com.sun.javafx.event.EventUtil.fireEvent(EventUtil.java:54)
	at javafx.base@21.0.1/javafx.event.Event.fireEvent(Event.java:198)
	at javafx.graphics@21.0.1/javafx.scene.Scene$MouseHandler.process(Scene.java:3984)
	at javafx.graphics@21.0.1/javafx.scene.Scene.processMouseEvent(Scene.java:1890)
	at javafx.graphics@21.0.1/javafx.scene.Scene$ScenePeerListener.mouseEvent(Scene.java:2708)
	at javafx.graphics@21.0.1/com.sun.javafx.tk.quantum.GlassViewEventHandler$MouseEventNotification.run(GlassViewEventHandler.java:411)
	at javafx.graphics@21.0.1/com.sun.javafx.tk.quantum.GlassViewEventHandler$MouseEventNotification.run(GlassViewEventHandler.java:301)
	at java.base/java.security.AccessController.doPrivileged(AccessController.java:400)
	at javafx.graphics@21.0.1/com.sun.javafx.tk.quantum.GlassViewEventHandler.lambda$handleMouseEvent$2(GlassViewEventHandler.java:450)
	at javafx.graphics@21.0.1/com.sun.javafx.tk.quantum.QuantumToolkit.runWithoutRenderLock(QuantumToolkit.java:424)
	at javafx.graphics@21.0.1/com.sun.javafx.tk.quantum.GlassViewEventHandler.handleMouseEvent(GlassViewEventHandler.java:449)
	at javafx.graphics@21.0.1/com.sun.glass.ui.View.handleMouseEvent(View.java:551)
	at javafx.graphics@21.0.1/com.sun.glass.ui.View.notifyMouse(View.java:937)
	at javafx.graphics@21.0.1/com.sun.glass.ui.win.WinApplication._runLoop(Native Method)
	at javafx.graphics@21.0.1/com.sun.glass.ui.win.WinApplication.lambda$runLoop$3(WinApplication.java:185)
	at java.base/java.lang.Thread.run(Thread.java:1583)
2025-10-06 10:09:37 [JavaFX Application Thread] INFO  p.c.a.v.asesor.AsesorMainController - Intentando cargar solicitud de préstamo...
2025-10-06 10:09:37 [JavaFX Application Thread] ERROR p.c.a.v.asesor.AsesorMainController - Error al cargar solicitud de préstamo
javafx.fxml.LoadException: String is not a valid type.
/C:/Users/USER/OneDrive/Escritorio/proyecto_v4.0/target/classes/fxml/asesor/SolicitarPrestamoView.fxml:57

	at javafx.fxml@21.0.1/javafx.fxml.FXMLLoader.constructLoadException(FXMLLoader.java:2718)
	at javafx.fxml@21.0.1/javafx.fxml.FXMLLoader.createElement(FXMLLoader.java:2920)
	at javafx.fxml@21.0.1/javafx.fxml.FXMLLoader.processStartElement(FXMLLoader.java:2850)
	at javafx.fxml@21.0.1/javafx.fxml.FXMLLoader.loadImpl(FXMLLoader.java:2649)
	at javafx.fxml@21.0.1/javafx.fxml.FXMLLoader.loadImpl(FXMLLoader.java:2563)
	at javafx.fxml@21.0.1/javafx.fxml.FXMLLoader.load(FXMLLoader.java:2531)
	at pe.crediactiva.app.view.asesor.AsesorMainController.handleSolicitarPrestamo(AsesorMainController.java:233)
	at java.base/jdk.internal.reflect.DirectMethodHandleAccessor.invoke(DirectMethodHandleAccessor.java:103)
	at java.base/java.lang.reflect.Method.invoke(Method.java:580)
	at com.sun.javafx.reflect.Trampoline.invoke(MethodUtil.java:72)
	at java.base/jdk.internal.reflect.DirectMethodHandleAccessor.invoke(DirectMethodHandleAccessor.java:103)
	at java.base/java.lang.reflect.Method.invoke(Method.java:580)
	at javafx.base@21.0.1/com.sun.javafx.reflect.MethodUtil.invoke(MethodUtil.java:270)
	at javafx.fxml@21.0.1/com.sun.javafx.fxml.MethodHelper.invoke(MethodHelper.java:84)
	at javafx.fxml@21.0.1/javafx.fxml.FXMLLoader$MethodHandler.invoke(FXMLLoader.java:1855)
	at javafx.fxml@21.0.1/javafx.fxml.FXMLLoader$ControllerMethodEventHandler.handle(FXMLLoader.java:1726)
	at javafx.base@21.0.1/com.sun.javafx.event.CompositeEventHandler.dispatchBubblingEvent(CompositeEventHandler.java:86)
	at javafx.base@21.0.1/com.sun.javafx.event.EventHandlerManager.dispatchBubblingEvent(EventHandlerManager.java:232)
	at javafx.base@21.0.1/com.sun.javafx.event.EventHandlerManager.dispatchBubblingEvent(EventHandlerManager.java:189)
	at javafx.base@21.0.1/com.sun.javafx.event.CompositeEventDispatcher.dispatchBubblingEvent(CompositeEventDispatcher.java:59)
	at javafx.base@21.0.1/com.sun.javafx.event.BasicEventDispatcher.dispatchEvent(BasicEventDispatcher.java:58)
	at javafx.base@21.0.1/com.sun.javafx.event.EventDispatchChainImpl.dispatchEvent(EventDispatchChainImpl.java:114)
	at javafx.base@21.0.1/com.sun.javafx.event.BasicEventDispatcher.dispatchEvent(BasicEventDispatcher.java:56)
	at javafx.base@21.0.1/com.sun.javafx.event.EventDispatchChainImpl.dispatchEvent(EventDispatchChainImpl.java:114)
	at javafx.base@21.0.1/com.sun.javafx.event.BasicEventDispatcher.dispatchEvent(BasicEventDispatcher.java:56)
	at javafx.base@21.0.1/com.sun.javafx.event.EventDispatchChainImpl.dispatchEvent(EventDispatchChainImpl.java:114)
	at javafx.base@21.0.1/com.sun.javafx.event.BasicEventDispatcher.dispatchEvent(BasicEventDispatcher.java:56)
	at javafx.base@21.0.1/com.sun.javafx.event.EventDispatchChainImpl.dispatchEvent(EventDispatchChainImpl.java:114)
	at javafx.base@21.0.1/com.sun.javafx.event.EventUtil.fireEventImpl(EventUtil.java:74)
	at javafx.base@21.0.1/com.sun.javafx.event.EventUtil.fireEvent(EventUtil.java:49)
	at javafx.base@21.0.1/javafx.event.Event.fireEvent(Event.java:198)
	at javafx.graphics@21.0.1/javafx.scene.Node.fireEvent(Node.java:8875)
	at javafx.controls@21.0.1/javafx.scene.control.Button.fire(Button.java:203)
	at javafx.controls@21.0.1/com.sun.javafx.scene.control.behavior.ButtonBehavior.mouseReleased(ButtonBehavior.java:207)
	at javafx.controls@21.0.1/com.sun.javafx.scene.control.inputmap.InputMap.handle(InputMap.java:274)
	at javafx.base@21.0.1/com.sun.javafx.event.CompositeEventHandler$NormalEventHandlerRecord.handleBubblingEvent(CompositeEventHandler.java:247)
	at javafx.base@21.0.1/com.sun.javafx.event.CompositeEventHandler.dispatchBubblingEvent(CompositeEventHandler.java:80)
	at javafx.base@21.0.1/com.sun.javafx.event.EventHandlerManager.dispatchBubblingEvent(EventHandlerManager.java:232)
	at javafx.base@21.0.1/com.sun.javafx.event.EventHandlerManager.dispatchBubblingEvent(EventHandlerManager.java:189)
	at javafx.base@21.0.1/com.sun.javafx.event.CompositeEventDispatcher.dispatchBubblingEvent(CompositeEventDispatcher.java:59)
	at javafx.base@21.0.1/com.sun.javafx.event.BasicEventDispatcher.dispatchEvent(BasicEventDispatcher.java:58)
	at javafx.base@21.0.1/com.sun.javafx.event.EventDispatchChainImpl.dispatchEvent(EventDispatchChainImpl.java:114)
	at javafx.base@21.0.1/com.sun.javafx.event.BasicEventDispatcher.dispatchEvent(BasicEventDispatcher.java:56)
	at javafx.base@21.0.1/com.sun.javafx.event.EventDispatchChainImpl.dispatchEvent(EventDispatchChainImpl.java:114)
	at javafx.base@21.0.1/com.sun.javafx.event.BasicEventDispatcher.dispatchEvent(BasicEventDispatcher.java:56)
	at javafx.base@21.0.1/com.sun.javafx.event.EventDispatchChainImpl.dispatchEvent(EventDispatchChainImpl.java:114)
	at javafx.base@21.0.1/com.sun.javafx.event.BasicEventDispatcher.dispatchEvent(BasicEventDispatcher.java:56)
	at javafx.base@21.0.1/com.sun.javafx.event.EventDispatchChainImpl.dispatchEvent(EventDispatchChainImpl.java:114)
	at javafx.base@21.0.1/com.sun.javafx.event.EventUtil.fireEventImpl(EventUtil.java:74)
	at javafx.base@21.0.1/com.sun.javafx.event.EventUtil.fireEvent(EventUtil.java:54)
	at javafx.base@21.0.1/javafx.event.Event.fireEvent(Event.java:198)
	at javafx.graphics@21.0.1/javafx.scene.Scene$MouseHandler.process(Scene.java:3984)
	at javafx.graphics@21.0.1/javafx.scene.Scene.processMouseEvent(Scene.java:1890)
	at javafx.graphics@21.0.1/javafx.scene.Scene$ScenePeerListener.mouseEvent(Scene.java:2708)
	at javafx.graphics@21.0.1/com.sun.javafx.tk.quantum.GlassViewEventHandler$MouseEventNotification.run(GlassViewEventHandler.java:411)
	at javafx.graphics@21.0.1/com.sun.javafx.tk.quantum.GlassViewEventHandler$MouseEventNotification.run(GlassViewEventHandler.java:301)
	at java.base/java.security.AccessController.doPrivileged(AccessController.java:400)
	at javafx.graphics@21.0.1/com.sun.javafx.tk.quantum.GlassViewEventHandler.lambda$handleMouseEvent$2(GlassViewEventHandler.java:450)
	at javafx.graphics@21.0.1/com.sun.javafx.tk.quantum.QuantumToolkit.runWithoutRenderLock(QuantumToolkit.java:424)
	at javafx.graphics@21.0.1/com.sun.javafx.tk.quantum.GlassViewEventHandler.handleMouseEvent(GlassViewEventHandler.java:449)
	at javafx.graphics@21.0.1/com.sun.glass.ui.View.handleMouseEvent(View.java:551)
	at javafx.graphics@21.0.1/com.sun.glass.ui.View.notifyMouse(View.java:937)
	at javafx.graphics@21.0.1/com.sun.glass.ui.win.WinApplication._runLoop(Native Method)
	at javafx.graphics@21.0.1/com.sun.glass.ui.win.WinApplication.lambda$runLoop$3(WinApplication.java:185)
	at java.base/java.lang.Thread.run(Thread.java:1583)
2025-10-06 10:12:02 [JavaFX Application Thread] INFO  p.c.app.config.DatabaseConfig - Pool de conexiones cerrado correctamente
2025-10-06 10:12:02 [JavaFX Application Thread] INFO  pe.crediactiva.app.Main - Aplicación CrediActiva cerrada
2025-10-06 10:12:35 [main] INFO  pe.crediactiva.app.Main - Iniciando aplicación CrediActiva Desktop v1.0.0
2025-10-06 10:12:35 [JavaFX Application Thread] INFO  pe.crediactiva.app.Main - Icono no encontrado, continuando sin icono
2025-10-06 10:12:35 [JavaFX Application Thread] INFO  p.c.app.config.DatabaseConfig - Propiedades de base de datos cargadas correctamente
2025-10-06 10:12:36 [JavaFX Application Thread] INFO  p.c.app.config.DatabaseConfig - Pool de conexiones HikariCP inicializado correctamente
2025-10-06 10:12:37 [JavaFX Application Thread] INFO  pe.crediactiva.app.Main - Aplicación CrediActiva iniciada correctamente
2025-10-06 10:12:51 [JavaFX Application Thread] INFO  p.c.app.dao.impl.UsuarioDAOImpl - Usuario autenticado exitosamente: 12345678
2025-10-06 10:12:51 [JavaFX Application Thread] INFO  p.c.a.service.AuthenticationService - Usuario autenticado exitosamente: 12345678 - ASESOR
2025-10-06 10:12:51 [JavaFX Application Thread] INFO  p.c.app.view.LoginController - Usuario autenticado exitosamente: 12345678
2025-10-06 10:12:51 [JavaFX Application Thread] ERROR p.c.app.service.RecaudacionService - Error al calcular recaudación mensual para asesor: null
java.lang.NullPointerException: Cannot invoke "java.lang.Long.longValue()" because "idAsesor" is null
	at pe.crediactiva.app.dao.impl.RecaudacionAsesorDAOImpl.findByAsesor(RecaudacionAsesorDAOImpl.java:157)
	at pe.crediactiva.app.service.RecaudacionService.obtenerRecaudacionMensualPorAsesor(RecaudacionService.java:112)
	at pe.crediactiva.app.service.RecaudacionService.obtenerRecaudacionDelDia(RecaudacionService.java:268)
	at pe.crediactiva.app.view.asesor.AsesorMainController.cargarEstadisticasDashboard(AsesorMainController.java:134)
	at pe.crediactiva.app.view.asesor.AsesorMainController.initialize(AsesorMainController.java:109)
	at java.base/jdk.internal.reflect.DirectMethodHandleAccessor.invoke(DirectMethodHandleAccessor.java:103)
	at java.base/java.lang.reflect.Method.invoke(Method.java:580)
	at com.sun.javafx.reflect.Trampoline.invoke(MethodUtil.java:72)
	at java.base/jdk.internal.reflect.DirectMethodHandleAccessor.invoke(DirectMethodHandleAccessor.java:103)
	at java.base/java.lang.reflect.Method.invoke(Method.java:580)
	at javafx.base@21.0.1/com.sun.javafx.reflect.MethodUtil.invoke(MethodUtil.java:270)
	at javafx.fxml@21.0.1/com.sun.javafx.fxml.MethodHelper.invoke(MethodHelper.java:84)
	at javafx.fxml@21.0.1/javafx.fxml.FXMLLoader.loadImpl(FXMLLoader.java:2688)
	at javafx.fxml@21.0.1/javafx.fxml.FXMLLoader.loadImpl(FXMLLoader.java:2563)
	at javafx.fxml@21.0.1/javafx.fxml.FXMLLoader.load(FXMLLoader.java:2531)
	at pe.crediactiva.app.view.LoginController.redirectToMainScreen(LoginController.java:140)
	at pe.crediactiva.app.view.LoginController.handleLogin(LoginController.java:99)
	at java.base/jdk.internal.reflect.DirectMethodHandleAccessor.invoke(DirectMethodHandleAccessor.java:103)
	at java.base/java.lang.reflect.Method.invoke(Method.java:580)
	at com.sun.javafx.reflect.Trampoline.invoke(MethodUtil.java:72)
	at java.base/jdk.internal.reflect.DirectMethodHandleAccessor.invoke(DirectMethodHandleAccessor.java:103)
	at java.base/java.lang.reflect.Method.invoke(Method.java:580)
	at javafx.base@21.0.1/com.sun.javafx.reflect.MethodUtil.invoke(MethodUtil.java:270)
	at javafx.fxml@21.0.1/com.sun.javafx.fxml.MethodHelper.invoke(MethodHelper.java:84)
	at javafx.fxml@21.0.1/javafx.fxml.FXMLLoader$MethodHandler.invoke(FXMLLoader.java:1855)
	at javafx.fxml@21.0.1/javafx.fxml.FXMLLoader$ControllerMethodEventHandler.handle(FXMLLoader.java:1726)
	at javafx.base@21.0.1/com.sun.javafx.event.CompositeEventHandler.dispatchBubblingEvent(CompositeEventHandler.java:86)
	at javafx.base@21.0.1/com.sun.javafx.event.EventHandlerManager.dispatchBubblingEvent(EventHandlerManager.java:232)
	at javafx.base@21.0.1/com.sun.javafx.event.EventHandlerManager.dispatchBubblingEvent(EventHandlerManager.java:189)
	at javafx.base@21.0.1/com.sun.javafx.event.CompositeEventDispatcher.dispatchBubblingEvent(CompositeEventDispatcher.java:59)
	at javafx.base@21.0.1/com.sun.javafx.event.BasicEventDispatcher.dispatchEvent(BasicEventDispatcher.java:58)
	at javafx.base@21.0.1/com.sun.javafx.event.EventDispatchChainImpl.dispatchEvent(EventDispatchChainImpl.java:114)
	at javafx.base@21.0.1/com.sun.javafx.event.BasicEventDispatcher.dispatchEvent(BasicEventDispatcher.java:56)
	at javafx.base@21.0.1/com.sun.javafx.event.EventDispatchChainImpl.dispatchEvent(EventDispatchChainImpl.java:114)
	at javafx.base@21.0.1/com.sun.javafx.event.BasicEventDispatcher.dispatchEvent(BasicEventDispatcher.java:56)
	at javafx.base@21.0.1/com.sun.javafx.event.EventDispatchChainImpl.dispatchEvent(EventDispatchChainImpl.java:114)
	at javafx.base@21.0.1/com.sun.javafx.event.EventUtil.fireEventImpl(EventUtil.java:74)
	at javafx.base@21.0.1/com.sun.javafx.event.EventUtil.fireEvent(EventUtil.java:49)
	at javafx.base@21.0.1/javafx.event.Event.fireEvent(Event.java:198)
	at javafx.graphics@21.0.1/javafx.scene.Node.fireEvent(Node.java:8875)
	at javafx.controls@21.0.1/javafx.scene.control.Button.fire(Button.java:203)
	at javafx.controls@21.0.1/com.sun.javafx.scene.control.behavior.ButtonBehavior.mouseReleased(ButtonBehavior.java:207)
	at javafx.controls@21.0.1/com.sun.javafx.scene.control.inputmap.InputMap.handle(InputMap.java:274)
	at javafx.base@21.0.1/com.sun.javafx.event.CompositeEventHandler$NormalEventHandlerRecord.handleBubblingEvent(CompositeEventHandler.java:247)
	at javafx.base@21.0.1/com.sun.javafx.event.CompositeEventHandler.dispatchBubblingEvent(CompositeEventHandler.java:80)
	at javafx.base@21.0.1/com.sun.javafx.event.EventHandlerManager.dispatchBubblingEvent(EventHandlerManager.java:232)
	at javafx.base@21.0.1/com.sun.javafx.event.EventHandlerManager.dispatchBubblingEvent(EventHandlerManager.java:189)
	at javafx.base@21.0.1/com.sun.javafx.event.CompositeEventDispatcher.dispatchBubblingEvent(CompositeEventDispatcher.java:59)
	at javafx.base@21.0.1/com.sun.javafx.event.BasicEventDispatcher.dispatchEvent(BasicEventDispatcher.java:58)
	at javafx.base@21.0.1/com.sun.javafx.event.EventDispatchChainImpl.dispatchEvent(EventDispatchChainImpl.java:114)
	at javafx.base@21.0.1/com.sun.javafx.event.BasicEventDispatcher.dispatchEvent(BasicEventDispatcher.java:56)
	at javafx.base@21.0.1/com.sun.javafx.event.EventDispatchChainImpl.dispatchEvent(EventDispatchChainImpl.java:114)
	at javafx.base@21.0.1/com.sun.javafx.event.BasicEventDispatcher.dispatchEvent(BasicEventDispatcher.java:56)
	at javafx.base@21.0.1/com.sun.javafx.event.EventDispatchChainImpl.dispatchEvent(EventDispatchChainImpl.java:114)
	at javafx.base@21.0.1/com.sun.javafx.event.EventUtil.fireEventImpl(EventUtil.java:74)
	at javafx.base@21.0.1/com.sun.javafx.event.EventUtil.fireEvent(EventUtil.java:54)
	at javafx.base@21.0.1/javafx.event.Event.fireEvent(Event.java:198)
	at javafx.graphics@21.0.1/javafx.scene.Scene$MouseHandler.process(Scene.java:3984)
	at javafx.graphics@21.0.1/javafx.scene.Scene.processMouseEvent(Scene.java:1890)
	at javafx.graphics@21.0.1/javafx.scene.Scene$ScenePeerListener.mouseEvent(Scene.java:2708)
	at javafx.graphics@21.0.1/com.sun.javafx.tk.quantum.GlassViewEventHandler$MouseEventNotification.run(GlassViewEventHandler.java:411)
	at javafx.graphics@21.0.1/com.sun.javafx.tk.quantum.GlassViewEventHandler$MouseEventNotification.run(GlassViewEventHandler.java:301)
	at java.base/java.security.AccessController.doPrivileged(AccessController.java:400)
	at javafx.graphics@21.0.1/com.sun.javafx.tk.quantum.GlassViewEventHandler.lambda$handleMouseEvent$2(GlassViewEventHandler.java:450)
	at javafx.graphics@21.0.1/com.sun.javafx.tk.quantum.QuantumToolkit.runWithoutRenderLock(QuantumToolkit.java:424)
	at javafx.graphics@21.0.1/com.sun.javafx.tk.quantum.GlassViewEventHandler.handleMouseEvent(GlassViewEventHandler.java:449)
	at javafx.graphics@21.0.1/com.sun.glass.ui.View.handleMouseEvent(View.java:551)
	at javafx.graphics@21.0.1/com.sun.glass.ui.View.notifyMouse(View.java:937)
	at javafx.graphics@21.0.1/com.sun.glass.ui.win.WinApplication._runLoop(Native Method)
	at javafx.graphics@21.0.1/com.sun.glass.ui.win.WinApplication.lambda$runLoop$3(WinApplication.java:185)
	at java.base/java.lang.Thread.run(Thread.java:1583)
2025-10-06 10:12:51 [JavaFX Application Thread] ERROR p.c.app.service.RecaudacionService - Error al calcular recaudación mensual para asesor: null
java.lang.NullPointerException: Cannot invoke "java.lang.Long.longValue()" because "idAsesor" is null
	at pe.crediactiva.app.dao.impl.RecaudacionAsesorDAOImpl.findByAsesor(RecaudacionAsesorDAOImpl.java:157)
	at pe.crediactiva.app.service.RecaudacionService.obtenerRecaudacionMensualPorAsesor(RecaudacionService.java:112)
	at pe.crediactiva.app.service.RecaudacionService.obtenerRecaudacionDelMes(RecaudacionService.java:275)
	at pe.crediactiva.app.view.asesor.AsesorMainController.cargarEstadisticasDashboard(AsesorMainController.java:138)
	at pe.crediactiva.app.view.asesor.AsesorMainController.initialize(AsesorMainController.java:109)
	at java.base/jdk.internal.reflect.DirectMethodHandleAccessor.invoke(DirectMethodHandleAccessor.java:103)
	at java.base/java.lang.reflect.Method.invoke(Method.java:580)
	at com.sun.javafx.reflect.Trampoline.invoke(MethodUtil.java:72)
	at java.base/jdk.internal.reflect.DirectMethodHandleAccessor.invoke(DirectMethodHandleAccessor.java:103)
	at java.base/java.lang.reflect.Method.invoke(Method.java:580)
	at javafx.base@21.0.1/com.sun.javafx.reflect.MethodUtil.invoke(MethodUtil.java:270)
	at javafx.fxml@21.0.1/com.sun.javafx.fxml.MethodHelper.invoke(MethodHelper.java:84)
	at javafx.fxml@21.0.1/javafx.fxml.FXMLLoader.loadImpl(FXMLLoader.java:2688)
	at javafx.fxml@21.0.1/javafx.fxml.FXMLLoader.loadImpl(FXMLLoader.java:2563)
	at javafx.fxml@21.0.1/javafx.fxml.FXMLLoader.load(FXMLLoader.java:2531)
	at pe.crediactiva.app.view.LoginController.redirectToMainScreen(LoginController.java:140)
	at pe.crediactiva.app.view.LoginController.handleLogin(LoginController.java:99)
	at java.base/jdk.internal.reflect.DirectMethodHandleAccessor.invoke(DirectMethodHandleAccessor.java:103)
	at java.base/java.lang.reflect.Method.invoke(Method.java:580)
	at com.sun.javafx.reflect.Trampoline.invoke(MethodUtil.java:72)
	at java.base/jdk.internal.reflect.DirectMethodHandleAccessor.invoke(DirectMethodHandleAccessor.java:103)
	at java.base/java.lang.reflect.Method.invoke(Method.java:580)
	at javafx.base@21.0.1/com.sun.javafx.reflect.MethodUtil.invoke(MethodUtil.java:270)
	at javafx.fxml@21.0.1/com.sun.javafx.fxml.MethodHelper.invoke(MethodHelper.java:84)
	at javafx.fxml@21.0.1/javafx.fxml.FXMLLoader$MethodHandler.invoke(FXMLLoader.java:1855)
	at javafx.fxml@21.0.1/javafx.fxml.FXMLLoader$ControllerMethodEventHandler.handle(FXMLLoader.java:1726)
	at javafx.base@21.0.1/com.sun.javafx.event.CompositeEventHandler.dispatchBubblingEvent(CompositeEventHandler.java:86)
	at javafx.base@21.0.1/com.sun.javafx.event.EventHandlerManager.dispatchBubblingEvent(EventHandlerManager.java:232)
	at javafx.base@21.0.1/com.sun.javafx.event.EventHandlerManager.dispatchBubblingEvent(EventHandlerManager.java:189)
	at javafx.base@21.0.1/com.sun.javafx.event.CompositeEventDispatcher.dispatchBubblingEvent(CompositeEventDispatcher.java:59)
	at javafx.base@21.0.1/com.sun.javafx.event.BasicEventDispatcher.dispatchEvent(BasicEventDispatcher.java:58)
	at javafx.base@21.0.1/com.sun.javafx.event.EventDispatchChainImpl.dispatchEvent(EventDispatchChainImpl.java:114)
	at javafx.base@21.0.1/com.sun.javafx.event.BasicEventDispatcher.dispatchEvent(BasicEventDispatcher.java:56)
	at javafx.base@21.0.1/com.sun.javafx.event.EventDispatchChainImpl.dispatchEvent(EventDispatchChainImpl.java:114)
	at javafx.base@21.0.1/com.sun.javafx.event.BasicEventDispatcher.dispatchEvent(BasicEventDispatcher.java:56)
	at javafx.base@21.0.1/com.sun.javafx.event.EventDispatchChainImpl.dispatchEvent(EventDispatchChainImpl.java:114)
	at javafx.base@21.0.1/com.sun.javafx.event.EventUtil.fireEventImpl(EventUtil.java:74)
	at javafx.base@21.0.1/com.sun.javafx.event.EventUtil.fireEvent(EventUtil.java:49)
	at javafx.base@21.0.1/javafx.event.Event.fireEvent(Event.java:198)
	at javafx.graphics@21.0.1/javafx.scene.Node.fireEvent(Node.java:8875)
	at javafx.controls@21.0.1/javafx.scene.control.Button.fire(Button.java:203)
	at javafx.controls@21.0.1/com.sun.javafx.scene.control.behavior.ButtonBehavior.mouseReleased(ButtonBehavior.java:207)
	at javafx.controls@21.0.1/com.sun.javafx.scene.control.inputmap.InputMap.handle(InputMap.java:274)
	at javafx.base@21.0.1/com.sun.javafx.event.CompositeEventHandler$NormalEventHandlerRecord.handleBubblingEvent(CompositeEventHandler.java:247)
	at javafx.base@21.0.1/com.sun.javafx.event.CompositeEventHandler.dispatchBubblingEvent(CompositeEventHandler.java:80)
	at javafx.base@21.0.1/com.sun.javafx.event.EventHandlerManager.dispatchBubblingEvent(EventHandlerManager.java:232)
	at javafx.base@21.0.1/com.sun.javafx.event.EventHandlerManager.dispatchBubblingEvent(EventHandlerManager.java:189)
	at javafx.base@21.0.1/com.sun.javafx.event.CompositeEventDispatcher.dispatchBubblingEvent(CompositeEventDispatcher.java:59)
	at javafx.base@21.0.1/com.sun.javafx.event.BasicEventDispatcher.dispatchEvent(BasicEventDispatcher.java:58)
	at javafx.base@21.0.1/com.sun.javafx.event.EventDispatchChainImpl.dispatchEvent(EventDispatchChainImpl.java:114)
	at javafx.base@21.0.1/com.sun.javafx.event.BasicEventDispatcher.dispatchEvent(BasicEventDispatcher.java:56)
	at javafx.base@21.0.1/com.sun.javafx.event.EventDispatchChainImpl.dispatchEvent(EventDispatchChainImpl.java:114)
	at javafx.base@21.0.1/com.sun.javafx.event.BasicEventDispatcher.dispatchEvent(BasicEventDispatcher.java:56)
	at javafx.base@21.0.1/com.sun.javafx.event.EventDispatchChainImpl.dispatchEvent(EventDispatchChainImpl.java:114)
	at javafx.base@21.0.1/com.sun.javafx.event.EventUtil.fireEventImpl(EventUtil.java:74)
	at javafx.base@21.0.1/com.sun.javafx.event.EventUtil.fireEvent(EventUtil.java:54)
	at javafx.base@21.0.1/javafx.event.Event.fireEvent(Event.java:198)
	at javafx.graphics@21.0.1/javafx.scene.Scene$MouseHandler.process(Scene.java:3984)
	at javafx.graphics@21.0.1/javafx.scene.Scene.processMouseEvent(Scene.java:1890)
	at javafx.graphics@21.0.1/javafx.scene.Scene$ScenePeerListener.mouseEvent(Scene.java:2708)
	at javafx.graphics@21.0.1/com.sun.javafx.tk.quantum.GlassViewEventHandler$MouseEventNotification.run(GlassViewEventHandler.java:411)
	at javafx.graphics@21.0.1/com.sun.javafx.tk.quantum.GlassViewEventHandler$MouseEventNotification.run(GlassViewEventHandler.java:301)
	at java.base/java.security.AccessController.doPrivileged(AccessController.java:400)
	at javafx.graphics@21.0.1/com.sun.javafx.tk.quantum.GlassViewEventHandler.lambda$handleMouseEvent$2(GlassViewEventHandler.java:450)
	at javafx.graphics@21.0.1/com.sun.javafx.tk.quantum.QuantumToolkit.runWithoutRenderLock(QuantumToolkit.java:424)
	at javafx.graphics@21.0.1/com.sun.javafx.tk.quantum.GlassViewEventHandler.handleMouseEvent(GlassViewEventHandler.java:449)
	at javafx.graphics@21.0.1/com.sun.glass.ui.View.handleMouseEvent(View.java:551)
	at javafx.graphics@21.0.1/com.sun.glass.ui.View.notifyMouse(View.java:937)
	at javafx.graphics@21.0.1/com.sun.glass.ui.win.WinApplication._runLoop(Native Method)
	at javafx.graphics@21.0.1/com.sun.glass.ui.win.WinApplication.lambda$runLoop$3(WinApplication.java:185)
	at java.base/java.lang.Thread.run(Thread.java:1583)
2025-10-06 10:12:52 [JavaFX Application Thread] INFO  p.c.app.view.LoginController - Usuario redirigido a pantalla principal: ASESOR
2025-10-06 10:12:53 [JavaFX Application Thread] INFO  p.c.a.v.asesor.AsesorMainController - Intentando cargar gestión de clientes...
2025-10-06 10:12:53 [JavaFX Application Thread] ERROR p.c.a.v.asesor.AsesorMainController - Error al cargar gestión de clientes
javafx.fxml.LoadException: String is not a valid type.
/C:/Users/USER/OneDrive/Escritorio/proyecto_v4.0/target/classes/fxml/asesor/GestionClientesView.fxml:31

	at javafx.fxml@21.0.1/javafx.fxml.FXMLLoader.constructLoadException(FXMLLoader.java:2718)
	at javafx.fxml@21.0.1/javafx.fxml.FXMLLoader.createElement(FXMLLoader.java:2920)
	at javafx.fxml@21.0.1/javafx.fxml.FXMLLoader.processStartElement(FXMLLoader.java:2850)
	at javafx.fxml@21.0.1/javafx.fxml.FXMLLoader.loadImpl(FXMLLoader.java:2649)
	at javafx.fxml@21.0.1/javafx.fxml.FXMLLoader.loadImpl(FXMLLoader.java:2563)
	at javafx.fxml@21.0.1/javafx.fxml.FXMLLoader.load(FXMLLoader.java:2531)
	at pe.crediactiva.app.view.asesor.AsesorMainController.handleClientes(AsesorMainController.java:199)
	at java.base/jdk.internal.reflect.DirectMethodHandleAccessor.invoke(DirectMethodHandleAccessor.java:103)
	at java.base/java.lang.reflect.Method.invoke(Method.java:580)
	at com.sun.javafx.reflect.Trampoline.invoke(MethodUtil.java:72)
	at java.base/jdk.internal.reflect.DirectMethodHandleAccessor.invoke(DirectMethodHandleAccessor.java:103)
	at java.base/java.lang.reflect.Method.invoke(Method.java:580)
	at javafx.base@21.0.1/com.sun.javafx.reflect.MethodUtil.invoke(MethodUtil.java:270)
	at javafx.fxml@21.0.1/com.sun.javafx.fxml.MethodHelper.invoke(MethodHelper.java:84)
	at javafx.fxml@21.0.1/javafx.fxml.FXMLLoader$MethodHandler.invoke(FXMLLoader.java:1855)
	at javafx.fxml@21.0.1/javafx.fxml.FXMLLoader$ControllerMethodEventHandler.handle(FXMLLoader.java:1726)
	at javafx.base@21.0.1/com.sun.javafx.event.CompositeEventHandler.dispatchBubblingEvent(CompositeEventHandler.java:86)
	at javafx.base@21.0.1/com.sun.javafx.event.EventHandlerManager.dispatchBubblingEvent(EventHandlerManager.java:232)
	at javafx.base@21.0.1/com.sun.javafx.event.EventHandlerManager.dispatchBubblingEvent(EventHandlerManager.java:189)
	at javafx.base@21.0.1/com.sun.javafx.event.CompositeEventDispatcher.dispatchBubblingEvent(CompositeEventDispatcher.java:59)
	at javafx.base@21.0.1/com.sun.javafx.event.BasicEventDispatcher.dispatchEvent(BasicEventDispatcher.java:58)
	at javafx.base@21.0.1/com.sun.javafx.event.EventDispatchChainImpl.dispatchEvent(EventDispatchChainImpl.java:114)
	at javafx.base@21.0.1/com.sun.javafx.event.BasicEventDispatcher.dispatchEvent(BasicEventDispatcher.java:56)
	at javafx.base@21.0.1/com.sun.javafx.event.EventDispatchChainImpl.dispatchEvent(EventDispatchChainImpl.java:114)
	at javafx.base@21.0.1/com.sun.javafx.event.BasicEventDispatcher.dispatchEvent(BasicEventDispatcher.java:56)
	at javafx.base@21.0.1/com.sun.javafx.event.EventDispatchChainImpl.dispatchEvent(EventDispatchChainImpl.java:114)
	at javafx.base@21.0.1/com.sun.javafx.event.BasicEventDispatcher.dispatchEvent(BasicEventDispatcher.java:56)
	at javafx.base@21.0.1/com.sun.javafx.event.EventDispatchChainImpl.dispatchEvent(EventDispatchChainImpl.java:114)
	at javafx.base@21.0.1/com.sun.javafx.event.EventUtil.fireEventImpl(EventUtil.java:74)
	at javafx.base@21.0.1/com.sun.javafx.event.EventUtil.fireEvent(EventUtil.java:49)
	at javafx.base@21.0.1/javafx.event.Event.fireEvent(Event.java:198)
	at javafx.graphics@21.0.1/javafx.scene.Node.fireEvent(Node.java:8875)
	at javafx.controls@21.0.1/javafx.scene.control.Button.fire(Button.java:203)
	at javafx.controls@21.0.1/com.sun.javafx.scene.control.behavior.ButtonBehavior.mouseReleased(ButtonBehavior.java:207)
	at javafx.controls@21.0.1/com.sun.javafx.scene.control.inputmap.InputMap.handle(InputMap.java:274)
	at javafx.base@21.0.1/com.sun.javafx.event.CompositeEventHandler$NormalEventHandlerRecord.handleBubblingEvent(CompositeEventHandler.java:247)
	at javafx.base@21.0.1/com.sun.javafx.event.CompositeEventHandler.dispatchBubblingEvent(CompositeEventHandler.java:80)
	at javafx.base@21.0.1/com.sun.javafx.event.EventHandlerManager.dispatchBubblingEvent(EventHandlerManager.java:232)
	at javafx.base@21.0.1/com.sun.javafx.event.EventHandlerManager.dispatchBubblingEvent(EventHandlerManager.java:189)
	at javafx.base@21.0.1/com.sun.javafx.event.CompositeEventDispatcher.dispatchBubblingEvent(CompositeEventDispatcher.java:59)
	at javafx.base@21.0.1/com.sun.javafx.event.BasicEventDispatcher.dispatchEvent(BasicEventDispatcher.java:58)
	at javafx.base@21.0.1/com.sun.javafx.event.EventDispatchChainImpl.dispatchEvent(EventDispatchChainImpl.java:114)
	at javafx.base@21.0.1/com.sun.javafx.event.BasicEventDispatcher.dispatchEvent(BasicEventDispatcher.java:56)
	at javafx.base@21.0.1/com.sun.javafx.event.EventDispatchChainImpl.dispatchEvent(EventDispatchChainImpl.java:114)
	at javafx.base@21.0.1/com.sun.javafx.event.BasicEventDispatcher.dispatchEvent(BasicEventDispatcher.java:56)
	at javafx.base@21.0.1/com.sun.javafx.event.EventDispatchChainImpl.dispatchEvent(EventDispatchChainImpl.java:114)
	at javafx.base@21.0.1/com.sun.javafx.event.BasicEventDispatcher.dispatchEvent(BasicEventDispatcher.java:56)
	at javafx.base@21.0.1/com.sun.javafx.event.EventDispatchChainImpl.dispatchEvent(EventDispatchChainImpl.java:114)
	at javafx.base@21.0.1/com.sun.javafx.event.EventUtil.fireEventImpl(EventUtil.java:74)
	at javafx.base@21.0.1/com.sun.javafx.event.EventUtil.fireEvent(EventUtil.java:54)
	at javafx.base@21.0.1/javafx.event.Event.fireEvent(Event.java:198)
	at javafx.graphics@21.0.1/javafx.scene.Scene$MouseHandler.process(Scene.java:3984)
	at javafx.graphics@21.0.1/javafx.scene.Scene.processMouseEvent(Scene.java:1890)
	at javafx.graphics@21.0.1/javafx.scene.Scene$ScenePeerListener.mouseEvent(Scene.java:2708)
	at javafx.graphics@21.0.1/com.sun.javafx.tk.quantum.GlassViewEventHandler$MouseEventNotification.run(GlassViewEventHandler.java:411)
	at javafx.graphics@21.0.1/com.sun.javafx.tk.quantum.GlassViewEventHandler$MouseEventNotification.run(GlassViewEventHandler.java:301)
	at java.base/java.security.AccessController.doPrivileged(AccessController.java:400)
	at javafx.graphics@21.0.1/com.sun.javafx.tk.quantum.GlassViewEventHandler.lambda$handleMouseEvent$2(GlassViewEventHandler.java:450)
	at javafx.graphics@21.0.1/com.sun.javafx.tk.quantum.QuantumToolkit.runWithoutRenderLock(QuantumToolkit.java:424)
	at javafx.graphics@21.0.1/com.sun.javafx.tk.quantum.GlassViewEventHandler.handleMouseEvent(GlassViewEventHandler.java:449)
	at javafx.graphics@21.0.1/com.sun.glass.ui.View.handleMouseEvent(View.java:551)
	at javafx.graphics@21.0.1/com.sun.glass.ui.View.notifyMouse(View.java:937)
	at javafx.graphics@21.0.1/com.sun.glass.ui.win.WinApplication._runLoop(Native Method)
	at javafx.graphics@21.0.1/com.sun.glass.ui.win.WinApplication.lambda$runLoop$3(WinApplication.java:185)
	at java.base/java.lang.Thread.run(Thread.java:1583)
2025-10-06 10:14:27 [JavaFX Application Thread] INFO  p.c.a.v.asesor.AsesorMainController - Intentando cargar gestión de clientes...
2025-10-06 10:14:27 [JavaFX Application Thread] ERROR p.c.a.v.asesor.AsesorMainController - Error al cargar gestión de clientes
javafx.fxml.LoadException: String is not a valid type.
/C:/Users/USER/OneDrive/Escritorio/proyecto_v4.0/target/classes/fxml/asesor/GestionClientesView.fxml:31

	at javafx.fxml@21.0.1/javafx.fxml.FXMLLoader.constructLoadException(FXMLLoader.java:2718)
	at javafx.fxml@21.0.1/javafx.fxml.FXMLLoader.createElement(FXMLLoader.java:2920)
	at javafx.fxml@21.0.1/javafx.fxml.FXMLLoader.processStartElement(FXMLLoader.java:2850)
	at javafx.fxml@21.0.1/javafx.fxml.FXMLLoader.loadImpl(FXMLLoader.java:2649)
	at javafx.fxml@21.0.1/javafx.fxml.FXMLLoader.loadImpl(FXMLLoader.java:2563)
	at javafx.fxml@21.0.1/javafx.fxml.FXMLLoader.load(FXMLLoader.java:2531)
	at pe.crediactiva.app.view.asesor.AsesorMainController.handleClientes(AsesorMainController.java:199)
	at java.base/jdk.internal.reflect.DirectMethodHandleAccessor.invoke(DirectMethodHandleAccessor.java:103)
	at java.base/java.lang.reflect.Method.invoke(Method.java:580)
	at com.sun.javafx.reflect.Trampoline.invoke(MethodUtil.java:72)
	at java.base/jdk.internal.reflect.DirectMethodHandleAccessor.invoke(DirectMethodHandleAccessor.java:103)
	at java.base/java.lang.reflect.Method.invoke(Method.java:580)
	at javafx.base@21.0.1/com.sun.javafx.reflect.MethodUtil.invoke(MethodUtil.java:270)
	at javafx.fxml@21.0.1/com.sun.javafx.fxml.MethodHelper.invoke(MethodHelper.java:84)
	at javafx.fxml@21.0.1/javafx.fxml.FXMLLoader$MethodHandler.invoke(FXMLLoader.java:1855)
	at javafx.fxml@21.0.1/javafx.fxml.FXMLLoader$ControllerMethodEventHandler.handle(FXMLLoader.java:1726)
	at javafx.base@21.0.1/com.sun.javafx.event.CompositeEventHandler.dispatchBubblingEvent(CompositeEventHandler.java:86)
	at javafx.base@21.0.1/com.sun.javafx.event.EventHandlerManager.dispatchBubblingEvent(EventHandlerManager.java:232)
	at javafx.base@21.0.1/com.sun.javafx.event.EventHandlerManager.dispatchBubblingEvent(EventHandlerManager.java:189)
	at javafx.base@21.0.1/com.sun.javafx.event.CompositeEventDispatcher.dispatchBubblingEvent(CompositeEventDispatcher.java:59)
	at javafx.base@21.0.1/com.sun.javafx.event.BasicEventDispatcher.dispatchEvent(BasicEventDispatcher.java:58)
	at javafx.base@21.0.1/com.sun.javafx.event.EventDispatchChainImpl.dispatchEvent(EventDispatchChainImpl.java:114)
	at javafx.base@21.0.1/com.sun.javafx.event.BasicEventDispatcher.dispatchEvent(BasicEventDispatcher.java:56)
	at javafx.base@21.0.1/com.sun.javafx.event.EventDispatchChainImpl.dispatchEvent(EventDispatchChainImpl.java:114)
	at javafx.base@21.0.1/com.sun.javafx.event.BasicEventDispatcher.dispatchEvent(BasicEventDispatcher.java:56)
	at javafx.base@21.0.1/com.sun.javafx.event.EventDispatchChainImpl.dispatchEvent(EventDispatchChainImpl.java:114)
	at javafx.base@21.0.1/com.sun.javafx.event.BasicEventDispatcher.dispatchEvent(BasicEventDispatcher.java:56)
	at javafx.base@21.0.1/com.sun.javafx.event.EventDispatchChainImpl.dispatchEvent(EventDispatchChainImpl.java:114)
	at javafx.base@21.0.1/com.sun.javafx.event.EventUtil.fireEventImpl(EventUtil.java:74)
	at javafx.base@21.0.1/com.sun.javafx.event.EventUtil.fireEvent(EventUtil.java:49)
	at javafx.base@21.0.1/javafx.event.Event.fireEvent(Event.java:198)
	at javafx.graphics@21.0.1/javafx.scene.Node.fireEvent(Node.java:8875)
	at javafx.controls@21.0.1/javafx.scene.control.Button.fire(Button.java:203)
	at javafx.controls@21.0.1/com.sun.javafx.scene.control.behavior.ButtonBehavior.mouseReleased(ButtonBehavior.java:207)
	at javafx.controls@21.0.1/com.sun.javafx.scene.control.inputmap.InputMap.handle(InputMap.java:274)
	at javafx.base@21.0.1/com.sun.javafx.event.CompositeEventHandler$NormalEventHandlerRecord.handleBubblingEvent(CompositeEventHandler.java:247)
	at javafx.base@21.0.1/com.sun.javafx.event.CompositeEventHandler.dispatchBubblingEvent(CompositeEventHandler.java:80)
	at javafx.base@21.0.1/com.sun.javafx.event.EventHandlerManager.dispatchBubblingEvent(EventHandlerManager.java:232)
	at javafx.base@21.0.1/com.sun.javafx.event.EventHandlerManager.dispatchBubblingEvent(EventHandlerManager.java:189)
	at javafx.base@21.0.1/com.sun.javafx.event.CompositeEventDispatcher.dispatchBubblingEvent(CompositeEventDispatcher.java:59)
	at javafx.base@21.0.1/com.sun.javafx.event.BasicEventDispatcher.dispatchEvent(BasicEventDispatcher.java:58)
	at javafx.base@21.0.1/com.sun.javafx.event.EventDispatchChainImpl.dispatchEvent(EventDispatchChainImpl.java:114)
	at javafx.base@21.0.1/com.sun.javafx.event.BasicEventDispatcher.dispatchEvent(BasicEventDispatcher.java:56)
	at javafx.base@21.0.1/com.sun.javafx.event.EventDispatchChainImpl.dispatchEvent(EventDispatchChainImpl.java:114)
	at javafx.base@21.0.1/com.sun.javafx.event.BasicEventDispatcher.dispatchEvent(BasicEventDispatcher.java:56)
	at javafx.base@21.0.1/com.sun.javafx.event.EventDispatchChainImpl.dispatchEvent(EventDispatchChainImpl.java:114)
	at javafx.base@21.0.1/com.sun.javafx.event.BasicEventDispatcher.dispatchEvent(BasicEventDispatcher.java:56)
	at javafx.base@21.0.1/com.sun.javafx.event.EventDispatchChainImpl.dispatchEvent(EventDispatchChainImpl.java:114)
	at javafx.base@21.0.1/com.sun.javafx.event.EventUtil.fireEventImpl(EventUtil.java:74)
	at javafx.base@21.0.1/com.sun.javafx.event.EventUtil.fireEvent(EventUtil.java:54)
	at javafx.base@21.0.1/javafx.event.Event.fireEvent(Event.java:198)
	at javafx.graphics@21.0.1/javafx.scene.Scene$MouseHandler.process(Scene.java:3984)
	at javafx.graphics@21.0.1/javafx.scene.Scene.processMouseEvent(Scene.java:1890)
	at javafx.graphics@21.0.1/javafx.scene.Scene$ScenePeerListener.mouseEvent(Scene.java:2708)
	at javafx.graphics@21.0.1/com.sun.javafx.tk.quantum.GlassViewEventHandler$MouseEventNotification.run(GlassViewEventHandler.java:411)
	at javafx.graphics@21.0.1/com.sun.javafx.tk.quantum.GlassViewEventHandler$MouseEventNotification.run(GlassViewEventHandler.java:301)
	at java.base/java.security.AccessController.doPrivileged(AccessController.java:400)
	at javafx.graphics@21.0.1/com.sun.javafx.tk.quantum.GlassViewEventHandler.lambda$handleMouseEvent$2(GlassViewEventHandler.java:450)
	at javafx.graphics@21.0.1/com.sun.javafx.tk.quantum.QuantumToolkit.runWithoutRenderLock(QuantumToolkit.java:424)
	at javafx.graphics@21.0.1/com.sun.javafx.tk.quantum.GlassViewEventHandler.handleMouseEvent(GlassViewEventHandler.java:449)
	at javafx.graphics@21.0.1/com.sun.glass.ui.View.handleMouseEvent(View.java:551)
	at javafx.graphics@21.0.1/com.sun.glass.ui.View.notifyMouse(View.java:937)
	at javafx.graphics@21.0.1/com.sun.glass.ui.win.WinApplication._runLoop(Native Method)
	at javafx.graphics@21.0.1/com.sun.glass.ui.win.WinApplication.lambda$runLoop$3(WinApplication.java:185)
	at java.base/java.lang.Thread.run(Thread.java:1583)
2025-10-06 10:14:30 [JavaFX Application Thread] INFO  p.c.a.v.asesor.AsesorMainController - Intentando cargar solicitud de préstamo...
2025-10-06 10:14:30 [JavaFX Application Thread] ERROR p.c.a.v.asesor.AsesorMainController - Error al cargar solicitud de préstamo
javafx.fxml.LoadException: String is not a valid type.
/C:/Users/USER/OneDrive/Escritorio/proyecto_v4.0/target/classes/fxml/asesor/SolicitarPrestamoView.fxml:57

	at javafx.fxml@21.0.1/javafx.fxml.FXMLLoader.constructLoadException(FXMLLoader.java:2718)
	at javafx.fxml@21.0.1/javafx.fxml.FXMLLoader.createElement(FXMLLoader.java:2920)
	at javafx.fxml@21.0.1/javafx.fxml.FXMLLoader.processStartElement(FXMLLoader.java:2850)
	at javafx.fxml@21.0.1/javafx.fxml.FXMLLoader.loadImpl(FXMLLoader.java:2649)
	at javafx.fxml@21.0.1/javafx.fxml.FXMLLoader.loadImpl(FXMLLoader.java:2563)
	at javafx.fxml@21.0.1/javafx.fxml.FXMLLoader.load(FXMLLoader.java:2531)
	at pe.crediactiva.app.view.asesor.AsesorMainController.handleSolicitarPrestamo(AsesorMainController.java:233)
	at java.base/jdk.internal.reflect.DirectMethodHandleAccessor.invoke(DirectMethodHandleAccessor.java:103)
	at java.base/java.lang.reflect.Method.invoke(Method.java:580)
	at com.sun.javafx.reflect.Trampoline.invoke(MethodUtil.java:72)
	at java.base/jdk.internal.reflect.DirectMethodHandleAccessor.invoke(DirectMethodHandleAccessor.java:103)
	at java.base/java.lang.reflect.Method.invoke(Method.java:580)
	at javafx.base@21.0.1/com.sun.javafx.reflect.MethodUtil.invoke(MethodUtil.java:270)
	at javafx.fxml@21.0.1/com.sun.javafx.fxml.MethodHelper.invoke(MethodHelper.java:84)
	at javafx.fxml@21.0.1/javafx.fxml.FXMLLoader$MethodHandler.invoke(FXMLLoader.java:1855)
	at javafx.fxml@21.0.1/javafx.fxml.FXMLLoader$ControllerMethodEventHandler.handle(FXMLLoader.java:1726)
	at javafx.base@21.0.1/com.sun.javafx.event.CompositeEventHandler.dispatchBubblingEvent(CompositeEventHandler.java:86)
	at javafx.base@21.0.1/com.sun.javafx.event.EventHandlerManager.dispatchBubblingEvent(EventHandlerManager.java:232)
	at javafx.base@21.0.1/com.sun.javafx.event.EventHandlerManager.dispatchBubblingEvent(EventHandlerManager.java:189)
	at javafx.base@21.0.1/com.sun.javafx.event.CompositeEventDispatcher.dispatchBubblingEvent(CompositeEventDispatcher.java:59)
	at javafx.base@21.0.1/com.sun.javafx.event.BasicEventDispatcher.dispatchEvent(BasicEventDispatcher.java:58)
	at javafx.base@21.0.1/com.sun.javafx.event.EventDispatchChainImpl.dispatchEvent(EventDispatchChainImpl.java:114)
	at javafx.base@21.0.1/com.sun.javafx.event.BasicEventDispatcher.dispatchEvent(BasicEventDispatcher.java:56)
	at javafx.base@21.0.1/com.sun.javafx.event.EventDispatchChainImpl.dispatchEvent(EventDispatchChainImpl.java:114)
	at javafx.base@21.0.1/com.sun.javafx.event.BasicEventDispatcher.dispatchEvent(BasicEventDispatcher.java:56)
	at javafx.base@21.0.1/com.sun.javafx.event.EventDispatchChainImpl.dispatchEvent(EventDispatchChainImpl.java:114)
	at javafx.base@21.0.1/com.sun.javafx.event.BasicEventDispatcher.dispatchEvent(BasicEventDispatcher.java:56)
	at javafx.base@21.0.1/com.sun.javafx.event.EventDispatchChainImpl.dispatchEvent(EventDispatchChainImpl.java:114)
	at javafx.base@21.0.1/com.sun.javafx.event.EventUtil.fireEventImpl(EventUtil.java:74)
	at javafx.base@21.0.1/com.sun.javafx.event.EventUtil.fireEvent(EventUtil.java:49)
	at javafx.base@21.0.1/javafx.event.Event.fireEvent(Event.java:198)
	at javafx.graphics@21.0.1/javafx.scene.Node.fireEvent(Node.java:8875)
	at javafx.controls@21.0.1/javafx.scene.control.Button.fire(Button.java:203)
	at javafx.controls@21.0.1/com.sun.javafx.scene.control.behavior.ButtonBehavior.mouseReleased(ButtonBehavior.java:207)
	at javafx.controls@21.0.1/com.sun.javafx.scene.control.inputmap.InputMap.handle(InputMap.java:274)
	at javafx.base@21.0.1/com.sun.javafx.event.CompositeEventHandler$NormalEventHandlerRecord.handleBubblingEvent(CompositeEventHandler.java:247)
	at javafx.base@21.0.1/com.sun.javafx.event.CompositeEventHandler.dispatchBubblingEvent(CompositeEventHandler.java:80)
	at javafx.base@21.0.1/com.sun.javafx.event.EventHandlerManager.dispatchBubblingEvent(EventHandlerManager.java:232)
	at javafx.base@21.0.1/com.sun.javafx.event.EventHandlerManager.dispatchBubblingEvent(EventHandlerManager.java:189)
	at javafx.base@21.0.1/com.sun.javafx.event.CompositeEventDispatcher.dispatchBubblingEvent(CompositeEventDispatcher.java:59)
	at javafx.base@21.0.1/com.sun.javafx.event.BasicEventDispatcher.dispatchEvent(BasicEventDispatcher.java:58)
	at javafx.base@21.0.1/com.sun.javafx.event.EventDispatchChainImpl.dispatchEvent(EventDispatchChainImpl.java:114)
	at javafx.base@21.0.1/com.sun.javafx.event.BasicEventDispatcher.dispatchEvent(BasicEventDispatcher.java:56)
	at javafx.base@21.0.1/com.sun.javafx.event.EventDispatchChainImpl.dispatchEvent(EventDispatchChainImpl.java:114)
	at javafx.base@21.0.1/com.sun.javafx.event.BasicEventDispatcher.dispatchEvent(BasicEventDispatcher.java:56)
	at javafx.base@21.0.1/com.sun.javafx.event.EventDispatchChainImpl.dispatchEvent(EventDispatchChainImpl.java:114)
	at javafx.base@21.0.1/com.sun.javafx.event.BasicEventDispatcher.dispatchEvent(BasicEventDispatcher.java:56)
	at javafx.base@21.0.1/com.sun.javafx.event.EventDispatchChainImpl.dispatchEvent(EventDispatchChainImpl.java:114)
	at javafx.base@21.0.1/com.sun.javafx.event.EventUtil.fireEventImpl(EventUtil.java:74)
	at javafx.base@21.0.1/com.sun.javafx.event.EventUtil.fireEvent(EventUtil.java:54)
	at javafx.base@21.0.1/javafx.event.Event.fireEvent(Event.java:198)
	at javafx.graphics@21.0.1/javafx.scene.Scene$MouseHandler.process(Scene.java:3984)
	at javafx.graphics@21.0.1/javafx.scene.Scene.processMouseEvent(Scene.java:1890)
	at javafx.graphics@21.0.1/javafx.scene.Scene$ScenePeerListener.mouseEvent(Scene.java:2708)
	at javafx.graphics@21.0.1/com.sun.javafx.tk.quantum.GlassViewEventHandler$MouseEventNotification.run(GlassViewEventHandler.java:411)
	at javafx.graphics@21.0.1/com.sun.javafx.tk.quantum.GlassViewEventHandler$MouseEventNotification.run(GlassViewEventHandler.java:301)
	at java.base/java.security.AccessController.doPrivileged(AccessController.java:400)
	at javafx.graphics@21.0.1/com.sun.javafx.tk.quantum.GlassViewEventHandler.lambda$handleMouseEvent$2(GlassViewEventHandler.java:450)
	at javafx.graphics@21.0.1/com.sun.javafx.tk.quantum.QuantumToolkit.runWithoutRenderLock(QuantumToolkit.java:424)
	at javafx.graphics@21.0.1/com.sun.javafx.tk.quantum.GlassViewEventHandler.handleMouseEvent(GlassViewEventHandler.java:449)
	at javafx.graphics@21.0.1/com.sun.glass.ui.View.handleMouseEvent(View.java:551)
	at javafx.graphics@21.0.1/com.sun.glass.ui.View.notifyMouse(View.java:937)
	at javafx.graphics@21.0.1/com.sun.glass.ui.win.WinApplication._runLoop(Native Method)
	at javafx.graphics@21.0.1/com.sun.glass.ui.win.WinApplication.lambda$runLoop$3(WinApplication.java:185)
	at java.base/java.lang.Thread.run(Thread.java:1583)
2025-10-06 10:14:34 [JavaFX Application Thread] INFO  p.c.a.v.asesor.AsesorMainController - Intentando cargar solicitud de préstamo...
2025-10-06 10:14:34 [JavaFX Application Thread] ERROR p.c.a.v.asesor.AsesorMainController - Error al cargar solicitud de préstamo
javafx.fxml.LoadException: String is not a valid type.
/C:/Users/USER/OneDrive/Escritorio/proyecto_v4.0/target/classes/fxml/asesor/SolicitarPrestamoView.fxml:57

	at javafx.fxml@21.0.1/javafx.fxml.FXMLLoader.constructLoadException(FXMLLoader.java:2718)
	at javafx.fxml@21.0.1/javafx.fxml.FXMLLoader.createElement(FXMLLoader.java:2920)
	at javafx.fxml@21.0.1/javafx.fxml.FXMLLoader.processStartElement(FXMLLoader.java:2850)
	at javafx.fxml@21.0.1/javafx.fxml.FXMLLoader.loadImpl(FXMLLoader.java:2649)
	at javafx.fxml@21.0.1/javafx.fxml.FXMLLoader.loadImpl(FXMLLoader.java:2563)
	at javafx.fxml@21.0.1/javafx.fxml.FXMLLoader.load(FXMLLoader.java:2531)
	at pe.crediactiva.app.view.asesor.AsesorMainController.handleSolicitarPrestamo(AsesorMainController.java:233)
	at java.base/jdk.internal.reflect.DirectMethodHandleAccessor.invoke(DirectMethodHandleAccessor.java:103)
	at java.base/java.lang.reflect.Method.invoke(Method.java:580)
	at com.sun.javafx.reflect.Trampoline.invoke(MethodUtil.java:72)
	at java.base/jdk.internal.reflect.DirectMethodHandleAccessor.invoke(DirectMethodHandleAccessor.java:103)
	at java.base/java.lang.reflect.Method.invoke(Method.java:580)
	at javafx.base@21.0.1/com.sun.javafx.reflect.MethodUtil.invoke(MethodUtil.java:270)
	at javafx.fxml@21.0.1/com.sun.javafx.fxml.MethodHelper.invoke(MethodHelper.java:84)
	at javafx.fxml@21.0.1/javafx.fxml.FXMLLoader$MethodHandler.invoke(FXMLLoader.java:1855)
	at javafx.fxml@21.0.1/javafx.fxml.FXMLLoader$ControllerMethodEventHandler.handle(FXMLLoader.java:1726)
	at javafx.base@21.0.1/com.sun.javafx.event.CompositeEventHandler.dispatchBubblingEvent(CompositeEventHandler.java:86)
	at javafx.base@21.0.1/com.sun.javafx.event.EventHandlerManager.dispatchBubblingEvent(EventHandlerManager.java:232)
	at javafx.base@21.0.1/com.sun.javafx.event.EventHandlerManager.dispatchBubblingEvent(EventHandlerManager.java:189)
	at javafx.base@21.0.1/com.sun.javafx.event.CompositeEventDispatcher.dispatchBubblingEvent(CompositeEventDispatcher.java:59)
	at javafx.base@21.0.1/com.sun.javafx.event.BasicEventDispatcher.dispatchEvent(BasicEventDispatcher.java:58)
	at javafx.base@21.0.1/com.sun.javafx.event.EventDispatchChainImpl.dispatchEvent(EventDispatchChainImpl.java:114)
	at javafx.base@21.0.1/com.sun.javafx.event.BasicEventDispatcher.dispatchEvent(BasicEventDispatcher.java:56)
	at javafx.base@21.0.1/com.sun.javafx.event.EventDispatchChainImpl.dispatchEvent(EventDispatchChainImpl.java:114)
	at javafx.base@21.0.1/com.sun.javafx.event.BasicEventDispatcher.dispatchEvent(BasicEventDispatcher.java:56)
	at javafx.base@21.0.1/com.sun.javafx.event.EventDispatchChainImpl.dispatchEvent(EventDispatchChainImpl.java:114)
	at javafx.base@21.0.1/com.sun.javafx.event.BasicEventDispatcher.dispatchEvent(BasicEventDispatcher.java:56)
	at javafx.base@21.0.1/com.sun.javafx.event.EventDispatchChainImpl.dispatchEvent(EventDispatchChainImpl.java:114)
	at javafx.base@21.0.1/com.sun.javafx.event.EventUtil.fireEventImpl(EventUtil.java:74)
	at javafx.base@21.0.1/com.sun.javafx.event.EventUtil.fireEvent(EventUtil.java:49)
	at javafx.base@21.0.1/javafx.event.Event.fireEvent(Event.java:198)
	at javafx.graphics@21.0.1/javafx.scene.Node.fireEvent(Node.java:8875)
	at javafx.controls@21.0.1/javafx.scene.control.Button.fire(Button.java:203)
	at javafx.controls@21.0.1/com.sun.javafx.scene.control.behavior.ButtonBehavior.mouseReleased(ButtonBehavior.java:207)
	at javafx.controls@21.0.1/com.sun.javafx.scene.control.inputmap.InputMap.handle(InputMap.java:274)
	at javafx.base@21.0.1/com.sun.javafx.event.CompositeEventHandler$NormalEventHandlerRecord.handleBubblingEvent(CompositeEventHandler.java:247)
	at javafx.base@21.0.1/com.sun.javafx.event.CompositeEventHandler.dispatchBubblingEvent(CompositeEventHandler.java:80)
	at javafx.base@21.0.1/com.sun.javafx.event.EventHandlerManager.dispatchBubblingEvent(EventHandlerManager.java:232)
	at javafx.base@21.0.1/com.sun.javafx.event.EventHandlerManager.dispatchBubblingEvent(EventHandlerManager.java:189)
	at javafx.base@21.0.1/com.sun.javafx.event.CompositeEventDispatcher.dispatchBubblingEvent(CompositeEventDispatcher.java:59)
	at javafx.base@21.0.1/com.sun.javafx.event.BasicEventDispatcher.dispatchEvent(BasicEventDispatcher.java:58)
	at javafx.base@21.0.1/com.sun.javafx.event.EventDispatchChainImpl.dispatchEvent(EventDispatchChainImpl.java:114)
	at javafx.base@21.0.1/com.sun.javafx.event.BasicEventDispatcher.dispatchEvent(BasicEventDispatcher.java:56)
	at javafx.base@21.0.1/com.sun.javafx.event.EventDispatchChainImpl.dispatchEvent(EventDispatchChainImpl.java:114)
	at javafx.base@21.0.1/com.sun.javafx.event.BasicEventDispatcher.dispatchEvent(BasicEventDispatcher.java:56)
	at javafx.base@21.0.1/com.sun.javafx.event.EventDispatchChainImpl.dispatchEvent(EventDispatchChainImpl.java:114)
	at javafx.base@21.0.1/com.sun.javafx.event.BasicEventDispatcher.dispatchEvent(BasicEventDispatcher.java:56)
	at javafx.base@21.0.1/com.sun.javafx.event.EventDispatchChainImpl.dispatchEvent(EventDispatchChainImpl.java:114)
	at javafx.base@21.0.1/com.sun.javafx.event.EventUtil.fireEventImpl(EventUtil.java:74)
	at javafx.base@21.0.1/com.sun.javafx.event.EventUtil.fireEvent(EventUtil.java:54)
	at javafx.base@21.0.1/javafx.event.Event.fireEvent(Event.java:198)
	at javafx.graphics@21.0.1/javafx.scene.Scene$MouseHandler.process(Scene.java:3984)
	at javafx.graphics@21.0.1/javafx.scene.Scene.processMouseEvent(Scene.java:1890)
	at javafx.graphics@21.0.1/javafx.scene.Scene$ScenePeerListener.mouseEvent(Scene.java:2708)
	at javafx.graphics@21.0.1/com.sun.javafx.tk.quantum.GlassViewEventHandler$MouseEventNotification.run(GlassViewEventHandler.java:411)
	at javafx.graphics@21.0.1/com.sun.javafx.tk.quantum.GlassViewEventHandler$MouseEventNotification.run(GlassViewEventHandler.java:301)
	at java.base/java.security.AccessController.doPrivileged(AccessController.java:400)
	at javafx.graphics@21.0.1/com.sun.javafx.tk.quantum.GlassViewEventHandler.lambda$handleMouseEvent$2(GlassViewEventHandler.java:450)
	at javafx.graphics@21.0.1/com.sun.javafx.tk.quantum.QuantumToolkit.runWithoutRenderLock(QuantumToolkit.java:424)
	at javafx.graphics@21.0.1/com.sun.javafx.tk.quantum.GlassViewEventHandler.handleMouseEvent(GlassViewEventHandler.java:449)
	at javafx.graphics@21.0.1/com.sun.glass.ui.View.handleMouseEvent(View.java:551)
	at javafx.graphics@21.0.1/com.sun.glass.ui.View.notifyMouse(View.java:937)
	at javafx.graphics@21.0.1/com.sun.glass.ui.win.WinApplication._runLoop(Native Method)
	at javafx.graphics@21.0.1/com.sun.glass.ui.win.WinApplication.lambda$runLoop$3(WinApplication.java:185)
	at java.base/java.lang.Thread.run(Thread.java:1583)
2025-10-06 10:14:43 [JavaFX Application Thread] INFO  p.c.a.v.asesor.AsesorMainController - Intentando cargar solicitud de préstamo...
2025-10-06 10:14:43 [JavaFX Application Thread] ERROR p.c.a.v.asesor.AsesorMainController - Error al cargar solicitud de préstamo
javafx.fxml.LoadException: String is not a valid type.
/C:/Users/USER/OneDrive/Escritorio/proyecto_v4.0/target/classes/fxml/asesor/SolicitarPrestamoView.fxml:57

	at javafx.fxml@21.0.1/javafx.fxml.FXMLLoader.constructLoadException(FXMLLoader.java:2718)
	at javafx.fxml@21.0.1/javafx.fxml.FXMLLoader.createElement(FXMLLoader.java:2920)
	at javafx.fxml@21.0.1/javafx.fxml.FXMLLoader.processStartElement(FXMLLoader.java:2850)
	at javafx.fxml@21.0.1/javafx.fxml.FXMLLoader.loadImpl(FXMLLoader.java:2649)
	at javafx.fxml@21.0.1/javafx.fxml.FXMLLoader.loadImpl(FXMLLoader.java:2563)
	at javafx.fxml@21.0.1/javafx.fxml.FXMLLoader.load(FXMLLoader.java:2531)
	at pe.crediactiva.app.view.asesor.AsesorMainController.handleSolicitarPrestamo(AsesorMainController.java:233)
	at java.base/jdk.internal.reflect.DirectMethodHandleAccessor.invoke(DirectMethodHandleAccessor.java:103)
	at java.base/java.lang.reflect.Method.invoke(Method.java:580)
	at com.sun.javafx.reflect.Trampoline.invoke(MethodUtil.java:72)
	at java.base/jdk.internal.reflect.DirectMethodHandleAccessor.invoke(DirectMethodHandleAccessor.java:103)
	at java.base/java.lang.reflect.Method.invoke(Method.java:580)
	at javafx.base@21.0.1/com.sun.javafx.reflect.MethodUtil.invoke(MethodUtil.java:270)
	at javafx.fxml@21.0.1/com.sun.javafx.fxml.MethodHelper.invoke(MethodHelper.java:84)
	at javafx.fxml@21.0.1/javafx.fxml.FXMLLoader$MethodHandler.invoke(FXMLLoader.java:1855)
	at javafx.fxml@21.0.1/javafx.fxml.FXMLLoader$ControllerMethodEventHandler.handle(FXMLLoader.java:1726)
	at javafx.base@21.0.1/com.sun.javafx.event.CompositeEventHandler.dispatchBubblingEvent(CompositeEventHandler.java:86)
	at javafx.base@21.0.1/com.sun.javafx.event.EventHandlerManager.dispatchBubblingEvent(EventHandlerManager.java:232)
	at javafx.base@21.0.1/com.sun.javafx.event.EventHandlerManager.dispatchBubblingEvent(EventHandlerManager.java:189)
	at javafx.base@21.0.1/com.sun.javafx.event.CompositeEventDispatcher.dispatchBubblingEvent(CompositeEventDispatcher.java:59)
	at javafx.base@21.0.1/com.sun.javafx.event.BasicEventDispatcher.dispatchEvent(BasicEventDispatcher.java:58)
	at javafx.base@21.0.1/com.sun.javafx.event.EventDispatchChainImpl.dispatchEvent(EventDispatchChainImpl.java:114)
	at javafx.base@21.0.1/com.sun.javafx.event.BasicEventDispatcher.dispatchEvent(BasicEventDispatcher.java:56)
	at javafx.base@21.0.1/com.sun.javafx.event.EventDispatchChainImpl.dispatchEvent(EventDispatchChainImpl.java:114)
	at javafx.base@21.0.1/com.sun.javafx.event.BasicEventDispatcher.dispatchEvent(BasicEventDispatcher.java:56)
	at javafx.base@21.0.1/com.sun.javafx.event.EventDispatchChainImpl.dispatchEvent(EventDispatchChainImpl.java:114)
	at javafx.base@21.0.1/com.sun.javafx.event.BasicEventDispatcher.dispatchEvent(BasicEventDispatcher.java:56)
	at javafx.base@21.0.1/com.sun.javafx.event.EventDispatchChainImpl.dispatchEvent(EventDispatchChainImpl.java:114)
	at javafx.base@21.0.1/com.sun.javafx.event.EventUtil.fireEventImpl(EventUtil.java:74)
	at javafx.base@21.0.1/com.sun.javafx.event.EventUtil.fireEvent(EventUtil.java:49)
	at javafx.base@21.0.1/javafx.event.Event.fireEvent(Event.java:198)
	at javafx.graphics@21.0.1/javafx.scene.Node.fireEvent(Node.java:8875)
	at javafx.controls@21.0.1/javafx.scene.control.Button.fire(Button.java:203)
	at javafx.controls@21.0.1/com.sun.javafx.scene.control.behavior.ButtonBehavior.mouseReleased(ButtonBehavior.java:207)
	at javafx.controls@21.0.1/com.sun.javafx.scene.control.inputmap.InputMap.handle(InputMap.java:274)
	at javafx.base@21.0.1/com.sun.javafx.event.CompositeEventHandler$NormalEventHandlerRecord.handleBubblingEvent(CompositeEventHandler.java:247)
	at javafx.base@21.0.1/com.sun.javafx.event.CompositeEventHandler.dispatchBubblingEvent(CompositeEventHandler.java:80)
	at javafx.base@21.0.1/com.sun.javafx.event.EventHandlerManager.dispatchBubblingEvent(EventHandlerManager.java:232)
	at javafx.base@21.0.1/com.sun.javafx.event.EventHandlerManager.dispatchBubblingEvent(EventHandlerManager.java:189)
	at javafx.base@21.0.1/com.sun.javafx.event.CompositeEventDispatcher.dispatchBubblingEvent(CompositeEventDispatcher.java:59)
	at javafx.base@21.0.1/com.sun.javafx.event.BasicEventDispatcher.dispatchEvent(BasicEventDispatcher.java:58)
	at javafx.base@21.0.1/com.sun.javafx.event.EventDispatchChainImpl.dispatchEvent(EventDispatchChainImpl.java:114)
	at javafx.base@21.0.1/com.sun.javafx.event.BasicEventDispatcher.dispatchEvent(BasicEventDispatcher.java:56)
	at javafx.base@21.0.1/com.sun.javafx.event.EventDispatchChainImpl.dispatchEvent(EventDispatchChainImpl.java:114)
	at javafx.base@21.0.1/com.sun.javafx.event.BasicEventDispatcher.dispatchEvent(BasicEventDispatcher.java:56)
	at javafx.base@21.0.1/com.sun.javafx.event.EventDispatchChainImpl.dispatchEvent(EventDispatchChainImpl.java:114)
	at javafx.base@21.0.1/com.sun.javafx.event.BasicEventDispatcher.dispatchEvent(BasicEventDispatcher.java:56)
	at javafx.base@21.0.1/com.sun.javafx.event.EventDispatchChainImpl.dispatchEvent(EventDispatchChainImpl.java:114)
	at javafx.base@21.0.1/com.sun.javafx.event.EventUtil.fireEventImpl(EventUtil.java:74)
	at javafx.base@21.0.1/com.sun.javafx.event.EventUtil.fireEvent(EventUtil.java:54)
	at javafx.base@21.0.1/javafx.event.Event.fireEvent(Event.java:198)
	at javafx.graphics@21.0.1/javafx.scene.Scene$MouseHandler.process(Scene.java:3984)
	at javafx.graphics@21.0.1/javafx.scene.Scene.processMouseEvent(Scene.java:1890)
	at javafx.graphics@21.0.1/javafx.scene.Scene$ScenePeerListener.mouseEvent(Scene.java:2708)
	at javafx.graphics@21.0.1/com.sun.javafx.tk.quantum.GlassViewEventHandler$MouseEventNotification.run(GlassViewEventHandler.java:411)
	at javafx.graphics@21.0.1/com.sun.javafx.tk.quantum.GlassViewEventHandler$MouseEventNotification.run(GlassViewEventHandler.java:301)
	at java.base/java.security.AccessController.doPrivileged(AccessController.java:400)
	at javafx.graphics@21.0.1/com.sun.javafx.tk.quantum.GlassViewEventHandler.lambda$handleMouseEvent$2(GlassViewEventHandler.java:450)
	at javafx.graphics@21.0.1/com.sun.javafx.tk.quantum.QuantumToolkit.runWithoutRenderLock(QuantumToolkit.java:424)
	at javafx.graphics@21.0.1/com.sun.javafx.tk.quantum.GlassViewEventHandler.handleMouseEvent(GlassViewEventHandler.java:449)
	at javafx.graphics@21.0.1/com.sun.glass.ui.View.handleMouseEvent(View.java:551)
	at javafx.graphics@21.0.1/com.sun.glass.ui.View.notifyMouse(View.java:937)
	at javafx.graphics@21.0.1/com.sun.glass.ui.win.WinApplication._runLoop(Native Method)
	at javafx.graphics@21.0.1/com.sun.glass.ui.win.WinApplication.lambda$runLoop$3(WinApplication.java:185)
	at java.base/java.lang.Thread.run(Thread.java:1583)
2025-10-06 10:14:47 [JavaFX Application Thread] INFO  p.c.a.v.asesor.AsesorMainController - Intentando cargar solicitud de préstamo...
2025-10-06 10:14:47 [JavaFX Application Thread] ERROR p.c.a.v.asesor.AsesorMainController - Error al cargar solicitud de préstamo
javafx.fxml.LoadException: String is not a valid type.
/C:/Users/USER/OneDrive/Escritorio/proyecto_v4.0/target/classes/fxml/asesor/SolicitarPrestamoView.fxml:57

	at javafx.fxml@21.0.1/javafx.fxml.FXMLLoader.constructLoadException(FXMLLoader.java:2718)
	at javafx.fxml@21.0.1/javafx.fxml.FXMLLoader.createElement(FXMLLoader.java:2920)
	at javafx.fxml@21.0.1/javafx.fxml.FXMLLoader.processStartElement(FXMLLoader.java:2850)
	at javafx.fxml@21.0.1/javafx.fxml.FXMLLoader.loadImpl(FXMLLoader.java:2649)
	at javafx.fxml@21.0.1/javafx.fxml.FXMLLoader.loadImpl(FXMLLoader.java:2563)
	at javafx.fxml@21.0.1/javafx.fxml.FXMLLoader.load(FXMLLoader.java:2531)
	at pe.crediactiva.app.view.asesor.AsesorMainController.handleSolicitarPrestamo(AsesorMainController.java:233)
	at java.base/jdk.internal.reflect.DirectMethodHandleAccessor.invoke(DirectMethodHandleAccessor.java:103)
	at java.base/java.lang.reflect.Method.invoke(Method.java:580)
	at com.sun.javafx.reflect.Trampoline.invoke(MethodUtil.java:72)
	at java.base/jdk.internal.reflect.DirectMethodHandleAccessor.invoke(DirectMethodHandleAccessor.java:103)
	at java.base/java.lang.reflect.Method.invoke(Method.java:580)
	at javafx.base@21.0.1/com.sun.javafx.reflect.MethodUtil.invoke(MethodUtil.java:270)
	at javafx.fxml@21.0.1/com.sun.javafx.fxml.MethodHelper.invoke(MethodHelper.java:84)
	at javafx.fxml@21.0.1/javafx.fxml.FXMLLoader$MethodHandler.invoke(FXMLLoader.java:1855)
	at javafx.fxml@21.0.1/javafx.fxml.FXMLLoader$ControllerMethodEventHandler.handle(FXMLLoader.java:1726)
	at javafx.base@21.0.1/com.sun.javafx.event.CompositeEventHandler.dispatchBubblingEvent(CompositeEventHandler.java:86)
	at javafx.base@21.0.1/com.sun.javafx.event.EventHandlerManager.dispatchBubblingEvent(EventHandlerManager.java:232)
	at javafx.base@21.0.1/com.sun.javafx.event.EventHandlerManager.dispatchBubblingEvent(EventHandlerManager.java:189)
	at javafx.base@21.0.1/com.sun.javafx.event.CompositeEventDispatcher.dispatchBubblingEvent(CompositeEventDispatcher.java:59)
	at javafx.base@21.0.1/com.sun.javafx.event.BasicEventDispatcher.dispatchEvent(BasicEventDispatcher.java:58)
	at javafx.base@21.0.1/com.sun.javafx.event.EventDispatchChainImpl.dispatchEvent(EventDispatchChainImpl.java:114)
	at javafx.base@21.0.1/com.sun.javafx.event.BasicEventDispatcher.dispatchEvent(BasicEventDispatcher.java:56)
	at javafx.base@21.0.1/com.sun.javafx.event.EventDispatchChainImpl.dispatchEvent(EventDispatchChainImpl.java:114)
	at javafx.base@21.0.1/com.sun.javafx.event.BasicEventDispatcher.dispatchEvent(BasicEventDispatcher.java:56)
	at javafx.base@21.0.1/com.sun.javafx.event.EventDispatchChainImpl.dispatchEvent(EventDispatchChainImpl.java:114)
	at javafx.base@21.0.1/com.sun.javafx.event.BasicEventDispatcher.dispatchEvent(BasicEventDispatcher.java:56)
	at javafx.base@21.0.1/com.sun.javafx.event.EventDispatchChainImpl.dispatchEvent(EventDispatchChainImpl.java:114)
	at javafx.base@21.0.1/com.sun.javafx.event.EventUtil.fireEventImpl(EventUtil.java:74)
	at javafx.base@21.0.1/com.sun.javafx.event.EventUtil.fireEvent(EventUtil.java:49)
	at javafx.base@21.0.1/javafx.event.Event.fireEvent(Event.java:198)
	at javafx.graphics@21.0.1/javafx.scene.Node.fireEvent(Node.java:8875)
	at javafx.controls@21.0.1/javafx.scene.control.Button.fire(Button.java:203)
	at javafx.controls@21.0.1/com.sun.javafx.scene.control.behavior.ButtonBehavior.mouseReleased(ButtonBehavior.java:207)
	at javafx.controls@21.0.1/com.sun.javafx.scene.control.inputmap.InputMap.handle(InputMap.java:274)
	at javafx.base@21.0.1/com.sun.javafx.event.CompositeEventHandler$NormalEventHandlerRecord.handleBubblingEvent(CompositeEventHandler.java:247)
	at javafx.base@21.0.1/com.sun.javafx.event.CompositeEventHandler.dispatchBubblingEvent(CompositeEventHandler.java:80)
	at javafx.base@21.0.1/com.sun.javafx.event.EventHandlerManager.dispatchBubblingEvent(EventHandlerManager.java:232)
	at javafx.base@21.0.1/com.sun.javafx.event.EventHandlerManager.dispatchBubblingEvent(EventHandlerManager.java:189)
	at javafx.base@21.0.1/com.sun.javafx.event.CompositeEventDispatcher.dispatchBubblingEvent(CompositeEventDispatcher.java:59)
	at javafx.base@21.0.1/com.sun.javafx.event.BasicEventDispatcher.dispatchEvent(BasicEventDispatcher.java:58)
	at javafx.base@21.0.1/com.sun.javafx.event.EventDispatchChainImpl.dispatchEvent(EventDispatchChainImpl.java:114)
	at javafx.base@21.0.1/com.sun.javafx.event.BasicEventDispatcher.dispatchEvent(BasicEventDispatcher.java:56)
	at javafx.base@21.0.1/com.sun.javafx.event.EventDispatchChainImpl.dispatchEvent(EventDispatchChainImpl.java:114)
	at javafx.base@21.0.1/com.sun.javafx.event.BasicEventDispatcher.dispatchEvent(BasicEventDispatcher.java:56)
	at javafx.base@21.0.1/com.sun.javafx.event.EventDispatchChainImpl.dispatchEvent(EventDispatchChainImpl.java:114)
	at javafx.base@21.0.1/com.sun.javafx.event.BasicEventDispatcher.dispatchEvent(BasicEventDispatcher.java:56)
	at javafx.base@21.0.1/com.sun.javafx.event.EventDispatchChainImpl.dispatchEvent(EventDispatchChainImpl.java:114)
	at javafx.base@21.0.1/com.sun.javafx.event.EventUtil.fireEventImpl(EventUtil.java:74)
	at javafx.base@21.0.1/com.sun.javafx.event.EventUtil.fireEvent(EventUtil.java:54)
	at javafx.base@21.0.1/javafx.event.Event.fireEvent(Event.java:198)
	at javafx.graphics@21.0.1/javafx.scene.Scene$MouseHandler.process(Scene.java:3984)
	at javafx.graphics@21.0.1/javafx.scene.Scene.processMouseEvent(Scene.java:1890)
	at javafx.graphics@21.0.1/javafx.scene.Scene$ScenePeerListener.mouseEvent(Scene.java:2708)
	at javafx.graphics@21.0.1/com.sun.javafx.tk.quantum.GlassViewEventHandler$MouseEventNotification.run(GlassViewEventHandler.java:411)
	at javafx.graphics@21.0.1/com.sun.javafx.tk.quantum.GlassViewEventHandler$MouseEventNotification.run(GlassViewEventHandler.java:301)
	at java.base/java.security.AccessController.doPrivileged(AccessController.java:400)
	at javafx.graphics@21.0.1/com.sun.javafx.tk.quantum.GlassViewEventHandler.lambda$handleMouseEvent$2(GlassViewEventHandler.java:450)
	at javafx.graphics@21.0.1/com.sun.javafx.tk.quantum.QuantumToolkit.runWithoutRenderLock(QuantumToolkit.java:424)
	at javafx.graphics@21.0.1/com.sun.javafx.tk.quantum.GlassViewEventHandler.handleMouseEvent(GlassViewEventHandler.java:449)
	at javafx.graphics@21.0.1/com.sun.glass.ui.View.handleMouseEvent(View.java:551)
	at javafx.graphics@21.0.1/com.sun.glass.ui.View.notifyMouse(View.java:937)
	at javafx.graphics@21.0.1/com.sun.glass.ui.win.WinApplication._runLoop(Native Method)
	at javafx.graphics@21.0.1/com.sun.glass.ui.win.WinApplication.lambda$runLoop$3(WinApplication.java:185)
	at java.base/java.lang.Thread.run(Thread.java:1583)
2025-10-06 10:14:50 [JavaFX Application Thread] INFO  p.c.app.config.DatabaseConfig - Pool de conexiones cerrado correctamente
2025-10-06 10:14:50 [JavaFX Application Thread] INFO  pe.crediactiva.app.Main - Aplicación CrediActiva cerrada
2025-10-06 10:17:24 [main] INFO  pe.crediactiva.app.Main - Iniciando aplicación CrediActiva Desktop v1.0.0
2025-10-06 10:17:24 [JavaFX Application Thread] INFO  pe.crediactiva.app.Main - Icono no encontrado, continuando sin icono
2025-10-06 10:17:24 [JavaFX Application Thread] INFO  p.c.app.config.DatabaseConfig - Propiedades de base de datos cargadas correctamente
2025-10-06 10:17:25 [JavaFX Application Thread] INFO  p.c.app.config.DatabaseConfig - Pool de conexiones HikariCP inicializado correctamente
2025-10-06 10:17:25 [JavaFX Application Thread] INFO  pe.crediactiva.app.Main - Aplicación CrediActiva iniciada correctamente
2025-10-06 10:17:48 [JavaFX Application Thread] INFO  p.c.app.dao.impl.UsuarioDAOImpl - Usuario autenticado exitosamente: 12345678
2025-10-06 10:17:48 [JavaFX Application Thread] INFO  p.c.a.service.AuthenticationService - Usuario autenticado exitosamente: 12345678 - ASESOR
2025-10-06 10:17:48 [JavaFX Application Thread] INFO  p.c.app.view.LoginController - Usuario autenticado exitosamente: 12345678
2025-10-06 10:17:48 [JavaFX Application Thread] ERROR p.c.app.service.RecaudacionService - Error al calcular recaudación mensual para asesor: null
java.lang.NullPointerException: Cannot invoke "java.lang.Long.longValue()" because "idAsesor" is null
	at pe.crediactiva.app.dao.impl.RecaudacionAsesorDAOImpl.findByAsesor(RecaudacionAsesorDAOImpl.java:157)
	at pe.crediactiva.app.service.RecaudacionService.obtenerRecaudacionMensualPorAsesor(RecaudacionService.java:112)
	at pe.crediactiva.app.service.RecaudacionService.obtenerRecaudacionDelDia(RecaudacionService.java:268)
	at pe.crediactiva.app.view.asesor.AsesorMainController.cargarEstadisticasDashboard(AsesorMainController.java:134)
	at pe.crediactiva.app.view.asesor.AsesorMainController.initialize(AsesorMainController.java:109)
	at java.base/jdk.internal.reflect.DirectMethodHandleAccessor.invoke(DirectMethodHandleAccessor.java:103)
	at java.base/java.lang.reflect.Method.invoke(Method.java:580)
	at com.sun.javafx.reflect.Trampoline.invoke(MethodUtil.java:72)
	at java.base/jdk.internal.reflect.DirectMethodHandleAccessor.invoke(DirectMethodHandleAccessor.java:103)
	at java.base/java.lang.reflect.Method.invoke(Method.java:580)
	at javafx.base@21.0.1/com.sun.javafx.reflect.MethodUtil.invoke(MethodUtil.java:270)
	at javafx.fxml@21.0.1/com.sun.javafx.fxml.MethodHelper.invoke(MethodHelper.java:84)
	at javafx.fxml@21.0.1/javafx.fxml.FXMLLoader.loadImpl(FXMLLoader.java:2688)
	at javafx.fxml@21.0.1/javafx.fxml.FXMLLoader.loadImpl(FXMLLoader.java:2563)
	at javafx.fxml@21.0.1/javafx.fxml.FXMLLoader.load(FXMLLoader.java:2531)
	at pe.crediactiva.app.view.LoginController.redirectToMainScreen(LoginController.java:140)
	at pe.crediactiva.app.view.LoginController.handleLogin(LoginController.java:99)
	at java.base/jdk.internal.reflect.DirectMethodHandleAccessor.invoke(DirectMethodHandleAccessor.java:103)
	at java.base/java.lang.reflect.Method.invoke(Method.java:580)
	at com.sun.javafx.reflect.Trampoline.invoke(MethodUtil.java:72)
	at java.base/jdk.internal.reflect.DirectMethodHandleAccessor.invoke(DirectMethodHandleAccessor.java:103)
	at java.base/java.lang.reflect.Method.invoke(Method.java:580)
	at javafx.base@21.0.1/com.sun.javafx.reflect.MethodUtil.invoke(MethodUtil.java:270)
	at javafx.fxml@21.0.1/com.sun.javafx.fxml.MethodHelper.invoke(MethodHelper.java:84)
	at javafx.fxml@21.0.1/javafx.fxml.FXMLLoader$MethodHandler.invoke(FXMLLoader.java:1855)
	at javafx.fxml@21.0.1/javafx.fxml.FXMLLoader$ControllerMethodEventHandler.handle(FXMLLoader.java:1726)
	at javafx.base@21.0.1/com.sun.javafx.event.CompositeEventHandler.dispatchBubblingEvent(CompositeEventHandler.java:86)
	at javafx.base@21.0.1/com.sun.javafx.event.EventHandlerManager.dispatchBubblingEvent(EventHandlerManager.java:232)
	at javafx.base@21.0.1/com.sun.javafx.event.EventHandlerManager.dispatchBubblingEvent(EventHandlerManager.java:189)
	at javafx.base@21.0.1/com.sun.javafx.event.CompositeEventDispatcher.dispatchBubblingEvent(CompositeEventDispatcher.java:59)
	at javafx.base@21.0.1/com.sun.javafx.event.BasicEventDispatcher.dispatchEvent(BasicEventDispatcher.java:58)
	at javafx.base@21.0.1/com.sun.javafx.event.EventDispatchChainImpl.dispatchEvent(EventDispatchChainImpl.java:114)
	at javafx.base@21.0.1/com.sun.javafx.event.BasicEventDispatcher.dispatchEvent(BasicEventDispatcher.java:56)
	at javafx.base@21.0.1/com.sun.javafx.event.EventDispatchChainImpl.dispatchEvent(EventDispatchChainImpl.java:114)
	at javafx.base@21.0.1/com.sun.javafx.event.BasicEventDispatcher.dispatchEvent(BasicEventDispatcher.java:56)
	at javafx.base@21.0.1/com.sun.javafx.event.EventDispatchChainImpl.dispatchEvent(EventDispatchChainImpl.java:114)
	at javafx.base@21.0.1/com.sun.javafx.event.EventUtil.fireEventImpl(EventUtil.java:74)
	at javafx.base@21.0.1/com.sun.javafx.event.EventUtil.fireEvent(EventUtil.java:49)
	at javafx.base@21.0.1/javafx.event.Event.fireEvent(Event.java:198)
	at javafx.graphics@21.0.1/javafx.scene.Node.fireEvent(Node.java:8875)
	at javafx.controls@21.0.1/javafx.scene.control.Button.fire(Button.java:203)
	at javafx.controls@21.0.1/com.sun.javafx.scene.control.behavior.ButtonBehavior.mouseReleased(ButtonBehavior.java:207)
	at javafx.controls@21.0.1/com.sun.javafx.scene.control.inputmap.InputMap.handle(InputMap.java:274)
	at javafx.base@21.0.1/com.sun.javafx.event.CompositeEventHandler$NormalEventHandlerRecord.handleBubblingEvent(CompositeEventHandler.java:247)
	at javafx.base@21.0.1/com.sun.javafx.event.CompositeEventHandler.dispatchBubblingEvent(CompositeEventHandler.java:80)
	at javafx.base@21.0.1/com.sun.javafx.event.EventHandlerManager.dispatchBubblingEvent(EventHandlerManager.java:232)
	at javafx.base@21.0.1/com.sun.javafx.event.EventHandlerManager.dispatchBubblingEvent(EventHandlerManager.java:189)
	at javafx.base@21.0.1/com.sun.javafx.event.CompositeEventDispatcher.dispatchBubblingEvent(CompositeEventDispatcher.java:59)
	at javafx.base@21.0.1/com.sun.javafx.event.BasicEventDispatcher.dispatchEvent(BasicEventDispatcher.java:58)
	at javafx.base@21.0.1/com.sun.javafx.event.EventDispatchChainImpl.dispatchEvent(EventDispatchChainImpl.java:114)
	at javafx.base@21.0.1/com.sun.javafx.event.BasicEventDispatcher.dispatchEvent(BasicEventDispatcher.java:56)
	at javafx.base@21.0.1/com.sun.javafx.event.EventDispatchChainImpl.dispatchEvent(EventDispatchChainImpl.java:114)
	at javafx.base@21.0.1/com.sun.javafx.event.BasicEventDispatcher.dispatchEvent(BasicEventDispatcher.java:56)
	at javafx.base@21.0.1/com.sun.javafx.event.EventDispatchChainImpl.dispatchEvent(EventDispatchChainImpl.java:114)
	at javafx.base@21.0.1/com.sun.javafx.event.EventUtil.fireEventImpl(EventUtil.java:74)
	at javafx.base@21.0.1/com.sun.javafx.event.EventUtil.fireEvent(EventUtil.java:54)
	at javafx.base@21.0.1/javafx.event.Event.fireEvent(Event.java:198)
	at javafx.graphics@21.0.1/javafx.scene.Scene$MouseHandler.process(Scene.java:3984)
	at javafx.graphics@21.0.1/javafx.scene.Scene.processMouseEvent(Scene.java:1890)
	at javafx.graphics@21.0.1/javafx.scene.Scene$ScenePeerListener.mouseEvent(Scene.java:2708)
	at javafx.graphics@21.0.1/com.sun.javafx.tk.quantum.GlassViewEventHandler$MouseEventNotification.run(GlassViewEventHandler.java:411)
	at javafx.graphics@21.0.1/com.sun.javafx.tk.quantum.GlassViewEventHandler$MouseEventNotification.run(GlassViewEventHandler.java:301)
	at java.base/java.security.AccessController.doPrivileged(AccessController.java:400)
	at javafx.graphics@21.0.1/com.sun.javafx.tk.quantum.GlassViewEventHandler.lambda$handleMouseEvent$2(GlassViewEventHandler.java:450)
	at javafx.graphics@21.0.1/com.sun.javafx.tk.quantum.QuantumToolkit.runWithoutRenderLock(QuantumToolkit.java:424)
	at javafx.graphics@21.0.1/com.sun.javafx.tk.quantum.GlassViewEventHandler.handleMouseEvent(GlassViewEventHandler.java:449)
	at javafx.graphics@21.0.1/com.sun.glass.ui.View.handleMouseEvent(View.java:551)
	at javafx.graphics@21.0.1/com.sun.glass.ui.View.notifyMouse(View.java:937)
	at javafx.graphics@21.0.1/com.sun.glass.ui.win.WinApplication._runLoop(Native Method)
	at javafx.graphics@21.0.1/com.sun.glass.ui.win.WinApplication.lambda$runLoop$3(WinApplication.java:185)
	at java.base/java.lang.Thread.run(Thread.java:1583)
2025-10-06 10:17:48 [JavaFX Application Thread] ERROR p.c.app.service.RecaudacionService - Error al calcular recaudación mensual para asesor: null
java.lang.NullPointerException: Cannot invoke "java.lang.Long.longValue()" because "idAsesor" is null
	at pe.crediactiva.app.dao.impl.RecaudacionAsesorDAOImpl.findByAsesor(RecaudacionAsesorDAOImpl.java:157)
	at pe.crediactiva.app.service.RecaudacionService.obtenerRecaudacionMensualPorAsesor(RecaudacionService.java:112)
	at pe.crediactiva.app.service.RecaudacionService.obtenerRecaudacionDelMes(RecaudacionService.java:275)
	at pe.crediactiva.app.view.asesor.AsesorMainController.cargarEstadisticasDashboard(AsesorMainController.java:138)
	at pe.crediactiva.app.view.asesor.AsesorMainController.initialize(AsesorMainController.java:109)
	at java.base/jdk.internal.reflect.DirectMethodHandleAccessor.invoke(DirectMethodHandleAccessor.java:103)
	at java.base/java.lang.reflect.Method.invoke(Method.java:580)
	at com.sun.javafx.reflect.Trampoline.invoke(MethodUtil.java:72)
	at java.base/jdk.internal.reflect.DirectMethodHandleAccessor.invoke(DirectMethodHandleAccessor.java:103)
	at java.base/java.lang.reflect.Method.invoke(Method.java:580)
	at javafx.base@21.0.1/com.sun.javafx.reflect.MethodUtil.invoke(MethodUtil.java:270)
	at javafx.fxml@21.0.1/com.sun.javafx.fxml.MethodHelper.invoke(MethodHelper.java:84)
	at javafx.fxml@21.0.1/javafx.fxml.FXMLLoader.loadImpl(FXMLLoader.java:2688)
	at javafx.fxml@21.0.1/javafx.fxml.FXMLLoader.loadImpl(FXMLLoader.java:2563)
	at javafx.fxml@21.0.1/javafx.fxml.FXMLLoader.load(FXMLLoader.java:2531)
	at pe.crediactiva.app.view.LoginController.redirectToMainScreen(LoginController.java:140)
	at pe.crediactiva.app.view.LoginController.handleLogin(LoginController.java:99)
	at java.base/jdk.internal.reflect.DirectMethodHandleAccessor.invoke(DirectMethodHandleAccessor.java:103)
	at java.base/java.lang.reflect.Method.invoke(Method.java:580)
	at com.sun.javafx.reflect.Trampoline.invoke(MethodUtil.java:72)
	at java.base/jdk.internal.reflect.DirectMethodHandleAccessor.invoke(DirectMethodHandleAccessor.java:103)
	at java.base/java.lang.reflect.Method.invoke(Method.java:580)
	at javafx.base@21.0.1/com.sun.javafx.reflect.MethodUtil.invoke(MethodUtil.java:270)
	at javafx.fxml@21.0.1/com.sun.javafx.fxml.MethodHelper.invoke(MethodHelper.java:84)
	at javafx.fxml@21.0.1/javafx.fxml.FXMLLoader$MethodHandler.invoke(FXMLLoader.java:1855)
	at javafx.fxml@21.0.1/javafx.fxml.FXMLLoader$ControllerMethodEventHandler.handle(FXMLLoader.java:1726)
	at javafx.base@21.0.1/com.sun.javafx.event.CompositeEventHandler.dispatchBubblingEvent(CompositeEventHandler.java:86)
	at javafx.base@21.0.1/com.sun.javafx.event.EventHandlerManager.dispatchBubblingEvent(EventHandlerManager.java:232)
	at javafx.base@21.0.1/com.sun.javafx.event.EventHandlerManager.dispatchBubblingEvent(EventHandlerManager.java:189)
	at javafx.base@21.0.1/com.sun.javafx.event.CompositeEventDispatcher.dispatchBubblingEvent(CompositeEventDispatcher.java:59)
	at javafx.base@21.0.1/com.sun.javafx.event.BasicEventDispatcher.dispatchEvent(BasicEventDispatcher.java:58)
	at javafx.base@21.0.1/com.sun.javafx.event.EventDispatchChainImpl.dispatchEvent(EventDispatchChainImpl.java:114)
	at javafx.base@21.0.1/com.sun.javafx.event.BasicEventDispatcher.dispatchEvent(BasicEventDispatcher.java:56)
	at javafx.base@21.0.1/com.sun.javafx.event.EventDispatchChainImpl.dispatchEvent(EventDispatchChainImpl.java:114)
	at javafx.base@21.0.1/com.sun.javafx.event.BasicEventDispatcher.dispatchEvent(BasicEventDispatcher.java:56)
	at javafx.base@21.0.1/com.sun.javafx.event.EventDispatchChainImpl.dispatchEvent(EventDispatchChainImpl.java:114)
	at javafx.base@21.0.1/com.sun.javafx.event.EventUtil.fireEventImpl(EventUtil.java:74)
	at javafx.base@21.0.1/com.sun.javafx.event.EventUtil.fireEvent(EventUtil.java:49)
	at javafx.base@21.0.1/javafx.event.Event.fireEvent(Event.java:198)
	at javafx.graphics@21.0.1/javafx.scene.Node.fireEvent(Node.java:8875)
	at javafx.controls@21.0.1/javafx.scene.control.Button.fire(Button.java:203)
	at javafx.controls@21.0.1/com.sun.javafx.scene.control.behavior.ButtonBehavior.mouseReleased(ButtonBehavior.java:207)
	at javafx.controls@21.0.1/com.sun.javafx.scene.control.inputmap.InputMap.handle(InputMap.java:274)
	at javafx.base@21.0.1/com.sun.javafx.event.CompositeEventHandler$NormalEventHandlerRecord.handleBubblingEvent(CompositeEventHandler.java:247)
	at javafx.base@21.0.1/com.sun.javafx.event.CompositeEventHandler.dispatchBubblingEvent(CompositeEventHandler.java:80)
	at javafx.base@21.0.1/com.sun.javafx.event.EventHandlerManager.dispatchBubblingEvent(EventHandlerManager.java:232)
	at javafx.base@21.0.1/com.sun.javafx.event.EventHandlerManager.dispatchBubblingEvent(EventHandlerManager.java:189)
	at javafx.base@21.0.1/com.sun.javafx.event.CompositeEventDispatcher.dispatchBubblingEvent(CompositeEventDispatcher.java:59)
	at javafx.base@21.0.1/com.sun.javafx.event.BasicEventDispatcher.dispatchEvent(BasicEventDispatcher.java:58)
	at javafx.base@21.0.1/com.sun.javafx.event.EventDispatchChainImpl.dispatchEvent(EventDispatchChainImpl.java:114)
	at javafx.base@21.0.1/com.sun.javafx.event.BasicEventDispatcher.dispatchEvent(BasicEventDispatcher.java:56)
	at javafx.base@21.0.1/com.sun.javafx.event.EventDispatchChainImpl.dispatchEvent(EventDispatchChainImpl.java:114)
	at javafx.base@21.0.1/com.sun.javafx.event.BasicEventDispatcher.dispatchEvent(BasicEventDispatcher.java:56)
	at javafx.base@21.0.1/com.sun.javafx.event.EventDispatchChainImpl.dispatchEvent(EventDispatchChainImpl.java:114)
	at javafx.base@21.0.1/com.sun.javafx.event.EventUtil.fireEventImpl(EventUtil.java:74)
	at javafx.base@21.0.1/com.sun.javafx.event.EventUtil.fireEvent(EventUtil.java:54)
	at javafx.base@21.0.1/javafx.event.Event.fireEvent(Event.java:198)
	at javafx.graphics@21.0.1/javafx.scene.Scene$MouseHandler.process(Scene.java:3984)
	at javafx.graphics@21.0.1/javafx.scene.Scene.processMouseEvent(Scene.java:1890)
	at javafx.graphics@21.0.1/javafx.scene.Scene$ScenePeerListener.mouseEvent(Scene.java:2708)
	at javafx.graphics@21.0.1/com.sun.javafx.tk.quantum.GlassViewEventHandler$MouseEventNotification.run(GlassViewEventHandler.java:411)
	at javafx.graphics@21.0.1/com.sun.javafx.tk.quantum.GlassViewEventHandler$MouseEventNotification.run(GlassViewEventHandler.java:301)
	at java.base/java.security.AccessController.doPrivileged(AccessController.java:400)
	at javafx.graphics@21.0.1/com.sun.javafx.tk.quantum.GlassViewEventHandler.lambda$handleMouseEvent$2(GlassViewEventHandler.java:450)
	at javafx.graphics@21.0.1/com.sun.javafx.tk.quantum.QuantumToolkit.runWithoutRenderLock(QuantumToolkit.java:424)
	at javafx.graphics@21.0.1/com.sun.javafx.tk.quantum.GlassViewEventHandler.handleMouseEvent(GlassViewEventHandler.java:449)
	at javafx.graphics@21.0.1/com.sun.glass.ui.View.handleMouseEvent(View.java:551)
	at javafx.graphics@21.0.1/com.sun.glass.ui.View.notifyMouse(View.java:937)
	at javafx.graphics@21.0.1/com.sun.glass.ui.win.WinApplication._runLoop(Native Method)
	at javafx.graphics@21.0.1/com.sun.glass.ui.win.WinApplication.lambda$runLoop$3(WinApplication.java:185)
	at java.base/java.lang.Thread.run(Thread.java:1583)
2025-10-06 10:17:48 [JavaFX Application Thread] INFO  p.c.app.view.LoginController - Usuario redirigido a pantalla principal: ASESOR
2025-10-06 10:17:51 [JavaFX Application Thread] INFO  p.c.a.v.asesor.AsesorMainController - Intentando cargar solicitud de préstamo...
2025-10-06 10:17:51 [JavaFX Application Thread] ERROR p.c.a.v.asesor.AsesorMainController - Error al cargar solicitud de préstamo
javafx.fxml.LoadException: String is not a valid type.
/C:/Users/USER/OneDrive/Escritorio/proyecto_v4.0/target/classes/fxml/asesor/SolicitarPrestamoView.fxml:56

	at javafx.fxml@21.0.1/javafx.fxml.FXMLLoader.constructLoadException(FXMLLoader.java:2718)
	at javafx.fxml@21.0.1/javafx.fxml.FXMLLoader.createElement(FXMLLoader.java:2920)
	at javafx.fxml@21.0.1/javafx.fxml.FXMLLoader.processStartElement(FXMLLoader.java:2850)
	at javafx.fxml@21.0.1/javafx.fxml.FXMLLoader.loadImpl(FXMLLoader.java:2649)
	at javafx.fxml@21.0.1/javafx.fxml.FXMLLoader.loadImpl(FXMLLoader.java:2563)
	at javafx.fxml@21.0.1/javafx.fxml.FXMLLoader.load(FXMLLoader.java:2531)
	at pe.crediactiva.app.view.asesor.AsesorMainController.handleSolicitarPrestamo(AsesorMainController.java:233)
	at java.base/jdk.internal.reflect.DirectMethodHandleAccessor.invoke(DirectMethodHandleAccessor.java:103)
	at java.base/java.lang.reflect.Method.invoke(Method.java:580)
	at com.sun.javafx.reflect.Trampoline.invoke(MethodUtil.java:72)
	at java.base/jdk.internal.reflect.DirectMethodHandleAccessor.invoke(DirectMethodHandleAccessor.java:103)
	at java.base/java.lang.reflect.Method.invoke(Method.java:580)
	at javafx.base@21.0.1/com.sun.javafx.reflect.MethodUtil.invoke(MethodUtil.java:270)
	at javafx.fxml@21.0.1/com.sun.javafx.fxml.MethodHelper.invoke(MethodHelper.java:84)
	at javafx.fxml@21.0.1/javafx.fxml.FXMLLoader$MethodHandler.invoke(FXMLLoader.java:1855)
	at javafx.fxml@21.0.1/javafx.fxml.FXMLLoader$ControllerMethodEventHandler.handle(FXMLLoader.java:1726)
	at javafx.base@21.0.1/com.sun.javafx.event.CompositeEventHandler.dispatchBubblingEvent(CompositeEventHandler.java:86)
	at javafx.base@21.0.1/com.sun.javafx.event.EventHandlerManager.dispatchBubblingEvent(EventHandlerManager.java:232)
	at javafx.base@21.0.1/com.sun.javafx.event.EventHandlerManager.dispatchBubblingEvent(EventHandlerManager.java:189)
	at javafx.base@21.0.1/com.sun.javafx.event.CompositeEventDispatcher.dispatchBubblingEvent(CompositeEventDispatcher.java:59)
	at javafx.base@21.0.1/com.sun.javafx.event.BasicEventDispatcher.dispatchEvent(BasicEventDispatcher.java:58)
	at javafx.base@21.0.1/com.sun.javafx.event.EventDispatchChainImpl.dispatchEvent(EventDispatchChainImpl.java:114)
	at javafx.base@21.0.1/com.sun.javafx.event.BasicEventDispatcher.dispatchEvent(BasicEventDispatcher.java:56)
	at javafx.base@21.0.1/com.sun.javafx.event.EventDispatchChainImpl.dispatchEvent(EventDispatchChainImpl.java:114)
	at javafx.base@21.0.1/com.sun.javafx.event.BasicEventDispatcher.dispatchEvent(BasicEventDispatcher.java:56)
	at javafx.base@21.0.1/com.sun.javafx.event.EventDispatchChainImpl.dispatchEvent(EventDispatchChainImpl.java:114)
	at javafx.base@21.0.1/com.sun.javafx.event.BasicEventDispatcher.dispatchEvent(BasicEventDispatcher.java:56)
	at javafx.base@21.0.1/com.sun.javafx.event.EventDispatchChainImpl.dispatchEvent(EventDispatchChainImpl.java:114)
	at javafx.base@21.0.1/com.sun.javafx.event.EventUtil.fireEventImpl(EventUtil.java:74)
	at javafx.base@21.0.1/com.sun.javafx.event.EventUtil.fireEvent(EventUtil.java:49)
	at javafx.base@21.0.1/javafx.event.Event.fireEvent(Event.java:198)
	at javafx.graphics@21.0.1/javafx.scene.Node.fireEvent(Node.java:8875)
	at javafx.controls@21.0.1/javafx.scene.control.Button.fire(Button.java:203)
	at javafx.controls@21.0.1/com.sun.javafx.scene.control.behavior.ButtonBehavior.mouseReleased(ButtonBehavior.java:207)
	at javafx.controls@21.0.1/com.sun.javafx.scene.control.inputmap.InputMap.handle(InputMap.java:274)
	at javafx.base@21.0.1/com.sun.javafx.event.CompositeEventHandler$NormalEventHandlerRecord.handleBubblingEvent(CompositeEventHandler.java:247)
	at javafx.base@21.0.1/com.sun.javafx.event.CompositeEventHandler.dispatchBubblingEvent(CompositeEventHandler.java:80)
	at javafx.base@21.0.1/com.sun.javafx.event.EventHandlerManager.dispatchBubblingEvent(EventHandlerManager.java:232)
	at javafx.base@21.0.1/com.sun.javafx.event.EventHandlerManager.dispatchBubblingEvent(EventHandlerManager.java:189)
	at javafx.base@21.0.1/com.sun.javafx.event.CompositeEventDispatcher.dispatchBubblingEvent(CompositeEventDispatcher.java:59)
	at javafx.base@21.0.1/com.sun.javafx.event.BasicEventDispatcher.dispatchEvent(BasicEventDispatcher.java:58)
	at javafx.base@21.0.1/com.sun.javafx.event.EventDispatchChainImpl.dispatchEvent(EventDispatchChainImpl.java:114)
	at javafx.base@21.0.1/com.sun.javafx.event.BasicEventDispatcher.dispatchEvent(BasicEventDispatcher.java:56)
	at javafx.base@21.0.1/com.sun.javafx.event.EventDispatchChainImpl.dispatchEvent(EventDispatchChainImpl.java:114)
	at javafx.base@21.0.1/com.sun.javafx.event.BasicEventDispatcher.dispatchEvent(BasicEventDispatcher.java:56)
	at javafx.base@21.0.1/com.sun.javafx.event.EventDispatchChainImpl.dispatchEvent(EventDispatchChainImpl.java:114)
	at javafx.base@21.0.1/com.sun.javafx.event.BasicEventDispatcher.dispatchEvent(BasicEventDispatcher.java:56)
	at javafx.base@21.0.1/com.sun.javafx.event.EventDispatchChainImpl.dispatchEvent(EventDispatchChainImpl.java:114)
	at javafx.base@21.0.1/com.sun.javafx.event.EventUtil.fireEventImpl(EventUtil.java:74)
	at javafx.base@21.0.1/com.sun.javafx.event.EventUtil.fireEvent(EventUtil.java:54)
	at javafx.base@21.0.1/javafx.event.Event.fireEvent(Event.java:198)
	at javafx.graphics@21.0.1/javafx.scene.Scene$MouseHandler.process(Scene.java:3984)
	at javafx.graphics@21.0.1/javafx.scene.Scene.processMouseEvent(Scene.java:1890)
	at javafx.graphics@21.0.1/javafx.scene.Scene$ScenePeerListener.mouseEvent(Scene.java:2708)
	at javafx.graphics@21.0.1/com.sun.javafx.tk.quantum.GlassViewEventHandler$MouseEventNotification.run(GlassViewEventHandler.java:411)
	at javafx.graphics@21.0.1/com.sun.javafx.tk.quantum.GlassViewEventHandler$MouseEventNotification.run(GlassViewEventHandler.java:301)
	at java.base/java.security.AccessController.doPrivileged(AccessController.java:400)
	at javafx.graphics@21.0.1/com.sun.javafx.tk.quantum.GlassViewEventHandler.lambda$handleMouseEvent$2(GlassViewEventHandler.java:450)
	at javafx.graphics@21.0.1/com.sun.javafx.tk.quantum.QuantumToolkit.runWithoutRenderLock(QuantumToolkit.java:424)
	at javafx.graphics@21.0.1/com.sun.javafx.tk.quantum.GlassViewEventHandler.handleMouseEvent(GlassViewEventHandler.java:449)
	at javafx.graphics@21.0.1/com.sun.glass.ui.View.handleMouseEvent(View.java:551)
	at javafx.graphics@21.0.1/com.sun.glass.ui.View.notifyMouse(View.java:937)
	at javafx.graphics@21.0.1/com.sun.glass.ui.win.WinApplication._runLoop(Native Method)
	at javafx.graphics@21.0.1/com.sun.glass.ui.win.WinApplication.lambda$runLoop$3(WinApplication.java:185)
	at java.base/java.lang.Thread.run(Thread.java:1583)
2025-10-06 10:20:44 [JavaFX Application Thread] INFO  p.c.app.config.DatabaseConfig - Pool de conexiones cerrado correctamente
2025-10-06 10:20:44 [JavaFX Application Thread] INFO  pe.crediactiva.app.Main - Aplicación CrediActiva cerrada
2025-10-06 10:23:56 [main] INFO  pe.crediactiva.app.Main - Iniciando aplicación CrediActiva Desktop v1.0.0
2025-10-06 10:23:56 [JavaFX Application Thread] INFO  pe.crediactiva.app.Main - Icono no encontrado, continuando sin icono
2025-10-06 10:23:56 [JavaFX Application Thread] INFO  p.c.app.config.DatabaseConfig - Propiedades de base de datos cargadas correctamente
2025-10-06 10:23:56 [JavaFX Application Thread] INFO  p.c.app.config.DatabaseConfig - Pool de conexiones HikariCP inicializado correctamente
2025-10-06 10:23:57 [JavaFX Application Thread] INFO  pe.crediactiva.app.Main - Aplicación CrediActiva iniciada correctamente
2025-10-06 10:24:10 [JavaFX Application Thread] INFO  p.c.app.dao.impl.UsuarioDAOImpl - Usuario autenticado exitosamente: 12345678
2025-10-06 10:24:10 [JavaFX Application Thread] INFO  p.c.a.service.AuthenticationService - Usuario autenticado exitosamente: 12345678 - ASESOR
2025-10-06 10:24:10 [JavaFX Application Thread] INFO  p.c.app.view.LoginController - Usuario autenticado exitosamente: 12345678
2025-10-06 10:24:11 [JavaFX Application Thread] ERROR p.c.app.service.RecaudacionService - Error al calcular recaudación mensual para asesor: null
java.lang.NullPointerException: Cannot invoke "java.lang.Long.longValue()" because "idAsesor" is null
	at pe.crediactiva.app.dao.impl.RecaudacionAsesorDAOImpl.findByAsesor(RecaudacionAsesorDAOImpl.java:157)
	at pe.crediactiva.app.service.RecaudacionService.obtenerRecaudacionMensualPorAsesor(RecaudacionService.java:112)
	at pe.crediactiva.app.service.RecaudacionService.obtenerRecaudacionDelDia(RecaudacionService.java:268)
	at pe.crediactiva.app.view.asesor.AsesorMainController.cargarEstadisticasDashboard(AsesorMainController.java:134)
	at pe.crediactiva.app.view.asesor.AsesorMainController.initialize(AsesorMainController.java:109)
	at java.base/jdk.internal.reflect.DirectMethodHandleAccessor.invoke(DirectMethodHandleAccessor.java:103)
	at java.base/java.lang.reflect.Method.invoke(Method.java:580)
	at com.sun.javafx.reflect.Trampoline.invoke(MethodUtil.java:72)
	at java.base/jdk.internal.reflect.DirectMethodHandleAccessor.invoke(DirectMethodHandleAccessor.java:103)
	at java.base/java.lang.reflect.Method.invoke(Method.java:580)
	at javafx.base@21.0.1/com.sun.javafx.reflect.MethodUtil.invoke(MethodUtil.java:270)
	at javafx.fxml@21.0.1/com.sun.javafx.fxml.MethodHelper.invoke(MethodHelper.java:84)
	at javafx.fxml@21.0.1/javafx.fxml.FXMLLoader.loadImpl(FXMLLoader.java:2688)
	at javafx.fxml@21.0.1/javafx.fxml.FXMLLoader.loadImpl(FXMLLoader.java:2563)
	at javafx.fxml@21.0.1/javafx.fxml.FXMLLoader.load(FXMLLoader.java:2531)
	at pe.crediactiva.app.view.LoginController.redirectToMainScreen(LoginController.java:140)
	at pe.crediactiva.app.view.LoginController.handleLogin(LoginController.java:99)
	at java.base/jdk.internal.reflect.DirectMethodHandleAccessor.invoke(DirectMethodHandleAccessor.java:103)
	at java.base/java.lang.reflect.Method.invoke(Method.java:580)
	at com.sun.javafx.reflect.Trampoline.invoke(MethodUtil.java:72)
	at java.base/jdk.internal.reflect.DirectMethodHandleAccessor.invoke(DirectMethodHandleAccessor.java:103)
	at java.base/java.lang.reflect.Method.invoke(Method.java:580)
	at javafx.base@21.0.1/com.sun.javafx.reflect.MethodUtil.invoke(MethodUtil.java:270)
	at javafx.fxml@21.0.1/com.sun.javafx.fxml.MethodHelper.invoke(MethodHelper.java:84)
	at javafx.fxml@21.0.1/javafx.fxml.FXMLLoader$MethodHandler.invoke(FXMLLoader.java:1855)
	at javafx.fxml@21.0.1/javafx.fxml.FXMLLoader$ControllerMethodEventHandler.handle(FXMLLoader.java:1726)
	at javafx.base@21.0.1/com.sun.javafx.event.CompositeEventHandler.dispatchBubblingEvent(CompositeEventHandler.java:86)
	at javafx.base@21.0.1/com.sun.javafx.event.EventHandlerManager.dispatchBubblingEvent(EventHandlerManager.java:232)
	at javafx.base@21.0.1/com.sun.javafx.event.EventHandlerManager.dispatchBubblingEvent(EventHandlerManager.java:189)
	at javafx.base@21.0.1/com.sun.javafx.event.CompositeEventDispatcher.dispatchBubblingEvent(CompositeEventDispatcher.java:59)
	at javafx.base@21.0.1/com.sun.javafx.event.BasicEventDispatcher.dispatchEvent(BasicEventDispatcher.java:58)
	at javafx.base@21.0.1/com.sun.javafx.event.EventDispatchChainImpl.dispatchEvent(EventDispatchChainImpl.java:114)
	at javafx.base@21.0.1/com.sun.javafx.event.BasicEventDispatcher.dispatchEvent(BasicEventDispatcher.java:56)
	at javafx.base@21.0.1/com.sun.javafx.event.EventDispatchChainImpl.dispatchEvent(EventDispatchChainImpl.java:114)
	at javafx.base@21.0.1/com.sun.javafx.event.BasicEventDispatcher.dispatchEvent(BasicEventDispatcher.java:56)
	at javafx.base@21.0.1/com.sun.javafx.event.EventDispatchChainImpl.dispatchEvent(EventDispatchChainImpl.java:114)
	at javafx.base@21.0.1/com.sun.javafx.event.EventUtil.fireEventImpl(EventUtil.java:74)
	at javafx.base@21.0.1/com.sun.javafx.event.EventUtil.fireEvent(EventUtil.java:49)
	at javafx.base@21.0.1/javafx.event.Event.fireEvent(Event.java:198)
	at javafx.graphics@21.0.1/javafx.scene.Node.fireEvent(Node.java:8875)
	at javafx.controls@21.0.1/javafx.scene.control.Button.fire(Button.java:203)
	at javafx.controls@21.0.1/com.sun.javafx.scene.control.behavior.ButtonBehavior.mouseReleased(ButtonBehavior.java:207)
	at javafx.controls@21.0.1/com.sun.javafx.scene.control.inputmap.InputMap.handle(InputMap.java:274)
	at javafx.base@21.0.1/com.sun.javafx.event.CompositeEventHandler$NormalEventHandlerRecord.handleBubblingEvent(CompositeEventHandler.java:247)
	at javafx.base@21.0.1/com.sun.javafx.event.CompositeEventHandler.dispatchBubblingEvent(CompositeEventHandler.java:80)
	at javafx.base@21.0.1/com.sun.javafx.event.EventHandlerManager.dispatchBubblingEvent(EventHandlerManager.java:232)
	at javafx.base@21.0.1/com.sun.javafx.event.EventHandlerManager.dispatchBubblingEvent(EventHandlerManager.java:189)
	at javafx.base@21.0.1/com.sun.javafx.event.CompositeEventDispatcher.dispatchBubblingEvent(CompositeEventDispatcher.java:59)
	at javafx.base@21.0.1/com.sun.javafx.event.BasicEventDispatcher.dispatchEvent(BasicEventDispatcher.java:58)
	at javafx.base@21.0.1/com.sun.javafx.event.EventDispatchChainImpl.dispatchEvent(EventDispatchChainImpl.java:114)
	at javafx.base@21.0.1/com.sun.javafx.event.BasicEventDispatcher.dispatchEvent(BasicEventDispatcher.java:56)
	at javafx.base@21.0.1/com.sun.javafx.event.EventDispatchChainImpl.dispatchEvent(EventDispatchChainImpl.java:114)
	at javafx.base@21.0.1/com.sun.javafx.event.BasicEventDispatcher.dispatchEvent(BasicEventDispatcher.java:56)
	at javafx.base@21.0.1/com.sun.javafx.event.EventDispatchChainImpl.dispatchEvent(EventDispatchChainImpl.java:114)
	at javafx.base@21.0.1/com.sun.javafx.event.EventUtil.fireEventImpl(EventUtil.java:74)
	at javafx.base@21.0.1/com.sun.javafx.event.EventUtil.fireEvent(EventUtil.java:54)
	at javafx.base@21.0.1/javafx.event.Event.fireEvent(Event.java:198)
	at javafx.graphics@21.0.1/javafx.scene.Scene$MouseHandler.process(Scene.java:3984)
	at javafx.graphics@21.0.1/javafx.scene.Scene.processMouseEvent(Scene.java:1890)
	at javafx.graphics@21.0.1/javafx.scene.Scene$ScenePeerListener.mouseEvent(Scene.java:2708)
	at javafx.graphics@21.0.1/com.sun.javafx.tk.quantum.GlassViewEventHandler$MouseEventNotification.run(GlassViewEventHandler.java:411)
	at javafx.graphics@21.0.1/com.sun.javafx.tk.quantum.GlassViewEventHandler$MouseEventNotification.run(GlassViewEventHandler.java:301)
	at java.base/java.security.AccessController.doPrivileged(AccessController.java:400)
	at javafx.graphics@21.0.1/com.sun.javafx.tk.quantum.GlassViewEventHandler.lambda$handleMouseEvent$2(GlassViewEventHandler.java:450)
	at javafx.graphics@21.0.1/com.sun.javafx.tk.quantum.QuantumToolkit.runWithoutRenderLock(QuantumToolkit.java:424)
	at javafx.graphics@21.0.1/com.sun.javafx.tk.quantum.GlassViewEventHandler.handleMouseEvent(GlassViewEventHandler.java:449)
	at javafx.graphics@21.0.1/com.sun.glass.ui.View.handleMouseEvent(View.java:551)
	at javafx.graphics@21.0.1/com.sun.glass.ui.View.notifyMouse(View.java:937)
	at javafx.graphics@21.0.1/com.sun.glass.ui.win.WinApplication._runLoop(Native Method)
	at javafx.graphics@21.0.1/com.sun.glass.ui.win.WinApplication.lambda$runLoop$3(WinApplication.java:185)
	at java.base/java.lang.Thread.run(Thread.java:1583)
2025-10-06 10:24:11 [JavaFX Application Thread] ERROR p.c.app.service.RecaudacionService - Error al calcular recaudación mensual para asesor: null
java.lang.NullPointerException: Cannot invoke "java.lang.Long.longValue()" because "idAsesor" is null
	at pe.crediactiva.app.dao.impl.RecaudacionAsesorDAOImpl.findByAsesor(RecaudacionAsesorDAOImpl.java:157)
	at pe.crediactiva.app.service.RecaudacionService.obtenerRecaudacionMensualPorAsesor(RecaudacionService.java:112)
	at pe.crediactiva.app.service.RecaudacionService.obtenerRecaudacionDelMes(RecaudacionService.java:275)
	at pe.crediactiva.app.view.asesor.AsesorMainController.cargarEstadisticasDashboard(AsesorMainController.java:138)
	at pe.crediactiva.app.view.asesor.AsesorMainController.initialize(AsesorMainController.java:109)
	at java.base/jdk.internal.reflect.DirectMethodHandleAccessor.invoke(DirectMethodHandleAccessor.java:103)
	at java.base/java.lang.reflect.Method.invoke(Method.java:580)
	at com.sun.javafx.reflect.Trampoline.invoke(MethodUtil.java:72)
	at java.base/jdk.internal.reflect.DirectMethodHandleAccessor.invoke(DirectMethodHandleAccessor.java:103)
	at java.base/java.lang.reflect.Method.invoke(Method.java:580)
	at javafx.base@21.0.1/com.sun.javafx.reflect.MethodUtil.invoke(MethodUtil.java:270)
	at javafx.fxml@21.0.1/com.sun.javafx.fxml.MethodHelper.invoke(MethodHelper.java:84)
	at javafx.fxml@21.0.1/javafx.fxml.FXMLLoader.loadImpl(FXMLLoader.java:2688)
	at javafx.fxml@21.0.1/javafx.fxml.FXMLLoader.loadImpl(FXMLLoader.java:2563)
	at javafx.fxml@21.0.1/javafx.fxml.FXMLLoader.load(FXMLLoader.java:2531)
	at pe.crediactiva.app.view.LoginController.redirectToMainScreen(LoginController.java:140)
	at pe.crediactiva.app.view.LoginController.handleLogin(LoginController.java:99)
	at java.base/jdk.internal.reflect.DirectMethodHandleAccessor.invoke(DirectMethodHandleAccessor.java:103)
	at java.base/java.lang.reflect.Method.invoke(Method.java:580)
	at com.sun.javafx.reflect.Trampoline.invoke(MethodUtil.java:72)
	at java.base/jdk.internal.reflect.DirectMethodHandleAccessor.invoke(DirectMethodHandleAccessor.java:103)
	at java.base/java.lang.reflect.Method.invoke(Method.java:580)
	at javafx.base@21.0.1/com.sun.javafx.reflect.MethodUtil.invoke(MethodUtil.java:270)
	at javafx.fxml@21.0.1/com.sun.javafx.fxml.MethodHelper.invoke(MethodHelper.java:84)
	at javafx.fxml@21.0.1/javafx.fxml.FXMLLoader$MethodHandler.invoke(FXMLLoader.java:1855)
	at javafx.fxml@21.0.1/javafx.fxml.FXMLLoader$ControllerMethodEventHandler.handle(FXMLLoader.java:1726)
	at javafx.base@21.0.1/com.sun.javafx.event.CompositeEventHandler.dispatchBubblingEvent(CompositeEventHandler.java:86)
	at javafx.base@21.0.1/com.sun.javafx.event.EventHandlerManager.dispatchBubblingEvent(EventHandlerManager.java:232)
	at javafx.base@21.0.1/com.sun.javafx.event.EventHandlerManager.dispatchBubblingEvent(EventHandlerManager.java:189)
	at javafx.base@21.0.1/com.sun.javafx.event.CompositeEventDispatcher.dispatchBubblingEvent(CompositeEventDispatcher.java:59)
	at javafx.base@21.0.1/com.sun.javafx.event.BasicEventDispatcher.dispatchEvent(BasicEventDispatcher.java:58)
	at javafx.base@21.0.1/com.sun.javafx.event.EventDispatchChainImpl.dispatchEvent(EventDispatchChainImpl.java:114)
	at javafx.base@21.0.1/com.sun.javafx.event.BasicEventDispatcher.dispatchEvent(BasicEventDispatcher.java:56)
	at javafx.base@21.0.1/com.sun.javafx.event.EventDispatchChainImpl.dispatchEvent(EventDispatchChainImpl.java:114)
	at javafx.base@21.0.1/com.sun.javafx.event.BasicEventDispatcher.dispatchEvent(BasicEventDispatcher.java:56)
	at javafx.base@21.0.1/com.sun.javafx.event.EventDispatchChainImpl.dispatchEvent(EventDispatchChainImpl.java:114)
	at javafx.base@21.0.1/com.sun.javafx.event.EventUtil.fireEventImpl(EventUtil.java:74)
	at javafx.base@21.0.1/com.sun.javafx.event.EventUtil.fireEvent(EventUtil.java:49)
	at javafx.base@21.0.1/javafx.event.Event.fireEvent(Event.java:198)
	at javafx.graphics@21.0.1/javafx.scene.Node.fireEvent(Node.java:8875)
	at javafx.controls@21.0.1/javafx.scene.control.Button.fire(Button.java:203)
	at javafx.controls@21.0.1/com.sun.javafx.scene.control.behavior.ButtonBehavior.mouseReleased(ButtonBehavior.java:207)
	at javafx.controls@21.0.1/com.sun.javafx.scene.control.inputmap.InputMap.handle(InputMap.java:274)
	at javafx.base@21.0.1/com.sun.javafx.event.CompositeEventHandler$NormalEventHandlerRecord.handleBubblingEvent(CompositeEventHandler.java:247)
	at javafx.base@21.0.1/com.sun.javafx.event.CompositeEventHandler.dispatchBubblingEvent(CompositeEventHandler.java:80)
	at javafx.base@21.0.1/com.sun.javafx.event.EventHandlerManager.dispatchBubblingEvent(EventHandlerManager.java:232)
	at javafx.base@21.0.1/com.sun.javafx.event.EventHandlerManager.dispatchBubblingEvent(EventHandlerManager.java:189)
	at javafx.base@21.0.1/com.sun.javafx.event.CompositeEventDispatcher.dispatchBubblingEvent(CompositeEventDispatcher.java:59)
	at javafx.base@21.0.1/com.sun.javafx.event.BasicEventDispatcher.dispatchEvent(BasicEventDispatcher.java:58)
	at javafx.base@21.0.1/com.sun.javafx.event.EventDispatchChainImpl.dispatchEvent(EventDispatchChainImpl.java:114)
	at javafx.base@21.0.1/com.sun.javafx.event.BasicEventDispatcher.dispatchEvent(BasicEventDispatcher.java:56)
	at javafx.base@21.0.1/com.sun.javafx.event.EventDispatchChainImpl.dispatchEvent(EventDispatchChainImpl.java:114)
	at javafx.base@21.0.1/com.sun.javafx.event.BasicEventDispatcher.dispatchEvent(BasicEventDispatcher.java:56)
	at javafx.base@21.0.1/com.sun.javafx.event.EventDispatchChainImpl.dispatchEvent(EventDispatchChainImpl.java:114)
	at javafx.base@21.0.1/com.sun.javafx.event.EventUtil.fireEventImpl(EventUtil.java:74)
	at javafx.base@21.0.1/com.sun.javafx.event.EventUtil.fireEvent(EventUtil.java:54)
	at javafx.base@21.0.1/javafx.event.Event.fireEvent(Event.java:198)
	at javafx.graphics@21.0.1/javafx.scene.Scene$MouseHandler.process(Scene.java:3984)
	at javafx.graphics@21.0.1/javafx.scene.Scene.processMouseEvent(Scene.java:1890)
	at javafx.graphics@21.0.1/javafx.scene.Scene$ScenePeerListener.mouseEvent(Scene.java:2708)
	at javafx.graphics@21.0.1/com.sun.javafx.tk.quantum.GlassViewEventHandler$MouseEventNotification.run(GlassViewEventHandler.java:411)
	at javafx.graphics@21.0.1/com.sun.javafx.tk.quantum.GlassViewEventHandler$MouseEventNotification.run(GlassViewEventHandler.java:301)
	at java.base/java.security.AccessController.doPrivileged(AccessController.java:400)
	at javafx.graphics@21.0.1/com.sun.javafx.tk.quantum.GlassViewEventHandler.lambda$handleMouseEvent$2(GlassViewEventHandler.java:450)
	at javafx.graphics@21.0.1/com.sun.javafx.tk.quantum.QuantumToolkit.runWithoutRenderLock(QuantumToolkit.java:424)
	at javafx.graphics@21.0.1/com.sun.javafx.tk.quantum.GlassViewEventHandler.handleMouseEvent(GlassViewEventHandler.java:449)
	at javafx.graphics@21.0.1/com.sun.glass.ui.View.handleMouseEvent(View.java:551)
	at javafx.graphics@21.0.1/com.sun.glass.ui.View.notifyMouse(View.java:937)
	at javafx.graphics@21.0.1/com.sun.glass.ui.win.WinApplication._runLoop(Native Method)
	at javafx.graphics@21.0.1/com.sun.glass.ui.win.WinApplication.lambda$runLoop$3(WinApplication.java:185)
	at java.base/java.lang.Thread.run(Thread.java:1583)
2025-10-06 10:24:11 [JavaFX Application Thread] INFO  p.c.app.view.LoginController - Usuario redirigido a pantalla principal: ASESOR
2025-10-06 10:24:13 [JavaFX Application Thread] INFO  p.c.a.v.asesor.AsesorMainController - Intentando cargar solicitud de préstamo...
2025-10-06 10:24:13 [JavaFX Application Thread] ERROR p.c.a.v.asesor.AsesorMainController - Error al cargar solicitud de préstamo
javafx.fxml.LoadException: String is not a valid type.
/C:/Users/USER/OneDrive/Escritorio/proyecto_v4.0/target/classes/fxml/asesor/SolicitarPrestamoView.fxml:57

	at javafx.fxml@21.0.1/javafx.fxml.FXMLLoader.constructLoadException(FXMLLoader.java:2718)
	at javafx.fxml@21.0.1/javafx.fxml.FXMLLoader.createElement(FXMLLoader.java:2920)
	at javafx.fxml@21.0.1/javafx.fxml.FXMLLoader.processStartElement(FXMLLoader.java:2850)
	at javafx.fxml@21.0.1/javafx.fxml.FXMLLoader.loadImpl(FXMLLoader.java:2649)
	at javafx.fxml@21.0.1/javafx.fxml.FXMLLoader.loadImpl(FXMLLoader.java:2563)
	at javafx.fxml@21.0.1/javafx.fxml.FXMLLoader.load(FXMLLoader.java:2531)
	at pe.crediactiva.app.view.asesor.AsesorMainController.handleSolicitarPrestamo(AsesorMainController.java:233)
	at java.base/jdk.internal.reflect.DirectMethodHandleAccessor.invoke(DirectMethodHandleAccessor.java:103)
	at java.base/java.lang.reflect.Method.invoke(Method.java:580)
	at com.sun.javafx.reflect.Trampoline.invoke(MethodUtil.java:72)
	at java.base/jdk.internal.reflect.DirectMethodHandleAccessor.invoke(DirectMethodHandleAccessor.java:103)
	at java.base/java.lang.reflect.Method.invoke(Method.java:580)
	at javafx.base@21.0.1/com.sun.javafx.reflect.MethodUtil.invoke(MethodUtil.java:270)
	at javafx.fxml@21.0.1/com.sun.javafx.fxml.MethodHelper.invoke(MethodHelper.java:84)
	at javafx.fxml@21.0.1/javafx.fxml.FXMLLoader$MethodHandler.invoke(FXMLLoader.java:1855)
	at javafx.fxml@21.0.1/javafx.fxml.FXMLLoader$ControllerMethodEventHandler.handle(FXMLLoader.java:1726)
	at javafx.base@21.0.1/com.sun.javafx.event.CompositeEventHandler.dispatchBubblingEvent(CompositeEventHandler.java:86)
	at javafx.base@21.0.1/com.sun.javafx.event.EventHandlerManager.dispatchBubblingEvent(EventHandlerManager.java:232)
	at javafx.base@21.0.1/com.sun.javafx.event.EventHandlerManager.dispatchBubblingEvent(EventHandlerManager.java:189)
	at javafx.base@21.0.1/com.sun.javafx.event.CompositeEventDispatcher.dispatchBubblingEvent(CompositeEventDispatcher.java:59)
	at javafx.base@21.0.1/com.sun.javafx.event.BasicEventDispatcher.dispatchEvent(BasicEventDispatcher.java:58)
	at javafx.base@21.0.1/com.sun.javafx.event.EventDispatchChainImpl.dispatchEvent(EventDispatchChainImpl.java:114)
	at javafx.base@21.0.1/com.sun.javafx.event.BasicEventDispatcher.dispatchEvent(BasicEventDispatcher.java:56)
	at javafx.base@21.0.1/com.sun.javafx.event.EventDispatchChainImpl.dispatchEvent(EventDispatchChainImpl.java:114)
	at javafx.base@21.0.1/com.sun.javafx.event.BasicEventDispatcher.dispatchEvent(BasicEventDispatcher.java:56)
	at javafx.base@21.0.1/com.sun.javafx.event.EventDispatchChainImpl.dispatchEvent(EventDispatchChainImpl.java:114)
	at javafx.base@21.0.1/com.sun.javafx.event.BasicEventDispatcher.dispatchEvent(BasicEventDispatcher.java:56)
	at javafx.base@21.0.1/com.sun.javafx.event.EventDispatchChainImpl.dispatchEvent(EventDispatchChainImpl.java:114)
	at javafx.base@21.0.1/com.sun.javafx.event.EventUtil.fireEventImpl(EventUtil.java:74)
	at javafx.base@21.0.1/com.sun.javafx.event.EventUtil.fireEvent(EventUtil.java:49)
	at javafx.base@21.0.1/javafx.event.Event.fireEvent(Event.java:198)
	at javafx.graphics@21.0.1/javafx.scene.Node.fireEvent(Node.java:8875)
	at javafx.controls@21.0.1/javafx.scene.control.Button.fire(Button.java:203)
	at javafx.controls@21.0.1/com.sun.javafx.scene.control.behavior.ButtonBehavior.mouseReleased(ButtonBehavior.java:207)
	at javafx.controls@21.0.1/com.sun.javafx.scene.control.inputmap.InputMap.handle(InputMap.java:274)
	at javafx.base@21.0.1/com.sun.javafx.event.CompositeEventHandler$NormalEventHandlerRecord.handleBubblingEvent(CompositeEventHandler.java:247)
	at javafx.base@21.0.1/com.sun.javafx.event.CompositeEventHandler.dispatchBubblingEvent(CompositeEventHandler.java:80)
	at javafx.base@21.0.1/com.sun.javafx.event.EventHandlerManager.dispatchBubblingEvent(EventHandlerManager.java:232)
	at javafx.base@21.0.1/com.sun.javafx.event.EventHandlerManager.dispatchBubblingEvent(EventHandlerManager.java:189)
	at javafx.base@21.0.1/com.sun.javafx.event.CompositeEventDispatcher.dispatchBubblingEvent(CompositeEventDispatcher.java:59)
	at javafx.base@21.0.1/com.sun.javafx.event.BasicEventDispatcher.dispatchEvent(BasicEventDispatcher.java:58)
	at javafx.base@21.0.1/com.sun.javafx.event.EventDispatchChainImpl.dispatchEvent(EventDispatchChainImpl.java:114)
	at javafx.base@21.0.1/com.sun.javafx.event.BasicEventDispatcher.dispatchEvent(BasicEventDispatcher.java:56)
	at javafx.base@21.0.1/com.sun.javafx.event.EventDispatchChainImpl.dispatchEvent(EventDispatchChainImpl.java:114)
	at javafx.base@21.0.1/com.sun.javafx.event.BasicEventDispatcher.dispatchEvent(BasicEventDispatcher.java:56)
	at javafx.base@21.0.1/com.sun.javafx.event.EventDispatchChainImpl.dispatchEvent(EventDispatchChainImpl.java:114)
	at javafx.base@21.0.1/com.sun.javafx.event.BasicEventDispatcher.dispatchEvent(BasicEventDispatcher.java:56)
	at javafx.base@21.0.1/com.sun.javafx.event.EventDispatchChainImpl.dispatchEvent(EventDispatchChainImpl.java:114)
	at javafx.base@21.0.1/com.sun.javafx.event.EventUtil.fireEventImpl(EventUtil.java:74)
	at javafx.base@21.0.1/com.sun.javafx.event.EventUtil.fireEvent(EventUtil.java:54)
	at javafx.base@21.0.1/javafx.event.Event.fireEvent(Event.java:198)
	at javafx.graphics@21.0.1/javafx.scene.Scene$MouseHandler.process(Scene.java:3984)
	at javafx.graphics@21.0.1/javafx.scene.Scene.processMouseEvent(Scene.java:1890)
	at javafx.graphics@21.0.1/javafx.scene.Scene$ScenePeerListener.mouseEvent(Scene.java:2708)
	at javafx.graphics@21.0.1/com.sun.javafx.tk.quantum.GlassViewEventHandler$MouseEventNotification.run(GlassViewEventHandler.java:411)
	at javafx.graphics@21.0.1/com.sun.javafx.tk.quantum.GlassViewEventHandler$MouseEventNotification.run(GlassViewEventHandler.java:301)
	at java.base/java.security.AccessController.doPrivileged(AccessController.java:400)
	at javafx.graphics@21.0.1/com.sun.javafx.tk.quantum.GlassViewEventHandler.lambda$handleMouseEvent$2(GlassViewEventHandler.java:450)
	at javafx.graphics@21.0.1/com.sun.javafx.tk.quantum.QuantumToolkit.runWithoutRenderLock(QuantumToolkit.java:424)
	at javafx.graphics@21.0.1/com.sun.javafx.tk.quantum.GlassViewEventHandler.handleMouseEvent(GlassViewEventHandler.java:449)
	at javafx.graphics@21.0.1/com.sun.glass.ui.View.handleMouseEvent(View.java:551)
	at javafx.graphics@21.0.1/com.sun.glass.ui.View.notifyMouse(View.java:937)
	at javafx.graphics@21.0.1/com.sun.glass.ui.win.WinApplication._runLoop(Native Method)
	at javafx.graphics@21.0.1/com.sun.glass.ui.win.WinApplication.lambda$runLoop$3(WinApplication.java:185)
	at java.base/java.lang.Thread.run(Thread.java:1583)
2025-10-06 10:29:20 [main] INFO  pe.crediactiva.app.Main - Iniciando aplicación CrediActiva Desktop v1.0.0
2025-10-06 10:29:20 [JavaFX Application Thread] INFO  pe.crediactiva.app.Main - Icono no encontrado, continuando sin icono
2025-10-06 10:29:20 [JavaFX Application Thread] INFO  p.c.app.config.DatabaseConfig - Propiedades de base de datos cargadas correctamente
2025-10-06 10:29:20 [JavaFX Application Thread] INFO  p.c.app.config.DatabaseConfig - Pool de conexiones HikariCP inicializado correctamente
2025-10-06 10:29:21 [JavaFX Application Thread] INFO  pe.crediactiva.app.Main - Aplicación CrediActiva iniciada correctamente
2025-10-06 10:29:50 [JavaFX Application Thread] INFO  p.c.app.dao.impl.UsuarioDAOImpl - Usuario autenticado exitosamente: 12345678
2025-10-06 10:29:50 [JavaFX Application Thread] INFO  p.c.a.service.AuthenticationService - Usuario autenticado exitosamente: 12345678 - ASESOR
2025-10-06 10:29:50 [JavaFX Application Thread] INFO  p.c.app.view.LoginController - Usuario autenticado exitosamente: 12345678
2025-10-06 10:29:50 [JavaFX Application Thread] ERROR p.c.app.service.RecaudacionService - Error al calcular recaudación mensual para asesor: null
java.lang.NullPointerException: Cannot invoke "java.lang.Long.longValue()" because "idAsesor" is null
	at pe.crediactiva.app.dao.impl.RecaudacionAsesorDAOImpl.findByAsesor(RecaudacionAsesorDAOImpl.java:157)
	at pe.crediactiva.app.service.RecaudacionService.obtenerRecaudacionMensualPorAsesor(RecaudacionService.java:112)
	at pe.crediactiva.app.service.RecaudacionService.obtenerRecaudacionDelDia(RecaudacionService.java:268)
	at pe.crediactiva.app.view.asesor.AsesorMainController.cargarEstadisticasDashboard(AsesorMainController.java:134)
	at pe.crediactiva.app.view.asesor.AsesorMainController.initialize(AsesorMainController.java:109)
	at java.base/jdk.internal.reflect.DirectMethodHandleAccessor.invoke(DirectMethodHandleAccessor.java:103)
	at java.base/java.lang.reflect.Method.invoke(Method.java:580)
	at com.sun.javafx.reflect.Trampoline.invoke(MethodUtil.java:72)
	at java.base/jdk.internal.reflect.DirectMethodHandleAccessor.invoke(DirectMethodHandleAccessor.java:103)
	at java.base/java.lang.reflect.Method.invoke(Method.java:580)
	at javafx.base@21.0.1/com.sun.javafx.reflect.MethodUtil.invoke(MethodUtil.java:270)
	at javafx.fxml@21.0.1/com.sun.javafx.fxml.MethodHelper.invoke(MethodHelper.java:84)
	at javafx.fxml@21.0.1/javafx.fxml.FXMLLoader.loadImpl(FXMLLoader.java:2688)
	at javafx.fxml@21.0.1/javafx.fxml.FXMLLoader.loadImpl(FXMLLoader.java:2563)
	at javafx.fxml@21.0.1/javafx.fxml.FXMLLoader.load(FXMLLoader.java:2531)
	at pe.crediactiva.app.view.LoginController.redirectToMainScreen(LoginController.java:140)
	at pe.crediactiva.app.view.LoginController.handleLogin(LoginController.java:99)
	at java.base/jdk.internal.reflect.DirectMethodHandleAccessor.invoke(DirectMethodHandleAccessor.java:103)
	at java.base/java.lang.reflect.Method.invoke(Method.java:580)
	at com.sun.javafx.reflect.Trampoline.invoke(MethodUtil.java:72)
	at java.base/jdk.internal.reflect.DirectMethodHandleAccessor.invoke(DirectMethodHandleAccessor.java:103)
	at java.base/java.lang.reflect.Method.invoke(Method.java:580)
	at javafx.base@21.0.1/com.sun.javafx.reflect.MethodUtil.invoke(MethodUtil.java:270)
	at javafx.fxml@21.0.1/com.sun.javafx.fxml.MethodHelper.invoke(MethodHelper.java:84)
	at javafx.fxml@21.0.1/javafx.fxml.FXMLLoader$MethodHandler.invoke(FXMLLoader.java:1855)
	at javafx.fxml@21.0.1/javafx.fxml.FXMLLoader$ControllerMethodEventHandler.handle(FXMLLoader.java:1726)
	at javafx.base@21.0.1/com.sun.javafx.event.CompositeEventHandler.dispatchBubblingEvent(CompositeEventHandler.java:86)
	at javafx.base@21.0.1/com.sun.javafx.event.EventHandlerManager.dispatchBubblingEvent(EventHandlerManager.java:232)
	at javafx.base@21.0.1/com.sun.javafx.event.EventHandlerManager.dispatchBubblingEvent(EventHandlerManager.java:189)
	at javafx.base@21.0.1/com.sun.javafx.event.CompositeEventDispatcher.dispatchBubblingEvent(CompositeEventDispatcher.java:59)
	at javafx.base@21.0.1/com.sun.javafx.event.BasicEventDispatcher.dispatchEvent(BasicEventDispatcher.java:58)
	at javafx.base@21.0.1/com.sun.javafx.event.EventDispatchChainImpl.dispatchEvent(EventDispatchChainImpl.java:114)
	at javafx.base@21.0.1/com.sun.javafx.event.BasicEventDispatcher.dispatchEvent(BasicEventDispatcher.java:56)
	at javafx.base@21.0.1/com.sun.javafx.event.EventDispatchChainImpl.dispatchEvent(EventDispatchChainImpl.java:114)
	at javafx.base@21.0.1/com.sun.javafx.event.BasicEventDispatcher.dispatchEvent(BasicEventDispatcher.java:56)
	at javafx.base@21.0.1/com.sun.javafx.event.EventDispatchChainImpl.dispatchEvent(EventDispatchChainImpl.java:114)
	at javafx.base@21.0.1/com.sun.javafx.event.EventUtil.fireEventImpl(EventUtil.java:74)
	at javafx.base@21.0.1/com.sun.javafx.event.EventUtil.fireEvent(EventUtil.java:49)
	at javafx.base@21.0.1/javafx.event.Event.fireEvent(Event.java:198)
	at javafx.graphics@21.0.1/javafx.scene.Node.fireEvent(Node.java:8875)
	at javafx.controls@21.0.1/javafx.scene.control.Button.fire(Button.java:203)
	at javafx.controls@21.0.1/com.sun.javafx.scene.control.behavior.ButtonBehavior.mouseReleased(ButtonBehavior.java:207)
	at javafx.controls@21.0.1/com.sun.javafx.scene.control.inputmap.InputMap.handle(InputMap.java:274)
	at javafx.base@21.0.1/com.sun.javafx.event.CompositeEventHandler$NormalEventHandlerRecord.handleBubblingEvent(CompositeEventHandler.java:247)
	at javafx.base@21.0.1/com.sun.javafx.event.CompositeEventHandler.dispatchBubblingEvent(CompositeEventHandler.java:80)
	at javafx.base@21.0.1/com.sun.javafx.event.EventHandlerManager.dispatchBubblingEvent(EventHandlerManager.java:232)
	at javafx.base@21.0.1/com.sun.javafx.event.EventHandlerManager.dispatchBubblingEvent(EventHandlerManager.java:189)
	at javafx.base@21.0.1/com.sun.javafx.event.CompositeEventDispatcher.dispatchBubblingEvent(CompositeEventDispatcher.java:59)
	at javafx.base@21.0.1/com.sun.javafx.event.BasicEventDispatcher.dispatchEvent(BasicEventDispatcher.java:58)
	at javafx.base@21.0.1/com.sun.javafx.event.EventDispatchChainImpl.dispatchEvent(EventDispatchChainImpl.java:114)
	at javafx.base@21.0.1/com.sun.javafx.event.BasicEventDispatcher.dispatchEvent(BasicEventDispatcher.java:56)
	at javafx.base@21.0.1/com.sun.javafx.event.EventDispatchChainImpl.dispatchEvent(EventDispatchChainImpl.java:114)
	at javafx.base@21.0.1/com.sun.javafx.event.BasicEventDispatcher.dispatchEvent(BasicEventDispatcher.java:56)
	at javafx.base@21.0.1/com.sun.javafx.event.EventDispatchChainImpl.dispatchEvent(EventDispatchChainImpl.java:114)
	at javafx.base@21.0.1/com.sun.javafx.event.EventUtil.fireEventImpl(EventUtil.java:74)
	at javafx.base@21.0.1/com.sun.javafx.event.EventUtil.fireEvent(EventUtil.java:54)
	at javafx.base@21.0.1/javafx.event.Event.fireEvent(Event.java:198)
	at javafx.graphics@21.0.1/javafx.scene.Scene$MouseHandler.process(Scene.java:3984)
	at javafx.graphics@21.0.1/javafx.scene.Scene.processMouseEvent(Scene.java:1890)
	at javafx.graphics@21.0.1/javafx.scene.Scene$ScenePeerListener.mouseEvent(Scene.java:2708)
	at javafx.graphics@21.0.1/com.sun.javafx.tk.quantum.GlassViewEventHandler$MouseEventNotification.run(GlassViewEventHandler.java:411)
	at javafx.graphics@21.0.1/com.sun.javafx.tk.quantum.GlassViewEventHandler$MouseEventNotification.run(GlassViewEventHandler.java:301)
	at java.base/java.security.AccessController.doPrivileged(AccessController.java:400)
	at javafx.graphics@21.0.1/com.sun.javafx.tk.quantum.GlassViewEventHandler.lambda$handleMouseEvent$2(GlassViewEventHandler.java:450)
	at javafx.graphics@21.0.1/com.sun.javafx.tk.quantum.QuantumToolkit.runWithoutRenderLock(QuantumToolkit.java:424)
	at javafx.graphics@21.0.1/com.sun.javafx.tk.quantum.GlassViewEventHandler.handleMouseEvent(GlassViewEventHandler.java:449)
	at javafx.graphics@21.0.1/com.sun.glass.ui.View.handleMouseEvent(View.java:551)
	at javafx.graphics@21.0.1/com.sun.glass.ui.View.notifyMouse(View.java:937)
	at javafx.graphics@21.0.1/com.sun.glass.ui.win.WinApplication._runLoop(Native Method)
	at javafx.graphics@21.0.1/com.sun.glass.ui.win.WinApplication.lambda$runLoop$3(WinApplication.java:185)
	at java.base/java.lang.Thread.run(Thread.java:1583)
2025-10-06 10:29:50 [JavaFX Application Thread] ERROR p.c.app.service.RecaudacionService - Error al calcular recaudación mensual para asesor: null
java.lang.NullPointerException: Cannot invoke "java.lang.Long.longValue()" because "idAsesor" is null
	at pe.crediactiva.app.dao.impl.RecaudacionAsesorDAOImpl.findByAsesor(RecaudacionAsesorDAOImpl.java:157)
	at pe.crediactiva.app.service.RecaudacionService.obtenerRecaudacionMensualPorAsesor(RecaudacionService.java:112)
	at pe.crediactiva.app.service.RecaudacionService.obtenerRecaudacionDelMes(RecaudacionService.java:275)
	at pe.crediactiva.app.view.asesor.AsesorMainController.cargarEstadisticasDashboard(AsesorMainController.java:138)
	at pe.crediactiva.app.view.asesor.AsesorMainController.initialize(AsesorMainController.java:109)
	at java.base/jdk.internal.reflect.DirectMethodHandleAccessor.invoke(DirectMethodHandleAccessor.java:103)
	at java.base/java.lang.reflect.Method.invoke(Method.java:580)
	at com.sun.javafx.reflect.Trampoline.invoke(MethodUtil.java:72)
	at java.base/jdk.internal.reflect.DirectMethodHandleAccessor.invoke(DirectMethodHandleAccessor.java:103)
	at java.base/java.lang.reflect.Method.invoke(Method.java:580)
	at javafx.base@21.0.1/com.sun.javafx.reflect.MethodUtil.invoke(MethodUtil.java:270)
	at javafx.fxml@21.0.1/com.sun.javafx.fxml.MethodHelper.invoke(MethodHelper.java:84)
	at javafx.fxml@21.0.1/javafx.fxml.FXMLLoader.loadImpl(FXMLLoader.java:2688)
	at javafx.fxml@21.0.1/javafx.fxml.FXMLLoader.loadImpl(FXMLLoader.java:2563)
	at javafx.fxml@21.0.1/javafx.fxml.FXMLLoader.load(FXMLLoader.java:2531)
	at pe.crediactiva.app.view.LoginController.redirectToMainScreen(LoginController.java:140)
	at pe.crediactiva.app.view.LoginController.handleLogin(LoginController.java:99)
	at java.base/jdk.internal.reflect.DirectMethodHandleAccessor.invoke(DirectMethodHandleAccessor.java:103)
	at java.base/java.lang.reflect.Method.invoke(Method.java:580)
	at com.sun.javafx.reflect.Trampoline.invoke(MethodUtil.java:72)
	at java.base/jdk.internal.reflect.DirectMethodHandleAccessor.invoke(DirectMethodHandleAccessor.java:103)
	at java.base/java.lang.reflect.Method.invoke(Method.java:580)
	at javafx.base@21.0.1/com.sun.javafx.reflect.MethodUtil.invoke(MethodUtil.java:270)
	at javafx.fxml@21.0.1/com.sun.javafx.fxml.MethodHelper.invoke(MethodHelper.java:84)
	at javafx.fxml@21.0.1/javafx.fxml.FXMLLoader$MethodHandler.invoke(FXMLLoader.java:1855)
	at javafx.fxml@21.0.1/javafx.fxml.FXMLLoader$ControllerMethodEventHandler.handle(FXMLLoader.java:1726)
	at javafx.base@21.0.1/com.sun.javafx.event.CompositeEventHandler.dispatchBubblingEvent(CompositeEventHandler.java:86)
	at javafx.base@21.0.1/com.sun.javafx.event.EventHandlerManager.dispatchBubblingEvent(EventHandlerManager.java:232)
	at javafx.base@21.0.1/com.sun.javafx.event.EventHandlerManager.dispatchBubblingEvent(EventHandlerManager.java:189)
	at javafx.base@21.0.1/com.sun.javafx.event.CompositeEventDispatcher.dispatchBubblingEvent(CompositeEventDispatcher.java:59)
	at javafx.base@21.0.1/com.sun.javafx.event.BasicEventDispatcher.dispatchEvent(BasicEventDispatcher.java:58)
	at javafx.base@21.0.1/com.sun.javafx.event.EventDispatchChainImpl.dispatchEvent(EventDispatchChainImpl.java:114)
	at javafx.base@21.0.1/com.sun.javafx.event.BasicEventDispatcher.dispatchEvent(BasicEventDispatcher.java:56)
	at javafx.base@21.0.1/com.sun.javafx.event.EventDispatchChainImpl.dispatchEvent(EventDispatchChainImpl.java:114)
	at javafx.base@21.0.1/com.sun.javafx.event.BasicEventDispatcher.dispatchEvent(BasicEventDispatcher.java:56)
	at javafx.base@21.0.1/com.sun.javafx.event.EventDispatchChainImpl.dispatchEvent(EventDispatchChainImpl.java:114)
	at javafx.base@21.0.1/com.sun.javafx.event.EventUtil.fireEventImpl(EventUtil.java:74)
	at javafx.base@21.0.1/com.sun.javafx.event.EventUtil.fireEvent(EventUtil.java:49)
	at javafx.base@21.0.1/javafx.event.Event.fireEvent(Event.java:198)
	at javafx.graphics@21.0.1/javafx.scene.Node.fireEvent(Node.java:8875)
	at javafx.controls@21.0.1/javafx.scene.control.Button.fire(Button.java:203)
	at javafx.controls@21.0.1/com.sun.javafx.scene.control.behavior.ButtonBehavior.mouseReleased(ButtonBehavior.java:207)
	at javafx.controls@21.0.1/com.sun.javafx.scene.control.inputmap.InputMap.handle(InputMap.java:274)
	at javafx.base@21.0.1/com.sun.javafx.event.CompositeEventHandler$NormalEventHandlerRecord.handleBubblingEvent(CompositeEventHandler.java:247)
	at javafx.base@21.0.1/com.sun.javafx.event.CompositeEventHandler.dispatchBubblingEvent(CompositeEventHandler.java:80)
	at javafx.base@21.0.1/com.sun.javafx.event.EventHandlerManager.dispatchBubblingEvent(EventHandlerManager.java:232)
	at javafx.base@21.0.1/com.sun.javafx.event.EventHandlerManager.dispatchBubblingEvent(EventHandlerManager.java:189)
	at javafx.base@21.0.1/com.sun.javafx.event.CompositeEventDispatcher.dispatchBubblingEvent(CompositeEventDispatcher.java:59)
	at javafx.base@21.0.1/com.sun.javafx.event.BasicEventDispatcher.dispatchEvent(BasicEventDispatcher.java:58)
	at javafx.base@21.0.1/com.sun.javafx.event.EventDispatchChainImpl.dispatchEvent(EventDispatchChainImpl.java:114)
	at javafx.base@21.0.1/com.sun.javafx.event.BasicEventDispatcher.dispatchEvent(BasicEventDispatcher.java:56)
	at javafx.base@21.0.1/com.sun.javafx.event.EventDispatchChainImpl.dispatchEvent(EventDispatchChainImpl.java:114)
	at javafx.base@21.0.1/com.sun.javafx.event.BasicEventDispatcher.dispatchEvent(BasicEventDispatcher.java:56)
	at javafx.base@21.0.1/com.sun.javafx.event.EventDispatchChainImpl.dispatchEvent(EventDispatchChainImpl.java:114)
	at javafx.base@21.0.1/com.sun.javafx.event.EventUtil.fireEventImpl(EventUtil.java:74)
	at javafx.base@21.0.1/com.sun.javafx.event.EventUtil.fireEvent(EventUtil.java:54)
	at javafx.base@21.0.1/javafx.event.Event.fireEvent(Event.java:198)
	at javafx.graphics@21.0.1/javafx.scene.Scene$MouseHandler.process(Scene.java:3984)
	at javafx.graphics@21.0.1/javafx.scene.Scene.processMouseEvent(Scene.java:1890)
	at javafx.graphics@21.0.1/javafx.scene.Scene$ScenePeerListener.mouseEvent(Scene.java:2708)
	at javafx.graphics@21.0.1/com.sun.javafx.tk.quantum.GlassViewEventHandler$MouseEventNotification.run(GlassViewEventHandler.java:411)
	at javafx.graphics@21.0.1/com.sun.javafx.tk.quantum.GlassViewEventHandler$MouseEventNotification.run(GlassViewEventHandler.java:301)
	at java.base/java.security.AccessController.doPrivileged(AccessController.java:400)
	at javafx.graphics@21.0.1/com.sun.javafx.tk.quantum.GlassViewEventHandler.lambda$handleMouseEvent$2(GlassViewEventHandler.java:450)
	at javafx.graphics@21.0.1/com.sun.javafx.tk.quantum.QuantumToolkit.runWithoutRenderLock(QuantumToolkit.java:424)
	at javafx.graphics@21.0.1/com.sun.javafx.tk.quantum.GlassViewEventHandler.handleMouseEvent(GlassViewEventHandler.java:449)
	at javafx.graphics@21.0.1/com.sun.glass.ui.View.handleMouseEvent(View.java:551)
	at javafx.graphics@21.0.1/com.sun.glass.ui.View.notifyMouse(View.java:937)
	at javafx.graphics@21.0.1/com.sun.glass.ui.win.WinApplication._runLoop(Native Method)
	at javafx.graphics@21.0.1/com.sun.glass.ui.win.WinApplication.lambda$runLoop$3(WinApplication.java:185)
	at java.base/java.lang.Thread.run(Thread.java:1583)
2025-10-06 10:29:50 [JavaFX Application Thread] INFO  p.c.app.view.LoginController - Usuario redirigido a pantalla principal: ASESOR
2025-10-06 10:29:54 [JavaFX Application Thread] INFO  p.c.a.v.asesor.AsesorMainController - Intentando cargar solicitud de préstamo...
2025-10-06 10:29:54 [JavaFX Application Thread] ERROR p.c.a.v.asesor.AsesorMainController - Error al cargar solicitud de préstamo
javafx.fxml.LoadException: String is not a valid type.
/C:/Users/USER/OneDrive/Escritorio/proyecto_v4.0/target/classes/fxml/asesor/SolicitarPrestamoView.fxml:57

	at javafx.fxml@21.0.1/javafx.fxml.FXMLLoader.constructLoadException(FXMLLoader.java:2718)
	at javafx.fxml@21.0.1/javafx.fxml.FXMLLoader.createElement(FXMLLoader.java:2920)
	at javafx.fxml@21.0.1/javafx.fxml.FXMLLoader.processStartElement(FXMLLoader.java:2850)
	at javafx.fxml@21.0.1/javafx.fxml.FXMLLoader.loadImpl(FXMLLoader.java:2649)
	at javafx.fxml@21.0.1/javafx.fxml.FXMLLoader.loadImpl(FXMLLoader.java:2563)
	at javafx.fxml@21.0.1/javafx.fxml.FXMLLoader.load(FXMLLoader.java:2531)
	at pe.crediactiva.app.view.asesor.AsesorMainController.handleSolicitarPrestamo(AsesorMainController.java:233)
	at java.base/jdk.internal.reflect.DirectMethodHandleAccessor.invoke(DirectMethodHandleAccessor.java:103)
	at java.base/java.lang.reflect.Method.invoke(Method.java:580)
	at com.sun.javafx.reflect.Trampoline.invoke(MethodUtil.java:72)
	at java.base/jdk.internal.reflect.DirectMethodHandleAccessor.invoke(DirectMethodHandleAccessor.java:103)
	at java.base/java.lang.reflect.Method.invoke(Method.java:580)
	at javafx.base@21.0.1/com.sun.javafx.reflect.MethodUtil.invoke(MethodUtil.java:270)
	at javafx.fxml@21.0.1/com.sun.javafx.fxml.MethodHelper.invoke(MethodHelper.java:84)
	at javafx.fxml@21.0.1/javafx.fxml.FXMLLoader$MethodHandler.invoke(FXMLLoader.java:1855)
	at javafx.fxml@21.0.1/javafx.fxml.FXMLLoader$ControllerMethodEventHandler.handle(FXMLLoader.java:1726)
	at javafx.base@21.0.1/com.sun.javafx.event.CompositeEventHandler.dispatchBubblingEvent(CompositeEventHandler.java:86)
	at javafx.base@21.0.1/com.sun.javafx.event.EventHandlerManager.dispatchBubblingEvent(EventHandlerManager.java:232)
	at javafx.base@21.0.1/com.sun.javafx.event.EventHandlerManager.dispatchBubblingEvent(EventHandlerManager.java:189)
	at javafx.base@21.0.1/com.sun.javafx.event.CompositeEventDispatcher.dispatchBubblingEvent(CompositeEventDispatcher.java:59)
	at javafx.base@21.0.1/com.sun.javafx.event.BasicEventDispatcher.dispatchEvent(BasicEventDispatcher.java:58)
	at javafx.base@21.0.1/com.sun.javafx.event.EventDispatchChainImpl.dispatchEvent(EventDispatchChainImpl.java:114)
	at javafx.base@21.0.1/com.sun.javafx.event.BasicEventDispatcher.dispatchEvent(BasicEventDispatcher.java:56)
	at javafx.base@21.0.1/com.sun.javafx.event.EventDispatchChainImpl.dispatchEvent(EventDispatchChainImpl.java:114)
	at javafx.base@21.0.1/com.sun.javafx.event.BasicEventDispatcher.dispatchEvent(BasicEventDispatcher.java:56)
	at javafx.base@21.0.1/com.sun.javafx.event.EventDispatchChainImpl.dispatchEvent(EventDispatchChainImpl.java:114)
	at javafx.base@21.0.1/com.sun.javafx.event.BasicEventDispatcher.dispatchEvent(BasicEventDispatcher.java:56)
	at javafx.base@21.0.1/com.sun.javafx.event.EventDispatchChainImpl.dispatchEvent(EventDispatchChainImpl.java:114)
	at javafx.base@21.0.1/com.sun.javafx.event.EventUtil.fireEventImpl(EventUtil.java:74)
	at javafx.base@21.0.1/com.sun.javafx.event.EventUtil.fireEvent(EventUtil.java:49)
	at javafx.base@21.0.1/javafx.event.Event.fireEvent(Event.java:198)
	at javafx.graphics@21.0.1/javafx.scene.Node.fireEvent(Node.java:8875)
	at javafx.controls@21.0.1/javafx.scene.control.Button.fire(Button.java:203)
	at javafx.controls@21.0.1/com.sun.javafx.scene.control.behavior.ButtonBehavior.mouseReleased(ButtonBehavior.java:207)
	at javafx.controls@21.0.1/com.sun.javafx.scene.control.inputmap.InputMap.handle(InputMap.java:274)
	at javafx.base@21.0.1/com.sun.javafx.event.CompositeEventHandler$NormalEventHandlerRecord.handleBubblingEvent(CompositeEventHandler.java:247)
	at javafx.base@21.0.1/com.sun.javafx.event.CompositeEventHandler.dispatchBubblingEvent(CompositeEventHandler.java:80)
	at javafx.base@21.0.1/com.sun.javafx.event.EventHandlerManager.dispatchBubblingEvent(EventHandlerManager.java:232)
	at javafx.base@21.0.1/com.sun.javafx.event.EventHandlerManager.dispatchBubblingEvent(EventHandlerManager.java:189)
	at javafx.base@21.0.1/com.sun.javafx.event.CompositeEventDispatcher.dispatchBubblingEvent(CompositeEventDispatcher.java:59)
	at javafx.base@21.0.1/com.sun.javafx.event.BasicEventDispatcher.dispatchEvent(BasicEventDispatcher.java:58)
	at javafx.base@21.0.1/com.sun.javafx.event.EventDispatchChainImpl.dispatchEvent(EventDispatchChainImpl.java:114)
	at javafx.base@21.0.1/com.sun.javafx.event.BasicEventDispatcher.dispatchEvent(BasicEventDispatcher.java:56)
	at javafx.base@21.0.1/com.sun.javafx.event.EventDispatchChainImpl.dispatchEvent(EventDispatchChainImpl.java:114)
	at javafx.base@21.0.1/com.sun.javafx.event.BasicEventDispatcher.dispatchEvent(BasicEventDispatcher.java:56)
	at javafx.base@21.0.1/com.sun.javafx.event.EventDispatchChainImpl.dispatchEvent(EventDispatchChainImpl.java:114)
	at javafx.base@21.0.1/com.sun.javafx.event.BasicEventDispatcher.dispatchEvent(BasicEventDispatcher.java:56)
	at javafx.base@21.0.1/com.sun.javafx.event.EventDispatchChainImpl.dispatchEvent(EventDispatchChainImpl.java:114)
	at javafx.base@21.0.1/com.sun.javafx.event.EventUtil.fireEventImpl(EventUtil.java:74)
	at javafx.base@21.0.1/com.sun.javafx.event.EventUtil.fireEvent(EventUtil.java:54)
	at javafx.base@21.0.1/javafx.event.Event.fireEvent(Event.java:198)
	at javafx.graphics@21.0.1/javafx.scene.Scene$MouseHandler.process(Scene.java:3984)
	at javafx.graphics@21.0.1/javafx.scene.Scene.processMouseEvent(Scene.java:1890)
	at javafx.graphics@21.0.1/javafx.scene.Scene$ScenePeerListener.mouseEvent(Scene.java:2708)
	at javafx.graphics@21.0.1/com.sun.javafx.tk.quantum.GlassViewEventHandler$MouseEventNotification.run(GlassViewEventHandler.java:411)
	at javafx.graphics@21.0.1/com.sun.javafx.tk.quantum.GlassViewEventHandler$MouseEventNotification.run(GlassViewEventHandler.java:301)
	at java.base/java.security.AccessController.doPrivileged(AccessController.java:400)
	at javafx.graphics@21.0.1/com.sun.javafx.tk.quantum.GlassViewEventHandler.lambda$handleMouseEvent$2(GlassViewEventHandler.java:450)
	at javafx.graphics@21.0.1/com.sun.javafx.tk.quantum.QuantumToolkit.runWithoutRenderLock(QuantumToolkit.java:424)
	at javafx.graphics@21.0.1/com.sun.javafx.tk.quantum.GlassViewEventHandler.handleMouseEvent(GlassViewEventHandler.java:449)
	at javafx.graphics@21.0.1/com.sun.glass.ui.View.handleMouseEvent(View.java:551)
	at javafx.graphics@21.0.1/com.sun.glass.ui.View.notifyMouse(View.java:937)
	at javafx.graphics@21.0.1/com.sun.glass.ui.win.WinApplication._runLoop(Native Method)
	at javafx.graphics@21.0.1/com.sun.glass.ui.win.WinApplication.lambda$runLoop$3(WinApplication.java:185)
	at java.base/java.lang.Thread.run(Thread.java:1583)
2025-10-06 10:31:05 [JavaFX Application Thread] INFO  p.c.app.config.DatabaseConfig - Pool de conexiones cerrado correctamente
2025-10-06 10:31:05 [JavaFX Application Thread] INFO  pe.crediactiva.app.Main - Aplicación CrediActiva cerrada
2025-10-06 10:31:08 [JavaFX Application Thread] INFO  p.c.app.config.DatabaseConfig - Pool de conexiones cerrado correctamente
2025-10-06 10:31:08 [JavaFX Application Thread] INFO  pe.crediactiva.app.Main - Aplicación CrediActiva cerrada
2025-10-06 10:31:30 [main] INFO  pe.crediactiva.app.Main - Iniciando aplicación CrediActiva Desktop v1.0.0
2025-10-06 10:31:30 [JavaFX Application Thread] INFO  pe.crediactiva.app.Main - Icono no encontrado, continuando sin icono
2025-10-06 10:31:30 [JavaFX Application Thread] INFO  p.c.app.config.DatabaseConfig - Propiedades de base de datos cargadas correctamente
2025-10-06 10:31:30 [JavaFX Application Thread] INFO  p.c.app.config.DatabaseConfig - Pool de conexiones HikariCP inicializado correctamente
2025-10-06 10:31:31 [JavaFX Application Thread] INFO  pe.crediactiva.app.Main - Aplicación CrediActiva iniciada correctamente
2025-10-06 10:32:02 [JavaFX Application Thread] INFO  p.c.app.dao.impl.UsuarioDAOImpl - Usuario autenticado exitosamente: 12345678
2025-10-06 10:32:02 [JavaFX Application Thread] INFO  p.c.a.service.AuthenticationService - Usuario autenticado exitosamente: 12345678 - ASESOR
2025-10-06 10:32:02 [JavaFX Application Thread] INFO  p.c.app.view.LoginController - Usuario autenticado exitosamente: 12345678
2025-10-06 10:32:02 [JavaFX Application Thread] ERROR p.c.app.service.RecaudacionService - Error al calcular recaudación mensual para asesor: null
java.lang.NullPointerException: Cannot invoke "java.lang.Long.longValue()" because "idAsesor" is null
	at pe.crediactiva.app.dao.impl.RecaudacionAsesorDAOImpl.findByAsesor(RecaudacionAsesorDAOImpl.java:157)
	at pe.crediactiva.app.service.RecaudacionService.obtenerRecaudacionMensualPorAsesor(RecaudacionService.java:112)
	at pe.crediactiva.app.service.RecaudacionService.obtenerRecaudacionDelDia(RecaudacionService.java:268)
	at pe.crediactiva.app.view.asesor.AsesorMainController.cargarEstadisticasDashboard(AsesorMainController.java:134)
	at pe.crediactiva.app.view.asesor.AsesorMainController.initialize(AsesorMainController.java:109)
	at java.base/jdk.internal.reflect.DirectMethodHandleAccessor.invoke(DirectMethodHandleAccessor.java:103)
	at java.base/java.lang.reflect.Method.invoke(Method.java:580)
	at com.sun.javafx.reflect.Trampoline.invoke(MethodUtil.java:72)
	at java.base/jdk.internal.reflect.DirectMethodHandleAccessor.invoke(DirectMethodHandleAccessor.java:103)
	at java.base/java.lang.reflect.Method.invoke(Method.java:580)
	at javafx.base@21.0.1/com.sun.javafx.reflect.MethodUtil.invoke(MethodUtil.java:270)
	at javafx.fxml@21.0.1/com.sun.javafx.fxml.MethodHelper.invoke(MethodHelper.java:84)
	at javafx.fxml@21.0.1/javafx.fxml.FXMLLoader.loadImpl(FXMLLoader.java:2688)
	at javafx.fxml@21.0.1/javafx.fxml.FXMLLoader.loadImpl(FXMLLoader.java:2563)
	at javafx.fxml@21.0.1/javafx.fxml.FXMLLoader.load(FXMLLoader.java:2531)
	at pe.crediactiva.app.view.LoginController.redirectToMainScreen(LoginController.java:140)
	at pe.crediactiva.app.view.LoginController.handleLogin(LoginController.java:99)
	at pe.crediactiva.app.view.LoginController.lambda$initialize$0(LoginController.java:50)
	at javafx.base@21.0.1/com.sun.javafx.event.CompositeEventHandler.dispatchBubblingEvent(CompositeEventHandler.java:86)
	at javafx.base@21.0.1/com.sun.javafx.event.EventHandlerManager.dispatchBubblingEvent(EventHandlerManager.java:232)
	at javafx.base@21.0.1/com.sun.javafx.event.EventHandlerManager.dispatchBubblingEvent(EventHandlerManager.java:189)
	at javafx.base@21.0.1/com.sun.javafx.event.CompositeEventDispatcher.dispatchBubblingEvent(CompositeEventDispatcher.java:59)
	at javafx.base@21.0.1/com.sun.javafx.event.BasicEventDispatcher.dispatchEvent(BasicEventDispatcher.java:58)
	at javafx.base@21.0.1/com.sun.javafx.event.EventDispatchChainImpl.dispatchEvent(EventDispatchChainImpl.java:114)
	at javafx.base@21.0.1/com.sun.javafx.event.BasicEventDispatcher.dispatchEvent(BasicEventDispatcher.java:56)
	at javafx.base@21.0.1/com.sun.javafx.event.EventDispatchChainImpl.dispatchEvent(EventDispatchChainImpl.java:114)
	at javafx.base@21.0.1/com.sun.javafx.event.BasicEventDispatcher.dispatchEvent(BasicEventDispatcher.java:56)
	at javafx.base@21.0.1/com.sun.javafx.event.EventDispatchChainImpl.dispatchEvent(EventDispatchChainImpl.java:114)
	at javafx.base@21.0.1/com.sun.javafx.event.EventUtil.fireEventImpl(EventUtil.java:74)
	at javafx.base@21.0.1/com.sun.javafx.event.EventUtil.fireEvent(EventUtil.java:49)
	at javafx.base@21.0.1/javafx.event.Event.fireEvent(Event.java:198)
	at javafx.graphics@21.0.1/javafx.scene.Node.fireEvent(Node.java:8875)
	at javafx.controls@21.0.1/com.sun.javafx.scene.control.behavior.TextFieldBehavior.fire(TextFieldBehavior.java:161)
	at javafx.controls@21.0.1/com.sun.javafx.scene.control.behavior.TextInputControlBehavior.lambda$keyMapping$62(TextInputControlBehavior.java:344)
	at javafx.controls@21.0.1/com.sun.javafx.scene.control.inputmap.InputMap.handle(InputMap.java:274)
	at javafx.base@21.0.1/com.sun.javafx.event.CompositeEventHandler$NormalEventHandlerRecord.handleBubblingEvent(CompositeEventHandler.java:247)
	at javafx.base@21.0.1/com.sun.javafx.event.CompositeEventHandler.dispatchBubblingEvent(CompositeEventHandler.java:80)
	at javafx.base@21.0.1/com.sun.javafx.event.EventHandlerManager.dispatchBubblingEvent(EventHandlerManager.java:232)
	at javafx.base@21.0.1/com.sun.javafx.event.EventHandlerManager.dispatchBubblingEvent(EventHandlerManager.java:189)
	at javafx.base@21.0.1/com.sun.javafx.event.CompositeEventDispatcher.dispatchBubblingEvent(CompositeEventDispatcher.java:59)
	at javafx.base@21.0.1/com.sun.javafx.event.BasicEventDispatcher.dispatchEvent(BasicEventDispatcher.java:58)
	at javafx.base@21.0.1/com.sun.javafx.event.EventDispatchChainImpl.dispatchEvent(EventDispatchChainImpl.java:114)
	at javafx.base@21.0.1/com.sun.javafx.event.BasicEventDispatcher.dispatchEvent(BasicEventDispatcher.java:56)
	at javafx.base@21.0.1/com.sun.javafx.event.EventDispatchChainImpl.dispatchEvent(EventDispatchChainImpl.java:114)
	at javafx.base@21.0.1/com.sun.javafx.event.BasicEventDispatcher.dispatchEvent(BasicEventDispatcher.java:56)
	at javafx.base@21.0.1/com.sun.javafx.event.EventDispatchChainImpl.dispatchEvent(EventDispatchChainImpl.java:114)
	at javafx.base@21.0.1/com.sun.javafx.event.EventUtil.fireEventImpl(EventUtil.java:74)
	at javafx.base@21.0.1/com.sun.javafx.event.EventUtil.fireEvent(EventUtil.java:54)
	at javafx.base@21.0.1/javafx.event.Event.fireEvent(Event.java:198)
	at javafx.graphics@21.0.1/javafx.scene.Scene.processKeyEvent(Scene.java:2194)
	at javafx.graphics@21.0.1/javafx.scene.Scene$ScenePeerListener.keyEvent(Scene.java:2715)
	at javafx.graphics@21.0.1/com.sun.javafx.tk.quantum.GlassViewEventHandler$KeyEventNotification.run(GlassViewEventHandler.java:218)
	at javafx.graphics@21.0.1/com.sun.javafx.tk.quantum.GlassViewEventHandler$KeyEventNotification.run(GlassViewEventHandler.java:150)
	at java.base/java.security.AccessController.doPrivileged(AccessController.java:400)
	at javafx.graphics@21.0.1/com.sun.javafx.tk.quantum.GlassViewEventHandler.lambda$handleKeyEvent$1(GlassViewEventHandler.java:250)
	at javafx.graphics@21.0.1/com.sun.javafx.tk.quantum.QuantumToolkit.runWithoutRenderLock(QuantumToolkit.java:424)
	at javafx.graphics@21.0.1/com.sun.javafx.tk.quantum.GlassViewEventHandler.handleKeyEvent(GlassViewEventHandler.java:249)
	at javafx.graphics@21.0.1/com.sun.glass.ui.View.handleKeyEvent(View.java:542)
	at javafx.graphics@21.0.1/com.sun.glass.ui.View.notifyKey(View.java:966)
	at javafx.graphics@21.0.1/com.sun.glass.ui.win.WinApplication._runLoop(Native Method)
	at javafx.graphics@21.0.1/com.sun.glass.ui.win.WinApplication.lambda$runLoop$3(WinApplication.java:185)
	at java.base/java.lang.Thread.run(Thread.java:1583)
2025-10-06 10:32:02 [JavaFX Application Thread] ERROR p.c.app.service.RecaudacionService - Error al calcular recaudación mensual para asesor: null
java.lang.NullPointerException: Cannot invoke "java.lang.Long.longValue()" because "idAsesor" is null
	at pe.crediactiva.app.dao.impl.RecaudacionAsesorDAOImpl.findByAsesor(RecaudacionAsesorDAOImpl.java:157)
	at pe.crediactiva.app.service.RecaudacionService.obtenerRecaudacionMensualPorAsesor(RecaudacionService.java:112)
	at pe.crediactiva.app.service.RecaudacionService.obtenerRecaudacionDelMes(RecaudacionService.java:275)
	at pe.crediactiva.app.view.asesor.AsesorMainController.cargarEstadisticasDashboard(AsesorMainController.java:138)
	at pe.crediactiva.app.view.asesor.AsesorMainController.initialize(AsesorMainController.java:109)
	at java.base/jdk.internal.reflect.DirectMethodHandleAccessor.invoke(DirectMethodHandleAccessor.java:103)
	at java.base/java.lang.reflect.Method.invoke(Method.java:580)
	at com.sun.javafx.reflect.Trampoline.invoke(MethodUtil.java:72)
	at java.base/jdk.internal.reflect.DirectMethodHandleAccessor.invoke(DirectMethodHandleAccessor.java:103)
	at java.base/java.lang.reflect.Method.invoke(Method.java:580)
	at javafx.base@21.0.1/com.sun.javafx.reflect.MethodUtil.invoke(MethodUtil.java:270)
	at javafx.fxml@21.0.1/com.sun.javafx.fxml.MethodHelper.invoke(MethodHelper.java:84)
	at javafx.fxml@21.0.1/javafx.fxml.FXMLLoader.loadImpl(FXMLLoader.java:2688)
	at javafx.fxml@21.0.1/javafx.fxml.FXMLLoader.loadImpl(FXMLLoader.java:2563)
	at javafx.fxml@21.0.1/javafx.fxml.FXMLLoader.load(FXMLLoader.java:2531)
	at pe.crediactiva.app.view.LoginController.redirectToMainScreen(LoginController.java:140)
	at pe.crediactiva.app.view.LoginController.handleLogin(LoginController.java:99)
	at pe.crediactiva.app.view.LoginController.lambda$initialize$0(LoginController.java:50)
	at javafx.base@21.0.1/com.sun.javafx.event.CompositeEventHandler.dispatchBubblingEvent(CompositeEventHandler.java:86)
	at javafx.base@21.0.1/com.sun.javafx.event.EventHandlerManager.dispatchBubblingEvent(EventHandlerManager.java:232)
	at javafx.base@21.0.1/com.sun.javafx.event.EventHandlerManager.dispatchBubblingEvent(EventHandlerManager.java:189)
	at javafx.base@21.0.1/com.sun.javafx.event.CompositeEventDispatcher.dispatchBubblingEvent(CompositeEventDispatcher.java:59)
	at javafx.base@21.0.1/com.sun.javafx.event.BasicEventDispatcher.dispatchEvent(BasicEventDispatcher.java:58)
	at javafx.base@21.0.1/com.sun.javafx.event.EventDispatchChainImpl.dispatchEvent(EventDispatchChainImpl.java:114)
	at javafx.base@21.0.1/com.sun.javafx.event.BasicEventDispatcher.dispatchEvent(BasicEventDispatcher.java:56)
	at javafx.base@21.0.1/com.sun.javafx.event.EventDispatchChainImpl.dispatchEvent(EventDispatchChainImpl.java:114)
	at javafx.base@21.0.1/com.sun.javafx.event.BasicEventDispatcher.dispatchEvent(BasicEventDispatcher.java:56)
	at javafx.base@21.0.1/com.sun.javafx.event.EventDispatchChainImpl.dispatchEvent(EventDispatchChainImpl.java:114)
	at javafx.base@21.0.1/com.sun.javafx.event.EventUtil.fireEventImpl(EventUtil.java:74)
	at javafx.base@21.0.1/com.sun.javafx.event.EventUtil.fireEvent(EventUtil.java:49)
	at javafx.base@21.0.1/javafx.event.Event.fireEvent(Event.java:198)
	at javafx.graphics@21.0.1/javafx.scene.Node.fireEvent(Node.java:8875)
	at javafx.controls@21.0.1/com.sun.javafx.scene.control.behavior.TextFieldBehavior.fire(TextFieldBehavior.java:161)
	at javafx.controls@21.0.1/com.sun.javafx.scene.control.behavior.TextInputControlBehavior.lambda$keyMapping$62(TextInputControlBehavior.java:344)
	at javafx.controls@21.0.1/com.sun.javafx.scene.control.inputmap.InputMap.handle(InputMap.java:274)
	at javafx.base@21.0.1/com.sun.javafx.event.CompositeEventHandler$NormalEventHandlerRecord.handleBubblingEvent(CompositeEventHandler.java:247)
	at javafx.base@21.0.1/com.sun.javafx.event.CompositeEventHandler.dispatchBubblingEvent(CompositeEventHandler.java:80)
	at javafx.base@21.0.1/com.sun.javafx.event.EventHandlerManager.dispatchBubblingEvent(EventHandlerManager.java:232)
	at javafx.base@21.0.1/com.sun.javafx.event.EventHandlerManager.dispatchBubblingEvent(EventHandlerManager.java:189)
	at javafx.base@21.0.1/com.sun.javafx.event.CompositeEventDispatcher.dispatchBubblingEvent(CompositeEventDispatcher.java:59)
	at javafx.base@21.0.1/com.sun.javafx.event.BasicEventDispatcher.dispatchEvent(BasicEventDispatcher.java:58)
	at javafx.base@21.0.1/com.sun.javafx.event.EventDispatchChainImpl.dispatchEvent(EventDispatchChainImpl.java:114)
	at javafx.base@21.0.1/com.sun.javafx.event.BasicEventDispatcher.dispatchEvent(BasicEventDispatcher.java:56)
	at javafx.base@21.0.1/com.sun.javafx.event.EventDispatchChainImpl.dispatchEvent(EventDispatchChainImpl.java:114)
	at javafx.base@21.0.1/com.sun.javafx.event.BasicEventDispatcher.dispatchEvent(BasicEventDispatcher.java:56)
	at javafx.base@21.0.1/com.sun.javafx.event.EventDispatchChainImpl.dispatchEvent(EventDispatchChainImpl.java:114)
	at javafx.base@21.0.1/com.sun.javafx.event.EventUtil.fireEventImpl(EventUtil.java:74)
	at javafx.base@21.0.1/com.sun.javafx.event.EventUtil.fireEvent(EventUtil.java:54)
	at javafx.base@21.0.1/javafx.event.Event.fireEvent(Event.java:198)
	at javafx.graphics@21.0.1/javafx.scene.Scene.processKeyEvent(Scene.java:2194)
	at javafx.graphics@21.0.1/javafx.scene.Scene$ScenePeerListener.keyEvent(Scene.java:2715)
	at javafx.graphics@21.0.1/com.sun.javafx.tk.quantum.GlassViewEventHandler$KeyEventNotification.run(GlassViewEventHandler.java:218)
	at javafx.graphics@21.0.1/com.sun.javafx.tk.quantum.GlassViewEventHandler$KeyEventNotification.run(GlassViewEventHandler.java:150)
	at java.base/java.security.AccessController.doPrivileged(AccessController.java:400)
	at javafx.graphics@21.0.1/com.sun.javafx.tk.quantum.GlassViewEventHandler.lambda$handleKeyEvent$1(GlassViewEventHandler.java:250)
	at javafx.graphics@21.0.1/com.sun.javafx.tk.quantum.QuantumToolkit.runWithoutRenderLock(QuantumToolkit.java:424)
	at javafx.graphics@21.0.1/com.sun.javafx.tk.quantum.GlassViewEventHandler.handleKeyEvent(GlassViewEventHandler.java:249)
	at javafx.graphics@21.0.1/com.sun.glass.ui.View.handleKeyEvent(View.java:542)
	at javafx.graphics@21.0.1/com.sun.glass.ui.View.notifyKey(View.java:966)
	at javafx.graphics@21.0.1/com.sun.glass.ui.win.WinApplication._runLoop(Native Method)
	at javafx.graphics@21.0.1/com.sun.glass.ui.win.WinApplication.lambda$runLoop$3(WinApplication.java:185)
	at java.base/java.lang.Thread.run(Thread.java:1583)
2025-10-06 10:32:02 [JavaFX Application Thread] INFO  p.c.app.view.LoginController - Usuario redirigido a pantalla principal: ASESOR
2025-10-06 10:32:10 [JavaFX Application Thread] INFO  p.c.a.v.asesor.AsesorMainController - Intentando cargar solicitud de préstamo...
2025-10-06 10:32:10 [JavaFX Application Thread] ERROR p.c.a.v.asesor.AsesorMainController - Error al cargar solicitud de préstamo
javafx.fxml.LoadException: fx:value is not a valid element.
/C:/Users/USER/OneDrive/Escritorio/proyecto_v4.0/target/classes/fxml/asesor/SolicitarPrestamoView.fxml:57

	at javafx.fxml@21.0.1/javafx.fxml.FXMLLoader.constructLoadException(FXMLLoader.java:2718)
	at javafx.fxml@21.0.1/javafx.fxml.FXMLLoader.createElement(FXMLLoader.java:2961)
	at javafx.fxml@21.0.1/javafx.fxml.FXMLLoader.processStartElement(FXMLLoader.java:2850)
	at javafx.fxml@21.0.1/javafx.fxml.FXMLLoader.loadImpl(FXMLLoader.java:2649)
	at javafx.fxml@21.0.1/javafx.fxml.FXMLLoader.loadImpl(FXMLLoader.java:2563)
	at javafx.fxml@21.0.1/javafx.fxml.FXMLLoader.load(FXMLLoader.java:2531)
	at pe.crediactiva.app.view.asesor.AsesorMainController.handleSolicitarPrestamo(AsesorMainController.java:233)
	at java.base/jdk.internal.reflect.DirectMethodHandleAccessor.invoke(DirectMethodHandleAccessor.java:103)
	at java.base/java.lang.reflect.Method.invoke(Method.java:580)
	at com.sun.javafx.reflect.Trampoline.invoke(MethodUtil.java:72)
	at java.base/jdk.internal.reflect.DirectMethodHandleAccessor.invoke(DirectMethodHandleAccessor.java:103)
	at java.base/java.lang.reflect.Method.invoke(Method.java:580)
	at javafx.base@21.0.1/com.sun.javafx.reflect.MethodUtil.invoke(MethodUtil.java:270)
	at javafx.fxml@21.0.1/com.sun.javafx.fxml.MethodHelper.invoke(MethodHelper.java:84)
	at javafx.fxml@21.0.1/javafx.fxml.FXMLLoader$MethodHandler.invoke(FXMLLoader.java:1855)
	at javafx.fxml@21.0.1/javafx.fxml.FXMLLoader$ControllerMethodEventHandler.handle(FXMLLoader.java:1726)
	at javafx.base@21.0.1/com.sun.javafx.event.CompositeEventHandler.dispatchBubblingEvent(CompositeEventHandler.java:86)
	at javafx.base@21.0.1/com.sun.javafx.event.EventHandlerManager.dispatchBubblingEvent(EventHandlerManager.java:232)
	at javafx.base@21.0.1/com.sun.javafx.event.EventHandlerManager.dispatchBubblingEvent(EventHandlerManager.java:189)
	at javafx.base@21.0.1/com.sun.javafx.event.CompositeEventDispatcher.dispatchBubblingEvent(CompositeEventDispatcher.java:59)
	at javafx.base@21.0.1/com.sun.javafx.event.BasicEventDispatcher.dispatchEvent(BasicEventDispatcher.java:58)
	at javafx.base@21.0.1/com.sun.javafx.event.EventDispatchChainImpl.dispatchEvent(EventDispatchChainImpl.java:114)
	at javafx.base@21.0.1/com.sun.javafx.event.BasicEventDispatcher.dispatchEvent(BasicEventDispatcher.java:56)
	at javafx.base@21.0.1/com.sun.javafx.event.EventDispatchChainImpl.dispatchEvent(EventDispatchChainImpl.java:114)
	at javafx.base@21.0.1/com.sun.javafx.event.BasicEventDispatcher.dispatchEvent(BasicEventDispatcher.java:56)
	at javafx.base@21.0.1/com.sun.javafx.event.EventDispatchChainImpl.dispatchEvent(EventDispatchChainImpl.java:114)
	at javafx.base@21.0.1/com.sun.javafx.event.BasicEventDispatcher.dispatchEvent(BasicEventDispatcher.java:56)
	at javafx.base@21.0.1/com.sun.javafx.event.EventDispatchChainImpl.dispatchEvent(EventDispatchChainImpl.java:114)
	at javafx.base@21.0.1/com.sun.javafx.event.EventUtil.fireEventImpl(EventUtil.java:74)
	at javafx.base@21.0.1/com.sun.javafx.event.EventUtil.fireEvent(EventUtil.java:49)
	at javafx.base@21.0.1/javafx.event.Event.fireEvent(Event.java:198)
	at javafx.graphics@21.0.1/javafx.scene.Node.fireEvent(Node.java:8875)
	at javafx.controls@21.0.1/javafx.scene.control.Button.fire(Button.java:203)
	at javafx.controls@21.0.1/com.sun.javafx.scene.control.behavior.ButtonBehavior.mouseReleased(ButtonBehavior.java:207)
	at javafx.controls@21.0.1/com.sun.javafx.scene.control.inputmap.InputMap.handle(InputMap.java:274)
	at javafx.base@21.0.1/com.sun.javafx.event.CompositeEventHandler$NormalEventHandlerRecord.handleBubblingEvent(CompositeEventHandler.java:247)
	at javafx.base@21.0.1/com.sun.javafx.event.CompositeEventHandler.dispatchBubblingEvent(CompositeEventHandler.java:80)
	at javafx.base@21.0.1/com.sun.javafx.event.EventHandlerManager.dispatchBubblingEvent(EventHandlerManager.java:232)
	at javafx.base@21.0.1/com.sun.javafx.event.EventHandlerManager.dispatchBubblingEvent(EventHandlerManager.java:189)
	at javafx.base@21.0.1/com.sun.javafx.event.CompositeEventDispatcher.dispatchBubblingEvent(CompositeEventDispatcher.java:59)
	at javafx.base@21.0.1/com.sun.javafx.event.BasicEventDispatcher.dispatchEvent(BasicEventDispatcher.java:58)
	at javafx.base@21.0.1/com.sun.javafx.event.EventDispatchChainImpl.dispatchEvent(EventDispatchChainImpl.java:114)
	at javafx.base@21.0.1/com.sun.javafx.event.BasicEventDispatcher.dispatchEvent(BasicEventDispatcher.java:56)
	at javafx.base@21.0.1/com.sun.javafx.event.EventDispatchChainImpl.dispatchEvent(EventDispatchChainImpl.java:114)
	at javafx.base@21.0.1/com.sun.javafx.event.BasicEventDispatcher.dispatchEvent(BasicEventDispatcher.java:56)
	at javafx.base@21.0.1/com.sun.javafx.event.EventDispatchChainImpl.dispatchEvent(EventDispatchChainImpl.java:114)
	at javafx.base@21.0.1/com.sun.javafx.event.BasicEventDispatcher.dispatchEvent(BasicEventDispatcher.java:56)
	at javafx.base@21.0.1/com.sun.javafx.event.EventDispatchChainImpl.dispatchEvent(EventDispatchChainImpl.java:114)
	at javafx.base@21.0.1/com.sun.javafx.event.EventUtil.fireEventImpl(EventUtil.java:74)
	at javafx.base@21.0.1/com.sun.javafx.event.EventUtil.fireEvent(EventUtil.java:54)
	at javafx.base@21.0.1/javafx.event.Event.fireEvent(Event.java:198)
	at javafx.graphics@21.0.1/javafx.scene.Scene$MouseHandler.process(Scene.java:3984)
	at javafx.graphics@21.0.1/javafx.scene.Scene.processMouseEvent(Scene.java:1890)
	at javafx.graphics@21.0.1/javafx.scene.Scene$ScenePeerListener.mouseEvent(Scene.java:2708)
	at javafx.graphics@21.0.1/com.sun.javafx.tk.quantum.GlassViewEventHandler$MouseEventNotification.run(GlassViewEventHandler.java:411)
	at javafx.graphics@21.0.1/com.sun.javafx.tk.quantum.GlassViewEventHandler$MouseEventNotification.run(GlassViewEventHandler.java:301)
	at java.base/java.security.AccessController.doPrivileged(AccessController.java:400)
	at javafx.graphics@21.0.1/com.sun.javafx.tk.quantum.GlassViewEventHandler.lambda$handleMouseEvent$2(GlassViewEventHandler.java:450)
	at javafx.graphics@21.0.1/com.sun.javafx.tk.quantum.QuantumToolkit.runWithoutRenderLock(QuantumToolkit.java:424)
	at javafx.graphics@21.0.1/com.sun.javafx.tk.quantum.GlassViewEventHandler.handleMouseEvent(GlassViewEventHandler.java:449)
	at javafx.graphics@21.0.1/com.sun.glass.ui.View.handleMouseEvent(View.java:551)
	at javafx.graphics@21.0.1/com.sun.glass.ui.View.notifyMouse(View.java:937)
	at javafx.graphics@21.0.1/com.sun.glass.ui.win.WinApplication._runLoop(Native Method)
	at javafx.graphics@21.0.1/com.sun.glass.ui.win.WinApplication.lambda$runLoop$3(WinApplication.java:185)
	at java.base/java.lang.Thread.run(Thread.java:1583)
2025-10-06 10:32:15 [JavaFX Application Thread] INFO  p.c.a.v.asesor.AsesorMainController - Intentando cargar gestión de clientes...
2025-10-06 10:32:15 [JavaFX Application Thread] ERROR p.c.a.v.asesor.AsesorMainController - Error al cargar gestión de clientes
javafx.fxml.LoadException: fx:value is not a valid element.
/C:/Users/USER/OneDrive/Escritorio/proyecto_v4.0/target/classes/fxml/asesor/GestionClientesView.fxml:31

	at javafx.fxml@21.0.1/javafx.fxml.FXMLLoader.constructLoadException(FXMLLoader.java:2718)
	at javafx.fxml@21.0.1/javafx.fxml.FXMLLoader.createElement(FXMLLoader.java:2961)
	at javafx.fxml@21.0.1/javafx.fxml.FXMLLoader.processStartElement(FXMLLoader.java:2850)
	at javafx.fxml@21.0.1/javafx.fxml.FXMLLoader.loadImpl(FXMLLoader.java:2649)
	at javafx.fxml@21.0.1/javafx.fxml.FXMLLoader.loadImpl(FXMLLoader.java:2563)
	at javafx.fxml@21.0.1/javafx.fxml.FXMLLoader.load(FXMLLoader.java:2531)
	at pe.crediactiva.app.view.asesor.AsesorMainController.handleClientes(AsesorMainController.java:199)
	at java.base/jdk.internal.reflect.DirectMethodHandleAccessor.invoke(DirectMethodHandleAccessor.java:103)
	at java.base/java.lang.reflect.Method.invoke(Method.java:580)
	at com.sun.javafx.reflect.Trampoline.invoke(MethodUtil.java:72)
	at java.base/jdk.internal.reflect.DirectMethodHandleAccessor.invoke(DirectMethodHandleAccessor.java:103)
	at java.base/java.lang.reflect.Method.invoke(Method.java:580)
	at javafx.base@21.0.1/com.sun.javafx.reflect.MethodUtil.invoke(MethodUtil.java:270)
	at javafx.fxml@21.0.1/com.sun.javafx.fxml.MethodHelper.invoke(MethodHelper.java:84)
	at javafx.fxml@21.0.1/javafx.fxml.FXMLLoader$MethodHandler.invoke(FXMLLoader.java:1855)
	at javafx.fxml@21.0.1/javafx.fxml.FXMLLoader$ControllerMethodEventHandler.handle(FXMLLoader.java:1726)
	at javafx.base@21.0.1/com.sun.javafx.event.CompositeEventHandler.dispatchBubblingEvent(CompositeEventHandler.java:86)
	at javafx.base@21.0.1/com.sun.javafx.event.EventHandlerManager.dispatchBubblingEvent(EventHandlerManager.java:232)
	at javafx.base@21.0.1/com.sun.javafx.event.EventHandlerManager.dispatchBubblingEvent(EventHandlerManager.java:189)
	at javafx.base@21.0.1/com.sun.javafx.event.CompositeEventDispatcher.dispatchBubblingEvent(CompositeEventDispatcher.java:59)
	at javafx.base@21.0.1/com.sun.javafx.event.BasicEventDispatcher.dispatchEvent(BasicEventDispatcher.java:58)
	at javafx.base@21.0.1/com.sun.javafx.event.EventDispatchChainImpl.dispatchEvent(EventDispatchChainImpl.java:114)
	at javafx.base@21.0.1/com.sun.javafx.event.BasicEventDispatcher.dispatchEvent(BasicEventDispatcher.java:56)
	at javafx.base@21.0.1/com.sun.javafx.event.EventDispatchChainImpl.dispatchEvent(EventDispatchChainImpl.java:114)
	at javafx.base@21.0.1/com.sun.javafx.event.BasicEventDispatcher.dispatchEvent(BasicEventDispatcher.java:56)
	at javafx.base@21.0.1/com.sun.javafx.event.EventDispatchChainImpl.dispatchEvent(EventDispatchChainImpl.java:114)
	at javafx.base@21.0.1/com.sun.javafx.event.BasicEventDispatcher.dispatchEvent(BasicEventDispatcher.java:56)
	at javafx.base@21.0.1/com.sun.javafx.event.EventDispatchChainImpl.dispatchEvent(EventDispatchChainImpl.java:114)
	at javafx.base@21.0.1/com.sun.javafx.event.EventUtil.fireEventImpl(EventUtil.java:74)
	at javafx.base@21.0.1/com.sun.javafx.event.EventUtil.fireEvent(EventUtil.java:49)
	at javafx.base@21.0.1/javafx.event.Event.fireEvent(Event.java:198)
	at javafx.graphics@21.0.1/javafx.scene.Node.fireEvent(Node.java:8875)
	at javafx.controls@21.0.1/javafx.scene.control.Button.fire(Button.java:203)
	at javafx.controls@21.0.1/com.sun.javafx.scene.control.behavior.ButtonBehavior.mouseReleased(ButtonBehavior.java:207)
	at javafx.controls@21.0.1/com.sun.javafx.scene.control.inputmap.InputMap.handle(InputMap.java:274)
	at javafx.base@21.0.1/com.sun.javafx.event.CompositeEventHandler$NormalEventHandlerRecord.handleBubblingEvent(CompositeEventHandler.java:247)
	at javafx.base@21.0.1/com.sun.javafx.event.CompositeEventHandler.dispatchBubblingEvent(CompositeEventHandler.java:80)
	at javafx.base@21.0.1/com.sun.javafx.event.EventHandlerManager.dispatchBubblingEvent(EventHandlerManager.java:232)
	at javafx.base@21.0.1/com.sun.javafx.event.EventHandlerManager.dispatchBubblingEvent(EventHandlerManager.java:189)
	at javafx.base@21.0.1/com.sun.javafx.event.CompositeEventDispatcher.dispatchBubblingEvent(CompositeEventDispatcher.java:59)
	at javafx.base@21.0.1/com.sun.javafx.event.BasicEventDispatcher.dispatchEvent(BasicEventDispatcher.java:58)
	at javafx.base@21.0.1/com.sun.javafx.event.EventDispatchChainImpl.dispatchEvent(EventDispatchChainImpl.java:114)
	at javafx.base@21.0.1/com.sun.javafx.event.BasicEventDispatcher.dispatchEvent(BasicEventDispatcher.java:56)
	at javafx.base@21.0.1/com.sun.javafx.event.EventDispatchChainImpl.dispatchEvent(EventDispatchChainImpl.java:114)
	at javafx.base@21.0.1/com.sun.javafx.event.BasicEventDispatcher.dispatchEvent(BasicEventDispatcher.java:56)
	at javafx.base@21.0.1/com.sun.javafx.event.EventDispatchChainImpl.dispatchEvent(EventDispatchChainImpl.java:114)
	at javafx.base@21.0.1/com.sun.javafx.event.BasicEventDispatcher.dispatchEvent(BasicEventDispatcher.java:56)
	at javafx.base@21.0.1/com.sun.javafx.event.EventDispatchChainImpl.dispatchEvent(EventDispatchChainImpl.java:114)
	at javafx.base@21.0.1/com.sun.javafx.event.EventUtil.fireEventImpl(EventUtil.java:74)
	at javafx.base@21.0.1/com.sun.javafx.event.EventUtil.fireEvent(EventUtil.java:54)
	at javafx.base@21.0.1/javafx.event.Event.fireEvent(Event.java:198)
	at javafx.graphics@21.0.1/javafx.scene.Scene$MouseHandler.process(Scene.java:3984)
	at javafx.graphics@21.0.1/javafx.scene.Scene.processMouseEvent(Scene.java:1890)
	at javafx.graphics@21.0.1/javafx.scene.Scene$ScenePeerListener.mouseEvent(Scene.java:2708)
	at javafx.graphics@21.0.1/com.sun.javafx.tk.quantum.GlassViewEventHandler$MouseEventNotification.run(GlassViewEventHandler.java:411)
	at javafx.graphics@21.0.1/com.sun.javafx.tk.quantum.GlassViewEventHandler$MouseEventNotification.run(GlassViewEventHandler.java:301)
	at java.base/java.security.AccessController.doPrivileged(AccessController.java:400)
	at javafx.graphics@21.0.1/com.sun.javafx.tk.quantum.GlassViewEventHandler.lambda$handleMouseEvent$2(GlassViewEventHandler.java:450)
	at javafx.graphics@21.0.1/com.sun.javafx.tk.quantum.QuantumToolkit.runWithoutRenderLock(QuantumToolkit.java:424)
	at javafx.graphics@21.0.1/com.sun.javafx.tk.quantum.GlassViewEventHandler.handleMouseEvent(GlassViewEventHandler.java:449)
	at javafx.graphics@21.0.1/com.sun.glass.ui.View.handleMouseEvent(View.java:551)
	at javafx.graphics@21.0.1/com.sun.glass.ui.View.notifyMouse(View.java:937)
	at javafx.graphics@21.0.1/com.sun.glass.ui.win.WinApplication._runLoop(Native Method)
	at javafx.graphics@21.0.1/com.sun.glass.ui.win.WinApplication.lambda$runLoop$3(WinApplication.java:185)
	at java.base/java.lang.Thread.run(Thread.java:1583)
2025-10-06 10:32:18 [JavaFX Application Thread] ERROR p.c.a.v.asesor.AsesorMainController - Error al cargar simulador
javafx.fxml.LoadException: fx:value is not a valid element.
/C:/Users/USER/OneDrive/Escritorio/proyecto_v4.0/target/classes/fxml/asesor/SimuladorView.fxml:39

	at javafx.fxml@21.0.1/javafx.fxml.FXMLLoader.constructLoadException(FXMLLoader.java:2718)
	at javafx.fxml@21.0.1/javafx.fxml.FXMLLoader.createElement(FXMLLoader.java:2961)
	at javafx.fxml@21.0.1/javafx.fxml.FXMLLoader.processStartElement(FXMLLoader.java:2850)
	at javafx.fxml@21.0.1/javafx.fxml.FXMLLoader.loadImpl(FXMLLoader.java:2649)
	at javafx.fxml@21.0.1/javafx.fxml.FXMLLoader.loadImpl(FXMLLoader.java:2563)
	at javafx.fxml@21.0.1/javafx.fxml.FXMLLoader.load(FXMLLoader.java:2531)
	at pe.crediactiva.app.view.asesor.AsesorMainController.handleSimulador(AsesorMainController.java:257)
	at java.base/jdk.internal.reflect.DirectMethodHandleAccessor.invoke(DirectMethodHandleAccessor.java:103)
	at java.base/java.lang.reflect.Method.invoke(Method.java:580)
	at com.sun.javafx.reflect.Trampoline.invoke(MethodUtil.java:72)
	at java.base/jdk.internal.reflect.DirectMethodHandleAccessor.invoke(DirectMethodHandleAccessor.java:103)
	at java.base/java.lang.reflect.Method.invoke(Method.java:580)
	at javafx.base@21.0.1/com.sun.javafx.reflect.MethodUtil.invoke(MethodUtil.java:270)
	at javafx.fxml@21.0.1/com.sun.javafx.fxml.MethodHelper.invoke(MethodHelper.java:84)
	at javafx.fxml@21.0.1/javafx.fxml.FXMLLoader$MethodHandler.invoke(FXMLLoader.java:1855)
	at javafx.fxml@21.0.1/javafx.fxml.FXMLLoader$ControllerMethodEventHandler.handle(FXMLLoader.java:1726)
	at javafx.base@21.0.1/com.sun.javafx.event.CompositeEventHandler.dispatchBubblingEvent(CompositeEventHandler.java:86)
	at javafx.base@21.0.1/com.sun.javafx.event.EventHandlerManager.dispatchBubblingEvent(EventHandlerManager.java:232)
	at javafx.base@21.0.1/com.sun.javafx.event.EventHandlerManager.dispatchBubblingEvent(EventHandlerManager.java:189)
	at javafx.base@21.0.1/com.sun.javafx.event.CompositeEventDispatcher.dispatchBubblingEvent(CompositeEventDispatcher.java:59)
	at javafx.base@21.0.1/com.sun.javafx.event.BasicEventDispatcher.dispatchEvent(BasicEventDispatcher.java:58)
	at javafx.base@21.0.1/com.sun.javafx.event.EventDispatchChainImpl.dispatchEvent(EventDispatchChainImpl.java:114)
	at javafx.base@21.0.1/com.sun.javafx.event.BasicEventDispatcher.dispatchEvent(BasicEventDispatcher.java:56)
	at javafx.base@21.0.1/com.sun.javafx.event.EventDispatchChainImpl.dispatchEvent(EventDispatchChainImpl.java:114)
	at javafx.base@21.0.1/com.sun.javafx.event.BasicEventDispatcher.dispatchEvent(BasicEventDispatcher.java:56)
	at javafx.base@21.0.1/com.sun.javafx.event.EventDispatchChainImpl.dispatchEvent(EventDispatchChainImpl.java:114)
	at javafx.base@21.0.1/com.sun.javafx.event.BasicEventDispatcher.dispatchEvent(BasicEventDispatcher.java:56)
	at javafx.base@21.0.1/com.sun.javafx.event.EventDispatchChainImpl.dispatchEvent(EventDispatchChainImpl.java:114)
	at javafx.base@21.0.1/com.sun.javafx.event.EventUtil.fireEventImpl(EventUtil.java:74)
	at javafx.base@21.0.1/com.sun.javafx.event.EventUtil.fireEvent(EventUtil.java:49)
	at javafx.base@21.0.1/javafx.event.Event.fireEvent(Event.java:198)
	at javafx.graphics@21.0.1/javafx.scene.Node.fireEvent(Node.java:8875)
	at javafx.controls@21.0.1/javafx.scene.control.Button.fire(Button.java:203)
	at javafx.controls@21.0.1/com.sun.javafx.scene.control.behavior.ButtonBehavior.mouseReleased(ButtonBehavior.java:207)
	at javafx.controls@21.0.1/com.sun.javafx.scene.control.inputmap.InputMap.handle(InputMap.java:274)
	at javafx.base@21.0.1/com.sun.javafx.event.CompositeEventHandler$NormalEventHandlerRecord.handleBubblingEvent(CompositeEventHandler.java:247)
	at javafx.base@21.0.1/com.sun.javafx.event.CompositeEventHandler.dispatchBubblingEvent(CompositeEventHandler.java:80)
	at javafx.base@21.0.1/com.sun.javafx.event.EventHandlerManager.dispatchBubblingEvent(EventHandlerManager.java:232)
	at javafx.base@21.0.1/com.sun.javafx.event.EventHandlerManager.dispatchBubblingEvent(EventHandlerManager.java:189)
	at javafx.base@21.0.1/com.sun.javafx.event.CompositeEventDispatcher.dispatchBubblingEvent(CompositeEventDispatcher.java:59)
	at javafx.base@21.0.1/com.sun.javafx.event.BasicEventDispatcher.dispatchEvent(BasicEventDispatcher.java:58)
	at javafx.base@21.0.1/com.sun.javafx.event.EventDispatchChainImpl.dispatchEvent(EventDispatchChainImpl.java:114)
	at javafx.base@21.0.1/com.sun.javafx.event.BasicEventDispatcher.dispatchEvent(BasicEventDispatcher.java:56)
	at javafx.base@21.0.1/com.sun.javafx.event.EventDispatchChainImpl.dispatchEvent(EventDispatchChainImpl.java:114)
	at javafx.base@21.0.1/com.sun.javafx.event.BasicEventDispatcher.dispatchEvent(BasicEventDispatcher.java:56)
	at javafx.base@21.0.1/com.sun.javafx.event.EventDispatchChainImpl.dispatchEvent(EventDispatchChainImpl.java:114)
	at javafx.base@21.0.1/com.sun.javafx.event.BasicEventDispatcher.dispatchEvent(BasicEventDispatcher.java:56)
	at javafx.base@21.0.1/com.sun.javafx.event.EventDispatchChainImpl.dispatchEvent(EventDispatchChainImpl.java:114)
	at javafx.base@21.0.1/com.sun.javafx.event.EventUtil.fireEventImpl(EventUtil.java:74)
	at javafx.base@21.0.1/com.sun.javafx.event.EventUtil.fireEvent(EventUtil.java:54)
	at javafx.base@21.0.1/javafx.event.Event.fireEvent(Event.java:198)
	at javafx.graphics@21.0.1/javafx.scene.Scene$MouseHandler.process(Scene.java:3984)
	at javafx.graphics@21.0.1/javafx.scene.Scene.processMouseEvent(Scene.java:1890)
	at javafx.graphics@21.0.1/javafx.scene.Scene$ScenePeerListener.mouseEvent(Scene.java:2708)
	at javafx.graphics@21.0.1/com.sun.javafx.tk.quantum.GlassViewEventHandler$MouseEventNotification.run(GlassViewEventHandler.java:411)
	at javafx.graphics@21.0.1/com.sun.javafx.tk.quantum.GlassViewEventHandler$MouseEventNotification.run(GlassViewEventHandler.java:301)
	at java.base/java.security.AccessController.doPrivileged(AccessController.java:400)
	at javafx.graphics@21.0.1/com.sun.javafx.tk.quantum.GlassViewEventHandler.lambda$handleMouseEvent$2(GlassViewEventHandler.java:450)
	at javafx.graphics@21.0.1/com.sun.javafx.tk.quantum.QuantumToolkit.runWithoutRenderLock(QuantumToolkit.java:424)
	at javafx.graphics@21.0.1/com.sun.javafx.tk.quantum.GlassViewEventHandler.handleMouseEvent(GlassViewEventHandler.java:449)
	at javafx.graphics@21.0.1/com.sun.glass.ui.View.handleMouseEvent(View.java:551)
	at javafx.graphics@21.0.1/com.sun.glass.ui.View.notifyMouse(View.java:937)
	at javafx.graphics@21.0.1/com.sun.glass.ui.win.WinApplication._runLoop(Native Method)
	at javafx.graphics@21.0.1/com.sun.glass.ui.win.WinApplication.lambda$runLoop$3(WinApplication.java:185)
	at java.base/java.lang.Thread.run(Thread.java:1583)
2025-10-06 10:32:21 [JavaFX Application Thread] ERROR p.c.a.v.asesor.AsesorMainController - Error al cargar registro de cobro
javafx.fxml.LoadException: fx:value is not a valid element.
/C:/Users/USER/OneDrive/Escritorio/proyecto_v4.0/target/classes/fxml/asesor/RegistrarCobroView.fxml:120

	at javafx.fxml@21.0.1/javafx.fxml.FXMLLoader.constructLoadException(FXMLLoader.java:2718)
	at javafx.fxml@21.0.1/javafx.fxml.FXMLLoader.createElement(FXMLLoader.java:2961)
	at javafx.fxml@21.0.1/javafx.fxml.FXMLLoader.processStartElement(FXMLLoader.java:2850)
	at javafx.fxml@21.0.1/javafx.fxml.FXMLLoader.loadImpl(FXMLLoader.java:2649)
	at javafx.fxml@21.0.1/javafx.fxml.FXMLLoader.loadImpl(FXMLLoader.java:2563)
	at javafx.fxml@21.0.1/javafx.fxml.FXMLLoader.load(FXMLLoader.java:2531)
	at pe.crediactiva.app.view.asesor.AsesorMainController.handleRegistrarCobro(AsesorMainController.java:278)
	at java.base/jdk.internal.reflect.DirectMethodHandleAccessor.invoke(DirectMethodHandleAccessor.java:103)
	at java.base/java.lang.reflect.Method.invoke(Method.java:580)
	at com.sun.javafx.reflect.Trampoline.invoke(MethodUtil.java:72)
	at java.base/jdk.internal.reflect.DirectMethodHandleAccessor.invoke(DirectMethodHandleAccessor.java:103)
	at java.base/java.lang.reflect.Method.invoke(Method.java:580)
	at javafx.base@21.0.1/com.sun.javafx.reflect.MethodUtil.invoke(MethodUtil.java:270)
	at javafx.fxml@21.0.1/com.sun.javafx.fxml.MethodHelper.invoke(MethodHelper.java:84)
	at javafx.fxml@21.0.1/javafx.fxml.FXMLLoader$MethodHandler.invoke(FXMLLoader.java:1855)
	at javafx.fxml@21.0.1/javafx.fxml.FXMLLoader$ControllerMethodEventHandler.handle(FXMLLoader.java:1726)
	at javafx.base@21.0.1/com.sun.javafx.event.CompositeEventHandler.dispatchBubblingEvent(CompositeEventHandler.java:86)
	at javafx.base@21.0.1/com.sun.javafx.event.EventHandlerManager.dispatchBubblingEvent(EventHandlerManager.java:232)
	at javafx.base@21.0.1/com.sun.javafx.event.EventHandlerManager.dispatchBubblingEvent(EventHandlerManager.java:189)
	at javafx.base@21.0.1/com.sun.javafx.event.CompositeEventDispatcher.dispatchBubblingEvent(CompositeEventDispatcher.java:59)
	at javafx.base@21.0.1/com.sun.javafx.event.BasicEventDispatcher.dispatchEvent(BasicEventDispatcher.java:58)
	at javafx.base@21.0.1/com.sun.javafx.event.EventDispatchChainImpl.dispatchEvent(EventDispatchChainImpl.java:114)
	at javafx.base@21.0.1/com.sun.javafx.event.BasicEventDispatcher.dispatchEvent(BasicEventDispatcher.java:56)
	at javafx.base@21.0.1/com.sun.javafx.event.EventDispatchChainImpl.dispatchEvent(EventDispatchChainImpl.java:114)
	at javafx.base@21.0.1/com.sun.javafx.event.BasicEventDispatcher.dispatchEvent(BasicEventDispatcher.java:56)
	at javafx.base@21.0.1/com.sun.javafx.event.EventDispatchChainImpl.dispatchEvent(EventDispatchChainImpl.java:114)
	at javafx.base@21.0.1/com.sun.javafx.event.BasicEventDispatcher.dispatchEvent(BasicEventDispatcher.java:56)
	at javafx.base@21.0.1/com.sun.javafx.event.EventDispatchChainImpl.dispatchEvent(EventDispatchChainImpl.java:114)
	at javafx.base@21.0.1/com.sun.javafx.event.EventUtil.fireEventImpl(EventUtil.java:74)
	at javafx.base@21.0.1/com.sun.javafx.event.EventUtil.fireEvent(EventUtil.java:49)
	at javafx.base@21.0.1/javafx.event.Event.fireEvent(Event.java:198)
	at javafx.graphics@21.0.1/javafx.scene.Node.fireEvent(Node.java:8875)
	at javafx.controls@21.0.1/javafx.scene.control.Button.fire(Button.java:203)
	at javafx.controls@21.0.1/com.sun.javafx.scene.control.behavior.ButtonBehavior.mouseReleased(ButtonBehavior.java:207)
	at javafx.controls@21.0.1/com.sun.javafx.scene.control.inputmap.InputMap.handle(InputMap.java:274)
	at javafx.base@21.0.1/com.sun.javafx.event.CompositeEventHandler$NormalEventHandlerRecord.handleBubblingEvent(CompositeEventHandler.java:247)
	at javafx.base@21.0.1/com.sun.javafx.event.CompositeEventHandler.dispatchBubblingEvent(CompositeEventHandler.java:80)
	at javafx.base@21.0.1/com.sun.javafx.event.EventHandlerManager.dispatchBubblingEvent(EventHandlerManager.java:232)
	at javafx.base@21.0.1/com.sun.javafx.event.EventHandlerManager.dispatchBubblingEvent(EventHandlerManager.java:189)
	at javafx.base@21.0.1/com.sun.javafx.event.CompositeEventDispatcher.dispatchBubblingEvent(CompositeEventDispatcher.java:59)
	at javafx.base@21.0.1/com.sun.javafx.event.BasicEventDispatcher.dispatchEvent(BasicEventDispatcher.java:58)
	at javafx.base@21.0.1/com.sun.javafx.event.EventDispatchChainImpl.dispatchEvent(EventDispatchChainImpl.java:114)
	at javafx.base@21.0.1/com.sun.javafx.event.BasicEventDispatcher.dispatchEvent(BasicEventDispatcher.java:56)
	at javafx.base@21.0.1/com.sun.javafx.event.EventDispatchChainImpl.dispatchEvent(EventDispatchChainImpl.java:114)
	at javafx.base@21.0.1/com.sun.javafx.event.BasicEventDispatcher.dispatchEvent(BasicEventDispatcher.java:56)
	at javafx.base@21.0.1/com.sun.javafx.event.EventDispatchChainImpl.dispatchEvent(EventDispatchChainImpl.java:114)
	at javafx.base@21.0.1/com.sun.javafx.event.BasicEventDispatcher.dispatchEvent(BasicEventDispatcher.java:56)
	at javafx.base@21.0.1/com.sun.javafx.event.EventDispatchChainImpl.dispatchEvent(EventDispatchChainImpl.java:114)
	at javafx.base@21.0.1/com.sun.javafx.event.EventUtil.fireEventImpl(EventUtil.java:74)
	at javafx.base@21.0.1/com.sun.javafx.event.EventUtil.fireEvent(EventUtil.java:54)
	at javafx.base@21.0.1/javafx.event.Event.fireEvent(Event.java:198)
	at javafx.graphics@21.0.1/javafx.scene.Scene$MouseHandler.process(Scene.java:3984)
	at javafx.graphics@21.0.1/javafx.scene.Scene.processMouseEvent(Scene.java:1890)
	at javafx.graphics@21.0.1/javafx.scene.Scene$ScenePeerListener.mouseEvent(Scene.java:2708)
	at javafx.graphics@21.0.1/com.sun.javafx.tk.quantum.GlassViewEventHandler$MouseEventNotification.run(GlassViewEventHandler.java:411)
	at javafx.graphics@21.0.1/com.sun.javafx.tk.quantum.GlassViewEventHandler$MouseEventNotification.run(GlassViewEventHandler.java:301)
	at java.base/java.security.AccessController.doPrivileged(AccessController.java:400)
	at javafx.graphics@21.0.1/com.sun.javafx.tk.quantum.GlassViewEventHandler.lambda$handleMouseEvent$2(GlassViewEventHandler.java:450)
	at javafx.graphics@21.0.1/com.sun.javafx.tk.quantum.QuantumToolkit.runWithoutRenderLock(QuantumToolkit.java:424)
	at javafx.graphics@21.0.1/com.sun.javafx.tk.quantum.GlassViewEventHandler.handleMouseEvent(GlassViewEventHandler.java:449)
	at javafx.graphics@21.0.1/com.sun.glass.ui.View.handleMouseEvent(View.java:551)
	at javafx.graphics@21.0.1/com.sun.glass.ui.View.notifyMouse(View.java:937)
	at javafx.graphics@21.0.1/com.sun.glass.ui.win.WinApplication._runLoop(Native Method)
	at javafx.graphics@21.0.1/com.sun.glass.ui.win.WinApplication.lambda$runLoop$3(WinApplication.java:185)
	at java.base/java.lang.Thread.run(Thread.java:1583)
2025-10-06 10:32:24 [JavaFX Application Thread] ERROR p.c.app.service.RecaudacionService - Error al calcular recaudación mensual para asesor: null
java.lang.NullPointerException: Cannot invoke "java.lang.Long.longValue()" because "idAsesor" is null
	at pe.crediactiva.app.dao.impl.RecaudacionAsesorDAOImpl.findByAsesor(RecaudacionAsesorDAOImpl.java:157)
	at pe.crediactiva.app.service.RecaudacionService.obtenerRecaudacionMensualPorAsesor(RecaudacionService.java:112)
	at pe.crediactiva.app.service.RecaudacionService.obtenerRecaudacionDelDia(RecaudacionService.java:268)
	at pe.crediactiva.app.view.asesor.AsesorMainController.cargarEstadisticasDashboard(AsesorMainController.java:134)
	at pe.crediactiva.app.view.asesor.AsesorMainController.handleDashboard(AsesorMainController.java:171)
	at java.base/jdk.internal.reflect.DirectMethodHandleAccessor.invoke(DirectMethodHandleAccessor.java:103)
	at java.base/java.lang.reflect.Method.invoke(Method.java:580)
	at com.sun.javafx.reflect.Trampoline.invoke(MethodUtil.java:72)
	at java.base/jdk.internal.reflect.DirectMethodHandleAccessor.invoke(DirectMethodHandleAccessor.java:103)
	at java.base/java.lang.reflect.Method.invoke(Method.java:580)
	at javafx.base@21.0.1/com.sun.javafx.reflect.MethodUtil.invoke(MethodUtil.java:270)
	at javafx.fxml@21.0.1/com.sun.javafx.fxml.MethodHelper.invoke(MethodHelper.java:84)
	at javafx.fxml@21.0.1/javafx.fxml.FXMLLoader$MethodHandler.invoke(FXMLLoader.java:1855)
	at javafx.fxml@21.0.1/javafx.fxml.FXMLLoader$ControllerMethodEventHandler.handle(FXMLLoader.java:1726)
	at javafx.base@21.0.1/com.sun.javafx.event.CompositeEventHandler.dispatchBubblingEvent(CompositeEventHandler.java:86)
	at javafx.base@21.0.1/com.sun.javafx.event.EventHandlerManager.dispatchBubblingEvent(EventHandlerManager.java:232)
	at javafx.base@21.0.1/com.sun.javafx.event.EventHandlerManager.dispatchBubblingEvent(EventHandlerManager.java:189)
	at javafx.base@21.0.1/com.sun.javafx.event.CompositeEventDispatcher.dispatchBubblingEvent(CompositeEventDispatcher.java:59)
	at javafx.base@21.0.1/com.sun.javafx.event.BasicEventDispatcher.dispatchEvent(BasicEventDispatcher.java:58)
	at javafx.base@21.0.1/com.sun.javafx.event.EventDispatchChainImpl.dispatchEvent(EventDispatchChainImpl.java:114)
	at javafx.base@21.0.1/com.sun.javafx.event.BasicEventDispatcher.dispatchEvent(BasicEventDispatcher.java:56)
	at javafx.base@21.0.1/com.sun.javafx.event.EventDispatchChainImpl.dispatchEvent(EventDispatchChainImpl.java:114)
	at javafx.base@21.0.1/com.sun.javafx.event.BasicEventDispatcher.dispatchEvent(BasicEventDispatcher.java:56)
	at javafx.base@21.0.1/com.sun.javafx.event.EventDispatchChainImpl.dispatchEvent(EventDispatchChainImpl.java:114)
	at javafx.base@21.0.1/com.sun.javafx.event.BasicEventDispatcher.dispatchEvent(BasicEventDispatcher.java:56)
	at javafx.base@21.0.1/com.sun.javafx.event.EventDispatchChainImpl.dispatchEvent(EventDispatchChainImpl.java:114)
	at javafx.base@21.0.1/com.sun.javafx.event.EventUtil.fireEventImpl(EventUtil.java:74)
	at javafx.base@21.0.1/com.sun.javafx.event.EventUtil.fireEvent(EventUtil.java:49)
	at javafx.base@21.0.1/javafx.event.Event.fireEvent(Event.java:198)
	at javafx.graphics@21.0.1/javafx.scene.Node.fireEvent(Node.java:8875)
	at javafx.controls@21.0.1/javafx.scene.control.Button.fire(Button.java:203)
	at javafx.controls@21.0.1/com.sun.javafx.scene.control.behavior.ButtonBehavior.mouseReleased(ButtonBehavior.java:207)
	at javafx.controls@21.0.1/com.sun.javafx.scene.control.inputmap.InputMap.handle(InputMap.java:274)
	at javafx.base@21.0.1/com.sun.javafx.event.CompositeEventHandler$NormalEventHandlerRecord.handleBubblingEvent(CompositeEventHandler.java:247)
	at javafx.base@21.0.1/com.sun.javafx.event.CompositeEventHandler.dispatchBubblingEvent(CompositeEventHandler.java:80)
	at javafx.base@21.0.1/com.sun.javafx.event.EventHandlerManager.dispatchBubblingEvent(EventHandlerManager.java:232)
	at javafx.base@21.0.1/com.sun.javafx.event.EventHandlerManager.dispatchBubblingEvent(EventHandlerManager.java:189)
	at javafx.base@21.0.1/com.sun.javafx.event.CompositeEventDispatcher.dispatchBubblingEvent(CompositeEventDispatcher.java:59)
	at javafx.base@21.0.1/com.sun.javafx.event.BasicEventDispatcher.dispatchEvent(BasicEventDispatcher.java:58)
	at javafx.base@21.0.1/com.sun.javafx.event.EventDispatchChainImpl.dispatchEvent(EventDispatchChainImpl.java:114)
	at javafx.base@21.0.1/com.sun.javafx.event.BasicEventDispatcher.dispatchEvent(BasicEventDispatcher.java:56)
	at javafx.base@21.0.1/com.sun.javafx.event.EventDispatchChainImpl.dispatchEvent(EventDispatchChainImpl.java:114)
	at javafx.base@21.0.1/com.sun.javafx.event.BasicEventDispatcher.dispatchEvent(BasicEventDispatcher.java:56)
	at javafx.base@21.0.1/com.sun.javafx.event.EventDispatchChainImpl.dispatchEvent(EventDispatchChainImpl.java:114)
	at javafx.base@21.0.1/com.sun.javafx.event.BasicEventDispatcher.dispatchEvent(BasicEventDispatcher.java:56)
	at javafx.base@21.0.1/com.sun.javafx.event.EventDispatchChainImpl.dispatchEvent(EventDispatchChainImpl.java:114)
	at javafx.base@21.0.1/com.sun.javafx.event.EventUtil.fireEventImpl(EventUtil.java:74)
	at javafx.base@21.0.1/com.sun.javafx.event.EventUtil.fireEvent(EventUtil.java:54)
	at javafx.base@21.0.1/javafx.event.Event.fireEvent(Event.java:198)
	at javafx.graphics@21.0.1/javafx.scene.Scene$MouseHandler.process(Scene.java:3984)
	at javafx.graphics@21.0.1/javafx.scene.Scene.processMouseEvent(Scene.java:1890)
	at javafx.graphics@21.0.1/javafx.scene.Scene$ScenePeerListener.mouseEvent(Scene.java:2708)
	at javafx.graphics@21.0.1/com.sun.javafx.tk.quantum.GlassViewEventHandler$MouseEventNotification.run(GlassViewEventHandler.java:411)
	at javafx.graphics@21.0.1/com.sun.javafx.tk.quantum.GlassViewEventHandler$MouseEventNotification.run(GlassViewEventHandler.java:301)
	at java.base/java.security.AccessController.doPrivileged(AccessController.java:400)
	at javafx.graphics@21.0.1/com.sun.javafx.tk.quantum.GlassViewEventHandler.lambda$handleMouseEvent$2(GlassViewEventHandler.java:450)
	at javafx.graphics@21.0.1/com.sun.javafx.tk.quantum.QuantumToolkit.runWithoutRenderLock(QuantumToolkit.java:424)
	at javafx.graphics@21.0.1/com.sun.javafx.tk.quantum.GlassViewEventHandler.handleMouseEvent(GlassViewEventHandler.java:449)
	at javafx.graphics@21.0.1/com.sun.glass.ui.View.handleMouseEvent(View.java:551)
	at javafx.graphics@21.0.1/com.sun.glass.ui.View.notifyMouse(View.java:937)
	at javafx.graphics@21.0.1/com.sun.glass.ui.win.WinApplication._runLoop(Native Method)
	at javafx.graphics@21.0.1/com.sun.glass.ui.win.WinApplication.lambda$runLoop$3(WinApplication.java:185)
	at java.base/java.lang.Thread.run(Thread.java:1583)
2025-10-06 10:32:24 [JavaFX Application Thread] ERROR p.c.app.service.RecaudacionService - Error al calcular recaudación mensual para asesor: null
java.lang.NullPointerException: Cannot invoke "java.lang.Long.longValue()" because "idAsesor" is null
	at pe.crediactiva.app.dao.impl.RecaudacionAsesorDAOImpl.findByAsesor(RecaudacionAsesorDAOImpl.java:157)
	at pe.crediactiva.app.service.RecaudacionService.obtenerRecaudacionMensualPorAsesor(RecaudacionService.java:112)
	at pe.crediactiva.app.service.RecaudacionService.obtenerRecaudacionDelMes(RecaudacionService.java:275)
	at pe.crediactiva.app.view.asesor.AsesorMainController.cargarEstadisticasDashboard(AsesorMainController.java:138)
	at pe.crediactiva.app.view.asesor.AsesorMainController.handleDashboard(AsesorMainController.java:171)
	at java.base/jdk.internal.reflect.DirectMethodHandleAccessor.invoke(DirectMethodHandleAccessor.java:103)
	at java.base/java.lang.reflect.Method.invoke(Method.java:580)
	at com.sun.javafx.reflect.Trampoline.invoke(MethodUtil.java:72)
	at java.base/jdk.internal.reflect.DirectMethodHandleAccessor.invoke(DirectMethodHandleAccessor.java:103)
	at java.base/java.lang.reflect.Method.invoke(Method.java:580)
	at javafx.base@21.0.1/com.sun.javafx.reflect.MethodUtil.invoke(MethodUtil.java:270)
	at javafx.fxml@21.0.1/com.sun.javafx.fxml.MethodHelper.invoke(MethodHelper.java:84)
	at javafx.fxml@21.0.1/javafx.fxml.FXMLLoader$MethodHandler.invoke(FXMLLoader.java:1855)
	at javafx.fxml@21.0.1/javafx.fxml.FXMLLoader$ControllerMethodEventHandler.handle(FXMLLoader.java:1726)
	at javafx.base@21.0.1/com.sun.javafx.event.CompositeEventHandler.dispatchBubblingEvent(CompositeEventHandler.java:86)
	at javafx.base@21.0.1/com.sun.javafx.event.EventHandlerManager.dispatchBubblingEvent(EventHandlerManager.java:232)
	at javafx.base@21.0.1/com.sun.javafx.event.EventHandlerManager.dispatchBubblingEvent(EventHandlerManager.java:189)
	at javafx.base@21.0.1/com.sun.javafx.event.CompositeEventDispatcher.dispatchBubblingEvent(CompositeEventDispatcher.java:59)
	at javafx.base@21.0.1/com.sun.javafx.event.BasicEventDispatcher.dispatchEvent(BasicEventDispatcher.java:58)
	at javafx.base@21.0.1/com.sun.javafx.event.EventDispatchChainImpl.dispatchEvent(EventDispatchChainImpl.java:114)
	at javafx.base@21.0.1/com.sun.javafx.event.BasicEventDispatcher.dispatchEvent(BasicEventDispatcher.java:56)
	at javafx.base@21.0.1/com.sun.javafx.event.EventDispatchChainImpl.dispatchEvent(EventDispatchChainImpl.java:114)
	at javafx.base@21.0.1/com.sun.javafx.event.BasicEventDispatcher.dispatchEvent(BasicEventDispatcher.java:56)
	at javafx.base@21.0.1/com.sun.javafx.event.EventDispatchChainImpl.dispatchEvent(EventDispatchChainImpl.java:114)
	at javafx.base@21.0.1/com.sun.javafx.event.BasicEventDispatcher.dispatchEvent(BasicEventDispatcher.java:56)
	at javafx.base@21.0.1/com.sun.javafx.event.EventDispatchChainImpl.dispatchEvent(EventDispatchChainImpl.java:114)
	at javafx.base@21.0.1/com.sun.javafx.event.EventUtil.fireEventImpl(EventUtil.java:74)
	at javafx.base@21.0.1/com.sun.javafx.event.EventUtil.fireEvent(EventUtil.java:49)
	at javafx.base@21.0.1/javafx.event.Event.fireEvent(Event.java:198)
	at javafx.graphics@21.0.1/javafx.scene.Node.fireEvent(Node.java:8875)
	at javafx.controls@21.0.1/javafx.scene.control.Button.fire(Button.java:203)
	at javafx.controls@21.0.1/com.sun.javafx.scene.control.behavior.ButtonBehavior.mouseReleased(ButtonBehavior.java:207)
	at javafx.controls@21.0.1/com.sun.javafx.scene.control.inputmap.InputMap.handle(InputMap.java:274)
	at javafx.base@21.0.1/com.sun.javafx.event.CompositeEventHandler$NormalEventHandlerRecord.handleBubblingEvent(CompositeEventHandler.java:247)
	at javafx.base@21.0.1/com.sun.javafx.event.CompositeEventHandler.dispatchBubblingEvent(CompositeEventHandler.java:80)
	at javafx.base@21.0.1/com.sun.javafx.event.EventHandlerManager.dispatchBubblingEvent(EventHandlerManager.java:232)
	at javafx.base@21.0.1/com.sun.javafx.event.EventHandlerManager.dispatchBubblingEvent(EventHandlerManager.java:189)
	at javafx.base@21.0.1/com.sun.javafx.event.CompositeEventDispatcher.dispatchBubblingEvent(CompositeEventDispatcher.java:59)
	at javafx.base@21.0.1/com.sun.javafx.event.BasicEventDispatcher.dispatchEvent(BasicEventDispatcher.java:58)
	at javafx.base@21.0.1/com.sun.javafx.event.EventDispatchChainImpl.dispatchEvent(EventDispatchChainImpl.java:114)
	at javafx.base@21.0.1/com.sun.javafx.event.BasicEventDispatcher.dispatchEvent(BasicEventDispatcher.java:56)
	at javafx.base@21.0.1/com.sun.javafx.event.EventDispatchChainImpl.dispatchEvent(EventDispatchChainImpl.java:114)
	at javafx.base@21.0.1/com.sun.javafx.event.BasicEventDispatcher.dispatchEvent(BasicEventDispatcher.java:56)
	at javafx.base@21.0.1/com.sun.javafx.event.EventDispatchChainImpl.dispatchEvent(EventDispatchChainImpl.java:114)
	at javafx.base@21.0.1/com.sun.javafx.event.BasicEventDispatcher.dispatchEvent(BasicEventDispatcher.java:56)
	at javafx.base@21.0.1/com.sun.javafx.event.EventDispatchChainImpl.dispatchEvent(EventDispatchChainImpl.java:114)
	at javafx.base@21.0.1/com.sun.javafx.event.EventUtil.fireEventImpl(EventUtil.java:74)
	at javafx.base@21.0.1/com.sun.javafx.event.EventUtil.fireEvent(EventUtil.java:54)
	at javafx.base@21.0.1/javafx.event.Event.fireEvent(Event.java:198)
	at javafx.graphics@21.0.1/javafx.scene.Scene$MouseHandler.process(Scene.java:3984)
	at javafx.graphics@21.0.1/javafx.scene.Scene.processMouseEvent(Scene.java:1890)
	at javafx.graphics@21.0.1/javafx.scene.Scene$ScenePeerListener.mouseEvent(Scene.java:2708)
	at javafx.graphics@21.0.1/com.sun.javafx.tk.quantum.GlassViewEventHandler$MouseEventNotification.run(GlassViewEventHandler.java:411)
	at javafx.graphics@21.0.1/com.sun.javafx.tk.quantum.GlassViewEventHandler$MouseEventNotification.run(GlassViewEventHandler.java:301)
	at java.base/java.security.AccessController.doPrivileged(AccessController.java:400)
	at javafx.graphics@21.0.1/com.sun.javafx.tk.quantum.GlassViewEventHandler.lambda$handleMouseEvent$2(GlassViewEventHandler.java:450)
	at javafx.graphics@21.0.1/com.sun.javafx.tk.quantum.QuantumToolkit.runWithoutRenderLock(QuantumToolkit.java:424)
	at javafx.graphics@21.0.1/com.sun.javafx.tk.quantum.GlassViewEventHandler.handleMouseEvent(GlassViewEventHandler.java:449)
	at javafx.graphics@21.0.1/com.sun.glass.ui.View.handleMouseEvent(View.java:551)
	at javafx.graphics@21.0.1/com.sun.glass.ui.View.notifyMouse(View.java:937)
	at javafx.graphics@21.0.1/com.sun.glass.ui.win.WinApplication._runLoop(Native Method)
	at javafx.graphics@21.0.1/com.sun.glass.ui.win.WinApplication.lambda$runLoop$3(WinApplication.java:185)
	at java.base/java.lang.Thread.run(Thread.java:1583)
2025-10-06 10:32:27 [JavaFX Application Thread] INFO  p.c.a.v.asesor.AsesorMainController - Cargados reportes del asesor
2025-10-06 10:32:29 [JavaFX Application Thread] ERROR p.c.a.v.asesor.AsesorMainController - Error al cargar cartera
javafx.fxml.LoadException: fx:value is not a valid element.
/C:/Users/USER/OneDrive/Escritorio/proyecto_v4.0/target/classes/fxml/asesor/CarteraView.fxml:66

	at javafx.fxml@21.0.1/javafx.fxml.FXMLLoader.constructLoadException(FXMLLoader.java:2718)
	at javafx.fxml@21.0.1/javafx.fxml.FXMLLoader.createElement(FXMLLoader.java:2961)
	at javafx.fxml@21.0.1/javafx.fxml.FXMLLoader.processStartElement(FXMLLoader.java:2850)
	at javafx.fxml@21.0.1/javafx.fxml.FXMLLoader.loadImpl(FXMLLoader.java:2649)
	at javafx.fxml@21.0.1/javafx.fxml.FXMLLoader.loadImpl(FXMLLoader.java:2563)
	at javafx.fxml@21.0.1/javafx.fxml.FXMLLoader.load(FXMLLoader.java:2531)
	at pe.crediactiva.app.view.asesor.AsesorMainController.handleCartera(AsesorMainController.java:299)
	at java.base/jdk.internal.reflect.DirectMethodHandleAccessor.invoke(DirectMethodHandleAccessor.java:103)
	at java.base/java.lang.reflect.Method.invoke(Method.java:580)
	at com.sun.javafx.reflect.Trampoline.invoke(MethodUtil.java:72)
	at java.base/jdk.internal.reflect.DirectMethodHandleAccessor.invoke(DirectMethodHandleAccessor.java:103)
	at java.base/java.lang.reflect.Method.invoke(Method.java:580)
	at javafx.base@21.0.1/com.sun.javafx.reflect.MethodUtil.invoke(MethodUtil.java:270)
	at javafx.fxml@21.0.1/com.sun.javafx.fxml.MethodHelper.invoke(MethodHelper.java:84)
	at javafx.fxml@21.0.1/javafx.fxml.FXMLLoader$MethodHandler.invoke(FXMLLoader.java:1855)
	at javafx.fxml@21.0.1/javafx.fxml.FXMLLoader$ControllerMethodEventHandler.handle(FXMLLoader.java:1726)
	at javafx.base@21.0.1/com.sun.javafx.event.CompositeEventHandler.dispatchBubblingEvent(CompositeEventHandler.java:86)
	at javafx.base@21.0.1/com.sun.javafx.event.EventHandlerManager.dispatchBubblingEvent(EventHandlerManager.java:232)
	at javafx.base@21.0.1/com.sun.javafx.event.EventHandlerManager.dispatchBubblingEvent(EventHandlerManager.java:189)
	at javafx.base@21.0.1/com.sun.javafx.event.CompositeEventDispatcher.dispatchBubblingEvent(CompositeEventDispatcher.java:59)
	at javafx.base@21.0.1/com.sun.javafx.event.BasicEventDispatcher.dispatchEvent(BasicEventDispatcher.java:58)
	at javafx.base@21.0.1/com.sun.javafx.event.EventDispatchChainImpl.dispatchEvent(EventDispatchChainImpl.java:114)
	at javafx.base@21.0.1/com.sun.javafx.event.BasicEventDispatcher.dispatchEvent(BasicEventDispatcher.java:56)
	at javafx.base@21.0.1/com.sun.javafx.event.EventDispatchChainImpl.dispatchEvent(EventDispatchChainImpl.java:114)
	at javafx.base@21.0.1/com.sun.javafx.event.BasicEventDispatcher.dispatchEvent(BasicEventDispatcher.java:56)
	at javafx.base@21.0.1/com.sun.javafx.event.EventDispatchChainImpl.dispatchEvent(EventDispatchChainImpl.java:114)
	at javafx.base@21.0.1/com.sun.javafx.event.BasicEventDispatcher.dispatchEvent(BasicEventDispatcher.java:56)
	at javafx.base@21.0.1/com.sun.javafx.event.EventDispatchChainImpl.dispatchEvent(EventDispatchChainImpl.java:114)
	at javafx.base@21.0.1/com.sun.javafx.event.EventUtil.fireEventImpl(EventUtil.java:74)
	at javafx.base@21.0.1/com.sun.javafx.event.EventUtil.fireEvent(EventUtil.java:49)
	at javafx.base@21.0.1/javafx.event.Event.fireEvent(Event.java:198)
	at javafx.graphics@21.0.1/javafx.scene.Node.fireEvent(Node.java:8875)
	at javafx.controls@21.0.1/javafx.scene.control.Button.fire(Button.java:203)
	at javafx.controls@21.0.1/com.sun.javafx.scene.control.behavior.ButtonBehavior.mouseReleased(ButtonBehavior.java:207)
	at javafx.controls@21.0.1/com.sun.javafx.scene.control.inputmap.InputMap.handle(InputMap.java:274)
	at javafx.base@21.0.1/com.sun.javafx.event.CompositeEventHandler$NormalEventHandlerRecord.handleBubblingEvent(CompositeEventHandler.java:247)
	at javafx.base@21.0.1/com.sun.javafx.event.CompositeEventHandler.dispatchBubblingEvent(CompositeEventHandler.java:80)
	at javafx.base@21.0.1/com.sun.javafx.event.EventHandlerManager.dispatchBubblingEvent(EventHandlerManager.java:232)
	at javafx.base@21.0.1/com.sun.javafx.event.EventHandlerManager.dispatchBubblingEvent(EventHandlerManager.java:189)
	at javafx.base@21.0.1/com.sun.javafx.event.CompositeEventDispatcher.dispatchBubblingEvent(CompositeEventDispatcher.java:59)
	at javafx.base@21.0.1/com.sun.javafx.event.BasicEventDispatcher.dispatchEvent(BasicEventDispatcher.java:58)
	at javafx.base@21.0.1/com.sun.javafx.event.EventDispatchChainImpl.dispatchEvent(EventDispatchChainImpl.java:114)
	at javafx.base@21.0.1/com.sun.javafx.event.BasicEventDispatcher.dispatchEvent(BasicEventDispatcher.java:56)
	at javafx.base@21.0.1/com.sun.javafx.event.EventDispatchChainImpl.dispatchEvent(EventDispatchChainImpl.java:114)
	at javafx.base@21.0.1/com.sun.javafx.event.BasicEventDispatcher.dispatchEvent(BasicEventDispatcher.java:56)
	at javafx.base@21.0.1/com.sun.javafx.event.EventDispatchChainImpl.dispatchEvent(EventDispatchChainImpl.java:114)
	at javafx.base@21.0.1/com.sun.javafx.event.BasicEventDispatcher.dispatchEvent(BasicEventDispatcher.java:56)
	at javafx.base@21.0.1/com.sun.javafx.event.EventDispatchChainImpl.dispatchEvent(EventDispatchChainImpl.java:114)
	at javafx.base@21.0.1/com.sun.javafx.event.EventUtil.fireEventImpl(EventUtil.java:74)
	at javafx.base@21.0.1/com.sun.javafx.event.EventUtil.fireEvent(EventUtil.java:54)
	at javafx.base@21.0.1/javafx.event.Event.fireEvent(Event.java:198)
	at javafx.graphics@21.0.1/javafx.scene.Scene$MouseHandler.process(Scene.java:3984)
	at javafx.graphics@21.0.1/javafx.scene.Scene.processMouseEvent(Scene.java:1890)
	at javafx.graphics@21.0.1/javafx.scene.Scene$ScenePeerListener.mouseEvent(Scene.java:2708)
	at javafx.graphics@21.0.1/com.sun.javafx.tk.quantum.GlassViewEventHandler$MouseEventNotification.run(GlassViewEventHandler.java:411)
	at javafx.graphics@21.0.1/com.sun.javafx.tk.quantum.GlassViewEventHandler$MouseEventNotification.run(GlassViewEventHandler.java:301)
	at java.base/java.security.AccessController.doPrivileged(AccessController.java:400)
	at javafx.graphics@21.0.1/com.sun.javafx.tk.quantum.GlassViewEventHandler.lambda$handleMouseEvent$2(GlassViewEventHandler.java:450)
	at javafx.graphics@21.0.1/com.sun.javafx.tk.quantum.QuantumToolkit.runWithoutRenderLock(QuantumToolkit.java:424)
	at javafx.graphics@21.0.1/com.sun.javafx.tk.quantum.GlassViewEventHandler.handleMouseEvent(GlassViewEventHandler.java:449)
	at javafx.graphics@21.0.1/com.sun.glass.ui.View.handleMouseEvent(View.java:551)
	at javafx.graphics@21.0.1/com.sun.glass.ui.View.notifyMouse(View.java:937)
	at javafx.graphics@21.0.1/com.sun.glass.ui.win.WinApplication._runLoop(Native Method)
	at javafx.graphics@21.0.1/com.sun.glass.ui.win.WinApplication.lambda$runLoop$3(WinApplication.java:185)
	at java.base/java.lang.Thread.run(Thread.java:1583)
2025-10-06 10:32:33 [JavaFX Application Thread] INFO  p.c.a.v.asesor.AsesorMainController - Intentando cargar solicitud de préstamo...
2025-10-06 10:32:33 [JavaFX Application Thread] ERROR p.c.a.v.asesor.AsesorMainController - Error al cargar solicitud de préstamo
javafx.fxml.LoadException: fx:value is not a valid element.
/C:/Users/USER/OneDrive/Escritorio/proyecto_v4.0/target/classes/fxml/asesor/SolicitarPrestamoView.fxml:57

	at javafx.fxml@21.0.1/javafx.fxml.FXMLLoader.constructLoadException(FXMLLoader.java:2718)
	at javafx.fxml@21.0.1/javafx.fxml.FXMLLoader.createElement(FXMLLoader.java:2961)
	at javafx.fxml@21.0.1/javafx.fxml.FXMLLoader.processStartElement(FXMLLoader.java:2850)
	at javafx.fxml@21.0.1/javafx.fxml.FXMLLoader.loadImpl(FXMLLoader.java:2649)
	at javafx.fxml@21.0.1/javafx.fxml.FXMLLoader.loadImpl(FXMLLoader.java:2563)
	at javafx.fxml@21.0.1/javafx.fxml.FXMLLoader.load(FXMLLoader.java:2531)
	at pe.crediactiva.app.view.asesor.AsesorMainController.handleSolicitarPrestamo(AsesorMainController.java:233)
	at java.base/jdk.internal.reflect.DirectMethodHandleAccessor.invoke(DirectMethodHandleAccessor.java:103)
	at java.base/java.lang.reflect.Method.invoke(Method.java:580)
	at com.sun.javafx.reflect.Trampoline.invoke(MethodUtil.java:72)
	at java.base/jdk.internal.reflect.DirectMethodHandleAccessor.invoke(DirectMethodHandleAccessor.java:103)
	at java.base/java.lang.reflect.Method.invoke(Method.java:580)
	at javafx.base@21.0.1/com.sun.javafx.reflect.MethodUtil.invoke(MethodUtil.java:270)
	at javafx.fxml@21.0.1/com.sun.javafx.fxml.MethodHelper.invoke(MethodHelper.java:84)
	at javafx.fxml@21.0.1/javafx.fxml.FXMLLoader$MethodHandler.invoke(FXMLLoader.java:1855)
	at javafx.fxml@21.0.1/javafx.fxml.FXMLLoader$ControllerMethodEventHandler.handle(FXMLLoader.java:1726)
	at javafx.base@21.0.1/com.sun.javafx.event.CompositeEventHandler.dispatchBubblingEvent(CompositeEventHandler.java:86)
	at javafx.base@21.0.1/com.sun.javafx.event.EventHandlerManager.dispatchBubblingEvent(EventHandlerManager.java:232)
	at javafx.base@21.0.1/com.sun.javafx.event.EventHandlerManager.dispatchBubblingEvent(EventHandlerManager.java:189)
	at javafx.base@21.0.1/com.sun.javafx.event.CompositeEventDispatcher.dispatchBubblingEvent(CompositeEventDispatcher.java:59)
	at javafx.base@21.0.1/com.sun.javafx.event.BasicEventDispatcher.dispatchEvent(BasicEventDispatcher.java:58)
	at javafx.base@21.0.1/com.sun.javafx.event.EventDispatchChainImpl.dispatchEvent(EventDispatchChainImpl.java:114)
	at javafx.base@21.0.1/com.sun.javafx.event.BasicEventDispatcher.dispatchEvent(BasicEventDispatcher.java:56)
	at javafx.base@21.0.1/com.sun.javafx.event.EventDispatchChainImpl.dispatchEvent(EventDispatchChainImpl.java:114)
	at javafx.base@21.0.1/com.sun.javafx.event.BasicEventDispatcher.dispatchEvent(BasicEventDispatcher.java:56)
	at javafx.base@21.0.1/com.sun.javafx.event.EventDispatchChainImpl.dispatchEvent(EventDispatchChainImpl.java:114)
	at javafx.base@21.0.1/com.sun.javafx.event.BasicEventDispatcher.dispatchEvent(BasicEventDispatcher.java:56)
	at javafx.base@21.0.1/com.sun.javafx.event.EventDispatchChainImpl.dispatchEvent(EventDispatchChainImpl.java:114)
	at javafx.base@21.0.1/com.sun.javafx.event.EventUtil.fireEventImpl(EventUtil.java:74)
	at javafx.base@21.0.1/com.sun.javafx.event.EventUtil.fireEvent(EventUtil.java:49)
	at javafx.base@21.0.1/javafx.event.Event.fireEvent(Event.java:198)
	at javafx.graphics@21.0.1/javafx.scene.Node.fireEvent(Node.java:8875)
	at javafx.controls@21.0.1/javafx.scene.control.Button.fire(Button.java:203)
	at javafx.controls@21.0.1/com.sun.javafx.scene.control.behavior.ButtonBehavior.mouseReleased(ButtonBehavior.java:207)
	at javafx.controls@21.0.1/com.sun.javafx.scene.control.inputmap.InputMap.handle(InputMap.java:274)
	at javafx.base@21.0.1/com.sun.javafx.event.CompositeEventHandler$NormalEventHandlerRecord.handleBubblingEvent(CompositeEventHandler.java:247)
	at javafx.base@21.0.1/com.sun.javafx.event.CompositeEventHandler.dispatchBubblingEvent(CompositeEventHandler.java:80)
	at javafx.base@21.0.1/com.sun.javafx.event.EventHandlerManager.dispatchBubblingEvent(EventHandlerManager.java:232)
	at javafx.base@21.0.1/com.sun.javafx.event.EventHandlerManager.dispatchBubblingEvent(EventHandlerManager.java:189)
	at javafx.base@21.0.1/com.sun.javafx.event.CompositeEventDispatcher.dispatchBubblingEvent(CompositeEventDispatcher.java:59)
	at javafx.base@21.0.1/com.sun.javafx.event.BasicEventDispatcher.dispatchEvent(BasicEventDispatcher.java:58)
	at javafx.base@21.0.1/com.sun.javafx.event.EventDispatchChainImpl.dispatchEvent(EventDispatchChainImpl.java:114)
	at javafx.base@21.0.1/com.sun.javafx.event.BasicEventDispatcher.dispatchEvent(BasicEventDispatcher.java:56)
	at javafx.base@21.0.1/com.sun.javafx.event.EventDispatchChainImpl.dispatchEvent(EventDispatchChainImpl.java:114)
	at javafx.base@21.0.1/com.sun.javafx.event.BasicEventDispatcher.dispatchEvent(BasicEventDispatcher.java:56)
	at javafx.base@21.0.1/com.sun.javafx.event.EventDispatchChainImpl.dispatchEvent(EventDispatchChainImpl.java:114)
	at javafx.base@21.0.1/com.sun.javafx.event.BasicEventDispatcher.dispatchEvent(BasicEventDispatcher.java:56)
	at javafx.base@21.0.1/com.sun.javafx.event.EventDispatchChainImpl.dispatchEvent(EventDispatchChainImpl.java:114)
	at javafx.base@21.0.1/com.sun.javafx.event.EventUtil.fireEventImpl(EventUtil.java:74)
	at javafx.base@21.0.1/com.sun.javafx.event.EventUtil.fireEvent(EventUtil.java:54)
	at javafx.base@21.0.1/javafx.event.Event.fireEvent(Event.java:198)
	at javafx.graphics@21.0.1/javafx.scene.Scene$MouseHandler.process(Scene.java:3984)
	at javafx.graphics@21.0.1/javafx.scene.Scene.processMouseEvent(Scene.java:1890)
	at javafx.graphics@21.0.1/javafx.scene.Scene$ScenePeerListener.mouseEvent(Scene.java:2708)
	at javafx.graphics@21.0.1/com.sun.javafx.tk.quantum.GlassViewEventHandler$MouseEventNotification.run(GlassViewEventHandler.java:411)
	at javafx.graphics@21.0.1/com.sun.javafx.tk.quantum.GlassViewEventHandler$MouseEventNotification.run(GlassViewEventHandler.java:301)
	at java.base/java.security.AccessController.doPrivileged(AccessController.java:400)
	at javafx.graphics@21.0.1/com.sun.javafx.tk.quantum.GlassViewEventHandler.lambda$handleMouseEvent$2(GlassViewEventHandler.java:450)
	at javafx.graphics@21.0.1/com.sun.javafx.tk.quantum.QuantumToolkit.runWithoutRenderLock(QuantumToolkit.java:424)
	at javafx.graphics@21.0.1/com.sun.javafx.tk.quantum.GlassViewEventHandler.handleMouseEvent(GlassViewEventHandler.java:449)
	at javafx.graphics@21.0.1/com.sun.glass.ui.View.handleMouseEvent(View.java:551)
	at javafx.graphics@21.0.1/com.sun.glass.ui.View.notifyMouse(View.java:937)
	at javafx.graphics@21.0.1/com.sun.glass.ui.win.WinApplication._runLoop(Native Method)
	at javafx.graphics@21.0.1/com.sun.glass.ui.win.WinApplication.lambda$runLoop$3(WinApplication.java:185)
	at java.base/java.lang.Thread.run(Thread.java:1583)
2025-10-06 10:33:00 [JavaFX Application Thread] INFO  p.c.a.v.asesor.AsesorMainController - Intentando cargar gestión de clientes...
2025-10-06 10:33:00 [JavaFX Application Thread] ERROR p.c.a.v.asesor.AsesorMainController - Error al cargar gestión de clientes
javafx.fxml.LoadException: fx:value is not a valid element.
/C:/Users/USER/OneDrive/Escritorio/proyecto_v4.0/target/classes/fxml/asesor/GestionClientesView.fxml:31

	at javafx.fxml@21.0.1/javafx.fxml.FXMLLoader.constructLoadException(FXMLLoader.java:2718)
	at javafx.fxml@21.0.1/javafx.fxml.FXMLLoader.createElement(FXMLLoader.java:2961)
	at javafx.fxml@21.0.1/javafx.fxml.FXMLLoader.processStartElement(FXMLLoader.java:2850)
	at javafx.fxml@21.0.1/javafx.fxml.FXMLLoader.loadImpl(FXMLLoader.java:2649)
	at javafx.fxml@21.0.1/javafx.fxml.FXMLLoader.loadImpl(FXMLLoader.java:2563)
	at javafx.fxml@21.0.1/javafx.fxml.FXMLLoader.load(FXMLLoader.java:2531)
	at pe.crediactiva.app.view.asesor.AsesorMainController.handleClientes(AsesorMainController.java:199)
	at java.base/jdk.internal.reflect.DirectMethodHandleAccessor.invoke(DirectMethodHandleAccessor.java:103)
	at java.base/java.lang.reflect.Method.invoke(Method.java:580)
	at com.sun.javafx.reflect.Trampoline.invoke(MethodUtil.java:72)
	at java.base/jdk.internal.reflect.DirectMethodHandleAccessor.invoke(DirectMethodHandleAccessor.java:103)
	at java.base/java.lang.reflect.Method.invoke(Method.java:580)
	at javafx.base@21.0.1/com.sun.javafx.reflect.MethodUtil.invoke(MethodUtil.java:270)
	at javafx.fxml@21.0.1/com.sun.javafx.fxml.MethodHelper.invoke(MethodHelper.java:84)
	at javafx.fxml@21.0.1/javafx.fxml.FXMLLoader$MethodHandler.invoke(FXMLLoader.java:1855)
	at javafx.fxml@21.0.1/javafx.fxml.FXMLLoader$ControllerMethodEventHandler.handle(FXMLLoader.java:1726)
	at javafx.base@21.0.1/com.sun.javafx.event.CompositeEventHandler.dispatchBubblingEvent(CompositeEventHandler.java:86)
	at javafx.base@21.0.1/com.sun.javafx.event.EventHandlerManager.dispatchBubblingEvent(EventHandlerManager.java:232)
	at javafx.base@21.0.1/com.sun.javafx.event.EventHandlerManager.dispatchBubblingEvent(EventHandlerManager.java:189)
	at javafx.base@21.0.1/com.sun.javafx.event.CompositeEventDispatcher.dispatchBubblingEvent(CompositeEventDispatcher.java:59)
	at javafx.base@21.0.1/com.sun.javafx.event.BasicEventDispatcher.dispatchEvent(BasicEventDispatcher.java:58)
	at javafx.base@21.0.1/com.sun.javafx.event.EventDispatchChainImpl.dispatchEvent(EventDispatchChainImpl.java:114)
	at javafx.base@21.0.1/com.sun.javafx.event.BasicEventDispatcher.dispatchEvent(BasicEventDispatcher.java:56)
	at javafx.base@21.0.1/com.sun.javafx.event.EventDispatchChainImpl.dispatchEvent(EventDispatchChainImpl.java:114)
	at javafx.base@21.0.1/com.sun.javafx.event.BasicEventDispatcher.dispatchEvent(BasicEventDispatcher.java:56)
	at javafx.base@21.0.1/com.sun.javafx.event.EventDispatchChainImpl.dispatchEvent(EventDispatchChainImpl.java:114)
	at javafx.base@21.0.1/com.sun.javafx.event.BasicEventDispatcher.dispatchEvent(BasicEventDispatcher.java:56)
	at javafx.base@21.0.1/com.sun.javafx.event.EventDispatchChainImpl.dispatchEvent(EventDispatchChainImpl.java:114)
	at javafx.base@21.0.1/com.sun.javafx.event.EventUtil.fireEventImpl(EventUtil.java:74)
	at javafx.base@21.0.1/com.sun.javafx.event.EventUtil.fireEvent(EventUtil.java:49)
	at javafx.base@21.0.1/javafx.event.Event.fireEvent(Event.java:198)
	at javafx.graphics@21.0.1/javafx.scene.Node.fireEvent(Node.java:8875)
	at javafx.controls@21.0.1/javafx.scene.control.Button.fire(Button.java:203)
	at javafx.controls@21.0.1/com.sun.javafx.scene.control.behavior.ButtonBehavior.mouseReleased(ButtonBehavior.java:207)
	at javafx.controls@21.0.1/com.sun.javafx.scene.control.inputmap.InputMap.handle(InputMap.java:274)
	at javafx.base@21.0.1/com.sun.javafx.event.CompositeEventHandler$NormalEventHandlerRecord.handleBubblingEvent(CompositeEventHandler.java:247)
	at javafx.base@21.0.1/com.sun.javafx.event.CompositeEventHandler.dispatchBubblingEvent(CompositeEventHandler.java:80)
	at javafx.base@21.0.1/com.sun.javafx.event.EventHandlerManager.dispatchBubblingEvent(EventHandlerManager.java:232)
	at javafx.base@21.0.1/com.sun.javafx.event.EventHandlerManager.dispatchBubblingEvent(EventHandlerManager.java:189)
	at javafx.base@21.0.1/com.sun.javafx.event.CompositeEventDispatcher.dispatchBubblingEvent(CompositeEventDispatcher.java:59)
	at javafx.base@21.0.1/com.sun.javafx.event.BasicEventDispatcher.dispatchEvent(BasicEventDispatcher.java:58)
	at javafx.base@21.0.1/com.sun.javafx.event.EventDispatchChainImpl.dispatchEvent(EventDispatchChainImpl.java:114)
	at javafx.base@21.0.1/com.sun.javafx.event.BasicEventDispatcher.dispatchEvent(BasicEventDispatcher.java:56)
	at javafx.base@21.0.1/com.sun.javafx.event.EventDispatchChainImpl.dispatchEvent(EventDispatchChainImpl.java:114)
	at javafx.base@21.0.1/com.sun.javafx.event.BasicEventDispatcher.dispatchEvent(BasicEventDispatcher.java:56)
	at javafx.base@21.0.1/com.sun.javafx.event.EventDispatchChainImpl.dispatchEvent(EventDispatchChainImpl.java:114)
	at javafx.base@21.0.1/com.sun.javafx.event.BasicEventDispatcher.dispatchEvent(BasicEventDispatcher.java:56)
	at javafx.base@21.0.1/com.sun.javafx.event.EventDispatchChainImpl.dispatchEvent(EventDispatchChainImpl.java:114)
	at javafx.base@21.0.1/com.sun.javafx.event.EventUtil.fireEventImpl(EventUtil.java:74)
	at javafx.base@21.0.1/com.sun.javafx.event.EventUtil.fireEvent(EventUtil.java:54)
	at javafx.base@21.0.1/javafx.event.Event.fireEvent(Event.java:198)
	at javafx.graphics@21.0.1/javafx.scene.Scene$MouseHandler.process(Scene.java:3984)
	at javafx.graphics@21.0.1/javafx.scene.Scene.processMouseEvent(Scene.java:1890)
	at javafx.graphics@21.0.1/javafx.scene.Scene$ScenePeerListener.mouseEvent(Scene.java:2708)
	at javafx.graphics@21.0.1/com.sun.javafx.tk.quantum.GlassViewEventHandler$MouseEventNotification.run(GlassViewEventHandler.java:411)
	at javafx.graphics@21.0.1/com.sun.javafx.tk.quantum.GlassViewEventHandler$MouseEventNotification.run(GlassViewEventHandler.java:301)
	at java.base/java.security.AccessController.doPrivileged(AccessController.java:400)
	at javafx.graphics@21.0.1/com.sun.javafx.tk.quantum.GlassViewEventHandler.lambda$handleMouseEvent$2(GlassViewEventHandler.java:450)
	at javafx.graphics@21.0.1/com.sun.javafx.tk.quantum.QuantumToolkit.runWithoutRenderLock(QuantumToolkit.java:424)
	at javafx.graphics@21.0.1/com.sun.javafx.tk.quantum.GlassViewEventHandler.handleMouseEvent(GlassViewEventHandler.java:449)
	at javafx.graphics@21.0.1/com.sun.glass.ui.View.handleMouseEvent(View.java:551)
	at javafx.graphics@21.0.1/com.sun.glass.ui.View.notifyMouse(View.java:937)
	at javafx.graphics@21.0.1/com.sun.glass.ui.win.WinApplication._runLoop(Native Method)
	at javafx.graphics@21.0.1/com.sun.glass.ui.win.WinApplication.lambda$runLoop$3(WinApplication.java:185)
	at java.base/java.lang.Thread.run(Thread.java:1583)
2025-10-06 10:33:11 [JavaFX Application Thread] INFO  p.c.app.config.DatabaseConfig - Pool de conexiones cerrado correctamente
2025-10-06 10:33:11 [JavaFX Application Thread] INFO  pe.crediactiva.app.Main - Aplicación CrediActiva cerrada
2025-10-06 10:34:46 [main] INFO  pe.crediactiva.app.Main - Iniciando aplicación CrediActiva Desktop v1.0.0
2025-10-06 10:34:46 [JavaFX Application Thread] INFO  pe.crediactiva.app.Main - Icono no encontrado, continuando sin icono
2025-10-06 10:34:46 [JavaFX Application Thread] INFO  p.c.app.config.DatabaseConfig - Propiedades de base de datos cargadas correctamente
2025-10-06 10:34:47 [JavaFX Application Thread] INFO  p.c.app.config.DatabaseConfig - Pool de conexiones HikariCP inicializado correctamente
2025-10-06 10:34:48 [JavaFX Application Thread] INFO  pe.crediactiva.app.Main - Aplicación CrediActiva iniciada correctamente
2025-10-06 10:35:02 [JavaFX Application Thread] INFO  p.c.app.dao.impl.UsuarioDAOImpl - Usuario autenticado exitosamente: 12345678
2025-10-06 10:35:02 [JavaFX Application Thread] INFO  p.c.a.service.AuthenticationService - Usuario autenticado exitosamente: 12345678 - ASESOR
2025-10-06 10:35:02 [JavaFX Application Thread] INFO  p.c.app.view.LoginController - Usuario autenticado exitosamente: 12345678
2025-10-06 10:35:02 [JavaFX Application Thread] ERROR p.c.app.service.RecaudacionService - Error al calcular recaudación mensual para asesor: null
java.lang.NullPointerException: Cannot invoke "java.lang.Long.longValue()" because "idAsesor" is null
	at pe.crediactiva.app.dao.impl.RecaudacionAsesorDAOImpl.findByAsesor(RecaudacionAsesorDAOImpl.java:157)
	at pe.crediactiva.app.service.RecaudacionService.obtenerRecaudacionMensualPorAsesor(RecaudacionService.java:112)
	at pe.crediactiva.app.service.RecaudacionService.obtenerRecaudacionDelDia(RecaudacionService.java:268)
	at pe.crediactiva.app.view.asesor.AsesorMainController.cargarEstadisticasDashboard(AsesorMainController.java:134)
	at pe.crediactiva.app.view.asesor.AsesorMainController.initialize(AsesorMainController.java:109)
	at java.base/jdk.internal.reflect.DirectMethodHandleAccessor.invoke(DirectMethodHandleAccessor.java:103)
	at java.base/java.lang.reflect.Method.invoke(Method.java:580)
	at com.sun.javafx.reflect.Trampoline.invoke(MethodUtil.java:72)
	at java.base/jdk.internal.reflect.DirectMethodHandleAccessor.invoke(DirectMethodHandleAccessor.java:103)
	at java.base/java.lang.reflect.Method.invoke(Method.java:580)
	at javafx.base@21.0.1/com.sun.javafx.reflect.MethodUtil.invoke(MethodUtil.java:270)
	at javafx.fxml@21.0.1/com.sun.javafx.fxml.MethodHelper.invoke(MethodHelper.java:84)
	at javafx.fxml@21.0.1/javafx.fxml.FXMLLoader.loadImpl(FXMLLoader.java:2688)
	at javafx.fxml@21.0.1/javafx.fxml.FXMLLoader.loadImpl(FXMLLoader.java:2563)
	at javafx.fxml@21.0.1/javafx.fxml.FXMLLoader.load(FXMLLoader.java:2531)
	at pe.crediactiva.app.view.LoginController.redirectToMainScreen(LoginController.java:140)
	at pe.crediactiva.app.view.LoginController.handleLogin(LoginController.java:99)
	at java.base/jdk.internal.reflect.DirectMethodHandleAccessor.invoke(DirectMethodHandleAccessor.java:103)
	at java.base/java.lang.reflect.Method.invoke(Method.java:580)
	at com.sun.javafx.reflect.Trampoline.invoke(MethodUtil.java:72)
	at java.base/jdk.internal.reflect.DirectMethodHandleAccessor.invoke(DirectMethodHandleAccessor.java:103)
	at java.base/java.lang.reflect.Method.invoke(Method.java:580)
	at javafx.base@21.0.1/com.sun.javafx.reflect.MethodUtil.invoke(MethodUtil.java:270)
	at javafx.fxml@21.0.1/com.sun.javafx.fxml.MethodHelper.invoke(MethodHelper.java:84)
	at javafx.fxml@21.0.1/javafx.fxml.FXMLLoader$MethodHandler.invoke(FXMLLoader.java:1855)
	at javafx.fxml@21.0.1/javafx.fxml.FXMLLoader$ControllerMethodEventHandler.handle(FXMLLoader.java:1726)
	at javafx.base@21.0.1/com.sun.javafx.event.CompositeEventHandler.dispatchBubblingEvent(CompositeEventHandler.java:86)
	at javafx.base@21.0.1/com.sun.javafx.event.EventHandlerManager.dispatchBubblingEvent(EventHandlerManager.java:232)
	at javafx.base@21.0.1/com.sun.javafx.event.EventHandlerManager.dispatchBubblingEvent(EventHandlerManager.java:189)
	at javafx.base@21.0.1/com.sun.javafx.event.CompositeEventDispatcher.dispatchBubblingEvent(CompositeEventDispatcher.java:59)
	at javafx.base@21.0.1/com.sun.javafx.event.BasicEventDispatcher.dispatchEvent(BasicEventDispatcher.java:58)
	at javafx.base@21.0.1/com.sun.javafx.event.EventDispatchChainImpl.dispatchEvent(EventDispatchChainImpl.java:114)
	at javafx.base@21.0.1/com.sun.javafx.event.BasicEventDispatcher.dispatchEvent(BasicEventDispatcher.java:56)
	at javafx.base@21.0.1/com.sun.javafx.event.EventDispatchChainImpl.dispatchEvent(EventDispatchChainImpl.java:114)
	at javafx.base@21.0.1/com.sun.javafx.event.BasicEventDispatcher.dispatchEvent(BasicEventDispatcher.java:56)
	at javafx.base@21.0.1/com.sun.javafx.event.EventDispatchChainImpl.dispatchEvent(EventDispatchChainImpl.java:114)
	at javafx.base@21.0.1/com.sun.javafx.event.EventUtil.fireEventImpl(EventUtil.java:74)
	at javafx.base@21.0.1/com.sun.javafx.event.EventUtil.fireEvent(EventUtil.java:49)
	at javafx.base@21.0.1/javafx.event.Event.fireEvent(Event.java:198)
	at javafx.graphics@21.0.1/javafx.scene.Node.fireEvent(Node.java:8875)
	at javafx.controls@21.0.1/javafx.scene.control.Button.fire(Button.java:203)
	at javafx.controls@21.0.1/com.sun.javafx.scene.control.behavior.ButtonBehavior.mouseReleased(ButtonBehavior.java:207)
	at javafx.controls@21.0.1/com.sun.javafx.scene.control.inputmap.InputMap.handle(InputMap.java:274)
	at javafx.base@21.0.1/com.sun.javafx.event.CompositeEventHandler$NormalEventHandlerRecord.handleBubblingEvent(CompositeEventHandler.java:247)
	at javafx.base@21.0.1/com.sun.javafx.event.CompositeEventHandler.dispatchBubblingEvent(CompositeEventHandler.java:80)
	at javafx.base@21.0.1/com.sun.javafx.event.EventHandlerManager.dispatchBubblingEvent(EventHandlerManager.java:232)
	at javafx.base@21.0.1/com.sun.javafx.event.EventHandlerManager.dispatchBubblingEvent(EventHandlerManager.java:189)
	at javafx.base@21.0.1/com.sun.javafx.event.CompositeEventDispatcher.dispatchBubblingEvent(CompositeEventDispatcher.java:59)
	at javafx.base@21.0.1/com.sun.javafx.event.BasicEventDispatcher.dispatchEvent(BasicEventDispatcher.java:58)
	at javafx.base@21.0.1/com.sun.javafx.event.EventDispatchChainImpl.dispatchEvent(EventDispatchChainImpl.java:114)
	at javafx.base@21.0.1/com.sun.javafx.event.BasicEventDispatcher.dispatchEvent(BasicEventDispatcher.java:56)
	at javafx.base@21.0.1/com.sun.javafx.event.EventDispatchChainImpl.dispatchEvent(EventDispatchChainImpl.java:114)
	at javafx.base@21.0.1/com.sun.javafx.event.BasicEventDispatcher.dispatchEvent(BasicEventDispatcher.java:56)
	at javafx.base@21.0.1/com.sun.javafx.event.EventDispatchChainImpl.dispatchEvent(EventDispatchChainImpl.java:114)
	at javafx.base@21.0.1/com.sun.javafx.event.EventUtil.fireEventImpl(EventUtil.java:74)
	at javafx.base@21.0.1/com.sun.javafx.event.EventUtil.fireEvent(EventUtil.java:54)
	at javafx.base@21.0.1/javafx.event.Event.fireEvent(Event.java:198)
	at javafx.graphics@21.0.1/javafx.scene.Scene$MouseHandler.process(Scene.java:3984)
	at javafx.graphics@21.0.1/javafx.scene.Scene.processMouseEvent(Scene.java:1890)
	at javafx.graphics@21.0.1/javafx.scene.Scene$ScenePeerListener.mouseEvent(Scene.java:2708)
	at javafx.graphics@21.0.1/com.sun.javafx.tk.quantum.GlassViewEventHandler$MouseEventNotification.run(GlassViewEventHandler.java:411)
	at javafx.graphics@21.0.1/com.sun.javafx.tk.quantum.GlassViewEventHandler$MouseEventNotification.run(GlassViewEventHandler.java:301)
	at java.base/java.security.AccessController.doPrivileged(AccessController.java:400)
	at javafx.graphics@21.0.1/com.sun.javafx.tk.quantum.GlassViewEventHandler.lambda$handleMouseEvent$2(GlassViewEventHandler.java:450)
	at javafx.graphics@21.0.1/com.sun.javafx.tk.quantum.QuantumToolkit.runWithoutRenderLock(QuantumToolkit.java:424)
	at javafx.graphics@21.0.1/com.sun.javafx.tk.quantum.GlassViewEventHandler.handleMouseEvent(GlassViewEventHandler.java:449)
	at javafx.graphics@21.0.1/com.sun.glass.ui.View.handleMouseEvent(View.java:551)
	at javafx.graphics@21.0.1/com.sun.glass.ui.View.notifyMouse(View.java:937)
	at javafx.graphics@21.0.1/com.sun.glass.ui.win.WinApplication._runLoop(Native Method)
	at javafx.graphics@21.0.1/com.sun.glass.ui.win.WinApplication.lambda$runLoop$3(WinApplication.java:185)
	at java.base/java.lang.Thread.run(Thread.java:1583)
2025-10-06 10:35:02 [JavaFX Application Thread] ERROR p.c.app.service.RecaudacionService - Error al calcular recaudación mensual para asesor: null
java.lang.NullPointerException: Cannot invoke "java.lang.Long.longValue()" because "idAsesor" is null
	at pe.crediactiva.app.dao.impl.RecaudacionAsesorDAOImpl.findByAsesor(RecaudacionAsesorDAOImpl.java:157)
	at pe.crediactiva.app.service.RecaudacionService.obtenerRecaudacionMensualPorAsesor(RecaudacionService.java:112)
	at pe.crediactiva.app.service.RecaudacionService.obtenerRecaudacionDelMes(RecaudacionService.java:275)
	at pe.crediactiva.app.view.asesor.AsesorMainController.cargarEstadisticasDashboard(AsesorMainController.java:138)
	at pe.crediactiva.app.view.asesor.AsesorMainController.initialize(AsesorMainController.java:109)
	at java.base/jdk.internal.reflect.DirectMethodHandleAccessor.invoke(DirectMethodHandleAccessor.java:103)
	at java.base/java.lang.reflect.Method.invoke(Method.java:580)
	at com.sun.javafx.reflect.Trampoline.invoke(MethodUtil.java:72)
	at java.base/jdk.internal.reflect.DirectMethodHandleAccessor.invoke(DirectMethodHandleAccessor.java:103)
	at java.base/java.lang.reflect.Method.invoke(Method.java:580)
	at javafx.base@21.0.1/com.sun.javafx.reflect.MethodUtil.invoke(MethodUtil.java:270)
	at javafx.fxml@21.0.1/com.sun.javafx.fxml.MethodHelper.invoke(MethodHelper.java:84)
	at javafx.fxml@21.0.1/javafx.fxml.FXMLLoader.loadImpl(FXMLLoader.java:2688)
	at javafx.fxml@21.0.1/javafx.fxml.FXMLLoader.loadImpl(FXMLLoader.java:2563)
	at javafx.fxml@21.0.1/javafx.fxml.FXMLLoader.load(FXMLLoader.java:2531)
	at pe.crediactiva.app.view.LoginController.redirectToMainScreen(LoginController.java:140)
	at pe.crediactiva.app.view.LoginController.handleLogin(LoginController.java:99)
	at java.base/jdk.internal.reflect.DirectMethodHandleAccessor.invoke(DirectMethodHandleAccessor.java:103)
	at java.base/java.lang.reflect.Method.invoke(Method.java:580)
	at com.sun.javafx.reflect.Trampoline.invoke(MethodUtil.java:72)
	at java.base/jdk.internal.reflect.DirectMethodHandleAccessor.invoke(DirectMethodHandleAccessor.java:103)
	at java.base/java.lang.reflect.Method.invoke(Method.java:580)
	at javafx.base@21.0.1/com.sun.javafx.reflect.MethodUtil.invoke(MethodUtil.java:270)
	at javafx.fxml@21.0.1/com.sun.javafx.fxml.MethodHelper.invoke(MethodHelper.java:84)
	at javafx.fxml@21.0.1/javafx.fxml.FXMLLoader$MethodHandler.invoke(FXMLLoader.java:1855)
	at javafx.fxml@21.0.1/javafx.fxml.FXMLLoader$ControllerMethodEventHandler.handle(FXMLLoader.java:1726)
	at javafx.base@21.0.1/com.sun.javafx.event.CompositeEventHandler.dispatchBubblingEvent(CompositeEventHandler.java:86)
	at javafx.base@21.0.1/com.sun.javafx.event.EventHandlerManager.dispatchBubblingEvent(EventHandlerManager.java:232)
	at javafx.base@21.0.1/com.sun.javafx.event.EventHandlerManager.dispatchBubblingEvent(EventHandlerManager.java:189)
	at javafx.base@21.0.1/com.sun.javafx.event.CompositeEventDispatcher.dispatchBubblingEvent(CompositeEventDispatcher.java:59)
	at javafx.base@21.0.1/com.sun.javafx.event.BasicEventDispatcher.dispatchEvent(BasicEventDispatcher.java:58)
	at javafx.base@21.0.1/com.sun.javafx.event.EventDispatchChainImpl.dispatchEvent(EventDispatchChainImpl.java:114)
	at javafx.base@21.0.1/com.sun.javafx.event.BasicEventDispatcher.dispatchEvent(BasicEventDispatcher.java:56)
	at javafx.base@21.0.1/com.sun.javafx.event.EventDispatchChainImpl.dispatchEvent(EventDispatchChainImpl.java:114)
	at javafx.base@21.0.1/com.sun.javafx.event.BasicEventDispatcher.dispatchEvent(BasicEventDispatcher.java:56)
	at javafx.base@21.0.1/com.sun.javafx.event.EventDispatchChainImpl.dispatchEvent(EventDispatchChainImpl.java:114)
	at javafx.base@21.0.1/com.sun.javafx.event.EventUtil.fireEventImpl(EventUtil.java:74)
	at javafx.base@21.0.1/com.sun.javafx.event.EventUtil.fireEvent(EventUtil.java:49)
	at javafx.base@21.0.1/javafx.event.Event.fireEvent(Event.java:198)
	at javafx.graphics@21.0.1/javafx.scene.Node.fireEvent(Node.java:8875)
	at javafx.controls@21.0.1/javafx.scene.control.Button.fire(Button.java:203)
	at javafx.controls@21.0.1/com.sun.javafx.scene.control.behavior.ButtonBehavior.mouseReleased(ButtonBehavior.java:207)
	at javafx.controls@21.0.1/com.sun.javafx.scene.control.inputmap.InputMap.handle(InputMap.java:274)
	at javafx.base@21.0.1/com.sun.javafx.event.CompositeEventHandler$NormalEventHandlerRecord.handleBubblingEvent(CompositeEventHandler.java:247)
	at javafx.base@21.0.1/com.sun.javafx.event.CompositeEventHandler.dispatchBubblingEvent(CompositeEventHandler.java:80)
	at javafx.base@21.0.1/com.sun.javafx.event.EventHandlerManager.dispatchBubblingEvent(EventHandlerManager.java:232)
	at javafx.base@21.0.1/com.sun.javafx.event.EventHandlerManager.dispatchBubblingEvent(EventHandlerManager.java:189)
	at javafx.base@21.0.1/com.sun.javafx.event.CompositeEventDispatcher.dispatchBubblingEvent(CompositeEventDispatcher.java:59)
	at javafx.base@21.0.1/com.sun.javafx.event.BasicEventDispatcher.dispatchEvent(BasicEventDispatcher.java:58)
	at javafx.base@21.0.1/com.sun.javafx.event.EventDispatchChainImpl.dispatchEvent(EventDispatchChainImpl.java:114)
	at javafx.base@21.0.1/com.sun.javafx.event.BasicEventDispatcher.dispatchEvent(BasicEventDispatcher.java:56)
	at javafx.base@21.0.1/com.sun.javafx.event.EventDispatchChainImpl.dispatchEvent(EventDispatchChainImpl.java:114)
	at javafx.base@21.0.1/com.sun.javafx.event.BasicEventDispatcher.dispatchEvent(BasicEventDispatcher.java:56)
	at javafx.base@21.0.1/com.sun.javafx.event.EventDispatchChainImpl.dispatchEvent(EventDispatchChainImpl.java:114)
	at javafx.base@21.0.1/com.sun.javafx.event.EventUtil.fireEventImpl(EventUtil.java:74)
	at javafx.base@21.0.1/com.sun.javafx.event.EventUtil.fireEvent(EventUtil.java:54)
	at javafx.base@21.0.1/javafx.event.Event.fireEvent(Event.java:198)
	at javafx.graphics@21.0.1/javafx.scene.Scene$MouseHandler.process(Scene.java:3984)
	at javafx.graphics@21.0.1/javafx.scene.Scene.processMouseEvent(Scene.java:1890)
	at javafx.graphics@21.0.1/javafx.scene.Scene$ScenePeerListener.mouseEvent(Scene.java:2708)
	at javafx.graphics@21.0.1/com.sun.javafx.tk.quantum.GlassViewEventHandler$MouseEventNotification.run(GlassViewEventHandler.java:411)
	at javafx.graphics@21.0.1/com.sun.javafx.tk.quantum.GlassViewEventHandler$MouseEventNotification.run(GlassViewEventHandler.java:301)
	at java.base/java.security.AccessController.doPrivileged(AccessController.java:400)
	at javafx.graphics@21.0.1/com.sun.javafx.tk.quantum.GlassViewEventHandler.lambda$handleMouseEvent$2(GlassViewEventHandler.java:450)
	at javafx.graphics@21.0.1/com.sun.javafx.tk.quantum.QuantumToolkit.runWithoutRenderLock(QuantumToolkit.java:424)
	at javafx.graphics@21.0.1/com.sun.javafx.tk.quantum.GlassViewEventHandler.handleMouseEvent(GlassViewEventHandler.java:449)
	at javafx.graphics@21.0.1/com.sun.glass.ui.View.handleMouseEvent(View.java:551)
	at javafx.graphics@21.0.1/com.sun.glass.ui.View.notifyMouse(View.java:937)
	at javafx.graphics@21.0.1/com.sun.glass.ui.win.WinApplication._runLoop(Native Method)
	at javafx.graphics@21.0.1/com.sun.glass.ui.win.WinApplication.lambda$runLoop$3(WinApplication.java:185)
	at java.base/java.lang.Thread.run(Thread.java:1583)
2025-10-06 10:35:03 [JavaFX Application Thread] INFO  p.c.app.view.LoginController - Usuario redirigido a pantalla principal: ASESOR
2025-10-06 10:35:06 [JavaFX Application Thread] INFO  p.c.a.v.asesor.AsesorMainController - Intentando cargar solicitud de préstamo...
2025-10-06 10:35:06 [JavaFX Application Thread] ERROR p.c.a.v.asesor.AsesorMainController - Error al cargar solicitud de préstamo
javafx.fxml.LoadException: String is not a valid type.
/C:/Users/USER/OneDrive/Escritorio/proyecto_v4.0/target/classes/fxml/asesor/SolicitarPrestamoView.fxml:57

	at javafx.fxml@21.0.1/javafx.fxml.FXMLLoader.constructLoadException(FXMLLoader.java:2718)
	at javafx.fxml@21.0.1/javafx.fxml.FXMLLoader.createElement(FXMLLoader.java:2920)
	at javafx.fxml@21.0.1/javafx.fxml.FXMLLoader.processStartElement(FXMLLoader.java:2850)
	at javafx.fxml@21.0.1/javafx.fxml.FXMLLoader.loadImpl(FXMLLoader.java:2649)
	at javafx.fxml@21.0.1/javafx.fxml.FXMLLoader.loadImpl(FXMLLoader.java:2563)
	at javafx.fxml@21.0.1/javafx.fxml.FXMLLoader.load(FXMLLoader.java:2531)
	at pe.crediactiva.app.view.asesor.AsesorMainController.handleSolicitarPrestamo(AsesorMainController.java:233)
	at java.base/jdk.internal.reflect.DirectMethodHandleAccessor.invoke(DirectMethodHandleAccessor.java:103)
	at java.base/java.lang.reflect.Method.invoke(Method.java:580)
	at com.sun.javafx.reflect.Trampoline.invoke(MethodUtil.java:72)
	at java.base/jdk.internal.reflect.DirectMethodHandleAccessor.invoke(DirectMethodHandleAccessor.java:103)
	at java.base/java.lang.reflect.Method.invoke(Method.java:580)
	at javafx.base@21.0.1/com.sun.javafx.reflect.MethodUtil.invoke(MethodUtil.java:270)
	at javafx.fxml@21.0.1/com.sun.javafx.fxml.MethodHelper.invoke(MethodHelper.java:84)
	at javafx.fxml@21.0.1/javafx.fxml.FXMLLoader$MethodHandler.invoke(FXMLLoader.java:1855)
	at javafx.fxml@21.0.1/javafx.fxml.FXMLLoader$ControllerMethodEventHandler.handle(FXMLLoader.java:1726)
	at javafx.base@21.0.1/com.sun.javafx.event.CompositeEventHandler.dispatchBubblingEvent(CompositeEventHandler.java:86)
	at javafx.base@21.0.1/com.sun.javafx.event.EventHandlerManager.dispatchBubblingEvent(EventHandlerManager.java:232)
	at javafx.base@21.0.1/com.sun.javafx.event.EventHandlerManager.dispatchBubblingEvent(EventHandlerManager.java:189)
	at javafx.base@21.0.1/com.sun.javafx.event.CompositeEventDispatcher.dispatchBubblingEvent(CompositeEventDispatcher.java:59)
	at javafx.base@21.0.1/com.sun.javafx.event.BasicEventDispatcher.dispatchEvent(BasicEventDispatcher.java:58)
	at javafx.base@21.0.1/com.sun.javafx.event.EventDispatchChainImpl.dispatchEvent(EventDispatchChainImpl.java:114)
	at javafx.base@21.0.1/com.sun.javafx.event.BasicEventDispatcher.dispatchEvent(BasicEventDispatcher.java:56)
	at javafx.base@21.0.1/com.sun.javafx.event.EventDispatchChainImpl.dispatchEvent(EventDispatchChainImpl.java:114)
	at javafx.base@21.0.1/com.sun.javafx.event.BasicEventDispatcher.dispatchEvent(BasicEventDispatcher.java:56)
	at javafx.base@21.0.1/com.sun.javafx.event.EventDispatchChainImpl.dispatchEvent(EventDispatchChainImpl.java:114)
	at javafx.base@21.0.1/com.sun.javafx.event.BasicEventDispatcher.dispatchEvent(BasicEventDispatcher.java:56)
	at javafx.base@21.0.1/com.sun.javafx.event.EventDispatchChainImpl.dispatchEvent(EventDispatchChainImpl.java:114)
	at javafx.base@21.0.1/com.sun.javafx.event.EventUtil.fireEventImpl(EventUtil.java:74)
	at javafx.base@21.0.1/com.sun.javafx.event.EventUtil.fireEvent(EventUtil.java:49)
	at javafx.base@21.0.1/javafx.event.Event.fireEvent(Event.java:198)
	at javafx.graphics@21.0.1/javafx.scene.Node.fireEvent(Node.java:8875)
	at javafx.controls@21.0.1/javafx.scene.control.Button.fire(Button.java:203)
	at javafx.controls@21.0.1/com.sun.javafx.scene.control.behavior.ButtonBehavior.mouseReleased(ButtonBehavior.java:207)
	at javafx.controls@21.0.1/com.sun.javafx.scene.control.inputmap.InputMap.handle(InputMap.java:274)
	at javafx.base@21.0.1/com.sun.javafx.event.CompositeEventHandler$NormalEventHandlerRecord.handleBubblingEvent(CompositeEventHandler.java:247)
	at javafx.base@21.0.1/com.sun.javafx.event.CompositeEventHandler.dispatchBubblingEvent(CompositeEventHandler.java:80)
	at javafx.base@21.0.1/com.sun.javafx.event.EventHandlerManager.dispatchBubblingEvent(EventHandlerManager.java:232)
	at javafx.base@21.0.1/com.sun.javafx.event.EventHandlerManager.dispatchBubblingEvent(EventHandlerManager.java:189)
	at javafx.base@21.0.1/com.sun.javafx.event.CompositeEventDispatcher.dispatchBubblingEvent(CompositeEventDispatcher.java:59)
	at javafx.base@21.0.1/com.sun.javafx.event.BasicEventDispatcher.dispatchEvent(BasicEventDispatcher.java:58)
	at javafx.base@21.0.1/com.sun.javafx.event.EventDispatchChainImpl.dispatchEvent(EventDispatchChainImpl.java:114)
	at javafx.base@21.0.1/com.sun.javafx.event.BasicEventDispatcher.dispatchEvent(BasicEventDispatcher.java:56)
	at javafx.base@21.0.1/com.sun.javafx.event.EventDispatchChainImpl.dispatchEvent(EventDispatchChainImpl.java:114)
	at javafx.base@21.0.1/com.sun.javafx.event.BasicEventDispatcher.dispatchEvent(BasicEventDispatcher.java:56)
	at javafx.base@21.0.1/com.sun.javafx.event.EventDispatchChainImpl.dispatchEvent(EventDispatchChainImpl.java:114)
	at javafx.base@21.0.1/com.sun.javafx.event.BasicEventDispatcher.dispatchEvent(BasicEventDispatcher.java:56)
	at javafx.base@21.0.1/com.sun.javafx.event.EventDispatchChainImpl.dispatchEvent(EventDispatchChainImpl.java:114)
	at javafx.base@21.0.1/com.sun.javafx.event.EventUtil.fireEventImpl(EventUtil.java:74)
	at javafx.base@21.0.1/com.sun.javafx.event.EventUtil.fireEvent(EventUtil.java:54)
	at javafx.base@21.0.1/javafx.event.Event.fireEvent(Event.java:198)
	at javafx.graphics@21.0.1/javafx.scene.Scene$MouseHandler.process(Scene.java:3984)
	at javafx.graphics@21.0.1/javafx.scene.Scene.processMouseEvent(Scene.java:1890)
	at javafx.graphics@21.0.1/javafx.scene.Scene$ScenePeerListener.mouseEvent(Scene.java:2708)
	at javafx.graphics@21.0.1/com.sun.javafx.tk.quantum.GlassViewEventHandler$MouseEventNotification.run(GlassViewEventHandler.java:411)
	at javafx.graphics@21.0.1/com.sun.javafx.tk.quantum.GlassViewEventHandler$MouseEventNotification.run(GlassViewEventHandler.java:301)
	at java.base/java.security.AccessController.doPrivileged(AccessController.java:400)
	at javafx.graphics@21.0.1/com.sun.javafx.tk.quantum.GlassViewEventHandler.lambda$handleMouseEvent$2(GlassViewEventHandler.java:450)
	at javafx.graphics@21.0.1/com.sun.javafx.tk.quantum.QuantumToolkit.runWithoutRenderLock(QuantumToolkit.java:424)
	at javafx.graphics@21.0.1/com.sun.javafx.tk.quantum.GlassViewEventHandler.handleMouseEvent(GlassViewEventHandler.java:449)
	at javafx.graphics@21.0.1/com.sun.glass.ui.View.handleMouseEvent(View.java:551)
	at javafx.graphics@21.0.1/com.sun.glass.ui.View.notifyMouse(View.java:937)
	at javafx.graphics@21.0.1/com.sun.glass.ui.win.WinApplication._runLoop(Native Method)
	at javafx.graphics@21.0.1/com.sun.glass.ui.win.WinApplication.lambda$runLoop$3(WinApplication.java:185)
	at java.base/java.lang.Thread.run(Thread.java:1583)
2025-10-06 10:35:12 [JavaFX Application Thread] INFO  p.c.app.config.DatabaseConfig - Pool de conexiones cerrado correctamente
2025-10-06 10:35:12 [JavaFX Application Thread] INFO  pe.crediactiva.app.Main - Aplicación CrediActiva cerrada
2025-10-06 10:38:54 [main] INFO  pe.crediactiva.app.Main - Iniciando aplicación CrediActiva Desktop v1.0.0
2025-10-06 10:38:54 [JavaFX Application Thread] INFO  pe.crediactiva.app.Main - Icono no encontrado, continuando sin icono
2025-10-06 10:38:54 [JavaFX Application Thread] INFO  p.c.app.config.DatabaseConfig - Propiedades de base de datos cargadas correctamente
2025-10-06 10:38:55 [JavaFX Application Thread] INFO  p.c.app.config.DatabaseConfig - Pool de conexiones HikariCP inicializado correctamente
2025-10-06 10:38:55 [JavaFX Application Thread] INFO  pe.crediactiva.app.Main - Aplicación CrediActiva iniciada correctamente
2025-10-06 10:39:09 [JavaFX Application Thread] INFO  p.c.app.dao.impl.UsuarioDAOImpl - Usuario autenticado exitosamente: 12345678
2025-10-06 10:39:09 [JavaFX Application Thread] INFO  p.c.a.service.AuthenticationService - Usuario autenticado exitosamente: 12345678 - ASESOR
2025-10-06 10:39:09 [JavaFX Application Thread] INFO  p.c.app.view.LoginController - Usuario autenticado exitosamente: 12345678
2025-10-06 10:39:09 [JavaFX Application Thread] ERROR p.c.app.view.LoginController - Error al cargar la pantalla principal
javafx.fxml.LoadException: 
/C:/Users/USER/OneDrive/Escritorio/proyecto_v4.0/target/classes/fxml/asesor/AsesorMainView.fxml:8

	at javafx.fxml@21.0.1/javafx.fxml.FXMLLoader.constructLoadException(FXMLLoader.java:2722)
	at javafx.fxml@21.0.1/javafx.fxml.FXMLLoader$ValueElement.processAttribute(FXMLLoader.java:946)
	at javafx.fxml@21.0.1/javafx.fxml.FXMLLoader$InstanceDeclarationElement.processAttribute(FXMLLoader.java:983)
	at javafx.fxml@21.0.1/javafx.fxml.FXMLLoader$Element.processStartElement(FXMLLoader.java:230)
	at javafx.fxml@21.0.1/javafx.fxml.FXMLLoader$ValueElement.processStartElement(FXMLLoader.java:757)
	at javafx.fxml@21.0.1/javafx.fxml.FXMLLoader.processStartElement(FXMLLoader.java:2853)
	at javafx.fxml@21.0.1/javafx.fxml.FXMLLoader.loadImpl(FXMLLoader.java:2649)
	at javafx.fxml@21.0.1/javafx.fxml.FXMLLoader.loadImpl(FXMLLoader.java:2563)
	at javafx.fxml@21.0.1/javafx.fxml.FXMLLoader.load(FXMLLoader.java:2531)
	at pe.crediactiva.app.view.LoginController.redirectToMainScreen(LoginController.java:140)
	at pe.crediactiva.app.view.LoginController.handleLogin(LoginController.java:99)
	at java.base/jdk.internal.reflect.DirectMethodHandleAccessor.invoke(DirectMethodHandleAccessor.java:103)
	at java.base/java.lang.reflect.Method.invoke(Method.java:580)
	at com.sun.javafx.reflect.Trampoline.invoke(MethodUtil.java:72)
	at java.base/jdk.internal.reflect.DirectMethodHandleAccessor.invoke(DirectMethodHandleAccessor.java:103)
	at java.base/java.lang.reflect.Method.invoke(Method.java:580)
	at javafx.base@21.0.1/com.sun.javafx.reflect.MethodUtil.invoke(MethodUtil.java:270)
	at javafx.fxml@21.0.1/com.sun.javafx.fxml.MethodHelper.invoke(MethodHelper.java:84)
	at javafx.fxml@21.0.1/javafx.fxml.FXMLLoader$MethodHandler.invoke(FXMLLoader.java:1855)
	at javafx.fxml@21.0.1/javafx.fxml.FXMLLoader$ControllerMethodEventHandler.handle(FXMLLoader.java:1726)
	at javafx.base@21.0.1/com.sun.javafx.event.CompositeEventHandler.dispatchBubblingEvent(CompositeEventHandler.java:86)
	at javafx.base@21.0.1/com.sun.javafx.event.EventHandlerManager.dispatchBubblingEvent(EventHandlerManager.java:232)
	at javafx.base@21.0.1/com.sun.javafx.event.EventHandlerManager.dispatchBubblingEvent(EventHandlerManager.java:189)
	at javafx.base@21.0.1/com.sun.javafx.event.CompositeEventDispatcher.dispatchBubblingEvent(CompositeEventDispatcher.java:59)
	at javafx.base@21.0.1/com.sun.javafx.event.BasicEventDispatcher.dispatchEvent(BasicEventDispatcher.java:58)
	at javafx.base@21.0.1/com.sun.javafx.event.EventDispatchChainImpl.dispatchEvent(EventDispatchChainImpl.java:114)
	at javafx.base@21.0.1/com.sun.javafx.event.BasicEventDispatcher.dispatchEvent(BasicEventDispatcher.java:56)
	at javafx.base@21.0.1/com.sun.javafx.event.EventDispatchChainImpl.dispatchEvent(EventDispatchChainImpl.java:114)
	at javafx.base@21.0.1/com.sun.javafx.event.BasicEventDispatcher.dispatchEvent(BasicEventDispatcher.java:56)
	at javafx.base@21.0.1/com.sun.javafx.event.EventDispatchChainImpl.dispatchEvent(EventDispatchChainImpl.java:114)
	at javafx.base@21.0.1/com.sun.javafx.event.EventUtil.fireEventImpl(EventUtil.java:74)
	at javafx.base@21.0.1/com.sun.javafx.event.EventUtil.fireEvent(EventUtil.java:49)
	at javafx.base@21.0.1/javafx.event.Event.fireEvent(Event.java:198)
	at javafx.graphics@21.0.1/javafx.scene.Node.fireEvent(Node.java:8875)
	at javafx.controls@21.0.1/javafx.scene.control.Button.fire(Button.java:203)
	at javafx.controls@21.0.1/com.sun.javafx.scene.control.behavior.ButtonBehavior.mouseReleased(ButtonBehavior.java:207)
	at javafx.controls@21.0.1/com.sun.javafx.scene.control.inputmap.InputMap.handle(InputMap.java:274)
	at javafx.base@21.0.1/com.sun.javafx.event.CompositeEventHandler$NormalEventHandlerRecord.handleBubblingEvent(CompositeEventHandler.java:247)
	at javafx.base@21.0.1/com.sun.javafx.event.CompositeEventHandler.dispatchBubblingEvent(CompositeEventHandler.java:80)
	at javafx.base@21.0.1/com.sun.javafx.event.EventHandlerManager.dispatchBubblingEvent(EventHandlerManager.java:232)
	at javafx.base@21.0.1/com.sun.javafx.event.EventHandlerManager.dispatchBubblingEvent(EventHandlerManager.java:189)
	at javafx.base@21.0.1/com.sun.javafx.event.CompositeEventDispatcher.dispatchBubblingEvent(CompositeEventDispatcher.java:59)
	at javafx.base@21.0.1/com.sun.javafx.event.BasicEventDispatcher.dispatchEvent(BasicEventDispatcher.java:58)
	at javafx.base@21.0.1/com.sun.javafx.event.EventDispatchChainImpl.dispatchEvent(EventDispatchChainImpl.java:114)
	at javafx.base@21.0.1/com.sun.javafx.event.BasicEventDispatcher.dispatchEvent(BasicEventDispatcher.java:56)
	at javafx.base@21.0.1/com.sun.javafx.event.EventDispatchChainImpl.dispatchEvent(EventDispatchChainImpl.java:114)
	at javafx.base@21.0.1/com.sun.javafx.event.BasicEventDispatcher.dispatchEvent(BasicEventDispatcher.java:56)
	at javafx.base@21.0.1/com.sun.javafx.event.EventDispatchChainImpl.dispatchEvent(EventDispatchChainImpl.java:114)
	at javafx.base@21.0.1/com.sun.javafx.event.EventUtil.fireEventImpl(EventUtil.java:74)
	at javafx.base@21.0.1/com.sun.javafx.event.EventUtil.fireEvent(EventUtil.java:54)
	at javafx.base@21.0.1/javafx.event.Event.fireEvent(Event.java:198)
	at javafx.graphics@21.0.1/javafx.scene.Scene$MouseHandler.process(Scene.java:3984)
	at javafx.graphics@21.0.1/javafx.scene.Scene.processMouseEvent(Scene.java:1890)
	at javafx.graphics@21.0.1/javafx.scene.Scene$ScenePeerListener.mouseEvent(Scene.java:2708)
	at javafx.graphics@21.0.1/com.sun.javafx.tk.quantum.GlassViewEventHandler$MouseEventNotification.run(GlassViewEventHandler.java:411)
	at javafx.graphics@21.0.1/com.sun.javafx.tk.quantum.GlassViewEventHandler$MouseEventNotification.run(GlassViewEventHandler.java:301)
	at java.base/java.security.AccessController.doPrivileged(AccessController.java:400)
	at javafx.graphics@21.0.1/com.sun.javafx.tk.quantum.GlassViewEventHandler.lambda$handleMouseEvent$2(GlassViewEventHandler.java:450)
	at javafx.graphics@21.0.1/com.sun.javafx.tk.quantum.QuantumToolkit.runWithoutRenderLock(QuantumToolkit.java:424)
	at javafx.graphics@21.0.1/com.sun.javafx.tk.quantum.GlassViewEventHandler.handleMouseEvent(GlassViewEventHandler.java:449)
	at javafx.graphics@21.0.1/com.sun.glass.ui.View.handleMouseEvent(View.java:551)
	at javafx.graphics@21.0.1/com.sun.glass.ui.View.notifyMouse(View.java:937)
	at javafx.graphics@21.0.1/com.sun.glass.ui.win.WinApplication._runLoop(Native Method)
	at javafx.graphics@21.0.1/com.sun.glass.ui.win.WinApplication.lambda$runLoop$3(WinApplication.java:185)
	at java.base/java.lang.Thread.run(Thread.java:1583)
Caused by: java.lang.reflect.InvocationTargetException: null
	at java.base/jdk.internal.reflect.DirectConstructorHandleAccessor.newInstance(DirectConstructorHandleAccessor.java:74)
	at java.base/java.lang.reflect.Constructor.newInstanceWithCaller(Constructor.java:502)
	at java.base/java.lang.reflect.Constructor.newInstance(Constructor.java:486)
	at javafx.fxml@21.0.1/javafx.fxml.FXMLLoader$ValueElement.processAttribute(FXMLLoader.java:941)
	... 63 common frames omitted
Caused by: java.lang.Error: Unresolved compilation problems: 
	The import pe.crediactiva.app.service.RecaudacionService cannot be resolved
	The import pe.crediactiva.app.util cannot be resolved
	RecaudacionService cannot be resolved to a type
	RecaudacionService cannot be resolved to a type
	RecaudacionService cannot be resolved to a type
	FechaUtil cannot be resolved
	RecaudacionService cannot be resolved to a type
	RecaudacionService cannot be resolved to a type

	at pe.crediactiva.app.view.asesor.AsesorMainController.<init>(AsesorMainController.java:16)
	at java.base/jdk.internal.reflect.DirectConstructorHandleAccessor.newInstance(DirectConstructorHandleAccessor.java:62)
	... 66 common frames omitted
2025-10-06 10:39:12 [JavaFX Application Thread] INFO  p.c.app.dao.impl.UsuarioDAOImpl - Usuario autenticado exitosamente: 12345678
2025-10-06 10:39:12 [JavaFX Application Thread] INFO  p.c.a.service.AuthenticationService - Usuario autenticado exitosamente: 12345678 - ASESOR
2025-10-06 10:39:12 [JavaFX Application Thread] INFO  p.c.app.view.LoginController - Usuario autenticado exitosamente: 12345678
2025-10-06 10:39:12 [JavaFX Application Thread] ERROR p.c.app.view.LoginController - Error al cargar la pantalla principal
javafx.fxml.LoadException: 
/C:/Users/USER/OneDrive/Escritorio/proyecto_v4.0/target/classes/fxml/asesor/AsesorMainView.fxml:8

	at javafx.fxml@21.0.1/javafx.fxml.FXMLLoader.constructLoadException(FXMLLoader.java:2722)
	at javafx.fxml@21.0.1/javafx.fxml.FXMLLoader$ValueElement.processAttribute(FXMLLoader.java:946)
	at javafx.fxml@21.0.1/javafx.fxml.FXMLLoader$InstanceDeclarationElement.processAttribute(FXMLLoader.java:983)
	at javafx.fxml@21.0.1/javafx.fxml.FXMLLoader$Element.processStartElement(FXMLLoader.java:230)
	at javafx.fxml@21.0.1/javafx.fxml.FXMLLoader$ValueElement.processStartElement(FXMLLoader.java:757)
	at javafx.fxml@21.0.1/javafx.fxml.FXMLLoader.processStartElement(FXMLLoader.java:2853)
	at javafx.fxml@21.0.1/javafx.fxml.FXMLLoader.loadImpl(FXMLLoader.java:2649)
	at javafx.fxml@21.0.1/javafx.fxml.FXMLLoader.loadImpl(FXMLLoader.java:2563)
	at javafx.fxml@21.0.1/javafx.fxml.FXMLLoader.load(FXMLLoader.java:2531)
	at pe.crediactiva.app.view.LoginController.redirectToMainScreen(LoginController.java:140)
	at pe.crediactiva.app.view.LoginController.handleLogin(LoginController.java:99)
	at java.base/jdk.internal.reflect.DirectMethodHandleAccessor.invoke(DirectMethodHandleAccessor.java:103)
	at java.base/java.lang.reflect.Method.invoke(Method.java:580)
	at com.sun.javafx.reflect.Trampoline.invoke(MethodUtil.java:72)
	at java.base/jdk.internal.reflect.DirectMethodHandleAccessor.invoke(DirectMethodHandleAccessor.java:103)
	at java.base/java.lang.reflect.Method.invoke(Method.java:580)
	at javafx.base@21.0.1/com.sun.javafx.reflect.MethodUtil.invoke(MethodUtil.java:270)
	at javafx.fxml@21.0.1/com.sun.javafx.fxml.MethodHelper.invoke(MethodHelper.java:84)
	at javafx.fxml@21.0.1/javafx.fxml.FXMLLoader$MethodHandler.invoke(FXMLLoader.java:1855)
	at javafx.fxml@21.0.1/javafx.fxml.FXMLLoader$ControllerMethodEventHandler.handle(FXMLLoader.java:1726)
	at javafx.base@21.0.1/com.sun.javafx.event.CompositeEventHandler.dispatchBubblingEvent(CompositeEventHandler.java:86)
	at javafx.base@21.0.1/com.sun.javafx.event.EventHandlerManager.dispatchBubblingEvent(EventHandlerManager.java:232)
	at javafx.base@21.0.1/com.sun.javafx.event.EventHandlerManager.dispatchBubblingEvent(EventHandlerManager.java:189)
	at javafx.base@21.0.1/com.sun.javafx.event.CompositeEventDispatcher.dispatchBubblingEvent(CompositeEventDispatcher.java:59)
	at javafx.base@21.0.1/com.sun.javafx.event.BasicEventDispatcher.dispatchEvent(BasicEventDispatcher.java:58)
	at javafx.base@21.0.1/com.sun.javafx.event.EventDispatchChainImpl.dispatchEvent(EventDispatchChainImpl.java:114)
	at javafx.base@21.0.1/com.sun.javafx.event.BasicEventDispatcher.dispatchEvent(BasicEventDispatcher.java:56)
	at javafx.base@21.0.1/com.sun.javafx.event.EventDispatchChainImpl.dispatchEvent(EventDispatchChainImpl.java:114)
	at javafx.base@21.0.1/com.sun.javafx.event.BasicEventDispatcher.dispatchEvent(BasicEventDispatcher.java:56)
	at javafx.base@21.0.1/com.sun.javafx.event.EventDispatchChainImpl.dispatchEvent(EventDispatchChainImpl.java:114)
	at javafx.base@21.0.1/com.sun.javafx.event.EventUtil.fireEventImpl(EventUtil.java:74)
	at javafx.base@21.0.1/com.sun.javafx.event.EventUtil.fireEvent(EventUtil.java:49)
	at javafx.base@21.0.1/javafx.event.Event.fireEvent(Event.java:198)
	at javafx.graphics@21.0.1/javafx.scene.Node.fireEvent(Node.java:8875)
	at javafx.controls@21.0.1/javafx.scene.control.Button.fire(Button.java:203)
	at javafx.controls@21.0.1/com.sun.javafx.scene.control.behavior.ButtonBehavior.mouseReleased(ButtonBehavior.java:207)
	at javafx.controls@21.0.1/com.sun.javafx.scene.control.inputmap.InputMap.handle(InputMap.java:274)
	at javafx.base@21.0.1/com.sun.javafx.event.CompositeEventHandler$NormalEventHandlerRecord.handleBubblingEvent(CompositeEventHandler.java:247)
	at javafx.base@21.0.1/com.sun.javafx.event.CompositeEventHandler.dispatchBubblingEvent(CompositeEventHandler.java:80)
	at javafx.base@21.0.1/com.sun.javafx.event.EventHandlerManager.dispatchBubblingEvent(EventHandlerManager.java:232)
	at javafx.base@21.0.1/com.sun.javafx.event.EventHandlerManager.dispatchBubblingEvent(EventHandlerManager.java:189)
	at javafx.base@21.0.1/com.sun.javafx.event.CompositeEventDispatcher.dispatchBubblingEvent(CompositeEventDispatcher.java:59)
	at javafx.base@21.0.1/com.sun.javafx.event.BasicEventDispatcher.dispatchEvent(BasicEventDispatcher.java:58)
	at javafx.base@21.0.1/com.sun.javafx.event.EventDispatchChainImpl.dispatchEvent(EventDispatchChainImpl.java:114)
	at javafx.base@21.0.1/com.sun.javafx.event.BasicEventDispatcher.dispatchEvent(BasicEventDispatcher.java:56)
	at javafx.base@21.0.1/com.sun.javafx.event.EventDispatchChainImpl.dispatchEvent(EventDispatchChainImpl.java:114)
	at javafx.base@21.0.1/com.sun.javafx.event.BasicEventDispatcher.dispatchEvent(BasicEventDispatcher.java:56)
	at javafx.base@21.0.1/com.sun.javafx.event.EventDispatchChainImpl.dispatchEvent(EventDispatchChainImpl.java:114)
	at javafx.base@21.0.1/com.sun.javafx.event.EventUtil.fireEventImpl(EventUtil.java:74)
	at javafx.base@21.0.1/com.sun.javafx.event.EventUtil.fireEvent(EventUtil.java:54)
	at javafx.base@21.0.1/javafx.event.Event.fireEvent(Event.java:198)
	at javafx.graphics@21.0.1/javafx.scene.Scene$MouseHandler.process(Scene.java:3984)
	at javafx.graphics@21.0.1/javafx.scene.Scene.processMouseEvent(Scene.java:1890)
	at javafx.graphics@21.0.1/javafx.scene.Scene$ScenePeerListener.mouseEvent(Scene.java:2708)
	at javafx.graphics@21.0.1/com.sun.javafx.tk.quantum.GlassViewEventHandler$MouseEventNotification.run(GlassViewEventHandler.java:411)
	at javafx.graphics@21.0.1/com.sun.javafx.tk.quantum.GlassViewEventHandler$MouseEventNotification.run(GlassViewEventHandler.java:301)
	at java.base/java.security.AccessController.doPrivileged(AccessController.java:400)
	at javafx.graphics@21.0.1/com.sun.javafx.tk.quantum.GlassViewEventHandler.lambda$handleMouseEvent$2(GlassViewEventHandler.java:450)
	at javafx.graphics@21.0.1/com.sun.javafx.tk.quantum.QuantumToolkit.runWithoutRenderLock(QuantumToolkit.java:424)
	at javafx.graphics@21.0.1/com.sun.javafx.tk.quantum.GlassViewEventHandler.handleMouseEvent(GlassViewEventHandler.java:449)
	at javafx.graphics@21.0.1/com.sun.glass.ui.View.handleMouseEvent(View.java:551)
	at javafx.graphics@21.0.1/com.sun.glass.ui.View.notifyMouse(View.java:937)
	at javafx.graphics@21.0.1/com.sun.glass.ui.win.WinApplication._runLoop(Native Method)
	at javafx.graphics@21.0.1/com.sun.glass.ui.win.WinApplication.lambda$runLoop$3(WinApplication.java:185)
	at java.base/java.lang.Thread.run(Thread.java:1583)
Caused by: java.lang.reflect.InvocationTargetException: null
	at java.base/jdk.internal.reflect.DirectConstructorHandleAccessor.newInstance(DirectConstructorHandleAccessor.java:74)
	at java.base/java.lang.reflect.Constructor.newInstanceWithCaller(Constructor.java:502)
	at java.base/java.lang.reflect.Constructor.newInstance(Constructor.java:486)
	at javafx.fxml@21.0.1/javafx.fxml.FXMLLoader$ValueElement.processAttribute(FXMLLoader.java:941)
	... 63 common frames omitted
Caused by: java.lang.Error: Unresolved compilation problems: 
	The import pe.crediactiva.app.service.RecaudacionService cannot be resolved
	The import pe.crediactiva.app.util cannot be resolved
	RecaudacionService cannot be resolved to a type
	RecaudacionService cannot be resolved to a type
	RecaudacionService cannot be resolved to a type
	FechaUtil cannot be resolved
	RecaudacionService cannot be resolved to a type
	RecaudacionService cannot be resolved to a type

	at pe.crediactiva.app.view.asesor.AsesorMainController.<init>(AsesorMainController.java:16)
	at java.base/jdk.internal.reflect.DirectConstructorHandleAccessor.newInstance(DirectConstructorHandleAccessor.java:62)
	... 66 common frames omitted
2025-10-06 10:39:22 [JavaFX Application Thread] INFO  p.c.app.dao.impl.UsuarioDAOImpl - Usuario autenticado exitosamente: 12345678
2025-10-06 10:39:22 [JavaFX Application Thread] INFO  p.c.a.service.AuthenticationService - Usuario autenticado exitosamente: 12345678 - ASESOR
2025-10-06 10:39:22 [JavaFX Application Thread] INFO  p.c.app.view.LoginController - Usuario autenticado exitosamente: 12345678
2025-10-06 10:39:22 [JavaFX Application Thread] ERROR p.c.app.view.LoginController - Error al cargar la pantalla principal
javafx.fxml.LoadException: 
/C:/Users/USER/OneDrive/Escritorio/proyecto_v4.0/target/classes/fxml/asesor/AsesorMainView.fxml:8

	at javafx.fxml@21.0.1/javafx.fxml.FXMLLoader.constructLoadException(FXMLLoader.java:2722)
	at javafx.fxml@21.0.1/javafx.fxml.FXMLLoader$ValueElement.processAttribute(FXMLLoader.java:946)
	at javafx.fxml@21.0.1/javafx.fxml.FXMLLoader$InstanceDeclarationElement.processAttribute(FXMLLoader.java:983)
	at javafx.fxml@21.0.1/javafx.fxml.FXMLLoader$Element.processStartElement(FXMLLoader.java:230)
	at javafx.fxml@21.0.1/javafx.fxml.FXMLLoader$ValueElement.processStartElement(FXMLLoader.java:757)
	at javafx.fxml@21.0.1/javafx.fxml.FXMLLoader.processStartElement(FXMLLoader.java:2853)
	at javafx.fxml@21.0.1/javafx.fxml.FXMLLoader.loadImpl(FXMLLoader.java:2649)
	at javafx.fxml@21.0.1/javafx.fxml.FXMLLoader.loadImpl(FXMLLoader.java:2563)
	at javafx.fxml@21.0.1/javafx.fxml.FXMLLoader.load(FXMLLoader.java:2531)
	at pe.crediactiva.app.view.LoginController.redirectToMainScreen(LoginController.java:140)
	at pe.crediactiva.app.view.LoginController.handleLogin(LoginController.java:99)
	at java.base/jdk.internal.reflect.DirectMethodHandleAccessor.invoke(DirectMethodHandleAccessor.java:103)
	at java.base/java.lang.reflect.Method.invoke(Method.java:580)
	at com.sun.javafx.reflect.Trampoline.invoke(MethodUtil.java:72)
	at java.base/jdk.internal.reflect.DirectMethodHandleAccessor.invoke(DirectMethodHandleAccessor.java:103)
	at java.base/java.lang.reflect.Method.invoke(Method.java:580)
	at javafx.base@21.0.1/com.sun.javafx.reflect.MethodUtil.invoke(MethodUtil.java:270)
	at javafx.fxml@21.0.1/com.sun.javafx.fxml.MethodHelper.invoke(MethodHelper.java:84)
	at javafx.fxml@21.0.1/javafx.fxml.FXMLLoader$MethodHandler.invoke(FXMLLoader.java:1855)
	at javafx.fxml@21.0.1/javafx.fxml.FXMLLoader$ControllerMethodEventHandler.handle(FXMLLoader.java:1726)
	at javafx.base@21.0.1/com.sun.javafx.event.CompositeEventHandler.dispatchBubblingEvent(CompositeEventHandler.java:86)
	at javafx.base@21.0.1/com.sun.javafx.event.EventHandlerManager.dispatchBubblingEvent(EventHandlerManager.java:232)
	at javafx.base@21.0.1/com.sun.javafx.event.EventHandlerManager.dispatchBubblingEvent(EventHandlerManager.java:189)
	at javafx.base@21.0.1/com.sun.javafx.event.CompositeEventDispatcher.dispatchBubblingEvent(CompositeEventDispatcher.java:59)
	at javafx.base@21.0.1/com.sun.javafx.event.BasicEventDispatcher.dispatchEvent(BasicEventDispatcher.java:58)
	at javafx.base@21.0.1/com.sun.javafx.event.EventDispatchChainImpl.dispatchEvent(EventDispatchChainImpl.java:114)
	at javafx.base@21.0.1/com.sun.javafx.event.BasicEventDispatcher.dispatchEvent(BasicEventDispatcher.java:56)
	at javafx.base@21.0.1/com.sun.javafx.event.EventDispatchChainImpl.dispatchEvent(EventDispatchChainImpl.java:114)
	at javafx.base@21.0.1/com.sun.javafx.event.BasicEventDispatcher.dispatchEvent(BasicEventDispatcher.java:56)
	at javafx.base@21.0.1/com.sun.javafx.event.EventDispatchChainImpl.dispatchEvent(EventDispatchChainImpl.java:114)
	at javafx.base@21.0.1/com.sun.javafx.event.EventUtil.fireEventImpl(EventUtil.java:74)
	at javafx.base@21.0.1/com.sun.javafx.event.EventUtil.fireEvent(EventUtil.java:49)
	at javafx.base@21.0.1/javafx.event.Event.fireEvent(Event.java:198)
	at javafx.graphics@21.0.1/javafx.scene.Node.fireEvent(Node.java:8875)
	at javafx.controls@21.0.1/javafx.scene.control.Button.fire(Button.java:203)
	at javafx.controls@21.0.1/com.sun.javafx.scene.control.behavior.ButtonBehavior.mouseReleased(ButtonBehavior.java:207)
	at javafx.controls@21.0.1/com.sun.javafx.scene.control.inputmap.InputMap.handle(InputMap.java:274)
	at javafx.base@21.0.1/com.sun.javafx.event.CompositeEventHandler$NormalEventHandlerRecord.handleBubblingEvent(CompositeEventHandler.java:247)
	at javafx.base@21.0.1/com.sun.javafx.event.CompositeEventHandler.dispatchBubblingEvent(CompositeEventHandler.java:80)
	at javafx.base@21.0.1/com.sun.javafx.event.EventHandlerManager.dispatchBubblingEvent(EventHandlerManager.java:232)
	at javafx.base@21.0.1/com.sun.javafx.event.EventHandlerManager.dispatchBubblingEvent(EventHandlerManager.java:189)
	at javafx.base@21.0.1/com.sun.javafx.event.CompositeEventDispatcher.dispatchBubblingEvent(CompositeEventDispatcher.java:59)
	at javafx.base@21.0.1/com.sun.javafx.event.BasicEventDispatcher.dispatchEvent(BasicEventDispatcher.java:58)
	at javafx.base@21.0.1/com.sun.javafx.event.EventDispatchChainImpl.dispatchEvent(EventDispatchChainImpl.java:114)
	at javafx.base@21.0.1/com.sun.javafx.event.BasicEventDispatcher.dispatchEvent(BasicEventDispatcher.java:56)
	at javafx.base@21.0.1/com.sun.javafx.event.EventDispatchChainImpl.dispatchEvent(EventDispatchChainImpl.java:114)
	at javafx.base@21.0.1/com.sun.javafx.event.BasicEventDispatcher.dispatchEvent(BasicEventDispatcher.java:56)
	at javafx.base@21.0.1/com.sun.javafx.event.EventDispatchChainImpl.dispatchEvent(EventDispatchChainImpl.java:114)
	at javafx.base@21.0.1/com.sun.javafx.event.EventUtil.fireEventImpl(EventUtil.java:74)
	at javafx.base@21.0.1/com.sun.javafx.event.EventUtil.fireEvent(EventUtil.java:54)
	at javafx.base@21.0.1/javafx.event.Event.fireEvent(Event.java:198)
	at javafx.graphics@21.0.1/javafx.scene.Scene$MouseHandler.process(Scene.java:3984)
	at javafx.graphics@21.0.1/javafx.scene.Scene.processMouseEvent(Scene.java:1890)
	at javafx.graphics@21.0.1/javafx.scene.Scene$ScenePeerListener.mouseEvent(Scene.java:2708)
	at javafx.graphics@21.0.1/com.sun.javafx.tk.quantum.GlassViewEventHandler$MouseEventNotification.run(GlassViewEventHandler.java:411)
	at javafx.graphics@21.0.1/com.sun.javafx.tk.quantum.GlassViewEventHandler$MouseEventNotification.run(GlassViewEventHandler.java:301)
	at java.base/java.security.AccessController.doPrivileged(AccessController.java:400)
	at javafx.graphics@21.0.1/com.sun.javafx.tk.quantum.GlassViewEventHandler.lambda$handleMouseEvent$2(GlassViewEventHandler.java:450)
	at javafx.graphics@21.0.1/com.sun.javafx.tk.quantum.QuantumToolkit.runWithoutRenderLock(QuantumToolkit.java:424)
	at javafx.graphics@21.0.1/com.sun.javafx.tk.quantum.GlassViewEventHandler.handleMouseEvent(GlassViewEventHandler.java:449)
	at javafx.graphics@21.0.1/com.sun.glass.ui.View.handleMouseEvent(View.java:551)
	at javafx.graphics@21.0.1/com.sun.glass.ui.View.notifyMouse(View.java:937)
	at javafx.graphics@21.0.1/com.sun.glass.ui.win.WinApplication._runLoop(Native Method)
	at javafx.graphics@21.0.1/com.sun.glass.ui.win.WinApplication.lambda$runLoop$3(WinApplication.java:185)
	at java.base/java.lang.Thread.run(Thread.java:1583)
Caused by: java.lang.reflect.InvocationTargetException: null
	at java.base/jdk.internal.reflect.DirectConstructorHandleAccessor.newInstance(DirectConstructorHandleAccessor.java:74)
	at java.base/java.lang.reflect.Constructor.newInstanceWithCaller(Constructor.java:502)
	at java.base/java.lang.reflect.Constructor.newInstance(Constructor.java:486)
	at javafx.fxml@21.0.1/javafx.fxml.FXMLLoader$ValueElement.processAttribute(FXMLLoader.java:941)
	... 63 common frames omitted
Caused by: java.lang.Error: Unresolved compilation problems: 
	The import pe.crediactiva.app.service.RecaudacionService cannot be resolved
	The import pe.crediactiva.app.util cannot be resolved
	RecaudacionService cannot be resolved to a type
	RecaudacionService cannot be resolved to a type
	RecaudacionService cannot be resolved to a type
	FechaUtil cannot be resolved
	RecaudacionService cannot be resolved to a type
	RecaudacionService cannot be resolved to a type

	at pe.crediactiva.app.view.asesor.AsesorMainController.<init>(AsesorMainController.java:16)
	at java.base/jdk.internal.reflect.DirectConstructorHandleAccessor.newInstance(DirectConstructorHandleAccessor.java:62)
	... 66 common frames omitted
2025-10-06 10:39:28 [JavaFX Application Thread] INFO  p.c.app.config.DatabaseConfig - Pool de conexiones cerrado correctamente
2025-10-06 10:39:28 [JavaFX Application Thread] INFO  pe.crediactiva.app.Main - Aplicación CrediActiva cerrada
2025-10-06 10:41:06 [main] INFO  pe.crediactiva.app.Main - Iniciando aplicación CrediActiva Desktop v1.0.0
2025-10-06 10:41:06 [JavaFX Application Thread] INFO  pe.crediactiva.app.Main - Icono no encontrado, continuando sin icono
2025-10-06 10:41:06 [JavaFX Application Thread] INFO  p.c.app.config.DatabaseConfig - Propiedades de base de datos cargadas correctamente
2025-10-06 10:41:07 [JavaFX Application Thread] INFO  p.c.app.config.DatabaseConfig - Pool de conexiones HikariCP inicializado correctamente
2025-10-06 10:41:08 [JavaFX Application Thread] INFO  pe.crediactiva.app.Main - Aplicación CrediActiva iniciada correctamente
2025-10-06 10:41:20 [JavaFX Application Thread] INFO  p.c.app.dao.impl.UsuarioDAOImpl - Usuario autenticado exitosamente: 12345678
2025-10-06 10:41:20 [JavaFX Application Thread] INFO  p.c.a.service.AuthenticationService - Usuario autenticado exitosamente: 12345678 - ASESOR
2025-10-06 10:41:20 [JavaFX Application Thread] INFO  p.c.app.view.LoginController - Usuario autenticado exitosamente: 12345678
2025-10-06 10:41:21 [JavaFX Application Thread] INFO  p.c.app.view.LoginController - Usuario redirigido a pantalla principal: ASESOR
2025-10-06 10:41:23 [JavaFX Application Thread] INFO  p.c.a.v.asesor.AsesorMainController - Intentando cargar solicitud de préstamo...
2025-10-06 10:41:23 [JavaFX Application Thread] INFO  p.c.a.v.asesor.AsesorMainController - Cargada solicitud de préstamo exitosamente
2025-10-06 10:42:48 [JavaFX Application Thread] ERROR p.c.a.v.asesor.AsesorMainController - Error al cargar simulador
javafx.fxml.LoadException: String is not a valid type.
/C:/Users/USER/OneDrive/Escritorio/proyecto_v4.0/target/classes/fxml/asesor/SimuladorView.fxml:39

	at javafx.fxml@21.0.1/javafx.fxml.FXMLLoader.constructLoadException(FXMLLoader.java:2718)
	at javafx.fxml@21.0.1/javafx.fxml.FXMLLoader.createElement(FXMLLoader.java:2920)
	at javafx.fxml@21.0.1/javafx.fxml.FXMLLoader.processStartElement(FXMLLoader.java:2850)
	at javafx.fxml@21.0.1/javafx.fxml.FXMLLoader.loadImpl(FXMLLoader.java:2649)
	at javafx.fxml@21.0.1/javafx.fxml.FXMLLoader.loadImpl(FXMLLoader.java:2563)
	at javafx.fxml@21.0.1/javafx.fxml.FXMLLoader.load(FXMLLoader.java:2531)
	at pe.crediactiva.app.view.asesor.AsesorMainController.handleSimulador(AsesorMainController.java:230)
	at java.base/jdk.internal.reflect.DirectMethodHandleAccessor.invoke(DirectMethodHandleAccessor.java:103)
	at java.base/java.lang.reflect.Method.invoke(Method.java:580)
	at com.sun.javafx.reflect.Trampoline.invoke(MethodUtil.java:72)
	at java.base/jdk.internal.reflect.DirectMethodHandleAccessor.invoke(DirectMethodHandleAccessor.java:103)
	at java.base/java.lang.reflect.Method.invoke(Method.java:580)
	at javafx.base@21.0.1/com.sun.javafx.reflect.MethodUtil.invoke(MethodUtil.java:270)
	at javafx.fxml@21.0.1/com.sun.javafx.fxml.MethodHelper.invoke(MethodHelper.java:84)
	at javafx.fxml@21.0.1/javafx.fxml.FXMLLoader$MethodHandler.invoke(FXMLLoader.java:1855)
	at javafx.fxml@21.0.1/javafx.fxml.FXMLLoader$ControllerMethodEventHandler.handle(FXMLLoader.java:1726)
	at javafx.base@21.0.1/com.sun.javafx.event.CompositeEventHandler.dispatchBubblingEvent(CompositeEventHandler.java:86)
	at javafx.base@21.0.1/com.sun.javafx.event.EventHandlerManager.dispatchBubblingEvent(EventHandlerManager.java:232)
	at javafx.base@21.0.1/com.sun.javafx.event.EventHandlerManager.dispatchBubblingEvent(EventHandlerManager.java:189)
	at javafx.base@21.0.1/com.sun.javafx.event.CompositeEventDispatcher.dispatchBubblingEvent(CompositeEventDispatcher.java:59)
	at javafx.base@21.0.1/com.sun.javafx.event.BasicEventDispatcher.dispatchEvent(BasicEventDispatcher.java:58)
	at javafx.base@21.0.1/com.sun.javafx.event.EventDispatchChainImpl.dispatchEvent(EventDispatchChainImpl.java:114)
	at javafx.base@21.0.1/com.sun.javafx.event.BasicEventDispatcher.dispatchEvent(BasicEventDispatcher.java:56)
	at javafx.base@21.0.1/com.sun.javafx.event.EventDispatchChainImpl.dispatchEvent(EventDispatchChainImpl.java:114)
	at javafx.base@21.0.1/com.sun.javafx.event.BasicEventDispatcher.dispatchEvent(BasicEventDispatcher.java:56)
	at javafx.base@21.0.1/com.sun.javafx.event.EventDispatchChainImpl.dispatchEvent(EventDispatchChainImpl.java:114)
	at javafx.base@21.0.1/com.sun.javafx.event.BasicEventDispatcher.dispatchEvent(BasicEventDispatcher.java:56)
	at javafx.base@21.0.1/com.sun.javafx.event.EventDispatchChainImpl.dispatchEvent(EventDispatchChainImpl.java:114)
	at javafx.base@21.0.1/com.sun.javafx.event.EventUtil.fireEventImpl(EventUtil.java:74)
	at javafx.base@21.0.1/com.sun.javafx.event.EventUtil.fireEvent(EventUtil.java:49)
	at javafx.base@21.0.1/javafx.event.Event.fireEvent(Event.java:198)
	at javafx.graphics@21.0.1/javafx.scene.Node.fireEvent(Node.java:8875)
	at javafx.controls@21.0.1/javafx.scene.control.Button.fire(Button.java:203)
	at javafx.controls@21.0.1/com.sun.javafx.scene.control.behavior.ButtonBehavior.mouseReleased(ButtonBehavior.java:207)
	at javafx.controls@21.0.1/com.sun.javafx.scene.control.inputmap.InputMap.handle(InputMap.java:274)
	at javafx.base@21.0.1/com.sun.javafx.event.CompositeEventHandler$NormalEventHandlerRecord.handleBubblingEvent(CompositeEventHandler.java:247)
	at javafx.base@21.0.1/com.sun.javafx.event.CompositeEventHandler.dispatchBubblingEvent(CompositeEventHandler.java:80)
	at javafx.base@21.0.1/com.sun.javafx.event.EventHandlerManager.dispatchBubblingEvent(EventHandlerManager.java:232)
	at javafx.base@21.0.1/com.sun.javafx.event.EventHandlerManager.dispatchBubblingEvent(EventHandlerManager.java:189)
	at javafx.base@21.0.1/com.sun.javafx.event.CompositeEventDispatcher.dispatchBubblingEvent(CompositeEventDispatcher.java:59)
	at javafx.base@21.0.1/com.sun.javafx.event.BasicEventDispatcher.dispatchEvent(BasicEventDispatcher.java:58)
	at javafx.base@21.0.1/com.sun.javafx.event.EventDispatchChainImpl.dispatchEvent(EventDispatchChainImpl.java:114)
	at javafx.base@21.0.1/com.sun.javafx.event.BasicEventDispatcher.dispatchEvent(BasicEventDispatcher.java:56)
	at javafx.base@21.0.1/com.sun.javafx.event.EventDispatchChainImpl.dispatchEvent(EventDispatchChainImpl.java:114)
	at javafx.base@21.0.1/com.sun.javafx.event.BasicEventDispatcher.dispatchEvent(BasicEventDispatcher.java:56)
	at javafx.base@21.0.1/com.sun.javafx.event.EventDispatchChainImpl.dispatchEvent(EventDispatchChainImpl.java:114)
	at javafx.base@21.0.1/com.sun.javafx.event.BasicEventDispatcher.dispatchEvent(BasicEventDispatcher.java:56)
	at javafx.base@21.0.1/com.sun.javafx.event.EventDispatchChainImpl.dispatchEvent(EventDispatchChainImpl.java:114)
	at javafx.base@21.0.1/com.sun.javafx.event.EventUtil.fireEventImpl(EventUtil.java:74)
	at javafx.base@21.0.1/com.sun.javafx.event.EventUtil.fireEvent(EventUtil.java:54)
	at javafx.base@21.0.1/javafx.event.Event.fireEvent(Event.java:198)
	at javafx.graphics@21.0.1/javafx.scene.Scene$MouseHandler.process(Scene.java:3984)
	at javafx.graphics@21.0.1/javafx.scene.Scene.processMouseEvent(Scene.java:1890)
	at javafx.graphics@21.0.1/javafx.scene.Scene$ScenePeerListener.mouseEvent(Scene.java:2708)
	at javafx.graphics@21.0.1/com.sun.javafx.tk.quantum.GlassViewEventHandler$MouseEventNotification.run(GlassViewEventHandler.java:411)
	at javafx.graphics@21.0.1/com.sun.javafx.tk.quantum.GlassViewEventHandler$MouseEventNotification.run(GlassViewEventHandler.java:301)
	at java.base/java.security.AccessController.doPrivileged(AccessController.java:400)
	at javafx.graphics@21.0.1/com.sun.javafx.tk.quantum.GlassViewEventHandler.lambda$handleMouseEvent$2(GlassViewEventHandler.java:450)
	at javafx.graphics@21.0.1/com.sun.javafx.tk.quantum.QuantumToolkit.runWithoutRenderLock(QuantumToolkit.java:424)
	at javafx.graphics@21.0.1/com.sun.javafx.tk.quantum.GlassViewEventHandler.handleMouseEvent(GlassViewEventHandler.java:449)
	at javafx.graphics@21.0.1/com.sun.glass.ui.View.handleMouseEvent(View.java:551)
	at javafx.graphics@21.0.1/com.sun.glass.ui.View.notifyMouse(View.java:937)
	at javafx.graphics@21.0.1/com.sun.glass.ui.win.WinApplication._runLoop(Native Method)
	at javafx.graphics@21.0.1/com.sun.glass.ui.win.WinApplication.lambda$runLoop$3(WinApplication.java:185)
	at java.base/java.lang.Thread.run(Thread.java:1583)
2025-10-06 10:42:50 [JavaFX Application Thread] INFO  p.c.a.v.asesor.AsesorMainController - Intentando cargar gestión de clientes...
2025-10-06 10:42:50 [JavaFX Application Thread] INFO  p.c.a.v.asesor.AsesorMainController - Cargada gestión de clientes exitosamente
2025-10-06 10:43:01 [JavaFX Application Thread] INFO  p.c.a.v.asesor.AsesorMainController - Intentando cargar solicitud de préstamo...
2025-10-06 10:43:01 [JavaFX Application Thread] INFO  p.c.a.v.asesor.AsesorMainController - Cargada solicitud de préstamo exitosamente
2025-10-06 10:43:02 [JavaFX Application Thread] INFO  p.c.a.v.asesor.AsesorMainController - Intentando cargar gestión de clientes...
2025-10-06 10:43:02 [JavaFX Application Thread] INFO  p.c.a.v.asesor.AsesorMainController - Cargada gestión de clientes exitosamente
2025-10-06 10:43:04 [JavaFX Application Thread] INFO  p.c.a.v.asesor.AsesorMainController - Intentando cargar gestión de clientes...
2025-10-06 10:43:04 [JavaFX Application Thread] INFO  p.c.a.v.asesor.AsesorMainController - Cargada gestión de clientes exitosamente
2025-10-06 10:46:53 [JavaFX Application Thread] INFO  p.c.a.v.asesor.AsesorMainController - Intentando cargar solicitud de préstamo...
2025-10-06 10:46:53 [JavaFX Application Thread] INFO  p.c.a.v.asesor.AsesorMainController - Cargada solicitud de préstamo exitosamente
2025-10-06 10:46:55 [JavaFX Application Thread] ERROR p.c.a.v.asesor.AsesorMainController - Error al cargar simulador
javafx.fxml.LoadException: String is not a valid type.
/C:/Users/USER/OneDrive/Escritorio/proyecto_v4.0/target/classes/fxml/asesor/SimuladorView.fxml:39

	at javafx.fxml@21.0.1/javafx.fxml.FXMLLoader.constructLoadException(FXMLLoader.java:2718)
	at javafx.fxml@21.0.1/javafx.fxml.FXMLLoader.createElement(FXMLLoader.java:2920)
	at javafx.fxml@21.0.1/javafx.fxml.FXMLLoader.processStartElement(FXMLLoader.java:2850)
	at javafx.fxml@21.0.1/javafx.fxml.FXMLLoader.loadImpl(FXMLLoader.java:2649)
	at javafx.fxml@21.0.1/javafx.fxml.FXMLLoader.loadImpl(FXMLLoader.java:2563)
	at javafx.fxml@21.0.1/javafx.fxml.FXMLLoader.load(FXMLLoader.java:2531)
	at pe.crediactiva.app.view.asesor.AsesorMainController.handleSimulador(AsesorMainController.java:230)
	at java.base/jdk.internal.reflect.DirectMethodHandleAccessor.invoke(DirectMethodHandleAccessor.java:103)
	at java.base/java.lang.reflect.Method.invoke(Method.java:580)
	at com.sun.javafx.reflect.Trampoline.invoke(MethodUtil.java:72)
	at java.base/jdk.internal.reflect.DirectMethodHandleAccessor.invoke(DirectMethodHandleAccessor.java:103)
	at java.base/java.lang.reflect.Method.invoke(Method.java:580)
	at javafx.base@21.0.1/com.sun.javafx.reflect.MethodUtil.invoke(MethodUtil.java:270)
	at javafx.fxml@21.0.1/com.sun.javafx.fxml.MethodHelper.invoke(MethodHelper.java:84)
	at javafx.fxml@21.0.1/javafx.fxml.FXMLLoader$MethodHandler.invoke(FXMLLoader.java:1855)
	at javafx.fxml@21.0.1/javafx.fxml.FXMLLoader$ControllerMethodEventHandler.handle(FXMLLoader.java:1726)
	at javafx.base@21.0.1/com.sun.javafx.event.CompositeEventHandler.dispatchBubblingEvent(CompositeEventHandler.java:86)
	at javafx.base@21.0.1/com.sun.javafx.event.EventHandlerManager.dispatchBubblingEvent(EventHandlerManager.java:232)
	at javafx.base@21.0.1/com.sun.javafx.event.EventHandlerManager.dispatchBubblingEvent(EventHandlerManager.java:189)
	at javafx.base@21.0.1/com.sun.javafx.event.CompositeEventDispatcher.dispatchBubblingEvent(CompositeEventDispatcher.java:59)
	at javafx.base@21.0.1/com.sun.javafx.event.BasicEventDispatcher.dispatchEvent(BasicEventDispatcher.java:58)
	at javafx.base@21.0.1/com.sun.javafx.event.EventDispatchChainImpl.dispatchEvent(EventDispatchChainImpl.java:114)
	at javafx.base@21.0.1/com.sun.javafx.event.BasicEventDispatcher.dispatchEvent(BasicEventDispatcher.java:56)
	at javafx.base@21.0.1/com.sun.javafx.event.EventDispatchChainImpl.dispatchEvent(EventDispatchChainImpl.java:114)
	at javafx.base@21.0.1/com.sun.javafx.event.BasicEventDispatcher.dispatchEvent(BasicEventDispatcher.java:56)
	at javafx.base@21.0.1/com.sun.javafx.event.EventDispatchChainImpl.dispatchEvent(EventDispatchChainImpl.java:114)
	at javafx.base@21.0.1/com.sun.javafx.event.BasicEventDispatcher.dispatchEvent(BasicEventDispatcher.java:56)
	at javafx.base@21.0.1/com.sun.javafx.event.EventDispatchChainImpl.dispatchEvent(EventDispatchChainImpl.java:114)
	at javafx.base@21.0.1/com.sun.javafx.event.EventUtil.fireEventImpl(EventUtil.java:74)
	at javafx.base@21.0.1/com.sun.javafx.event.EventUtil.fireEvent(EventUtil.java:49)
	at javafx.base@21.0.1/javafx.event.Event.fireEvent(Event.java:198)
	at javafx.graphics@21.0.1/javafx.scene.Node.fireEvent(Node.java:8875)
	at javafx.controls@21.0.1/javafx.scene.control.Button.fire(Button.java:203)
	at javafx.controls@21.0.1/com.sun.javafx.scene.control.behavior.ButtonBehavior.mouseReleased(ButtonBehavior.java:207)
	at javafx.controls@21.0.1/com.sun.javafx.scene.control.inputmap.InputMap.handle(InputMap.java:274)
	at javafx.base@21.0.1/com.sun.javafx.event.CompositeEventHandler$NormalEventHandlerRecord.handleBubblingEvent(CompositeEventHandler.java:247)
	at javafx.base@21.0.1/com.sun.javafx.event.CompositeEventHandler.dispatchBubblingEvent(CompositeEventHandler.java:80)
	at javafx.base@21.0.1/com.sun.javafx.event.EventHandlerManager.dispatchBubblingEvent(EventHandlerManager.java:232)
	at javafx.base@21.0.1/com.sun.javafx.event.EventHandlerManager.dispatchBubblingEvent(EventHandlerManager.java:189)
	at javafx.base@21.0.1/com.sun.javafx.event.CompositeEventDispatcher.dispatchBubblingEvent(CompositeEventDispatcher.java:59)
	at javafx.base@21.0.1/com.sun.javafx.event.BasicEventDispatcher.dispatchEvent(BasicEventDispatcher.java:58)
	at javafx.base@21.0.1/com.sun.javafx.event.EventDispatchChainImpl.dispatchEvent(EventDispatchChainImpl.java:114)
	at javafx.base@21.0.1/com.sun.javafx.event.BasicEventDispatcher.dispatchEvent(BasicEventDispatcher.java:56)
	at javafx.base@21.0.1/com.sun.javafx.event.EventDispatchChainImpl.dispatchEvent(EventDispatchChainImpl.java:114)
	at javafx.base@21.0.1/com.sun.javafx.event.BasicEventDispatcher.dispatchEvent(BasicEventDispatcher.java:56)
	at javafx.base@21.0.1/com.sun.javafx.event.EventDispatchChainImpl.dispatchEvent(EventDispatchChainImpl.java:114)
	at javafx.base@21.0.1/com.sun.javafx.event.BasicEventDispatcher.dispatchEvent(BasicEventDispatcher.java:56)
	at javafx.base@21.0.1/com.sun.javafx.event.EventDispatchChainImpl.dispatchEvent(EventDispatchChainImpl.java:114)
	at javafx.base@21.0.1/com.sun.javafx.event.EventUtil.fireEventImpl(EventUtil.java:74)
	at javafx.base@21.0.1/com.sun.javafx.event.EventUtil.fireEvent(EventUtil.java:54)
	at javafx.base@21.0.1/javafx.event.Event.fireEvent(Event.java:198)
	at javafx.graphics@21.0.1/javafx.scene.Scene$MouseHandler.process(Scene.java:3984)
	at javafx.graphics@21.0.1/javafx.scene.Scene.processMouseEvent(Scene.java:1890)
	at javafx.graphics@21.0.1/javafx.scene.Scene$ScenePeerListener.mouseEvent(Scene.java:2708)
	at javafx.graphics@21.0.1/com.sun.javafx.tk.quantum.GlassViewEventHandler$MouseEventNotification.run(GlassViewEventHandler.java:411)
	at javafx.graphics@21.0.1/com.sun.javafx.tk.quantum.GlassViewEventHandler$MouseEventNotification.run(GlassViewEventHandler.java:301)
	at java.base/java.security.AccessController.doPrivileged(AccessController.java:400)
	at javafx.graphics@21.0.1/com.sun.javafx.tk.quantum.GlassViewEventHandler.lambda$handleMouseEvent$2(GlassViewEventHandler.java:450)
	at javafx.graphics@21.0.1/com.sun.javafx.tk.quantum.QuantumToolkit.runWithoutRenderLock(QuantumToolkit.java:424)
	at javafx.graphics@21.0.1/com.sun.javafx.tk.quantum.GlassViewEventHandler.handleMouseEvent(GlassViewEventHandler.java:449)
	at javafx.graphics@21.0.1/com.sun.glass.ui.View.handleMouseEvent(View.java:551)
	at javafx.graphics@21.0.1/com.sun.glass.ui.View.notifyMouse(View.java:937)
	at javafx.graphics@21.0.1/com.sun.glass.ui.win.WinApplication._runLoop(Native Method)
	at javafx.graphics@21.0.1/com.sun.glass.ui.win.WinApplication.lambda$runLoop$3(WinApplication.java:185)
	at java.base/java.lang.Thread.run(Thread.java:1583)
2025-10-06 10:47:01 [JavaFX Application Thread] ERROR p.c.a.v.asesor.AsesorMainController - Error al cargar registro de cobro
javafx.fxml.LoadException: String is not a valid type.
/C:/Users/USER/OneDrive/Escritorio/proyecto_v4.0/target/classes/fxml/asesor/RegistrarCobroView.fxml:120

	at javafx.fxml@21.0.1/javafx.fxml.FXMLLoader.constructLoadException(FXMLLoader.java:2718)
	at javafx.fxml@21.0.1/javafx.fxml.FXMLLoader.createElement(FXMLLoader.java:2920)
	at javafx.fxml@21.0.1/javafx.fxml.FXMLLoader.processStartElement(FXMLLoader.java:2850)
	at javafx.fxml@21.0.1/javafx.fxml.FXMLLoader.loadImpl(FXMLLoader.java:2649)
	at javafx.fxml@21.0.1/javafx.fxml.FXMLLoader.loadImpl(FXMLLoader.java:2563)
	at javafx.fxml@21.0.1/javafx.fxml.FXMLLoader.load(FXMLLoader.java:2531)
	at pe.crediactiva.app.view.asesor.AsesorMainController.handleRegistrarCobro(AsesorMainController.java:251)
	at java.base/jdk.internal.reflect.DirectMethodHandleAccessor.invoke(DirectMethodHandleAccessor.java:103)
	at java.base/java.lang.reflect.Method.invoke(Method.java:580)
	at com.sun.javafx.reflect.Trampoline.invoke(MethodUtil.java:72)
	at java.base/jdk.internal.reflect.DirectMethodHandleAccessor.invoke(DirectMethodHandleAccessor.java:103)
	at java.base/java.lang.reflect.Method.invoke(Method.java:580)
	at javafx.base@21.0.1/com.sun.javafx.reflect.MethodUtil.invoke(MethodUtil.java:270)
	at javafx.fxml@21.0.1/com.sun.javafx.fxml.MethodHelper.invoke(MethodHelper.java:84)
	at javafx.fxml@21.0.1/javafx.fxml.FXMLLoader$MethodHandler.invoke(FXMLLoader.java:1855)
	at javafx.fxml@21.0.1/javafx.fxml.FXMLLoader$ControllerMethodEventHandler.handle(FXMLLoader.java:1726)
	at javafx.base@21.0.1/com.sun.javafx.event.CompositeEventHandler.dispatchBubblingEvent(CompositeEventHandler.java:86)
	at javafx.base@21.0.1/com.sun.javafx.event.EventHandlerManager.dispatchBubblingEvent(EventHandlerManager.java:232)
	at javafx.base@21.0.1/com.sun.javafx.event.EventHandlerManager.dispatchBubblingEvent(EventHandlerManager.java:189)
	at javafx.base@21.0.1/com.sun.javafx.event.CompositeEventDispatcher.dispatchBubblingEvent(CompositeEventDispatcher.java:59)
	at javafx.base@21.0.1/com.sun.javafx.event.BasicEventDispatcher.dispatchEvent(BasicEventDispatcher.java:58)
	at javafx.base@21.0.1/com.sun.javafx.event.EventDispatchChainImpl.dispatchEvent(EventDispatchChainImpl.java:114)
	at javafx.base@21.0.1/com.sun.javafx.event.BasicEventDispatcher.dispatchEvent(BasicEventDispatcher.java:56)
	at javafx.base@21.0.1/com.sun.javafx.event.EventDispatchChainImpl.dispatchEvent(EventDispatchChainImpl.java:114)
	at javafx.base@21.0.1/com.sun.javafx.event.BasicEventDispatcher.dispatchEvent(BasicEventDispatcher.java:56)
	at javafx.base@21.0.1/com.sun.javafx.event.EventDispatchChainImpl.dispatchEvent(EventDispatchChainImpl.java:114)
	at javafx.base@21.0.1/com.sun.javafx.event.BasicEventDispatcher.dispatchEvent(BasicEventDispatcher.java:56)
	at javafx.base@21.0.1/com.sun.javafx.event.EventDispatchChainImpl.dispatchEvent(EventDispatchChainImpl.java:114)
	at javafx.base@21.0.1/com.sun.javafx.event.EventUtil.fireEventImpl(EventUtil.java:74)
	at javafx.base@21.0.1/com.sun.javafx.event.EventUtil.fireEvent(EventUtil.java:49)
	at javafx.base@21.0.1/javafx.event.Event.fireEvent(Event.java:198)
	at javafx.graphics@21.0.1/javafx.scene.Node.fireEvent(Node.java:8875)
	at javafx.controls@21.0.1/javafx.scene.control.Button.fire(Button.java:203)
	at javafx.controls@21.0.1/com.sun.javafx.scene.control.behavior.ButtonBehavior.mouseReleased(ButtonBehavior.java:207)
	at javafx.controls@21.0.1/com.sun.javafx.scene.control.inputmap.InputMap.handle(InputMap.java:274)
	at javafx.base@21.0.1/com.sun.javafx.event.CompositeEventHandler$NormalEventHandlerRecord.handleBubblingEvent(CompositeEventHandler.java:247)
	at javafx.base@21.0.1/com.sun.javafx.event.CompositeEventHandler.dispatchBubblingEvent(CompositeEventHandler.java:80)
	at javafx.base@21.0.1/com.sun.javafx.event.EventHandlerManager.dispatchBubblingEvent(EventHandlerManager.java:232)
	at javafx.base@21.0.1/com.sun.javafx.event.EventHandlerManager.dispatchBubblingEvent(EventHandlerManager.java:189)
	at javafx.base@21.0.1/com.sun.javafx.event.CompositeEventDispatcher.dispatchBubblingEvent(CompositeEventDispatcher.java:59)
	at javafx.base@21.0.1/com.sun.javafx.event.BasicEventDispatcher.dispatchEvent(BasicEventDispatcher.java:58)
	at javafx.base@21.0.1/com.sun.javafx.event.EventDispatchChainImpl.dispatchEvent(EventDispatchChainImpl.java:114)
	at javafx.base@21.0.1/com.sun.javafx.event.BasicEventDispatcher.dispatchEvent(BasicEventDispatcher.java:56)
	at javafx.base@21.0.1/com.sun.javafx.event.EventDispatchChainImpl.dispatchEvent(EventDispatchChainImpl.java:114)
	at javafx.base@21.0.1/com.sun.javafx.event.BasicEventDispatcher.dispatchEvent(BasicEventDispatcher.java:56)
	at javafx.base@21.0.1/com.sun.javafx.event.EventDispatchChainImpl.dispatchEvent(EventDispatchChainImpl.java:114)
	at javafx.base@21.0.1/com.sun.javafx.event.BasicEventDispatcher.dispatchEvent(BasicEventDispatcher.java:56)
	at javafx.base@21.0.1/com.sun.javafx.event.EventDispatchChainImpl.dispatchEvent(EventDispatchChainImpl.java:114)
	at javafx.base@21.0.1/com.sun.javafx.event.EventUtil.fireEventImpl(EventUtil.java:74)
	at javafx.base@21.0.1/com.sun.javafx.event.EventUtil.fireEvent(EventUtil.java:54)
	at javafx.base@21.0.1/javafx.event.Event.fireEvent(Event.java:198)
	at javafx.graphics@21.0.1/javafx.scene.Scene$MouseHandler.process(Scene.java:3984)
	at javafx.graphics@21.0.1/javafx.scene.Scene.processMouseEvent(Scene.java:1890)
	at javafx.graphics@21.0.1/javafx.scene.Scene$ScenePeerListener.mouseEvent(Scene.java:2708)
	at javafx.graphics@21.0.1/com.sun.javafx.tk.quantum.GlassViewEventHandler$MouseEventNotification.run(GlassViewEventHandler.java:411)
	at javafx.graphics@21.0.1/com.sun.javafx.tk.quantum.GlassViewEventHandler$MouseEventNotification.run(GlassViewEventHandler.java:301)
	at java.base/java.security.AccessController.doPrivileged(AccessController.java:400)
	at javafx.graphics@21.0.1/com.sun.javafx.tk.quantum.GlassViewEventHandler.lambda$handleMouseEvent$2(GlassViewEventHandler.java:450)
	at javafx.graphics@21.0.1/com.sun.javafx.tk.quantum.QuantumToolkit.runWithoutRenderLock(QuantumToolkit.java:424)
	at javafx.graphics@21.0.1/com.sun.javafx.tk.quantum.GlassViewEventHandler.handleMouseEvent(GlassViewEventHandler.java:449)
	at javafx.graphics@21.0.1/com.sun.glass.ui.View.handleMouseEvent(View.java:551)
	at javafx.graphics@21.0.1/com.sun.glass.ui.View.notifyMouse(View.java:937)
	at javafx.graphics@21.0.1/com.sun.glass.ui.win.WinApplication._runLoop(Native Method)
	at javafx.graphics@21.0.1/com.sun.glass.ui.win.WinApplication.lambda$runLoop$3(WinApplication.java:185)
	at java.base/java.lang.Thread.run(Thread.java:1583)
2025-10-06 10:47:19 [JavaFX Application Thread] INFO  p.c.app.config.DatabaseConfig - Pool de conexiones cerrado correctamente
2025-10-06 10:47:19 [JavaFX Application Thread] INFO  pe.crediactiva.app.Main - Aplicación CrediActiva cerrada
2025-10-06 10:49:27 [main] INFO  pe.crediactiva.app.Main - Iniciando aplicación CrediActiva Desktop v1.0.0
2025-10-06 10:49:27 [JavaFX Application Thread] INFO  pe.crediactiva.app.Main - Icono no encontrado, continuando sin icono
2025-10-06 10:49:27 [JavaFX Application Thread] INFO  p.c.app.config.DatabaseConfig - Propiedades de base de datos cargadas correctamente
2025-10-06 10:49:27 [JavaFX Application Thread] INFO  p.c.app.config.DatabaseConfig - Pool de conexiones HikariCP inicializado correctamente
2025-10-06 10:49:27 [JavaFX Application Thread] INFO  pe.crediactiva.app.Main - Aplicación CrediActiva iniciada correctamente
2025-10-06 10:49:48 [JavaFX Application Thread] INFO  p.c.app.dao.impl.UsuarioDAOImpl - Usuario autenticado exitosamente: 12345678
2025-10-06 10:49:48 [JavaFX Application Thread] INFO  p.c.a.service.AuthenticationService - Usuario autenticado exitosamente: 12345678 - ASESOR
2025-10-06 10:49:48 [JavaFX Application Thread] INFO  p.c.app.view.LoginController - Usuario autenticado exitosamente: 12345678
2025-10-06 10:49:49 [JavaFX Application Thread] INFO  p.c.app.view.LoginController - Usuario redirigido a pantalla principal: ASESOR
2025-10-06 10:49:51 [JavaFX Application Thread] INFO  p.c.a.v.asesor.AsesorMainController - Intentando cargar gestión de clientes...
2025-10-06 10:49:51 [JavaFX Application Thread] INFO  p.c.a.v.asesor.AsesorMainController - Cargada gestión de clientes exitosamente
2025-10-06 10:53:33 [JavaFX Application Thread] ERROR p.c.a.v.asesor.AsesorMainController - Error al cargar cartera
javafx.fxml.LoadException: String is not a valid type.
/C:/Users/USER/OneDrive/Escritorio/proyecto_v4.0/target/classes/fxml/asesor/CarteraView.fxml:66

	at javafx.fxml@21.0.1/javafx.fxml.FXMLLoader.constructLoadException(FXMLLoader.java:2718)
	at javafx.fxml@21.0.1/javafx.fxml.FXMLLoader.createElement(FXMLLoader.java:2920)
	at javafx.fxml@21.0.1/javafx.fxml.FXMLLoader.processStartElement(FXMLLoader.java:2850)
	at javafx.fxml@21.0.1/javafx.fxml.FXMLLoader.loadImpl(FXMLLoader.java:2649)
	at javafx.fxml@21.0.1/javafx.fxml.FXMLLoader.loadImpl(FXMLLoader.java:2563)
	at javafx.fxml@21.0.1/javafx.fxml.FXMLLoader.load(FXMLLoader.java:2531)
	at pe.crediactiva.app.view.asesor.AsesorMainController.handleCartera(AsesorMainController.java:274)
	at java.base/jdk.internal.reflect.DirectMethodHandleAccessor.invoke(DirectMethodHandleAccessor.java:103)
	at java.base/java.lang.reflect.Method.invoke(Method.java:580)
	at com.sun.javafx.reflect.Trampoline.invoke(MethodUtil.java:72)
	at java.base/jdk.internal.reflect.DirectMethodHandleAccessor.invoke(DirectMethodHandleAccessor.java:103)
	at java.base/java.lang.reflect.Method.invoke(Method.java:580)
	at javafx.base@21.0.1/com.sun.javafx.reflect.MethodUtil.invoke(MethodUtil.java:270)
	at javafx.fxml@21.0.1/com.sun.javafx.fxml.MethodHelper.invoke(MethodHelper.java:84)
	at javafx.fxml@21.0.1/javafx.fxml.FXMLLoader$MethodHandler.invoke(FXMLLoader.java:1855)
	at javafx.fxml@21.0.1/javafx.fxml.FXMLLoader$ControllerMethodEventHandler.handle(FXMLLoader.java:1726)
	at javafx.base@21.0.1/com.sun.javafx.event.CompositeEventHandler.dispatchBubblingEvent(CompositeEventHandler.java:86)
	at javafx.base@21.0.1/com.sun.javafx.event.EventHandlerManager.dispatchBubblingEvent(EventHandlerManager.java:232)
	at javafx.base@21.0.1/com.sun.javafx.event.EventHandlerManager.dispatchBubblingEvent(EventHandlerManager.java:189)
	at javafx.base@21.0.1/com.sun.javafx.event.CompositeEventDispatcher.dispatchBubblingEvent(CompositeEventDispatcher.java:59)
	at javafx.base@21.0.1/com.sun.javafx.event.BasicEventDispatcher.dispatchEvent(BasicEventDispatcher.java:58)
	at javafx.base@21.0.1/com.sun.javafx.event.EventDispatchChainImpl.dispatchEvent(EventDispatchChainImpl.java:114)
	at javafx.base@21.0.1/com.sun.javafx.event.BasicEventDispatcher.dispatchEvent(BasicEventDispatcher.java:56)
	at javafx.base@21.0.1/com.sun.javafx.event.EventDispatchChainImpl.dispatchEvent(EventDispatchChainImpl.java:114)
	at javafx.base@21.0.1/com.sun.javafx.event.BasicEventDispatcher.dispatchEvent(BasicEventDispatcher.java:56)
	at javafx.base@21.0.1/com.sun.javafx.event.EventDispatchChainImpl.dispatchEvent(EventDispatchChainImpl.java:114)
	at javafx.base@21.0.1/com.sun.javafx.event.BasicEventDispatcher.dispatchEvent(BasicEventDispatcher.java:56)
	at javafx.base@21.0.1/com.sun.javafx.event.EventDispatchChainImpl.dispatchEvent(EventDispatchChainImpl.java:114)
	at javafx.base@21.0.1/com.sun.javafx.event.EventUtil.fireEventImpl(EventUtil.java:74)
	at javafx.base@21.0.1/com.sun.javafx.event.EventUtil.fireEvent(EventUtil.java:49)
	at javafx.base@21.0.1/javafx.event.Event.fireEvent(Event.java:198)
	at javafx.graphics@21.0.1/javafx.scene.Node.fireEvent(Node.java:8875)
	at javafx.controls@21.0.1/javafx.scene.control.Button.fire(Button.java:203)
	at javafx.controls@21.0.1/com.sun.javafx.scene.control.behavior.ButtonBehavior.mouseReleased(ButtonBehavior.java:207)
	at javafx.controls@21.0.1/com.sun.javafx.scene.control.inputmap.InputMap.handle(InputMap.java:274)
	at javafx.base@21.0.1/com.sun.javafx.event.CompositeEventHandler$NormalEventHandlerRecord.handleBubblingEvent(CompositeEventHandler.java:247)
	at javafx.base@21.0.1/com.sun.javafx.event.CompositeEventHandler.dispatchBubblingEvent(CompositeEventHandler.java:80)
	at javafx.base@21.0.1/com.sun.javafx.event.EventHandlerManager.dispatchBubblingEvent(EventHandlerManager.java:232)
	at javafx.base@21.0.1/com.sun.javafx.event.EventHandlerManager.dispatchBubblingEvent(EventHandlerManager.java:189)
	at javafx.base@21.0.1/com.sun.javafx.event.CompositeEventDispatcher.dispatchBubblingEvent(CompositeEventDispatcher.java:59)
	at javafx.base@21.0.1/com.sun.javafx.event.BasicEventDispatcher.dispatchEvent(BasicEventDispatcher.java:58)
	at javafx.base@21.0.1/com.sun.javafx.event.EventDispatchChainImpl.dispatchEvent(EventDispatchChainImpl.java:114)
	at javafx.base@21.0.1/com.sun.javafx.event.BasicEventDispatcher.dispatchEvent(BasicEventDispatcher.java:56)
	at javafx.base@21.0.1/com.sun.javafx.event.EventDispatchChainImpl.dispatchEvent(EventDispatchChainImpl.java:114)
	at javafx.base@21.0.1/com.sun.javafx.event.BasicEventDispatcher.dispatchEvent(BasicEventDispatcher.java:56)
	at javafx.base@21.0.1/com.sun.javafx.event.EventDispatchChainImpl.dispatchEvent(EventDispatchChainImpl.java:114)
	at javafx.base@21.0.1/com.sun.javafx.event.BasicEventDispatcher.dispatchEvent(BasicEventDispatcher.java:56)
	at javafx.base@21.0.1/com.sun.javafx.event.EventDispatchChainImpl.dispatchEvent(EventDispatchChainImpl.java:114)
	at javafx.base@21.0.1/com.sun.javafx.event.EventUtil.fireEventImpl(EventUtil.java:74)
	at javafx.base@21.0.1/com.sun.javafx.event.EventUtil.fireEvent(EventUtil.java:54)
	at javafx.base@21.0.1/javafx.event.Event.fireEvent(Event.java:198)
	at javafx.graphics@21.0.1/javafx.scene.Scene$MouseHandler.process(Scene.java:3984)
	at javafx.graphics@21.0.1/javafx.scene.Scene.processMouseEvent(Scene.java:1890)
	at javafx.graphics@21.0.1/javafx.scene.Scene$ScenePeerListener.mouseEvent(Scene.java:2708)
	at javafx.graphics@21.0.1/com.sun.javafx.tk.quantum.GlassViewEventHandler$MouseEventNotification.run(GlassViewEventHandler.java:411)
	at javafx.graphics@21.0.1/com.sun.javafx.tk.quantum.GlassViewEventHandler$MouseEventNotification.run(GlassViewEventHandler.java:301)
	at java.base/java.security.AccessController.doPrivileged(AccessController.java:400)
	at javafx.graphics@21.0.1/com.sun.javafx.tk.quantum.GlassViewEventHandler.lambda$handleMouseEvent$2(GlassViewEventHandler.java:450)
	at javafx.graphics@21.0.1/com.sun.javafx.tk.quantum.QuantumToolkit.runWithoutRenderLock(QuantumToolkit.java:424)
	at javafx.graphics@21.0.1/com.sun.javafx.tk.quantum.GlassViewEventHandler.handleMouseEvent(GlassViewEventHandler.java:449)
	at javafx.graphics@21.0.1/com.sun.glass.ui.View.handleMouseEvent(View.java:551)
	at javafx.graphics@21.0.1/com.sun.glass.ui.View.notifyMouse(View.java:937)
	at javafx.graphics@21.0.1/com.sun.glass.ui.win.WinApplication._runLoop(Native Method)
	at javafx.graphics@21.0.1/com.sun.glass.ui.win.WinApplication.lambda$runLoop$3(WinApplication.java:185)
	at java.base/java.lang.Thread.run(Thread.java:1583)
2025-10-06 10:53:36 [JavaFX Application Thread] INFO  p.c.a.v.asesor.AsesorMainController - Intentando cargar gestión de clientes...
2025-10-06 10:53:36 [JavaFX Application Thread] INFO  p.c.a.v.asesor.AsesorMainController - Cargada gestión de clientes exitosamente
2025-10-06 10:53:37 [JavaFX Application Thread] INFO  p.c.a.v.asesor.AsesorMainController - Intentando cargar solicitud de préstamo...
2025-10-06 10:53:37 [JavaFX Application Thread] INFO  p.c.a.v.asesor.AsesorMainController - Cargada solicitud de préstamo exitosamente
2025-10-06 10:53:39 [JavaFX Application Thread] INFO  p.c.a.v.asesor.AsesorMainController - Intentando cargar gestión de clientes...
2025-10-06 10:53:39 [JavaFX Application Thread] INFO  p.c.a.v.asesor.AsesorMainController - Cargada gestión de clientes exitosamente
2025-10-06 10:58:47 [main] INFO  pe.crediactiva.app.Main - Iniciando aplicación CrediActiva Desktop v1.0.0
2025-10-06 10:58:47 [JavaFX Application Thread] INFO  pe.crediactiva.app.Main - Icono no encontrado, continuando sin icono
2025-10-06 10:58:47 [JavaFX Application Thread] INFO  p.c.app.config.DatabaseConfig - Propiedades de base de datos cargadas correctamente
2025-10-06 10:58:47 [JavaFX Application Thread] INFO  p.c.app.config.DatabaseConfig - Pool de conexiones HikariCP inicializado correctamente
2025-10-06 10:58:48 [JavaFX Application Thread] INFO  pe.crediactiva.app.Main - Aplicación CrediActiva iniciada correctamente
2025-10-06 10:58:52 [JavaFX Application Thread] INFO  p.c.app.config.DatabaseConfig - Pool de conexiones cerrado correctamente
2025-10-06 10:58:52 [JavaFX Application Thread] INFO  pe.crediactiva.app.Main - Aplicación CrediActiva cerrada
2025-10-06 10:59:09 [JavaFX Application Thread] INFO  p.c.app.dao.impl.UsuarioDAOImpl - Usuario autenticado exitosamente: 12345678
2025-10-06 10:59:09 [JavaFX Application Thread] INFO  p.c.a.service.AuthenticationService - Usuario autenticado exitosamente: 12345678 - ASESOR
2025-10-06 10:59:09 [JavaFX Application Thread] INFO  p.c.app.view.LoginController - Usuario autenticado exitosamente: 12345678
2025-10-06 10:59:10 [JavaFX Application Thread] INFO  p.c.app.view.LoginController - Usuario redirigido a pantalla principal: ASESOR
2025-10-06 10:59:12 [JavaFX Application Thread] INFO  p.c.a.v.asesor.AsesorMainController - Intentando cargar gestión de clientes...
2025-10-06 10:59:12 [JavaFX Application Thread] INFO  p.c.a.v.asesor.AsesorMainController - Cargados 2 clientes para el asesor 12345678
2025-10-06 10:59:12 [JavaFX Application Thread] INFO  p.c.a.v.asesor.AsesorMainController - Cargada gestión de clientes exitosamente
2025-10-06 11:00:55 [JavaFX Application Thread] INFO  p.c.app.config.DatabaseConfig - Pool de conexiones cerrado correctamente
2025-10-06 11:00:55 [JavaFX Application Thread] INFO  pe.crediactiva.app.Main - Aplicación CrediActiva cerrada
2025-10-06 11:02:47 [main] INFO  pe.crediactiva.app.Main - Iniciando aplicación CrediActiva Desktop v1.0.0
2025-10-06 11:02:47 [JavaFX Application Thread] INFO  pe.crediactiva.app.Main - Icono no encontrado, continuando sin icono
2025-10-06 11:02:47 [JavaFX Application Thread] INFO  p.c.app.config.DatabaseConfig - Propiedades de base de datos cargadas correctamente
2025-10-06 11:02:47 [JavaFX Application Thread] INFO  p.c.app.config.DatabaseConfig - Pool de conexiones HikariCP inicializado correctamente
2025-10-06 11:02:48 [JavaFX Application Thread] INFO  pe.crediactiva.app.Main - Aplicación CrediActiva iniciada correctamente
2025-10-06 11:03:02 [JavaFX Application Thread] INFO  p.c.app.dao.impl.UsuarioDAOImpl - Usuario autenticado exitosamente: 12345678
2025-10-06 11:03:02 [JavaFX Application Thread] INFO  p.c.a.service.AuthenticationService - Usuario autenticado exitosamente: 12345678 - ASESOR
2025-10-06 11:03:02 [JavaFX Application Thread] INFO  p.c.app.view.LoginController - Usuario autenticado exitosamente: 12345678
2025-10-06 11:03:02 [JavaFX Application Thread] INFO  p.c.app.view.LoginController - Usuario redirigido a pantalla principal: ASESOR
2025-10-06 11:03:05 [JavaFX Application Thread] INFO  p.c.a.v.asesor.AsesorMainController - Intentando cargar gestión de clientes...
2025-10-06 11:03:05 [JavaFX Application Thread] INFO  p.c.a.v.asesor.AsesorMainController - Cargados 2 clientes para el asesor 12345678
2025-10-06 11:03:05 [JavaFX Application Thread] INFO  p.c.a.v.asesor.AsesorMainController - Cargada gestión de clientes exitosamente
2025-10-06 11:06:48 [JavaFX Application Thread] INFO  p.c.app.config.DatabaseConfig - Pool de conexiones cerrado correctamente
2025-10-06 11:06:48 [JavaFX Application Thread] INFO  pe.crediactiva.app.Main - Aplicación CrediActiva cerrada
2025-10-06 11:06:55 [main] INFO  pe.crediactiva.app.Main - Iniciando aplicación CrediActiva Desktop v1.0.0
2025-10-06 11:06:55 [JavaFX Application Thread] INFO  pe.crediactiva.app.Main - Icono no encontrado, continuando sin icono
2025-10-06 11:06:55 [JavaFX Application Thread] INFO  p.c.app.config.DatabaseConfig - Propiedades de base de datos cargadas correctamente
2025-10-06 11:06:55 [JavaFX Application Thread] INFO  p.c.app.config.DatabaseConfig - Pool de conexiones HikariCP inicializado correctamente
2025-10-06 11:06:56 [JavaFX Application Thread] INFO  pe.crediactiva.app.Main - Aplicación CrediActiva iniciada correctamente
2025-10-06 11:07:11 [JavaFX Application Thread] INFO  p.c.app.dao.impl.UsuarioDAOImpl - Usuario autenticado exitosamente: 12345678
2025-10-06 11:07:11 [JavaFX Application Thread] INFO  p.c.a.service.AuthenticationService - Usuario autenticado exitosamente: 12345678 - ASESOR
2025-10-06 11:07:11 [JavaFX Application Thread] INFO  p.c.app.view.LoginController - Usuario autenticado exitosamente: 12345678
2025-10-06 11:07:11 [JavaFX Application Thread] INFO  p.c.app.view.LoginController - Usuario redirigido a pantalla principal: ASESOR
2025-10-06 11:07:16 [JavaFX Application Thread] INFO  p.c.a.v.asesor.AsesorMainController - Intentando cargar gestión de clientes...
2025-10-06 11:07:16 [JavaFX Application Thread] INFO  p.c.a.v.asesor.AsesorMainController - Cargados 2 clientes para el asesor 12345678 desde la base de datos
2025-10-06 11:07:16 [JavaFX Application Thread] INFO  p.c.a.v.asesor.AsesorMainController - Cargada gestión de clientes exitosamente
2025-10-06 11:08:00 [JavaFX Application Thread] INFO  p.c.a.v.asesor.AsesorMainController - Cargados 2 clientes para el asesor 12345678 desde la base de datos
2025-10-06 11:09:06 [JavaFX Application Thread] INFO  p.c.a.v.asesor.AsesorMainController - Intentando cargar gestión de clientes...
2025-10-06 11:09:06 [JavaFX Application Thread] INFO  p.c.a.v.asesor.AsesorMainController - Cargados 2 clientes para el asesor 12345678 desde la base de datos
2025-10-06 11:09:06 [JavaFX Application Thread] INFO  p.c.a.v.asesor.AsesorMainController - Cargada gestión de clientes exitosamente
2025-10-06 11:09:07 [JavaFX Application Thread] INFO  p.c.a.v.asesor.AsesorMainController - Intentando cargar gestión de clientes...
2025-10-06 11:09:07 [JavaFX Application Thread] INFO  p.c.a.v.asesor.AsesorMainController - Cargados 2 clientes para el asesor 12345678 desde la base de datos
2025-10-06 11:09:07 [JavaFX Application Thread] INFO  p.c.a.v.asesor.AsesorMainController - Cargada gestión de clientes exitosamente
2025-10-06 11:09:13 [JavaFX Application Thread] INFO  p.c.app.config.DatabaseConfig - Pool de conexiones cerrado correctamente
2025-10-06 11:09:13 [JavaFX Application Thread] INFO  pe.crediactiva.app.Main - Aplicación CrediActiva cerrada
2025-10-06 11:09:19 [main] INFO  pe.crediactiva.app.Main - Iniciando aplicación CrediActiva Desktop v1.0.0
2025-10-06 11:09:19 [JavaFX Application Thread] INFO  pe.crediactiva.app.Main - Icono no encontrado, continuando sin icono
2025-10-06 11:09:19 [JavaFX Application Thread] INFO  p.c.app.config.DatabaseConfig - Propiedades de base de datos cargadas correctamente
2025-10-06 11:09:19 [JavaFX Application Thread] INFO  p.c.app.config.DatabaseConfig - Pool de conexiones HikariCP inicializado correctamente
2025-10-06 11:09:20 [JavaFX Application Thread] INFO  pe.crediactiva.app.Main - Aplicación CrediActiva iniciada correctamente
2025-10-06 11:09:31 [JavaFX Application Thread] INFO  p.c.app.dao.impl.UsuarioDAOImpl - Usuario autenticado exitosamente: 12345678
2025-10-06 11:09:31 [JavaFX Application Thread] INFO  p.c.a.service.AuthenticationService - Usuario autenticado exitosamente: 12345678 - ASESOR
2025-10-06 11:09:31 [JavaFX Application Thread] INFO  p.c.app.view.LoginController - Usuario autenticado exitosamente: 12345678
2025-10-06 11:09:32 [JavaFX Application Thread] INFO  p.c.app.view.LoginController - Usuario redirigido a pantalla principal: ASESOR
2025-10-06 11:09:35 [JavaFX Application Thread] INFO  p.c.a.v.asesor.AsesorMainController - Intentando cargar gestión de clientes...
2025-10-06 11:09:35 [JavaFX Application Thread] INFO  p.c.a.v.asesor.AsesorMainController - Cargados 2 clientes para el asesor 12345678 desde la base de datos
2025-10-06 11:09:35 [JavaFX Application Thread] INFO  p.c.a.v.asesor.AsesorMainController - Cargada gestión de clientes exitosamente
2025-10-06 11:13:54 [JavaFX Application Thread] INFO  p.c.app.config.DatabaseConfig - Pool de conexiones cerrado correctamente
2025-10-06 11:13:54 [JavaFX Application Thread] INFO  pe.crediactiva.app.Main - Aplicación CrediActiva cerrada
2025-10-06 11:17:58 [main] INFO  pe.crediactiva.app.Main - Iniciando aplicación CrediActiva Desktop v1.0.0
2025-10-06 11:17:59 [JavaFX Application Thread] INFO  pe.crediactiva.app.Main - Icono no encontrado, continuando sin icono
2025-10-06 11:17:59 [JavaFX Application Thread] INFO  p.c.app.config.DatabaseConfig - Propiedades de base de datos cargadas correctamente
2025-10-06 11:17:59 [JavaFX Application Thread] INFO  p.c.app.config.DatabaseConfig - Pool de conexiones HikariCP inicializado correctamente
2025-10-06 11:18:00 [JavaFX Application Thread] INFO  pe.crediactiva.app.Main - Aplicación CrediActiva iniciada correctamente
2025-10-06 11:18:21 [JavaFX Application Thread] INFO  p.c.app.dao.impl.UsuarioDAOImpl - Usuario autenticado exitosamente: 12345678
2025-10-06 11:18:21 [JavaFX Application Thread] INFO  p.c.a.service.AuthenticationService - Usuario autenticado exitosamente: 12345678 - ASESOR
2025-10-06 11:18:21 [JavaFX Application Thread] INFO  p.c.app.view.LoginController - Usuario autenticado exitosamente: 12345678
2025-10-06 11:18:21 [JavaFX Application Thread] INFO  p.c.app.view.LoginController - Usuario redirigido a pantalla principal: ASESOR
2025-10-06 11:18:23 [JavaFX Application Thread] INFO  p.c.a.v.asesor.AsesorMainController - Intentando cargar gestión de clientes...
2025-10-06 11:18:23 [JavaFX Application Thread] INFO  p.c.a.v.asesor.AsesorMainController - Cargados 2 clientes para el asesor 12345678 desde la base de datos
2025-10-06 11:18:23 [JavaFX Application Thread] INFO  p.c.a.v.asesor.AsesorMainController - Cargada gestión de clientes exitosamente
2025-10-06 11:19:09 [JavaFX Application Thread] INFO  p.c.app.dao.impl.ClienteDAOImpl - Cliente creado exitosamente: 85858585 - raul jimenez
2025-10-06 11:19:09 [JavaFX Application Thread] ERROR p.c.app.dao.impl.AuditoriaDAOImpl - Error al crear auditoría
com.mysql.cj.jdbc.exceptions.MysqlDataTruncation: Data truncation: Invalid JSON text: "Invalid value." at position 0 in value for column 'auditoria.valor_nuevo'.
	at com.mysql.cj.jdbc.exceptions.SQLExceptionsMapping.translateException(SQLExceptionsMapping.java:104)
	at com.mysql.cj.jdbc.ClientPreparedStatement.executeInternal(ClientPreparedStatement.java:916)
	at com.mysql.cj.jdbc.ClientPreparedStatement.executeUpdateInternal(ClientPreparedStatement.java:1061)
	at com.mysql.cj.jdbc.ClientPreparedStatement.executeUpdateInternal(ClientPreparedStatement.java:1009)
	at com.mysql.cj.jdbc.ClientPreparedStatement.executeLargeUpdate(ClientPreparedStatement.java:1320)
	at com.mysql.cj.jdbc.ClientPreparedStatement.executeUpdate(ClientPreparedStatement.java:994)
	at com.zaxxer.hikari.pool.ProxyPreparedStatement.executeUpdate(ProxyPreparedStatement.java:61)
	at com.zaxxer.hikari.pool.HikariProxyPreparedStatement.executeUpdate(HikariProxyPreparedStatement.java)
	at pe.crediactiva.app.dao.impl.AuditoriaDAOImpl.create(AuditoriaDAOImpl.java:39)
	at pe.crediactiva.app.service.AuditoriaService.registrarAuditoria(AuditoriaService.java:47)
	at pe.crediactiva.app.service.ClienteService.crearCliente(ClienteService.java:38)
	at pe.crediactiva.app.view.asesor.AsesorMainController.guardarNuevoCliente(AsesorMainController.java:1092)
	at pe.crediactiva.app.view.asesor.AsesorMainController.lambda$9(AsesorMainController.java:1030)
	at javafx.base@21.0.1/com.sun.javafx.event.CompositeEventHandler.dispatchBubblingEvent(CompositeEventHandler.java:86)
	at javafx.base@21.0.1/com.sun.javafx.event.EventHandlerManager.dispatchBubblingEvent(EventHandlerManager.java:232)
	at javafx.base@21.0.1/com.sun.javafx.event.EventHandlerManager.dispatchBubblingEvent(EventHandlerManager.java:189)
	at javafx.base@21.0.1/com.sun.javafx.event.CompositeEventDispatcher.dispatchBubblingEvent(CompositeEventDispatcher.java:59)
	at javafx.base@21.0.1/com.sun.javafx.event.BasicEventDispatcher.dispatchEvent(BasicEventDispatcher.java:58)
	at javafx.base@21.0.1/com.sun.javafx.event.EventDispatchChainImpl.dispatchEvent(EventDispatchChainImpl.java:114)
	at javafx.base@21.0.1/com.sun.javafx.event.BasicEventDispatcher.dispatchEvent(BasicEventDispatcher.java:56)
	at javafx.base@21.0.1/com.sun.javafx.event.EventDispatchChainImpl.dispatchEvent(EventDispatchChainImpl.java:114)
	at javafx.base@21.0.1/com.sun.javafx.event.BasicEventDispatcher.dispatchEvent(BasicEventDispatcher.java:56)
	at javafx.base@21.0.1/com.sun.javafx.event.EventDispatchChainImpl.dispatchEvent(EventDispatchChainImpl.java:114)
	at javafx.base@21.0.1/com.sun.javafx.event.EventUtil.fireEventImpl(EventUtil.java:74)
	at javafx.base@21.0.1/com.sun.javafx.event.EventUtil.fireEvent(EventUtil.java:49)
	at javafx.base@21.0.1/javafx.event.Event.fireEvent(Event.java:198)
	at javafx.graphics@21.0.1/javafx.scene.Node.fireEvent(Node.java:8875)
	at javafx.controls@21.0.1/javafx.scene.control.Button.fire(Button.java:203)
	at javafx.controls@21.0.1/com.sun.javafx.scene.control.behavior.ButtonBehavior.mouseReleased(ButtonBehavior.java:207)
	at javafx.controls@21.0.1/com.sun.javafx.scene.control.inputmap.InputMap.handle(InputMap.java:274)
	at javafx.base@21.0.1/com.sun.javafx.event.CompositeEventHandler$NormalEventHandlerRecord.handleBubblingEvent(CompositeEventHandler.java:247)
	at javafx.base@21.0.1/com.sun.javafx.event.CompositeEventHandler.dispatchBubblingEvent(CompositeEventHandler.java:80)
	at javafx.base@21.0.1/com.sun.javafx.event.EventHandlerManager.dispatchBubblingEvent(EventHandlerManager.java:232)
	at javafx.base@21.0.1/com.sun.javafx.event.EventHandlerManager.dispatchBubblingEvent(EventHandlerManager.java:189)
	at javafx.base@21.0.1/com.sun.javafx.event.CompositeEventDispatcher.dispatchBubblingEvent(CompositeEventDispatcher.java:59)
	at javafx.base@21.0.1/com.sun.javafx.event.BasicEventDispatcher.dispatchEvent(BasicEventDispatcher.java:58)
	at javafx.base@21.0.1/com.sun.javafx.event.EventDispatchChainImpl.dispatchEvent(EventDispatchChainImpl.java:114)
	at javafx.base@21.0.1/com.sun.javafx.event.BasicEventDispatcher.dispatchEvent(BasicEventDispatcher.java:56)
	at javafx.base@21.0.1/com.sun.javafx.event.EventDispatchChainImpl.dispatchEvent(EventDispatchChainImpl.java:114)
	at javafx.base@21.0.1/com.sun.javafx.event.BasicEventDispatcher.dispatchEvent(BasicEventDispatcher.java:56)
	at javafx.base@21.0.1/com.sun.javafx.event.EventDispatchChainImpl.dispatchEvent(EventDispatchChainImpl.java:114)
	at javafx.base@21.0.1/com.sun.javafx.event.EventUtil.fireEventImpl(EventUtil.java:74)
	at javafx.base@21.0.1/com.sun.javafx.event.EventUtil.fireEvent(EventUtil.java:49)
	at javafx.base@21.0.1/javafx.event.Event.fireEvent(Event.java:198)
	at javafx.graphics@21.0.1/javafx.scene.Scene$MouseHandler.process(Scene.java:3984)
	at javafx.graphics@21.0.1/javafx.scene.Scene.processMouseEvent(Scene.java:1890)
	at javafx.graphics@21.0.1/javafx.scene.Scene$ScenePeerListener.mouseEvent(Scene.java:2708)
	at javafx.graphics@21.0.1/com.sun.javafx.tk.quantum.GlassViewEventHandler$MouseEventNotification.run(GlassViewEventHandler.java:411)
	at javafx.graphics@21.0.1/com.sun.javafx.tk.quantum.GlassViewEventHandler$MouseEventNotification.run(GlassViewEventHandler.java:301)
	at java.base/java.security.AccessController.doPrivileged(AccessController.java:400)
	at javafx.graphics@21.0.1/com.sun.javafx.tk.quantum.GlassViewEventHandler.lambda$handleMouseEvent$2(GlassViewEventHandler.java:450)
	at javafx.graphics@21.0.1/com.sun.javafx.tk.quantum.QuantumToolkit.runWithoutRenderLock(QuantumToolkit.java:424)
	at javafx.graphics@21.0.1/com.sun.javafx.tk.quantum.GlassViewEventHandler.handleMouseEvent(GlassViewEventHandler.java:449)
	at javafx.graphics@21.0.1/com.sun.glass.ui.View.handleMouseEvent(View.java:551)
	at javafx.graphics@21.0.1/com.sun.glass.ui.View.notifyMouse(View.java:937)
	at javafx.graphics@21.0.1/com.sun.glass.ui.win.WinApplication._enterNestedEventLoopImpl(Native Method)
	at javafx.graphics@21.0.1/com.sun.glass.ui.win.WinApplication._enterNestedEventLoop(WinApplication.java:212)
	at javafx.graphics@21.0.1/com.sun.glass.ui.Application.enterNestedEventLoop(Application.java:515)
	at javafx.graphics@21.0.1/com.sun.glass.ui.EventLoop.enter(EventLoop.java:107)
	at javafx.graphics@21.0.1/com.sun.javafx.tk.quantum.QuantumToolkit.enterNestedEventLoop(QuantumToolkit.java:650)
	at javafx.graphics@21.0.1/javafx.stage.Stage.showAndWait(Stage.java:469)
	at pe.crediactiva.app.view.asesor.AsesorMainController.abrirNuevoCliente(AsesorMainController.java:938)
	at pe.crediactiva.app.view.asesor.AsesorMainController.lambda$8(AsesorMainController.java:702)
	at javafx.base@21.0.1/com.sun.javafx.event.CompositeEventHandler.dispatchBubblingEvent(CompositeEventHandler.java:86)
	at javafx.base@21.0.1/com.sun.javafx.event.EventHandlerManager.dispatchBubblingEvent(EventHandlerManager.java:232)
	at javafx.base@21.0.1/com.sun.javafx.event.EventHandlerManager.dispatchBubblingEvent(EventHandlerManager.java:189)
	at javafx.base@21.0.1/com.sun.javafx.event.CompositeEventDispatcher.dispatchBubblingEvent(CompositeEventDispatcher.java:59)
	at javafx.base@21.0.1/com.sun.javafx.event.BasicEventDispatcher.dispatchEvent(BasicEventDispatcher.java:58)
	at javafx.base@21.0.1/com.sun.javafx.event.EventDispatchChainImpl.dispatchEvent(EventDispatchChainImpl.java:114)
	at javafx.base@21.0.1/com.sun.javafx.event.BasicEventDispatcher.dispatchEvent(BasicEventDispatcher.java:56)
	at javafx.base@21.0.1/com.sun.javafx.event.EventDispatchChainImpl.dispatchEvent(EventDispatchChainImpl.java:114)
	at javafx.base@21.0.1/com.sun.javafx.event.BasicEventDispatcher.dispatchEvent(BasicEventDispatcher.java:56)
	at javafx.base@21.0.1/com.sun.javafx.event.EventDispatchChainImpl.dispatchEvent(EventDispatchChainImpl.java:114)
	at javafx.base@21.0.1/com.sun.javafx.event.BasicEventDispatcher.dispatchEvent(BasicEventDispatcher.java:56)
	at javafx.base@21.0.1/com.sun.javafx.event.EventDispatchChainImpl.dispatchEvent(EventDispatchChainImpl.java:114)
	at javafx.base@21.0.1/com.sun.javafx.event.EventUtil.fireEventImpl(EventUtil.java:74)
	at javafx.base@21.0.1/com.sun.javafx.event.EventUtil.fireEvent(EventUtil.java:49)
	at javafx.base@21.0.1/javafx.event.Event.fireEvent(Event.java:198)
	at javafx.graphics@21.0.1/javafx.scene.Node.fireEvent(Node.java:8875)
	at javafx.controls@21.0.1/javafx.scene.control.Button.fire(Button.java:203)
	at javafx.controls@21.0.1/com.sun.javafx.scene.control.behavior.ButtonBehavior.mouseReleased(ButtonBehavior.java:207)
	at javafx.controls@21.0.1/com.sun.javafx.scene.control.inputmap.InputMap.handle(InputMap.java:274)
	at javafx.base@21.0.1/com.sun.javafx.event.CompositeEventHandler$NormalEventHandlerRecord.handleBubblingEvent(CompositeEventHandler.java:247)
	at javafx.base@21.0.1/com.sun.javafx.event.CompositeEventHandler.dispatchBubblingEvent(CompositeEventHandler.java:80)
	at javafx.base@21.0.1/com.sun.javafx.event.EventHandlerManager.dispatchBubblingEvent(EventHandlerManager.java:232)
	at javafx.base@21.0.1/com.sun.javafx.event.EventHandlerManager.dispatchBubblingEvent(EventHandlerManager.java:189)
	at javafx.base@21.0.1/com.sun.javafx.event.CompositeEventDispatcher.dispatchBubblingEvent(CompositeEventDispatcher.java:59)
	at javafx.base@21.0.1/com.sun.javafx.event.BasicEventDispatcher.dispatchEvent(BasicEventDispatcher.java:58)
	at javafx.base@21.0.1/com.sun.javafx.event.EventDispatchChainImpl.dispatchEvent(EventDispatchChainImpl.java:114)
	at javafx.base@21.0.1/com.sun.javafx.event.BasicEventDispatcher.dispatchEvent(BasicEventDispatcher.java:56)
	at javafx.base@21.0.1/com.sun.javafx.event.EventDispatchChainImpl.dispatchEvent(EventDispatchChainImpl.java:114)
	at javafx.base@21.0.1/com.sun.javafx.event.BasicEventDispatcher.dispatchEvent(BasicEventDispatcher.java:56)
	at javafx.base@21.0.1/com.sun.javafx.event.EventDispatchChainImpl.dispatchEvent(EventDispatchChainImpl.java:114)
	at javafx.base@21.0.1/com.sun.javafx.event.BasicEventDispatcher.dispatchEvent(BasicEventDispatcher.java:56)
	at javafx.base@21.0.1/com.sun.javafx.event.EventDispatchChainImpl.dispatchEvent(EventDispatchChainImpl.java:114)
	at javafx.base@21.0.1/com.sun.javafx.event.EventUtil.fireEventImpl(EventUtil.java:74)
	at javafx.base@21.0.1/com.sun.javafx.event.EventUtil.fireEvent(EventUtil.java:54)
	at javafx.base@21.0.1/javafx.event.Event.fireEvent(Event.java:198)
	at javafx.graphics@21.0.1/javafx.scene.Scene$MouseHandler.process(Scene.java:3984)
	at javafx.graphics@21.0.1/javafx.scene.Scene.processMouseEvent(Scene.java:1890)
	at javafx.graphics@21.0.1/javafx.scene.Scene$ScenePeerListener.mouseEvent(Scene.java:2708)
	at javafx.graphics@21.0.1/com.sun.javafx.tk.quantum.GlassViewEventHandler$MouseEventNotification.run(GlassViewEventHandler.java:411)
	at javafx.graphics@21.0.1/com.sun.javafx.tk.quantum.GlassViewEventHandler$MouseEventNotification.run(GlassViewEventHandler.java:301)
	at java.base/java.security.AccessController.doPrivileged(AccessController.java:400)
	at javafx.graphics@21.0.1/com.sun.javafx.tk.quantum.GlassViewEventHandler.lambda$handleMouseEvent$2(GlassViewEventHandler.java:450)
	at javafx.graphics@21.0.1/com.sun.javafx.tk.quantum.QuantumToolkit.runWithoutRenderLock(QuantumToolkit.java:424)
	at javafx.graphics@21.0.1/com.sun.javafx.tk.quantum.GlassViewEventHandler.handleMouseEvent(GlassViewEventHandler.java:449)
	at javafx.graphics@21.0.1/com.sun.glass.ui.View.handleMouseEvent(View.java:551)
	at javafx.graphics@21.0.1/com.sun.glass.ui.View.notifyMouse(View.java:937)
	at javafx.graphics@21.0.1/com.sun.glass.ui.win.WinApplication._runLoop(Native Method)
	at javafx.graphics@21.0.1/com.sun.glass.ui.win.WinApplication.lambda$runLoop$3(WinApplication.java:185)
	at java.base/java.lang.Thread.run(Thread.java:1583)
2025-10-06 11:19:09 [JavaFX Application Thread] ERROR p.c.app.service.AuditoriaService - Error al registrar auditoría
2025-10-06 11:19:37 [JavaFX Application Thread] INFO  p.c.a.v.asesor.AsesorMainController - Cargados 3 clientes para el asesor 12345678 desde la base de datos
2025-10-06 11:20:32 [JavaFX Application Thread] INFO  p.c.a.v.asesor.AsesorMainController - Cargados 3 clientes para el asesor 12345678 desde la base de datos
2025-10-06 11:23:15 [JavaFX Application Thread] INFO  p.c.app.config.DatabaseConfig - Pool de conexiones cerrado correctamente
2025-10-06 11:23:15 [JavaFX Application Thread] INFO  pe.crediactiva.app.Main - Aplicación CrediActiva cerrada
2025-10-06 11:23:22 [main] INFO  pe.crediactiva.app.Main - Iniciando aplicación CrediActiva Desktop v1.0.0
2025-10-06 11:23:22 [JavaFX Application Thread] INFO  pe.crediactiva.app.Main - Icono no encontrado, continuando sin icono
2025-10-06 11:23:22 [JavaFX Application Thread] INFO  p.c.app.config.DatabaseConfig - Propiedades de base de datos cargadas correctamente
2025-10-06 11:23:22 [JavaFX Application Thread] INFO  p.c.app.config.DatabaseConfig - Pool de conexiones HikariCP inicializado correctamente
2025-10-06 11:23:22 [JavaFX Application Thread] INFO  pe.crediactiva.app.Main - Aplicación CrediActiva iniciada correctamente
2025-10-06 11:23:54 [JavaFX Application Thread] INFO  p.c.app.dao.impl.UsuarioDAOImpl - Usuario autenticado exitosamente: 12345678
2025-10-06 11:23:54 [JavaFX Application Thread] INFO  p.c.a.service.AuthenticationService - Usuario autenticado exitosamente: 12345678 - ASESOR
2025-10-06 11:23:54 [JavaFX Application Thread] INFO  p.c.app.view.LoginController - Usuario autenticado exitosamente: 12345678
2025-10-06 11:23:54 [JavaFX Application Thread] INFO  p.c.app.view.LoginController - Usuario redirigido a pantalla principal: ASESOR
2025-10-06 11:23:56 [JavaFX Application Thread] INFO  p.c.a.v.asesor.AsesorMainController - Intentando cargar gestión de clientes...
2025-10-06 11:23:56 [JavaFX Application Thread] INFO  p.c.a.v.asesor.AsesorMainController - Cargados 3 clientes para el asesor 12345678 desde la base de datos
2025-10-06 11:23:56 [JavaFX Application Thread] INFO  p.c.a.v.asesor.AsesorMainController - Cargada gestión de clientes exitosamente
2025-10-06 11:24:12 [JavaFX Application Thread] INFO  p.c.a.v.asesor.AsesorMainController - Cargados 3 clientes para el asesor 12345678 desde la base de datos
2025-10-06 11:26:48 [JavaFX Application Thread] INFO  p.c.a.v.asesor.AsesorMainController - Intentando cargar gestión de clientes...
2025-10-06 11:26:48 [JavaFX Application Thread] INFO  p.c.a.v.asesor.AsesorMainController - Cargados 3 clientes para el asesor 12345678 desde la base de datos
2025-10-06 11:26:48 [JavaFX Application Thread] INFO  p.c.a.v.asesor.AsesorMainController - Cargada gestión de clientes exitosamente
2025-10-06 11:26:54 [JavaFX Application Thread] INFO  p.c.a.v.asesor.AsesorMainController - Intentando cargar solicitud de préstamo...
2025-10-06 11:26:54 [JavaFX Application Thread] INFO  p.c.a.v.asesor.AsesorMainController - Cargada solicitud de préstamo exitosamente
2025-10-06 11:27:05 [JavaFX Application Thread] ERROR p.c.a.v.asesor.AsesorMainController - Error al cargar simulador
javafx.fxml.LoadException: String is not a valid type.
/C:/Users/USER/OneDrive/Escritorio/proyecto_v4.0/target/classes/fxml/asesor/SimuladorView.fxml:39

	at javafx.fxml@21.0.1/javafx.fxml.FXMLLoader.constructLoadException(FXMLLoader.java:2718)
	at javafx.fxml@21.0.1/javafx.fxml.FXMLLoader.createElement(FXMLLoader.java:2920)
	at javafx.fxml@21.0.1/javafx.fxml.FXMLLoader.processStartElement(FXMLLoader.java:2850)
	at javafx.fxml@21.0.1/javafx.fxml.FXMLLoader.loadImpl(FXMLLoader.java:2649)
	at javafx.fxml@21.0.1/javafx.fxml.FXMLLoader.loadImpl(FXMLLoader.java:2563)
	at javafx.fxml@21.0.1/javafx.fxml.FXMLLoader.load(FXMLLoader.java:2531)
	at pe.crediactiva.app.view.asesor.AsesorMainController.handleSimulador(AsesorMainController.java:240)
	at java.base/jdk.internal.reflect.DirectMethodHandleAccessor.invoke(DirectMethodHandleAccessor.java:103)
	at java.base/java.lang.reflect.Method.invoke(Method.java:580)
	at com.sun.javafx.reflect.Trampoline.invoke(MethodUtil.java:72)
	at java.base/jdk.internal.reflect.DirectMethodHandleAccessor.invoke(DirectMethodHandleAccessor.java:103)
	at java.base/java.lang.reflect.Method.invoke(Method.java:580)
	at javafx.base@21.0.1/com.sun.javafx.reflect.MethodUtil.invoke(MethodUtil.java:270)
	at javafx.fxml@21.0.1/com.sun.javafx.fxml.MethodHelper.invoke(MethodHelper.java:84)
	at javafx.fxml@21.0.1/javafx.fxml.FXMLLoader$MethodHandler.invoke(FXMLLoader.java:1855)
	at javafx.fxml@21.0.1/javafx.fxml.FXMLLoader$ControllerMethodEventHandler.handle(FXMLLoader.java:1726)
	at javafx.base@21.0.1/com.sun.javafx.event.CompositeEventHandler.dispatchBubblingEvent(CompositeEventHandler.java:86)
	at javafx.base@21.0.1/com.sun.javafx.event.EventHandlerManager.dispatchBubblingEvent(EventHandlerManager.java:232)
	at javafx.base@21.0.1/com.sun.javafx.event.EventHandlerManager.dispatchBubblingEvent(EventHandlerManager.java:189)
	at javafx.base@21.0.1/com.sun.javafx.event.CompositeEventDispatcher.dispatchBubblingEvent(CompositeEventDispatcher.java:59)
	at javafx.base@21.0.1/com.sun.javafx.event.BasicEventDispatcher.dispatchEvent(BasicEventDispatcher.java:58)
	at javafx.base@21.0.1/com.sun.javafx.event.EventDispatchChainImpl.dispatchEvent(EventDispatchChainImpl.java:114)
	at javafx.base@21.0.1/com.sun.javafx.event.BasicEventDispatcher.dispatchEvent(BasicEventDispatcher.java:56)
	at javafx.base@21.0.1/com.sun.javafx.event.EventDispatchChainImpl.dispatchEvent(EventDispatchChainImpl.java:114)
	at javafx.base@21.0.1/com.sun.javafx.event.BasicEventDispatcher.dispatchEvent(BasicEventDispatcher.java:56)
	at javafx.base@21.0.1/com.sun.javafx.event.EventDispatchChainImpl.dispatchEvent(EventDispatchChainImpl.java:114)
	at javafx.base@21.0.1/com.sun.javafx.event.BasicEventDispatcher.dispatchEvent(BasicEventDispatcher.java:56)
	at javafx.base@21.0.1/com.sun.javafx.event.EventDispatchChainImpl.dispatchEvent(EventDispatchChainImpl.java:114)
	at javafx.base@21.0.1/com.sun.javafx.event.EventUtil.fireEventImpl(EventUtil.java:74)
	at javafx.base@21.0.1/com.sun.javafx.event.EventUtil.fireEvent(EventUtil.java:49)
	at javafx.base@21.0.1/javafx.event.Event.fireEvent(Event.java:198)
	at javafx.graphics@21.0.1/javafx.scene.Node.fireEvent(Node.java:8875)
	at javafx.controls@21.0.1/javafx.scene.control.Button.fire(Button.java:203)
	at javafx.controls@21.0.1/com.sun.javafx.scene.control.behavior.ButtonBehavior.mouseReleased(ButtonBehavior.java:207)
	at javafx.controls@21.0.1/com.sun.javafx.scene.control.inputmap.InputMap.handle(InputMap.java:274)
	at javafx.base@21.0.1/com.sun.javafx.event.CompositeEventHandler$NormalEventHandlerRecord.handleBubblingEvent(CompositeEventHandler.java:247)
	at javafx.base@21.0.1/com.sun.javafx.event.CompositeEventHandler.dispatchBubblingEvent(CompositeEventHandler.java:80)
	at javafx.base@21.0.1/com.sun.javafx.event.EventHandlerManager.dispatchBubblingEvent(EventHandlerManager.java:232)
	at javafx.base@21.0.1/com.sun.javafx.event.EventHandlerManager.dispatchBubblingEvent(EventHandlerManager.java:189)
	at javafx.base@21.0.1/com.sun.javafx.event.CompositeEventDispatcher.dispatchBubblingEvent(CompositeEventDispatcher.java:59)
	at javafx.base@21.0.1/com.sun.javafx.event.BasicEventDispatcher.dispatchEvent(BasicEventDispatcher.java:58)
	at javafx.base@21.0.1/com.sun.javafx.event.EventDispatchChainImpl.dispatchEvent(EventDispatchChainImpl.java:114)
	at javafx.base@21.0.1/com.sun.javafx.event.BasicEventDispatcher.dispatchEvent(BasicEventDispatcher.java:56)
	at javafx.base@21.0.1/com.sun.javafx.event.EventDispatchChainImpl.dispatchEvent(EventDispatchChainImpl.java:114)
	at javafx.base@21.0.1/com.sun.javafx.event.BasicEventDispatcher.dispatchEvent(BasicEventDispatcher.java:56)
	at javafx.base@21.0.1/com.sun.javafx.event.EventDispatchChainImpl.dispatchEvent(EventDispatchChainImpl.java:114)
	at javafx.base@21.0.1/com.sun.javafx.event.BasicEventDispatcher.dispatchEvent(BasicEventDispatcher.java:56)
	at javafx.base@21.0.1/com.sun.javafx.event.EventDispatchChainImpl.dispatchEvent(EventDispatchChainImpl.java:114)
	at javafx.base@21.0.1/com.sun.javafx.event.EventUtil.fireEventImpl(EventUtil.java:74)
	at javafx.base@21.0.1/com.sun.javafx.event.EventUtil.fireEvent(EventUtil.java:54)
	at javafx.base@21.0.1/javafx.event.Event.fireEvent(Event.java:198)
	at javafx.graphics@21.0.1/javafx.scene.Scene$MouseHandler.process(Scene.java:3984)
	at javafx.graphics@21.0.1/javafx.scene.Scene.processMouseEvent(Scene.java:1890)
	at javafx.graphics@21.0.1/javafx.scene.Scene$ScenePeerListener.mouseEvent(Scene.java:2708)
	at javafx.graphics@21.0.1/com.sun.javafx.tk.quantum.GlassViewEventHandler$MouseEventNotification.run(GlassViewEventHandler.java:411)
	at javafx.graphics@21.0.1/com.sun.javafx.tk.quantum.GlassViewEventHandler$MouseEventNotification.run(GlassViewEventHandler.java:301)
	at java.base/java.security.AccessController.doPrivileged(AccessController.java:400)
	at javafx.graphics@21.0.1/com.sun.javafx.tk.quantum.GlassViewEventHandler.lambda$handleMouseEvent$2(GlassViewEventHandler.java:450)
	at javafx.graphics@21.0.1/com.sun.javafx.tk.quantum.QuantumToolkit.runWithoutRenderLock(QuantumToolkit.java:424)
	at javafx.graphics@21.0.1/com.sun.javafx.tk.quantum.GlassViewEventHandler.handleMouseEvent(GlassViewEventHandler.java:449)
	at javafx.graphics@21.0.1/com.sun.glass.ui.View.handleMouseEvent(View.java:551)
	at javafx.graphics@21.0.1/com.sun.glass.ui.View.notifyMouse(View.java:937)
	at javafx.graphics@21.0.1/com.sun.glass.ui.win.WinApplication._runLoop(Native Method)
	at javafx.graphics@21.0.1/com.sun.glass.ui.win.WinApplication.lambda$runLoop$3(WinApplication.java:185)
	at java.base/java.lang.Thread.run(Thread.java:1583)
2025-10-06 11:29:38 [JavaFX Application Thread] INFO  p.c.a.v.asesor.AsesorMainController - Intentando cargar solicitud de préstamo...
2025-10-06 11:29:38 [JavaFX Application Thread] INFO  p.c.a.v.asesor.AsesorMainController - Cargada solicitud de préstamo exitosamente
2025-10-06 11:30:23 [JavaFX Application Thread] INFO  p.c.app.config.DatabaseConfig - Pool de conexiones cerrado correctamente
2025-10-06 11:30:23 [JavaFX Application Thread] INFO  pe.crediactiva.app.Main - Aplicación CrediActiva cerrada
2025-10-06 11:30:49 [main] INFO  pe.crediactiva.app.Main - Iniciando aplicación CrediActiva Desktop v1.0.0
2025-10-06 11:30:49 [JavaFX Application Thread] INFO  pe.crediactiva.app.Main - Icono no encontrado, continuando sin icono
2025-10-06 11:30:49 [JavaFX Application Thread] INFO  p.c.app.config.DatabaseConfig - Propiedades de base de datos cargadas correctamente
2025-10-06 11:30:50 [JavaFX Application Thread] INFO  p.c.app.config.DatabaseConfig - Pool de conexiones HikariCP inicializado correctamente
2025-10-06 11:30:50 [JavaFX Application Thread] INFO  pe.crediactiva.app.Main - Aplicación CrediActiva iniciada correctamente
2025-10-06 11:31:01 [JavaFX Application Thread] INFO  p.c.app.dao.impl.UsuarioDAOImpl - Usuario autenticado exitosamente: 12345678
2025-10-06 11:31:01 [JavaFX Application Thread] INFO  p.c.a.service.AuthenticationService - Usuario autenticado exitosamente: 12345678 - ASESOR
2025-10-06 11:31:01 [JavaFX Application Thread] INFO  p.c.app.view.LoginController - Usuario autenticado exitosamente: 12345678
2025-10-06 11:31:02 [JavaFX Application Thread] INFO  p.c.app.view.LoginController - Usuario redirigido a pantalla principal: ASESOR
2025-10-06 11:31:04 [JavaFX Application Thread] INFO  p.c.a.v.asesor.AsesorMainController - Intentando cargar solicitud de préstamo...
2025-10-06 11:31:04 [JavaFX Application Thread] INFO  p.c.a.v.asesor.AsesorMainController - Cargada solicitud de préstamo exitosamente
2025-10-06 11:40:35 [JavaFX Application Thread] INFO  p.c.app.config.DatabaseConfig - Pool de conexiones cerrado correctamente
2025-10-06 11:40:35 [JavaFX Application Thread] INFO  pe.crediactiva.app.Main - Aplicación CrediActiva cerrada
2025-10-06 11:43:20 [main] INFO  pe.crediactiva.app.Main - Iniciando aplicación CrediActiva Desktop v1.0.0
2025-10-06 11:43:20 [JavaFX Application Thread] INFO  pe.crediactiva.app.Main - Icono no encontrado, continuando sin icono
2025-10-06 11:43:20 [JavaFX Application Thread] INFO  p.c.app.config.DatabaseConfig - Propiedades de base de datos cargadas correctamente
2025-10-06 11:43:20 [JavaFX Application Thread] INFO  p.c.app.config.DatabaseConfig - Pool de conexiones HikariCP inicializado correctamente
2025-10-06 11:43:21 [JavaFX Application Thread] INFO  pe.crediactiva.app.Main - Aplicación CrediActiva iniciada correctamente
2025-10-06 11:43:35 [JavaFX Application Thread] INFO  p.c.app.dao.impl.UsuarioDAOImpl - Usuario autenticado exitosamente: 12345678
2025-10-06 11:43:35 [JavaFX Application Thread] INFO  p.c.a.service.AuthenticationService - Usuario autenticado exitosamente: 12345678 - ASESOR
2025-10-06 11:43:35 [JavaFX Application Thread] INFO  p.c.app.view.LoginController - Usuario autenticado exitosamente: 12345678
2025-10-06 11:43:35 [JavaFX Application Thread] INFO  p.c.app.view.LoginController - Usuario redirigido a pantalla principal: ASESOR
2025-10-06 11:43:37 [JavaFX Application Thread] INFO  p.c.a.v.asesor.AsesorMainController - Intentando cargar solicitud de préstamo...
2025-10-06 11:43:37 [JavaFX Application Thread] INFO  p.c.a.v.asesor.AsesorMainController - Cargada solicitud de préstamo exitosamente
2025-10-06 11:44:28 [JavaFX Application Thread] WARN  p.c.app.service.PrestamoService - Cliente ya tiene préstamos activos: 11111111
2025-10-06 11:44:33 [JavaFX Application Thread] WARN  p.c.app.service.PrestamoService - Cliente ya tiene préstamos activos: 11111111
2025-10-06 11:45:28 [JavaFX Application Thread] INFO  p.c.app.config.DatabaseConfig - Pool de conexiones cerrado correctamente
2025-10-06 11:45:28 [JavaFX Application Thread] INFO  pe.crediactiva.app.Main - Aplicación CrediActiva cerrada
2025-10-06 11:46:57 [main] INFO  pe.crediactiva.app.Main - Iniciando aplicación CrediActiva Desktop v1.0.0
2025-10-06 11:46:57 [JavaFX Application Thread] INFO  pe.crediactiva.app.Main - Icono no encontrado, continuando sin icono
2025-10-06 11:46:57 [JavaFX Application Thread] INFO  p.c.app.config.DatabaseConfig - Propiedades de base de datos cargadas correctamente
2025-10-06 11:46:57 [JavaFX Application Thread] INFO  p.c.app.config.DatabaseConfig - Pool de conexiones HikariCP inicializado correctamente
2025-10-06 11:46:58 [JavaFX Application Thread] INFO  pe.crediactiva.app.Main - Aplicación CrediActiva iniciada correctamente
2025-10-06 11:47:21 [JavaFX Application Thread] INFO  p.c.app.dao.impl.UsuarioDAOImpl - Usuario autenticado exitosamente: 12345678
2025-10-06 11:47:21 [JavaFX Application Thread] INFO  p.c.a.service.AuthenticationService - Usuario autenticado exitosamente: 12345678 - ASESOR
2025-10-06 11:47:21 [JavaFX Application Thread] INFO  p.c.app.view.LoginController - Usuario autenticado exitosamente: 12345678
2025-10-06 11:47:21 [JavaFX Application Thread] INFO  p.c.app.view.LoginController - Usuario redirigido a pantalla principal: ASESOR
2025-10-06 11:47:24 [JavaFX Application Thread] INFO  p.c.a.v.asesor.AsesorMainController - Intentando cargar solicitud de préstamo...
2025-10-06 11:47:24 [JavaFX Application Thread] INFO  p.c.a.v.asesor.AsesorMainController - Cargada solicitud de préstamo exitosamente
2025-10-06 11:47:45 [JavaFX Application Thread] WARN  p.c.app.service.PrestamoService - Cliente ya tiene préstamos activos: 11111111
2025-10-06 11:48:18 [JavaFX Application Thread] INFO  p.c.app.dao.impl.PrestamoDAOImpl - Préstamo creado exitosamente: 5
2025-10-06 11:48:18 [JavaFX Application Thread] INFO  p.c.app.service.PrestamoService - Solicitud de préstamo creada: 5
2025-10-06 11:48:18 [JavaFX Application Thread] ERROR p.c.app.dao.impl.AuditoriaDAOImpl - Error al crear auditoría
com.mysql.cj.jdbc.exceptions.MysqlDataTruncation: Data truncation: Invalid JSON text: "Invalid value." at position 0 in value for column 'auditoria.valor_nuevo'.
	at com.mysql.cj.jdbc.exceptions.SQLExceptionsMapping.translateException(SQLExceptionsMapping.java:104)
	at com.mysql.cj.jdbc.ClientPreparedStatement.executeInternal(ClientPreparedStatement.java:916)
	at com.mysql.cj.jdbc.ClientPreparedStatement.executeUpdateInternal(ClientPreparedStatement.java:1061)
	at com.mysql.cj.jdbc.ClientPreparedStatement.executeUpdateInternal(ClientPreparedStatement.java:1009)
	at com.mysql.cj.jdbc.ClientPreparedStatement.executeLargeUpdate(ClientPreparedStatement.java:1320)
	at com.mysql.cj.jdbc.ClientPreparedStatement.executeUpdate(ClientPreparedStatement.java:994)
	at com.zaxxer.hikari.pool.ProxyPreparedStatement.executeUpdate(ProxyPreparedStatement.java:61)
	at com.zaxxer.hikari.pool.HikariProxyPreparedStatement.executeUpdate(HikariProxyPreparedStatement.java)
	at pe.crediactiva.app.dao.impl.AuditoriaDAOImpl.create(AuditoriaDAOImpl.java:39)
	at pe.crediactiva.app.service.AuditoriaService.registrarAuditoria(AuditoriaService.java:47)
	at pe.crediactiva.app.service.PrestamoService.crearSolicitud(PrestamoService.java:62)
	at pe.crediactiva.app.view.asesor.AsesorMainController.solicitarPrestamo(AsesorMainController.java:1275)
	at pe.crediactiva.app.view.asesor.AsesorMainController.lambda$crearSolicitarPrestamoView$10(AsesorMainController.java:809)
	at javafx.base@21.0.1/com.sun.javafx.event.CompositeEventHandler.dispatchBubblingEvent(CompositeEventHandler.java:86)
	at javafx.base@21.0.1/com.sun.javafx.event.EventHandlerManager.dispatchBubblingEvent(EventHandlerManager.java:232)
	at javafx.base@21.0.1/com.sun.javafx.event.EventHandlerManager.dispatchBubblingEvent(EventHandlerManager.java:189)
	at javafx.base@21.0.1/com.sun.javafx.event.CompositeEventDispatcher.dispatchBubblingEvent(CompositeEventDispatcher.java:59)
	at javafx.base@21.0.1/com.sun.javafx.event.BasicEventDispatcher.dispatchEvent(BasicEventDispatcher.java:58)
	at javafx.base@21.0.1/com.sun.javafx.event.EventDispatchChainImpl.dispatchEvent(EventDispatchChainImpl.java:114)
	at javafx.base@21.0.1/com.sun.javafx.event.BasicEventDispatcher.dispatchEvent(BasicEventDispatcher.java:56)
	at javafx.base@21.0.1/com.sun.javafx.event.EventDispatchChainImpl.dispatchEvent(EventDispatchChainImpl.java:114)
	at javafx.base@21.0.1/com.sun.javafx.event.BasicEventDispatcher.dispatchEvent(BasicEventDispatcher.java:56)
	at javafx.base@21.0.1/com.sun.javafx.event.EventDispatchChainImpl.dispatchEvent(EventDispatchChainImpl.java:114)
	at javafx.base@21.0.1/com.sun.javafx.event.BasicEventDispatcher.dispatchEvent(BasicEventDispatcher.java:56)
	at javafx.base@21.0.1/com.sun.javafx.event.EventDispatchChainImpl.dispatchEvent(EventDispatchChainImpl.java:114)
	at javafx.base@21.0.1/com.sun.javafx.event.EventUtil.fireEventImpl(EventUtil.java:74)
	at javafx.base@21.0.1/com.sun.javafx.event.EventUtil.fireEvent(EventUtil.java:49)
	at javafx.base@21.0.1/javafx.event.Event.fireEvent(Event.java:198)
	at javafx.graphics@21.0.1/javafx.scene.Node.fireEvent(Node.java:8875)
	at javafx.controls@21.0.1/javafx.scene.control.Button.fire(Button.java:203)
	at javafx.controls@21.0.1/com.sun.javafx.scene.control.behavior.ButtonBehavior.mouseReleased(ButtonBehavior.java:207)
	at javafx.controls@21.0.1/com.sun.javafx.scene.control.inputmap.InputMap.handle(InputMap.java:274)
	at javafx.base@21.0.1/com.sun.javafx.event.CompositeEventHandler$NormalEventHandlerRecord.handleBubblingEvent(CompositeEventHandler.java:247)
	at javafx.base@21.0.1/com.sun.javafx.event.CompositeEventHandler.dispatchBubblingEvent(CompositeEventHandler.java:80)
	at javafx.base@21.0.1/com.sun.javafx.event.EventHandlerManager.dispatchBubblingEvent(EventHandlerManager.java:232)
	at javafx.base@21.0.1/com.sun.javafx.event.EventHandlerManager.dispatchBubblingEvent(EventHandlerManager.java:189)
	at javafx.base@21.0.1/com.sun.javafx.event.CompositeEventDispatcher.dispatchBubblingEvent(CompositeEventDispatcher.java:59)
	at javafx.base@21.0.1/com.sun.javafx.event.BasicEventDispatcher.dispatchEvent(BasicEventDispatcher.java:58)
	at javafx.base@21.0.1/com.sun.javafx.event.EventDispatchChainImpl.dispatchEvent(EventDispatchChainImpl.java:114)
	at javafx.base@21.0.1/com.sun.javafx.event.BasicEventDispatcher.dispatchEvent(BasicEventDispatcher.java:56)
	at javafx.base@21.0.1/com.sun.javafx.event.EventDispatchChainImpl.dispatchEvent(EventDispatchChainImpl.java:114)
	at javafx.base@21.0.1/com.sun.javafx.event.BasicEventDispatcher.dispatchEvent(BasicEventDispatcher.java:56)
	at javafx.base@21.0.1/com.sun.javafx.event.EventDispatchChainImpl.dispatchEvent(EventDispatchChainImpl.java:114)
	at javafx.base@21.0.1/com.sun.javafx.event.BasicEventDispatcher.dispatchEvent(BasicEventDispatcher.java:56)
	at javafx.base@21.0.1/com.sun.javafx.event.EventDispatchChainImpl.dispatchEvent(EventDispatchChainImpl.java:114)
	at javafx.base@21.0.1/com.sun.javafx.event.EventUtil.fireEventImpl(EventUtil.java:74)
	at javafx.base@21.0.1/com.sun.javafx.event.EventUtil.fireEvent(EventUtil.java:54)
	at javafx.base@21.0.1/javafx.event.Event.fireEvent(Event.java:198)
	at javafx.graphics@21.0.1/javafx.scene.Scene$MouseHandler.process(Scene.java:3984)
	at javafx.graphics@21.0.1/javafx.scene.Scene.processMouseEvent(Scene.java:1890)
	at javafx.graphics@21.0.1/javafx.scene.Scene$ScenePeerListener.mouseEvent(Scene.java:2708)
	at javafx.graphics@21.0.1/com.sun.javafx.tk.quantum.GlassViewEventHandler$MouseEventNotification.run(GlassViewEventHandler.java:411)
	at javafx.graphics@21.0.1/com.sun.javafx.tk.quantum.GlassViewEventHandler$MouseEventNotification.run(GlassViewEventHandler.java:301)
	at java.base/java.security.AccessController.doPrivileged(AccessController.java:400)
	at javafx.graphics@21.0.1/com.sun.javafx.tk.quantum.GlassViewEventHandler.lambda$handleMouseEvent$2(GlassViewEventHandler.java:450)
	at javafx.graphics@21.0.1/com.sun.javafx.tk.quantum.QuantumToolkit.runWithoutRenderLock(QuantumToolkit.java:424)
	at javafx.graphics@21.0.1/com.sun.javafx.tk.quantum.GlassViewEventHandler.handleMouseEvent(GlassViewEventHandler.java:449)
	at javafx.graphics@21.0.1/com.sun.glass.ui.View.handleMouseEvent(View.java:551)
	at javafx.graphics@21.0.1/com.sun.glass.ui.View.notifyMouse(View.java:937)
	at javafx.graphics@21.0.1/com.sun.glass.ui.win.WinApplication._runLoop(Native Method)
	at javafx.graphics@21.0.1/com.sun.glass.ui.win.WinApplication.lambda$runLoop$3(WinApplication.java:185)
	at java.base/java.lang.Thread.run(Thread.java:1583)
2025-10-06 11:48:18 [JavaFX Application Thread] ERROR p.c.app.service.AuditoriaService - Error al registrar auditoría
2025-10-06 11:51:41 [JavaFX Application Thread] INFO  p.c.app.config.DatabaseConfig - Pool de conexiones cerrado correctamente
2025-10-06 11:51:41 [JavaFX Application Thread] INFO  pe.crediactiva.app.Main - Aplicación CrediActiva cerrada
2025-10-06 11:55:54 [main] INFO  pe.crediactiva.app.Main - Iniciando aplicación CrediActiva Desktop v1.0.0
2025-10-06 11:55:54 [JavaFX Application Thread] INFO  pe.crediactiva.app.Main - Icono no encontrado, continuando sin icono
2025-10-06 11:55:54 [JavaFX Application Thread] INFO  p.c.app.config.DatabaseConfig - Propiedades de base de datos cargadas correctamente
2025-10-06 11:55:54 [JavaFX Application Thread] INFO  p.c.app.config.DatabaseConfig - Pool de conexiones HikariCP inicializado correctamente
2025-10-06 11:55:55 [JavaFX Application Thread] INFO  pe.crediactiva.app.Main - Aplicación CrediActiva iniciada correctamente
2025-10-06 11:56:23 [JavaFX Application Thread] INFO  p.c.app.dao.impl.UsuarioDAOImpl - Usuario autenticado exitosamente: 12345678
2025-10-06 11:56:23 [JavaFX Application Thread] INFO  p.c.a.service.AuthenticationService - Usuario autenticado exitosamente: 12345678 - ASESOR
2025-10-06 11:56:23 [JavaFX Application Thread] INFO  p.c.app.view.LoginController - Usuario autenticado exitosamente: 12345678
2025-10-06 11:56:23 [JavaFX Application Thread] INFO  p.c.app.view.LoginController - Usuario redirigido a pantalla principal: ASESOR
2025-10-06 11:56:25 [JavaFX Application Thread] INFO  p.c.a.v.asesor.AsesorMainController - Intentando cargar solicitud de préstamo...
2025-10-06 11:56:25 [JavaFX Application Thread] INFO  p.c.a.v.asesor.AsesorMainController - Cargada solicitud de préstamo exitosamente
2025-10-06 11:56:44 [JavaFX Application Thread] INFO  p.c.app.dao.impl.PrestamoDAOImpl - Préstamo creado exitosamente: 6
2025-10-06 11:56:44 [JavaFX Application Thread] INFO  p.c.app.service.PrestamoService - Solicitud de préstamo creada: 6
2025-10-06 11:56:44 [JavaFX Application Thread] ERROR p.c.app.dao.impl.AuditoriaDAOImpl - Error al crear auditoría
com.mysql.cj.jdbc.exceptions.MysqlDataTruncation: Data truncation: Invalid JSON text: "Invalid value." at position 0 in value for column 'auditoria.valor_nuevo'.
	at com.mysql.cj.jdbc.exceptions.SQLExceptionsMapping.translateException(SQLExceptionsMapping.java:104)
	at com.mysql.cj.jdbc.ClientPreparedStatement.executeInternal(ClientPreparedStatement.java:916)
	at com.mysql.cj.jdbc.ClientPreparedStatement.executeUpdateInternal(ClientPreparedStatement.java:1061)
	at com.mysql.cj.jdbc.ClientPreparedStatement.executeUpdateInternal(ClientPreparedStatement.java:1009)
	at com.mysql.cj.jdbc.ClientPreparedStatement.executeLargeUpdate(ClientPreparedStatement.java:1320)
	at com.mysql.cj.jdbc.ClientPreparedStatement.executeUpdate(ClientPreparedStatement.java:994)
	at com.zaxxer.hikari.pool.ProxyPreparedStatement.executeUpdate(ProxyPreparedStatement.java:61)
	at com.zaxxer.hikari.pool.HikariProxyPreparedStatement.executeUpdate(HikariProxyPreparedStatement.java)
	at pe.crediactiva.app.dao.impl.AuditoriaDAOImpl.create(AuditoriaDAOImpl.java:39)
	at pe.crediactiva.app.service.AuditoriaService.registrarAuditoria(AuditoriaService.java:47)
	at pe.crediactiva.app.service.PrestamoService.crearSolicitud(PrestamoService.java:62)
	at pe.crediactiva.app.view.asesor.AsesorMainController.solicitarPrestamo(AsesorMainController.java:1275)
	at pe.crediactiva.app.view.asesor.AsesorMainController.lambda$10(AsesorMainController.java:809)
	at javafx.base@21.0.1/com.sun.javafx.event.CompositeEventHandler.dispatchBubblingEvent(CompositeEventHandler.java:86)
	at javafx.base@21.0.1/com.sun.javafx.event.EventHandlerManager.dispatchBubblingEvent(EventHandlerManager.java:232)
	at javafx.base@21.0.1/com.sun.javafx.event.EventHandlerManager.dispatchBubblingEvent(EventHandlerManager.java:189)
	at javafx.base@21.0.1/com.sun.javafx.event.CompositeEventDispatcher.dispatchBubblingEvent(CompositeEventDispatcher.java:59)
	at javafx.base@21.0.1/com.sun.javafx.event.BasicEventDispatcher.dispatchEvent(BasicEventDispatcher.java:58)
	at javafx.base@21.0.1/com.sun.javafx.event.EventDispatchChainImpl.dispatchEvent(EventDispatchChainImpl.java:114)
	at javafx.base@21.0.1/com.sun.javafx.event.BasicEventDispatcher.dispatchEvent(BasicEventDispatcher.java:56)
	at javafx.base@21.0.1/com.sun.javafx.event.EventDispatchChainImpl.dispatchEvent(EventDispatchChainImpl.java:114)
	at javafx.base@21.0.1/com.sun.javafx.event.BasicEventDispatcher.dispatchEvent(BasicEventDispatcher.java:56)
	at javafx.base@21.0.1/com.sun.javafx.event.EventDispatchChainImpl.dispatchEvent(EventDispatchChainImpl.java:114)
	at javafx.base@21.0.1/com.sun.javafx.event.BasicEventDispatcher.dispatchEvent(BasicEventDispatcher.java:56)
	at javafx.base@21.0.1/com.sun.javafx.event.EventDispatchChainImpl.dispatchEvent(EventDispatchChainImpl.java:114)
	at javafx.base@21.0.1/com.sun.javafx.event.EventUtil.fireEventImpl(EventUtil.java:74)
	at javafx.base@21.0.1/com.sun.javafx.event.EventUtil.fireEvent(EventUtil.java:49)
	at javafx.base@21.0.1/javafx.event.Event.fireEvent(Event.java:198)
	at javafx.graphics@21.0.1/javafx.scene.Node.fireEvent(Node.java:8875)
	at javafx.controls@21.0.1/javafx.scene.control.Button.fire(Button.java:203)
	at javafx.controls@21.0.1/com.sun.javafx.scene.control.behavior.ButtonBehavior.mouseReleased(ButtonBehavior.java:207)
	at javafx.controls@21.0.1/com.sun.javafx.scene.control.inputmap.InputMap.handle(InputMap.java:274)
	at javafx.base@21.0.1/com.sun.javafx.event.CompositeEventHandler$NormalEventHandlerRecord.handleBubblingEvent(CompositeEventHandler.java:247)
	at javafx.base@21.0.1/com.sun.javafx.event.CompositeEventHandler.dispatchBubblingEvent(CompositeEventHandler.java:80)
	at javafx.base@21.0.1/com.sun.javafx.event.EventHandlerManager.dispatchBubblingEvent(EventHandlerManager.java:232)
	at javafx.base@21.0.1/com.sun.javafx.event.EventHandlerManager.dispatchBubblingEvent(EventHandlerManager.java:189)
	at javafx.base@21.0.1/com.sun.javafx.event.CompositeEventDispatcher.dispatchBubblingEvent(CompositeEventDispatcher.java:59)
	at javafx.base@21.0.1/com.sun.javafx.event.BasicEventDispatcher.dispatchEvent(BasicEventDispatcher.java:58)
	at javafx.base@21.0.1/com.sun.javafx.event.EventDispatchChainImpl.dispatchEvent(EventDispatchChainImpl.java:114)
	at javafx.base@21.0.1/com.sun.javafx.event.BasicEventDispatcher.dispatchEvent(BasicEventDispatcher.java:56)
	at javafx.base@21.0.1/com.sun.javafx.event.EventDispatchChainImpl.dispatchEvent(EventDispatchChainImpl.java:114)
	at javafx.base@21.0.1/com.sun.javafx.event.BasicEventDispatcher.dispatchEvent(BasicEventDispatcher.java:56)
	at javafx.base@21.0.1/com.sun.javafx.event.EventDispatchChainImpl.dispatchEvent(EventDispatchChainImpl.java:114)
	at javafx.base@21.0.1/com.sun.javafx.event.BasicEventDispatcher.dispatchEvent(BasicEventDispatcher.java:56)
	at javafx.base@21.0.1/com.sun.javafx.event.EventDispatchChainImpl.dispatchEvent(EventDispatchChainImpl.java:114)
	at javafx.base@21.0.1/com.sun.javafx.event.EventUtil.fireEventImpl(EventUtil.java:74)
	at javafx.base@21.0.1/com.sun.javafx.event.EventUtil.fireEvent(EventUtil.java:54)
	at javafx.base@21.0.1/javafx.event.Event.fireEvent(Event.java:198)
	at javafx.graphics@21.0.1/javafx.scene.Scene$MouseHandler.process(Scene.java:3984)
	at javafx.graphics@21.0.1/javafx.scene.Scene.processMouseEvent(Scene.java:1890)
	at javafx.graphics@21.0.1/javafx.scene.Scene$ScenePeerListener.mouseEvent(Scene.java:2708)
	at javafx.graphics@21.0.1/com.sun.javafx.tk.quantum.GlassViewEventHandler$MouseEventNotification.run(GlassViewEventHandler.java:411)
	at javafx.graphics@21.0.1/com.sun.javafx.tk.quantum.GlassViewEventHandler$MouseEventNotification.run(GlassViewEventHandler.java:301)
	at java.base/java.security.AccessController.doPrivileged(AccessController.java:400)
	at javafx.graphics@21.0.1/com.sun.javafx.tk.quantum.GlassViewEventHandler.lambda$handleMouseEvent$2(GlassViewEventHandler.java:450)
	at javafx.graphics@21.0.1/com.sun.javafx.tk.quantum.QuantumToolkit.runWithoutRenderLock(QuantumToolkit.java:424)
	at javafx.graphics@21.0.1/com.sun.javafx.tk.quantum.GlassViewEventHandler.handleMouseEvent(GlassViewEventHandler.java:449)
	at javafx.graphics@21.0.1/com.sun.glass.ui.View.handleMouseEvent(View.java:551)
	at javafx.graphics@21.0.1/com.sun.glass.ui.View.notifyMouse(View.java:937)
	at javafx.graphics@21.0.1/com.sun.glass.ui.win.WinApplication._runLoop(Native Method)
	at javafx.graphics@21.0.1/com.sun.glass.ui.win.WinApplication.lambda$runLoop$3(WinApplication.java:185)
	at java.base/java.lang.Thread.run(Thread.java:1583)
2025-10-06 11:56:44 [JavaFX Application Thread] ERROR p.c.app.service.AuditoriaService - Error al registrar auditoría
2025-10-06 11:57:07 [JavaFX Application Thread] INFO  p.c.a.v.asesor.AsesorMainController - Intentando cargar gestión de clientes...
2025-10-06 11:57:07 [JavaFX Application Thread] INFO  p.c.a.v.asesor.AsesorMainController - Cargados 3 clientes para el asesor 12345678 desde la base de datos
2025-10-06 11:57:07 [JavaFX Application Thread] INFO  p.c.a.v.asesor.AsesorMainController - Cargada gestión de clientes exitosamente
2025-10-06 20:35:01 [CrediActivaPool housekeeper] WARN  com.zaxxer.hikari.pool.HikariPool - CrediActivaPool - Thread starvation or clock leap detected (housekeeper delta=7h32m36s358ms367µs100ns).
2025-10-06 20:37:19 [JavaFX Application Thread] INFO  p.c.app.dao.impl.ClienteDAOImpl - Cliente creado exitosamente: 22506679 - Carmina Reynoso Bazan
2025-10-06 20:37:19 [JavaFX Application Thread] ERROR p.c.app.dao.impl.AuditoriaDAOImpl - Error al crear auditoría
com.mysql.cj.jdbc.exceptions.MysqlDataTruncation: Data truncation: Invalid JSON text: "Invalid value." at position 0 in value for column 'auditoria.valor_nuevo'.
	at com.mysql.cj.jdbc.exceptions.SQLExceptionsMapping.translateException(SQLExceptionsMapping.java:104)
	at com.mysql.cj.jdbc.ClientPreparedStatement.executeInternal(ClientPreparedStatement.java:916)
	at com.mysql.cj.jdbc.ClientPreparedStatement.executeUpdateInternal(ClientPreparedStatement.java:1061)
	at com.mysql.cj.jdbc.ClientPreparedStatement.executeUpdateInternal(ClientPreparedStatement.java:1009)
	at com.mysql.cj.jdbc.ClientPreparedStatement.executeLargeUpdate(ClientPreparedStatement.java:1320)
	at com.mysql.cj.jdbc.ClientPreparedStatement.executeUpdate(ClientPreparedStatement.java:994)
	at com.zaxxer.hikari.pool.ProxyPreparedStatement.executeUpdate(ProxyPreparedStatement.java:61)
	at com.zaxxer.hikari.pool.HikariProxyPreparedStatement.executeUpdate(HikariProxyPreparedStatement.java)
	at pe.crediactiva.app.dao.impl.AuditoriaDAOImpl.create(AuditoriaDAOImpl.java:39)
	at pe.crediactiva.app.service.AuditoriaService.registrarAuditoria(AuditoriaService.java:47)
	at pe.crediactiva.app.service.ClienteService.crearCliente(ClienteService.java:38)
	at pe.crediactiva.app.view.asesor.AsesorMainController.guardarNuevoCliente(AsesorMainController.java:1125)
	at pe.crediactiva.app.view.asesor.AsesorMainController.lambda$12(AsesorMainController.java:1063)
	at javafx.base@21.0.1/com.sun.javafx.event.CompositeEventHandler.dispatchBubblingEvent(CompositeEventHandler.java:86)
	at javafx.base@21.0.1/com.sun.javafx.event.EventHandlerManager.dispatchBubblingEvent(EventHandlerManager.java:232)
	at javafx.base@21.0.1/com.sun.javafx.event.EventHandlerManager.dispatchBubblingEvent(EventHandlerManager.java:189)
	at javafx.base@21.0.1/com.sun.javafx.event.CompositeEventDispatcher.dispatchBubblingEvent(CompositeEventDispatcher.java:59)
	at javafx.base@21.0.1/com.sun.javafx.event.BasicEventDispatcher.dispatchEvent(BasicEventDispatcher.java:58)
	at javafx.base@21.0.1/com.sun.javafx.event.EventDispatchChainImpl.dispatchEvent(EventDispatchChainImpl.java:114)
	at javafx.base@21.0.1/com.sun.javafx.event.BasicEventDispatcher.dispatchEvent(BasicEventDispatcher.java:56)
	at javafx.base@21.0.1/com.sun.javafx.event.EventDispatchChainImpl.dispatchEvent(EventDispatchChainImpl.java:114)
	at javafx.base@21.0.1/com.sun.javafx.event.BasicEventDispatcher.dispatchEvent(BasicEventDispatcher.java:56)
	at javafx.base@21.0.1/com.sun.javafx.event.EventDispatchChainImpl.dispatchEvent(EventDispatchChainImpl.java:114)
	at javafx.base@21.0.1/com.sun.javafx.event.EventUtil.fireEventImpl(EventUtil.java:74)
	at javafx.base@21.0.1/com.sun.javafx.event.EventUtil.fireEvent(EventUtil.java:49)
	at javafx.base@21.0.1/javafx.event.Event.fireEvent(Event.java:198)
	at javafx.graphics@21.0.1/javafx.scene.Node.fireEvent(Node.java:8875)
	at javafx.controls@21.0.1/javafx.scene.control.Button.fire(Button.java:203)
	at javafx.controls@21.0.1/com.sun.javafx.scene.control.behavior.ButtonBehavior.mouseReleased(ButtonBehavior.java:207)
	at javafx.controls@21.0.1/com.sun.javafx.scene.control.inputmap.InputMap.handle(InputMap.java:274)
	at javafx.base@21.0.1/com.sun.javafx.event.CompositeEventHandler$NormalEventHandlerRecord.handleBubblingEvent(CompositeEventHandler.java:247)
	at javafx.base@21.0.1/com.sun.javafx.event.CompositeEventHandler.dispatchBubblingEvent(CompositeEventHandler.java:80)
	at javafx.base@21.0.1/com.sun.javafx.event.EventHandlerManager.dispatchBubblingEvent(EventHandlerManager.java:232)
	at javafx.base@21.0.1/com.sun.javafx.event.EventHandlerManager.dispatchBubblingEvent(EventHandlerManager.java:189)
	at javafx.base@21.0.1/com.sun.javafx.event.CompositeEventDispatcher.dispatchBubblingEvent(CompositeEventDispatcher.java:59)
	at javafx.base@21.0.1/com.sun.javafx.event.BasicEventDispatcher.dispatchEvent(BasicEventDispatcher.java:58)
	at javafx.base@21.0.1/com.sun.javafx.event.EventDispatchChainImpl.dispatchEvent(EventDispatchChainImpl.java:114)
	at javafx.base@21.0.1/com.sun.javafx.event.BasicEventDispatcher.dispatchEvent(BasicEventDispatcher.java:56)
	at javafx.base@21.0.1/com.sun.javafx.event.EventDispatchChainImpl.dispatchEvent(EventDispatchChainImpl.java:114)
	at javafx.base@21.0.1/com.sun.javafx.event.BasicEventDispatcher.dispatchEvent(BasicEventDispatcher.java:56)
	at javafx.base@21.0.1/com.sun.javafx.event.EventDispatchChainImpl.dispatchEvent(EventDispatchChainImpl.java:114)
	at javafx.base@21.0.1/com.sun.javafx.event.EventUtil.fireEventImpl(EventUtil.java:74)
	at javafx.base@21.0.1/com.sun.javafx.event.EventUtil.fireEvent(EventUtil.java:49)
	at javafx.base@21.0.1/javafx.event.Event.fireEvent(Event.java:198)
	at javafx.graphics@21.0.1/javafx.scene.Scene$MouseHandler.process(Scene.java:3984)
	at javafx.graphics@21.0.1/javafx.scene.Scene.processMouseEvent(Scene.java:1890)
	at javafx.graphics@21.0.1/javafx.scene.Scene$ScenePeerListener.mouseEvent(Scene.java:2708)
	at javafx.graphics@21.0.1/com.sun.javafx.tk.quantum.GlassViewEventHandler$MouseEventNotification.run(GlassViewEventHandler.java:411)
	at javafx.graphics@21.0.1/com.sun.javafx.tk.quantum.GlassViewEventHandler$MouseEventNotification.run(GlassViewEventHandler.java:301)
	at java.base/java.security.AccessController.doPrivileged(AccessController.java:400)
	at javafx.graphics@21.0.1/com.sun.javafx.tk.quantum.GlassViewEventHandler.lambda$handleMouseEvent$2(GlassViewEventHandler.java:450)
	at javafx.graphics@21.0.1/com.sun.javafx.tk.quantum.QuantumToolkit.runWithoutRenderLock(QuantumToolkit.java:424)
	at javafx.graphics@21.0.1/com.sun.javafx.tk.quantum.GlassViewEventHandler.handleMouseEvent(GlassViewEventHandler.java:449)
	at javafx.graphics@21.0.1/com.sun.glass.ui.View.handleMouseEvent(View.java:551)
	at javafx.graphics@21.0.1/com.sun.glass.ui.View.notifyMouse(View.java:937)
	at javafx.graphics@21.0.1/com.sun.glass.ui.win.WinApplication._enterNestedEventLoopImpl(Native Method)
	at javafx.graphics@21.0.1/com.sun.glass.ui.win.WinApplication._enterNestedEventLoop(WinApplication.java:212)
	at javafx.graphics@21.0.1/com.sun.glass.ui.Application.enterNestedEventLoop(Application.java:515)
	at javafx.graphics@21.0.1/com.sun.glass.ui.EventLoop.enter(EventLoop.java:107)
	at javafx.graphics@21.0.1/com.sun.javafx.tk.quantum.QuantumToolkit.enterNestedEventLoop(QuantumToolkit.java:650)
	at javafx.graphics@21.0.1/javafx.stage.Stage.showAndWait(Stage.java:469)
	at pe.crediactiva.app.view.asesor.AsesorMainController.abrirNuevoCliente(AsesorMainController.java:971)
	at pe.crediactiva.app.view.asesor.AsesorMainController.lambda$8(AsesorMainController.java:702)
	at javafx.base@21.0.1/com.sun.javafx.event.CompositeEventHandler.dispatchBubblingEvent(CompositeEventHandler.java:86)
	at javafx.base@21.0.1/com.sun.javafx.event.EventHandlerManager.dispatchBubblingEvent(EventHandlerManager.java:232)
	at javafx.base@21.0.1/com.sun.javafx.event.EventHandlerManager.dispatchBubblingEvent(EventHandlerManager.java:189)
	at javafx.base@21.0.1/com.sun.javafx.event.CompositeEventDispatcher.dispatchBubblingEvent(CompositeEventDispatcher.java:59)
	at javafx.base@21.0.1/com.sun.javafx.event.BasicEventDispatcher.dispatchEvent(BasicEventDispatcher.java:58)
	at javafx.base@21.0.1/com.sun.javafx.event.EventDispatchChainImpl.dispatchEvent(EventDispatchChainImpl.java:114)
	at javafx.base@21.0.1/com.sun.javafx.event.BasicEventDispatcher.dispatchEvent(BasicEventDispatcher.java:56)
	at javafx.base@21.0.1/com.sun.javafx.event.EventDispatchChainImpl.dispatchEvent(EventDispatchChainImpl.java:114)
	at javafx.base@21.0.1/com.sun.javafx.event.BasicEventDispatcher.dispatchEvent(BasicEventDispatcher.java:56)
	at javafx.base@21.0.1/com.sun.javafx.event.EventDispatchChainImpl.dispatchEvent(EventDispatchChainImpl.java:114)
	at javafx.base@21.0.1/com.sun.javafx.event.BasicEventDispatcher.dispatchEvent(BasicEventDispatcher.java:56)
	at javafx.base@21.0.1/com.sun.javafx.event.EventDispatchChainImpl.dispatchEvent(EventDispatchChainImpl.java:114)
	at javafx.base@21.0.1/com.sun.javafx.event.EventUtil.fireEventImpl(EventUtil.java:74)
	at javafx.base@21.0.1/com.sun.javafx.event.EventUtil.fireEvent(EventUtil.java:49)
	at javafx.base@21.0.1/javafx.event.Event.fireEvent(Event.java:198)
	at javafx.graphics@21.0.1/javafx.scene.Node.fireEvent(Node.java:8875)
	at javafx.controls@21.0.1/javafx.scene.control.Button.fire(Button.java:203)
	at javafx.controls@21.0.1/com.sun.javafx.scene.control.behavior.ButtonBehavior.mouseReleased(ButtonBehavior.java:207)
	at javafx.controls@21.0.1/com.sun.javafx.scene.control.inputmap.InputMap.handle(InputMap.java:274)
	at javafx.base@21.0.1/com.sun.javafx.event.CompositeEventHandler$NormalEventHandlerRecord.handleBubblingEvent(CompositeEventHandler.java:247)
	at javafx.base@21.0.1/com.sun.javafx.event.CompositeEventHandler.dispatchBubblingEvent(CompositeEventHandler.java:80)
	at javafx.base@21.0.1/com.sun.javafx.event.EventHandlerManager.dispatchBubblingEvent(EventHandlerManager.java:232)
	at javafx.base@21.0.1/com.sun.javafx.event.EventHandlerManager.dispatchBubblingEvent(EventHandlerManager.java:189)
	at javafx.base@21.0.1/com.sun.javafx.event.CompositeEventDispatcher.dispatchBubblingEvent(CompositeEventDispatcher.java:59)
	at javafx.base@21.0.1/com.sun.javafx.event.BasicEventDispatcher.dispatchEvent(BasicEventDispatcher.java:58)
	at javafx.base@21.0.1/com.sun.javafx.event.EventDispatchChainImpl.dispatchEvent(EventDispatchChainImpl.java:114)
	at javafx.base@21.0.1/com.sun.javafx.event.BasicEventDispatcher.dispatchEvent(BasicEventDispatcher.java:56)
	at javafx.base@21.0.1/com.sun.javafx.event.EventDispatchChainImpl.dispatchEvent(EventDispatchChainImpl.java:114)
	at javafx.base@21.0.1/com.sun.javafx.event.BasicEventDispatcher.dispatchEvent(BasicEventDispatcher.java:56)
	at javafx.base@21.0.1/com.sun.javafx.event.EventDispatchChainImpl.dispatchEvent(EventDispatchChainImpl.java:114)
	at javafx.base@21.0.1/com.sun.javafx.event.BasicEventDispatcher.dispatchEvent(BasicEventDispatcher.java:56)
	at javafx.base@21.0.1/com.sun.javafx.event.EventDispatchChainImpl.dispatchEvent(EventDispatchChainImpl.java:114)
	at javafx.base@21.0.1/com.sun.javafx.event.EventUtil.fireEventImpl(EventUtil.java:74)
	at javafx.base@21.0.1/com.sun.javafx.event.EventUtil.fireEvent(EventUtil.java:54)
	at javafx.base@21.0.1/javafx.event.Event.fireEvent(Event.java:198)
	at javafx.graphics@21.0.1/javafx.scene.Scene$MouseHandler.process(Scene.java:3984)
	at javafx.graphics@21.0.1/javafx.scene.Scene.processMouseEvent(Scene.java:1890)
	at javafx.graphics@21.0.1/javafx.scene.Scene$ScenePeerListener.mouseEvent(Scene.java:2708)
	at javafx.graphics@21.0.1/com.sun.javafx.tk.quantum.GlassViewEventHandler$MouseEventNotification.run(GlassViewEventHandler.java:411)
	at javafx.graphics@21.0.1/com.sun.javafx.tk.quantum.GlassViewEventHandler$MouseEventNotification.run(GlassViewEventHandler.java:301)
	at java.base/java.security.AccessController.doPrivileged(AccessController.java:400)
	at javafx.graphics@21.0.1/com.sun.javafx.tk.quantum.GlassViewEventHandler.lambda$handleMouseEvent$2(GlassViewEventHandler.java:450)
	at javafx.graphics@21.0.1/com.sun.javafx.tk.quantum.QuantumToolkit.runWithoutRenderLock(QuantumToolkit.java:424)
	at javafx.graphics@21.0.1/com.sun.javafx.tk.quantum.GlassViewEventHandler.handleMouseEvent(GlassViewEventHandler.java:449)
	at javafx.graphics@21.0.1/com.sun.glass.ui.View.handleMouseEvent(View.java:551)
	at javafx.graphics@21.0.1/com.sun.glass.ui.View.notifyMouse(View.java:937)
	at javafx.graphics@21.0.1/com.sun.glass.ui.win.WinApplication._runLoop(Native Method)
	at javafx.graphics@21.0.1/com.sun.glass.ui.win.WinApplication.lambda$runLoop$3(WinApplication.java:185)
	at java.base/java.lang.Thread.run(Thread.java:1583)
2025-10-06 20:37:19 [JavaFX Application Thread] ERROR p.c.app.service.AuditoriaService - Error al registrar auditoría
2025-10-06 20:37:23 [JavaFX Application Thread] INFO  p.c.a.v.asesor.AsesorMainController - Cargados 4 clientes para el asesor 12345678 desde la base de datos
2025-10-06 20:37:37 [JavaFX Application Thread] ERROR p.c.a.v.asesor.AsesorMainController - Error al cargar simulador
javafx.fxml.LoadException: String is not a valid type.
/C:/Users/USER/OneDrive/Escritorio/proyecto_v4.0/target/classes/fxml/asesor/SimuladorView.fxml:39

	at javafx.fxml@21.0.1/javafx.fxml.FXMLLoader.constructLoadException(FXMLLoader.java:2718)
	at javafx.fxml@21.0.1/javafx.fxml.FXMLLoader.createElement(FXMLLoader.java:2920)
	at javafx.fxml@21.0.1/javafx.fxml.FXMLLoader.processStartElement(FXMLLoader.java:2850)
	at javafx.fxml@21.0.1/javafx.fxml.FXMLLoader.loadImpl(FXMLLoader.java:2649)
	at javafx.fxml@21.0.1/javafx.fxml.FXMLLoader.loadImpl(FXMLLoader.java:2563)
	at javafx.fxml@21.0.1/javafx.fxml.FXMLLoader.load(FXMLLoader.java:2531)
	at pe.crediactiva.app.view.asesor.AsesorMainController.handleSimulador(AsesorMainController.java:240)
	at java.base/jdk.internal.reflect.DirectMethodHandleAccessor.invoke(DirectMethodHandleAccessor.java:103)
	at java.base/java.lang.reflect.Method.invoke(Method.java:580)
	at com.sun.javafx.reflect.Trampoline.invoke(MethodUtil.java:72)
	at java.base/jdk.internal.reflect.DirectMethodHandleAccessor.invoke(DirectMethodHandleAccessor.java:103)
	at java.base/java.lang.reflect.Method.invoke(Method.java:580)
	at javafx.base@21.0.1/com.sun.javafx.reflect.MethodUtil.invoke(MethodUtil.java:270)
	at javafx.fxml@21.0.1/com.sun.javafx.fxml.MethodHelper.invoke(MethodHelper.java:84)
	at javafx.fxml@21.0.1/javafx.fxml.FXMLLoader$MethodHandler.invoke(FXMLLoader.java:1855)
	at javafx.fxml@21.0.1/javafx.fxml.FXMLLoader$ControllerMethodEventHandler.handle(FXMLLoader.java:1726)
	at javafx.base@21.0.1/com.sun.javafx.event.CompositeEventHandler.dispatchBubblingEvent(CompositeEventHandler.java:86)
	at javafx.base@21.0.1/com.sun.javafx.event.EventHandlerManager.dispatchBubblingEvent(EventHandlerManager.java:232)
	at javafx.base@21.0.1/com.sun.javafx.event.EventHandlerManager.dispatchBubblingEvent(EventHandlerManager.java:189)
	at javafx.base@21.0.1/com.sun.javafx.event.CompositeEventDispatcher.dispatchBubblingEvent(CompositeEventDispatcher.java:59)
	at javafx.base@21.0.1/com.sun.javafx.event.BasicEventDispatcher.dispatchEvent(BasicEventDispatcher.java:58)
	at javafx.base@21.0.1/com.sun.javafx.event.EventDispatchChainImpl.dispatchEvent(EventDispatchChainImpl.java:114)
	at javafx.base@21.0.1/com.sun.javafx.event.BasicEventDispatcher.dispatchEvent(BasicEventDispatcher.java:56)
	at javafx.base@21.0.1/com.sun.javafx.event.EventDispatchChainImpl.dispatchEvent(EventDispatchChainImpl.java:114)
	at javafx.base@21.0.1/com.sun.javafx.event.BasicEventDispatcher.dispatchEvent(BasicEventDispatcher.java:56)
	at javafx.base@21.0.1/com.sun.javafx.event.EventDispatchChainImpl.dispatchEvent(EventDispatchChainImpl.java:114)
	at javafx.base@21.0.1/com.sun.javafx.event.BasicEventDispatcher.dispatchEvent(BasicEventDispatcher.java:56)
	at javafx.base@21.0.1/com.sun.javafx.event.EventDispatchChainImpl.dispatchEvent(EventDispatchChainImpl.java:114)
	at javafx.base@21.0.1/com.sun.javafx.event.EventUtil.fireEventImpl(EventUtil.java:74)
	at javafx.base@21.0.1/com.sun.javafx.event.EventUtil.fireEvent(EventUtil.java:49)
	at javafx.base@21.0.1/javafx.event.Event.fireEvent(Event.java:198)
	at javafx.graphics@21.0.1/javafx.scene.Node.fireEvent(Node.java:8875)
	at javafx.controls@21.0.1/javafx.scene.control.Button.fire(Button.java:203)
	at javafx.controls@21.0.1/com.sun.javafx.scene.control.behavior.ButtonBehavior.mouseReleased(ButtonBehavior.java:207)
	at javafx.controls@21.0.1/com.sun.javafx.scene.control.inputmap.InputMap.handle(InputMap.java:274)
	at javafx.base@21.0.1/com.sun.javafx.event.CompositeEventHandler$NormalEventHandlerRecord.handleBubblingEvent(CompositeEventHandler.java:247)
	at javafx.base@21.0.1/com.sun.javafx.event.CompositeEventHandler.dispatchBubblingEvent(CompositeEventHandler.java:80)
	at javafx.base@21.0.1/com.sun.javafx.event.EventHandlerManager.dispatchBubblingEvent(EventHandlerManager.java:232)
	at javafx.base@21.0.1/com.sun.javafx.event.EventHandlerManager.dispatchBubblingEvent(EventHandlerManager.java:189)
	at javafx.base@21.0.1/com.sun.javafx.event.CompositeEventDispatcher.dispatchBubblingEvent(CompositeEventDispatcher.java:59)
	at javafx.base@21.0.1/com.sun.javafx.event.BasicEventDispatcher.dispatchEvent(BasicEventDispatcher.java:58)
	at javafx.base@21.0.1/com.sun.javafx.event.EventDispatchChainImpl.dispatchEvent(EventDispatchChainImpl.java:114)
	at javafx.base@21.0.1/com.sun.javafx.event.BasicEventDispatcher.dispatchEvent(BasicEventDispatcher.java:56)
	at javafx.base@21.0.1/com.sun.javafx.event.EventDispatchChainImpl.dispatchEvent(EventDispatchChainImpl.java:114)
	at javafx.base@21.0.1/com.sun.javafx.event.BasicEventDispatcher.dispatchEvent(BasicEventDispatcher.java:56)
	at javafx.base@21.0.1/com.sun.javafx.event.EventDispatchChainImpl.dispatchEvent(EventDispatchChainImpl.java:114)
	at javafx.base@21.0.1/com.sun.javafx.event.BasicEventDispatcher.dispatchEvent(BasicEventDispatcher.java:56)
	at javafx.base@21.0.1/com.sun.javafx.event.EventDispatchChainImpl.dispatchEvent(EventDispatchChainImpl.java:114)
	at javafx.base@21.0.1/com.sun.javafx.event.EventUtil.fireEventImpl(EventUtil.java:74)
	at javafx.base@21.0.1/com.sun.javafx.event.EventUtil.fireEvent(EventUtil.java:54)
	at javafx.base@21.0.1/javafx.event.Event.fireEvent(Event.java:198)
	at javafx.graphics@21.0.1/javafx.scene.Scene$MouseHandler.process(Scene.java:3984)
	at javafx.graphics@21.0.1/javafx.scene.Scene.processMouseEvent(Scene.java:1890)
	at javafx.graphics@21.0.1/javafx.scene.Scene$ScenePeerListener.mouseEvent(Scene.java:2708)
	at javafx.graphics@21.0.1/com.sun.javafx.tk.quantum.GlassViewEventHandler$MouseEventNotification.run(GlassViewEventHandler.java:411)
	at javafx.graphics@21.0.1/com.sun.javafx.tk.quantum.GlassViewEventHandler$MouseEventNotification.run(GlassViewEventHandler.java:301)
	at java.base/java.security.AccessController.doPrivileged(AccessController.java:400)
	at javafx.graphics@21.0.1/com.sun.javafx.tk.quantum.GlassViewEventHandler.lambda$handleMouseEvent$2(GlassViewEventHandler.java:450)
	at javafx.graphics@21.0.1/com.sun.javafx.tk.quantum.QuantumToolkit.runWithoutRenderLock(QuantumToolkit.java:424)
	at javafx.graphics@21.0.1/com.sun.javafx.tk.quantum.GlassViewEventHandler.handleMouseEvent(GlassViewEventHandler.java:449)
	at javafx.graphics@21.0.1/com.sun.glass.ui.View.handleMouseEvent(View.java:551)
	at javafx.graphics@21.0.1/com.sun.glass.ui.View.notifyMouse(View.java:937)
	at javafx.graphics@21.0.1/com.sun.glass.ui.win.WinApplication._runLoop(Native Method)
	at javafx.graphics@21.0.1/com.sun.glass.ui.win.WinApplication.lambda$runLoop$3(WinApplication.java:185)
	at java.base/java.lang.Thread.run(Thread.java:1583)
2025-10-06 20:37:43 [JavaFX Application Thread] INFO  p.c.a.v.asesor.AsesorMainController - Intentando cargar solicitud de préstamo...
2025-10-06 20:37:43 [JavaFX Application Thread] INFO  p.c.a.v.asesor.AsesorMainController - Cargada solicitud de préstamo exitosamente
2025-10-06 20:48:47 [JavaFX Application Thread] INFO  p.c.app.config.DatabaseConfig - Pool de conexiones cerrado correctamente
2025-10-06 20:48:47 [JavaFX Application Thread] INFO  pe.crediactiva.app.Main - Aplicación CrediActiva cerrada
2025-10-06 20:51:45 [main] INFO  pe.crediactiva.app.Main - Iniciando aplicación CrediActiva Desktop v1.0.0
2025-10-06 20:51:45 [JavaFX Application Thread] INFO  pe.crediactiva.app.Main - Icono no encontrado, continuando sin icono
2025-10-06 20:51:45 [JavaFX Application Thread] INFO  p.c.app.config.DatabaseConfig - Propiedades de base de datos cargadas correctamente
2025-10-06 20:51:45 [JavaFX Application Thread] INFO  p.c.app.config.DatabaseConfig - Pool de conexiones HikariCP inicializado correctamente
2025-10-06 20:51:46 [JavaFX Application Thread] INFO  pe.crediactiva.app.Main - Aplicación CrediActiva iniciada correctamente
2025-10-06 20:52:01 [JavaFX Application Thread] INFO  p.c.app.dao.impl.UsuarioDAOImpl - Usuario autenticado exitosamente: 12345678
2025-10-06 20:52:01 [JavaFX Application Thread] INFO  p.c.a.service.AuthenticationService - Usuario autenticado exitosamente: 12345678 - ASESOR
2025-10-06 20:52:01 [JavaFX Application Thread] INFO  p.c.app.view.LoginController - Usuario autenticado exitosamente: 12345678
2025-10-06 20:52:01 [JavaFX Application Thread] INFO  p.c.app.view.LoginController - Usuario redirigido a pantalla principal: ASESOR
2025-10-06 20:52:05 [JavaFX Application Thread] INFO  p.c.a.v.asesor.AsesorMainController - Cargado simulador de crédito
2025-10-06 20:53:55 [JavaFX Application Thread] INFO  p.c.app.config.DatabaseConfig - Pool de conexiones cerrado correctamente
2025-10-06 20:53:55 [JavaFX Application Thread] INFO  pe.crediactiva.app.Main - Aplicación CrediActiva cerrada
2025-10-06 20:55:51 [main] INFO  pe.crediactiva.app.Main - Iniciando aplicación CrediActiva Desktop v1.0.0
2025-10-06 20:55:51 [JavaFX Application Thread] INFO  pe.crediactiva.app.Main - Icono no encontrado, continuando sin icono
2025-10-06 20:55:51 [JavaFX Application Thread] INFO  p.c.app.config.DatabaseConfig - Propiedades de base de datos cargadas correctamente
2025-10-06 20:55:51 [JavaFX Application Thread] INFO  p.c.app.config.DatabaseConfig - Pool de conexiones HikariCP inicializado correctamente
2025-10-06 20:55:52 [JavaFX Application Thread] INFO  pe.crediactiva.app.Main - Aplicación CrediActiva iniciada correctamente
2025-10-06 20:56:12 [JavaFX Application Thread] INFO  p.c.app.dao.impl.UsuarioDAOImpl - Usuario autenticado exitosamente: 12345678
2025-10-06 20:56:12 [JavaFX Application Thread] INFO  p.c.a.service.AuthenticationService - Usuario autenticado exitosamente: 12345678 - ASESOR
2025-10-06 20:56:12 [JavaFX Application Thread] INFO  p.c.app.view.LoginController - Usuario autenticado exitosamente: 12345678
2025-10-06 20:56:12 [JavaFX Application Thread] INFO  p.c.app.view.LoginController - Usuario redirigido a pantalla principal: ASESOR
2025-10-06 20:56:15 [JavaFX Application Thread] INFO  p.c.a.v.asesor.AsesorMainController - Cargado simulador de crédito
2025-10-06 21:03:04 [JavaFX Application Thread] ERROR p.c.a.v.asesor.AsesorMainController - Error al cargar registro de cobro
javafx.fxml.LoadException: String is not a valid type.
/C:/Users/USER/OneDrive/Escritorio/proyecto_v4.0/target/classes/fxml/asesor/RegistrarCobroView.fxml:120

	at javafx.fxml@21.0.1/javafx.fxml.FXMLLoader.constructLoadException(FXMLLoader.java:2718)
	at javafx.fxml@21.0.1/javafx.fxml.FXMLLoader.createElement(FXMLLoader.java:2920)
	at javafx.fxml@21.0.1/javafx.fxml.FXMLLoader.processStartElement(FXMLLoader.java:2850)
	at javafx.fxml@21.0.1/javafx.fxml.FXMLLoader.loadImpl(FXMLLoader.java:2649)
	at javafx.fxml@21.0.1/javafx.fxml.FXMLLoader.loadImpl(FXMLLoader.java:2563)
	at javafx.fxml@21.0.1/javafx.fxml.FXMLLoader.load(FXMLLoader.java:2531)
	at pe.crediactiva.app.view.asesor.AsesorMainController.handleRegistrarCobro(AsesorMainController.java:260)
	at java.base/jdk.internal.reflect.DirectMethodHandleAccessor.invoke(DirectMethodHandleAccessor.java:103)
	at java.base/java.lang.reflect.Method.invoke(Method.java:580)
	at com.sun.javafx.reflect.Trampoline.invoke(MethodUtil.java:72)
	at java.base/jdk.internal.reflect.DirectMethodHandleAccessor.invoke(DirectMethodHandleAccessor.java:103)
	at java.base/java.lang.reflect.Method.invoke(Method.java:580)
	at javafx.base@21.0.1/com.sun.javafx.reflect.MethodUtil.invoke(MethodUtil.java:270)
	at javafx.fxml@21.0.1/com.sun.javafx.fxml.MethodHelper.invoke(MethodHelper.java:84)
	at javafx.fxml@21.0.1/javafx.fxml.FXMLLoader$MethodHandler.invoke(FXMLLoader.java:1855)
	at javafx.fxml@21.0.1/javafx.fxml.FXMLLoader$ControllerMethodEventHandler.handle(FXMLLoader.java:1726)
	at javafx.base@21.0.1/com.sun.javafx.event.CompositeEventHandler.dispatchBubblingEvent(CompositeEventHandler.java:86)
	at javafx.base@21.0.1/com.sun.javafx.event.EventHandlerManager.dispatchBubblingEvent(EventHandlerManager.java:232)
	at javafx.base@21.0.1/com.sun.javafx.event.EventHandlerManager.dispatchBubblingEvent(EventHandlerManager.java:189)
	at javafx.base@21.0.1/com.sun.javafx.event.CompositeEventDispatcher.dispatchBubblingEvent(CompositeEventDispatcher.java:59)
	at javafx.base@21.0.1/com.sun.javafx.event.BasicEventDispatcher.dispatchEvent(BasicEventDispatcher.java:58)
	at javafx.base@21.0.1/com.sun.javafx.event.EventDispatchChainImpl.dispatchEvent(EventDispatchChainImpl.java:114)
	at javafx.base@21.0.1/com.sun.javafx.event.BasicEventDispatcher.dispatchEvent(BasicEventDispatcher.java:56)
	at javafx.base@21.0.1/com.sun.javafx.event.EventDispatchChainImpl.dispatchEvent(EventDispatchChainImpl.java:114)
	at javafx.base@21.0.1/com.sun.javafx.event.BasicEventDispatcher.dispatchEvent(BasicEventDispatcher.java:56)
	at javafx.base@21.0.1/com.sun.javafx.event.EventDispatchChainImpl.dispatchEvent(EventDispatchChainImpl.java:114)
	at javafx.base@21.0.1/com.sun.javafx.event.BasicEventDispatcher.dispatchEvent(BasicEventDispatcher.java:56)
	at javafx.base@21.0.1/com.sun.javafx.event.EventDispatchChainImpl.dispatchEvent(EventDispatchChainImpl.java:114)
	at javafx.base@21.0.1/com.sun.javafx.event.EventUtil.fireEventImpl(EventUtil.java:74)
	at javafx.base@21.0.1/com.sun.javafx.event.EventUtil.fireEvent(EventUtil.java:49)
	at javafx.base@21.0.1/javafx.event.Event.fireEvent(Event.java:198)
	at javafx.graphics@21.0.1/javafx.scene.Node.fireEvent(Node.java:8875)
	at javafx.controls@21.0.1/javafx.scene.control.Button.fire(Button.java:203)
	at javafx.controls@21.0.1/com.sun.javafx.scene.control.behavior.ButtonBehavior.mouseReleased(ButtonBehavior.java:207)
	at javafx.controls@21.0.1/com.sun.javafx.scene.control.inputmap.InputMap.handle(InputMap.java:274)
	at javafx.base@21.0.1/com.sun.javafx.event.CompositeEventHandler$NormalEventHandlerRecord.handleBubblingEvent(CompositeEventHandler.java:247)
	at javafx.base@21.0.1/com.sun.javafx.event.CompositeEventHandler.dispatchBubblingEvent(CompositeEventHandler.java:80)
	at javafx.base@21.0.1/com.sun.javafx.event.EventHandlerManager.dispatchBubblingEvent(EventHandlerManager.java:232)
	at javafx.base@21.0.1/com.sun.javafx.event.EventHandlerManager.dispatchBubblingEvent(EventHandlerManager.java:189)
	at javafx.base@21.0.1/com.sun.javafx.event.CompositeEventDispatcher.dispatchBubblingEvent(CompositeEventDispatcher.java:59)
	at javafx.base@21.0.1/com.sun.javafx.event.BasicEventDispatcher.dispatchEvent(BasicEventDispatcher.java:58)
	at javafx.base@21.0.1/com.sun.javafx.event.EventDispatchChainImpl.dispatchEvent(EventDispatchChainImpl.java:114)
	at javafx.base@21.0.1/com.sun.javafx.event.BasicEventDispatcher.dispatchEvent(BasicEventDispatcher.java:56)
	at javafx.base@21.0.1/com.sun.javafx.event.EventDispatchChainImpl.dispatchEvent(EventDispatchChainImpl.java:114)
	at javafx.base@21.0.1/com.sun.javafx.event.BasicEventDispatcher.dispatchEvent(BasicEventDispatcher.java:56)
	at javafx.base@21.0.1/com.sun.javafx.event.EventDispatchChainImpl.dispatchEvent(EventDispatchChainImpl.java:114)
	at javafx.base@21.0.1/com.sun.javafx.event.BasicEventDispatcher.dispatchEvent(BasicEventDispatcher.java:56)
	at javafx.base@21.0.1/com.sun.javafx.event.EventDispatchChainImpl.dispatchEvent(EventDispatchChainImpl.java:114)
	at javafx.base@21.0.1/com.sun.javafx.event.EventUtil.fireEventImpl(EventUtil.java:74)
	at javafx.base@21.0.1/com.sun.javafx.event.EventUtil.fireEvent(EventUtil.java:54)
	at javafx.base@21.0.1/javafx.event.Event.fireEvent(Event.java:198)
	at javafx.graphics@21.0.1/javafx.scene.Scene$MouseHandler.process(Scene.java:3984)
	at javafx.graphics@21.0.1/javafx.scene.Scene.processMouseEvent(Scene.java:1890)
	at javafx.graphics@21.0.1/javafx.scene.Scene$ScenePeerListener.mouseEvent(Scene.java:2708)
	at javafx.graphics@21.0.1/com.sun.javafx.tk.quantum.GlassViewEventHandler$MouseEventNotification.run(GlassViewEventHandler.java:411)
	at javafx.graphics@21.0.1/com.sun.javafx.tk.quantum.GlassViewEventHandler$MouseEventNotification.run(GlassViewEventHandler.java:301)
	at java.base/java.security.AccessController.doPrivileged(AccessController.java:400)
	at javafx.graphics@21.0.1/com.sun.javafx.tk.quantum.GlassViewEventHandler.lambda$handleMouseEvent$2(GlassViewEventHandler.java:450)
	at javafx.graphics@21.0.1/com.sun.javafx.tk.quantum.QuantumToolkit.runWithoutRenderLock(QuantumToolkit.java:424)
	at javafx.graphics@21.0.1/com.sun.javafx.tk.quantum.GlassViewEventHandler.handleMouseEvent(GlassViewEventHandler.java:449)
	at javafx.graphics@21.0.1/com.sun.glass.ui.View.handleMouseEvent(View.java:551)
	at javafx.graphics@21.0.1/com.sun.glass.ui.View.notifyMouse(View.java:937)
	at javafx.graphics@21.0.1/com.sun.glass.ui.win.WinApplication._runLoop(Native Method)
	at javafx.graphics@21.0.1/com.sun.glass.ui.win.WinApplication.lambda$runLoop$3(WinApplication.java:185)
	at java.base/java.lang.Thread.run(Thread.java:1583)
2025-10-06 21:03:17 [JavaFX Application Thread] INFO  p.c.a.v.asesor.AsesorMainController - Intentando cargar gestión de clientes...
2025-10-06 21:03:17 [JavaFX Application Thread] INFO  p.c.a.v.asesor.AsesorMainController - Cargados 4 clientes para el asesor 12345678 desde la base de datos
2025-10-06 21:03:17 [JavaFX Application Thread] INFO  p.c.a.v.asesor.AsesorMainController - Cargada gestión de clientes exitosamente
2025-10-06 21:03:20 [JavaFX Application Thread] INFO  p.c.a.service.AuthenticationService - Usuario cerró sesión: 12345678
2025-10-06 21:03:20 [JavaFX Application Thread] INFO  p.c.a.v.asesor.AsesorMainController - Asesor cerró sesión
2025-10-06 21:03:43 [JavaFX Application Thread] INFO  p.c.app.dao.impl.UsuarioDAOImpl - Usuario autenticado exitosamente: 11111111
2025-10-06 21:03:43 [JavaFX Application Thread] INFO  p.c.a.service.AuthenticationService - Usuario autenticado exitosamente: 11111111 - CLIENTE
2025-10-06 21:03:43 [JavaFX Application Thread] INFO  p.c.app.view.LoginController - Usuario autenticado exitosamente: 11111111
2025-10-06 21:03:43 [JavaFX Application Thread] ERROR p.c.app.dao.impl.PrestamoDAOImpl - Error al buscar préstamos por cliente y estado: 11111111, ACTIVO
java.sql.SQLException: Column 'cliente_nombre' not found.
	at com.mysql.cj.jdbc.exceptions.SQLError.createSQLException(SQLError.java:130)
	at com.mysql.cj.jdbc.exceptions.SQLError.createSQLException(SQLError.java:98)
	at com.mysql.cj.jdbc.exceptions.SQLError.createSQLException(SQLError.java:90)
	at com.mysql.cj.jdbc.exceptions.SQLError.createSQLException(SQLError.java:64)
	at com.mysql.cj.jdbc.result.ResultSetImpl.findColumn(ResultSetImpl.java:584)
	at com.mysql.cj.jdbc.result.ResultSetImpl.getString(ResultSetImpl.java:896)
	at com.zaxxer.hikari.pool.HikariProxyResultSet.getString(HikariProxyResultSet.java)
	at pe.crediactiva.app.dao.impl.PrestamoDAOImpl.mapResultSetToPrestamo(PrestamoDAOImpl.java:544)
	at pe.crediactiva.app.dao.impl.PrestamoDAOImpl.findByClienteAndEstado(PrestamoDAOImpl.java:497)
	at pe.crediactiva.app.service.PrestamoService.obtenerPrestamosActivosPorCliente(PrestamoService.java:402)
	at pe.crediactiva.app.view.cliente.ClienteMainController.cargarEstadisticasResumen(ClienteMainController.java:198)
	at pe.crediactiva.app.view.cliente.ClienteMainController.initialize(ClienteMainController.java:147)
	at java.base/jdk.internal.reflect.DirectMethodHandleAccessor.invoke(DirectMethodHandleAccessor.java:103)
	at java.base/java.lang.reflect.Method.invoke(Method.java:580)
	at com.sun.javafx.reflect.Trampoline.invoke(MethodUtil.java:72)
	at java.base/jdk.internal.reflect.DirectMethodHandleAccessor.invoke(DirectMethodHandleAccessor.java:103)
	at java.base/java.lang.reflect.Method.invoke(Method.java:580)
	at javafx.base@21.0.1/com.sun.javafx.reflect.MethodUtil.invoke(MethodUtil.java:270)
	at javafx.fxml@21.0.1/com.sun.javafx.fxml.MethodHelper.invoke(MethodHelper.java:84)
	at javafx.fxml@21.0.1/javafx.fxml.FXMLLoader.loadImpl(FXMLLoader.java:2688)
	at javafx.fxml@21.0.1/javafx.fxml.FXMLLoader.loadImpl(FXMLLoader.java:2563)
	at javafx.fxml@21.0.1/javafx.fxml.FXMLLoader.load(FXMLLoader.java:2531)
	at pe.crediactiva.app.view.LoginController.redirectToMainScreen(LoginController.java:140)
	at pe.crediactiva.app.view.LoginController.handleLogin(LoginController.java:99)
	at java.base/jdk.internal.reflect.DirectMethodHandleAccessor.invoke(DirectMethodHandleAccessor.java:103)
	at java.base/java.lang.reflect.Method.invoke(Method.java:580)
	at com.sun.javafx.reflect.Trampoline.invoke(MethodUtil.java:72)
	at java.base/jdk.internal.reflect.DirectMethodHandleAccessor.invoke(DirectMethodHandleAccessor.java:103)
	at java.base/java.lang.reflect.Method.invoke(Method.java:580)
	at javafx.base@21.0.1/com.sun.javafx.reflect.MethodUtil.invoke(MethodUtil.java:270)
	at javafx.fxml@21.0.1/com.sun.javafx.fxml.MethodHelper.invoke(MethodHelper.java:84)
	at javafx.fxml@21.0.1/javafx.fxml.FXMLLoader$MethodHandler.invoke(FXMLLoader.java:1855)
	at javafx.fxml@21.0.1/javafx.fxml.FXMLLoader$ControllerMethodEventHandler.handle(FXMLLoader.java:1726)
	at javafx.base@21.0.1/com.sun.javafx.event.CompositeEventHandler.dispatchBubblingEvent(CompositeEventHandler.java:86)
	at javafx.base@21.0.1/com.sun.javafx.event.EventHandlerManager.dispatchBubblingEvent(EventHandlerManager.java:232)
	at javafx.base@21.0.1/com.sun.javafx.event.EventHandlerManager.dispatchBubblingEvent(EventHandlerManager.java:189)
	at javafx.base@21.0.1/com.sun.javafx.event.CompositeEventDispatcher.dispatchBubblingEvent(CompositeEventDispatcher.java:59)
	at javafx.base@21.0.1/com.sun.javafx.event.BasicEventDispatcher.dispatchEvent(BasicEventDispatcher.java:58)
	at javafx.base@21.0.1/com.sun.javafx.event.EventDispatchChainImpl.dispatchEvent(EventDispatchChainImpl.java:114)
	at javafx.base@21.0.1/com.sun.javafx.event.BasicEventDispatcher.dispatchEvent(BasicEventDispatcher.java:56)
	at javafx.base@21.0.1/com.sun.javafx.event.EventDispatchChainImpl.dispatchEvent(EventDispatchChainImpl.java:114)
	at javafx.base@21.0.1/com.sun.javafx.event.BasicEventDispatcher.dispatchEvent(BasicEventDispatcher.java:56)
	at javafx.base@21.0.1/com.sun.javafx.event.EventDispatchChainImpl.dispatchEvent(EventDispatchChainImpl.java:114)
	at javafx.base@21.0.1/com.sun.javafx.event.EventUtil.fireEventImpl(EventUtil.java:74)
	at javafx.base@21.0.1/com.sun.javafx.event.EventUtil.fireEvent(EventUtil.java:49)
	at javafx.base@21.0.1/javafx.event.Event.fireEvent(Event.java:198)
	at javafx.graphics@21.0.1/javafx.scene.Node.fireEvent(Node.java:8875)
	at javafx.controls@21.0.1/javafx.scene.control.Button.fire(Button.java:203)
	at javafx.controls@21.0.1/com.sun.javafx.scene.control.behavior.ButtonBehavior.mouseReleased(ButtonBehavior.java:207)
	at javafx.controls@21.0.1/com.sun.javafx.scene.control.inputmap.InputMap.handle(InputMap.java:274)
	at javafx.base@21.0.1/com.sun.javafx.event.CompositeEventHandler$NormalEventHandlerRecord.handleBubblingEvent(CompositeEventHandler.java:247)
	at javafx.base@21.0.1/com.sun.javafx.event.CompositeEventHandler.dispatchBubblingEvent(CompositeEventHandler.java:80)
	at javafx.base@21.0.1/com.sun.javafx.event.EventHandlerManager.dispatchBubblingEvent(EventHandlerManager.java:232)
	at javafx.base@21.0.1/com.sun.javafx.event.EventHandlerManager.dispatchBubblingEvent(EventHandlerManager.java:189)
	at javafx.base@21.0.1/com.sun.javafx.event.CompositeEventDispatcher.dispatchBubblingEvent(CompositeEventDispatcher.java:59)
	at javafx.base@21.0.1/com.sun.javafx.event.BasicEventDispatcher.dispatchEvent(BasicEventDispatcher.java:58)
	at javafx.base@21.0.1/com.sun.javafx.event.EventDispatchChainImpl.dispatchEvent(EventDispatchChainImpl.java:114)
	at javafx.base@21.0.1/com.sun.javafx.event.BasicEventDispatcher.dispatchEvent(BasicEventDispatcher.java:56)
	at javafx.base@21.0.1/com.sun.javafx.event.EventDispatchChainImpl.dispatchEvent(EventDispatchChainImpl.java:114)
	at javafx.base@21.0.1/com.sun.javafx.event.BasicEventDispatcher.dispatchEvent(BasicEventDispatcher.java:56)
	at javafx.base@21.0.1/com.sun.javafx.event.EventDispatchChainImpl.dispatchEvent(EventDispatchChainImpl.java:114)
	at javafx.base@21.0.1/com.sun.javafx.event.EventUtil.fireEventImpl(EventUtil.java:74)
	at javafx.base@21.0.1/com.sun.javafx.event.EventUtil.fireEvent(EventUtil.java:54)
	at javafx.base@21.0.1/javafx.event.Event.fireEvent(Event.java:198)
	at javafx.graphics@21.0.1/javafx.scene.Scene$MouseHandler.process(Scene.java:3984)
	at javafx.graphics@21.0.1/javafx.scene.Scene.processMouseEvent(Scene.java:1890)
	at javafx.graphics@21.0.1/javafx.scene.Scene$ScenePeerListener.mouseEvent(Scene.java:2708)
	at javafx.graphics@21.0.1/com.sun.javafx.tk.quantum.GlassViewEventHandler$MouseEventNotification.run(GlassViewEventHandler.java:411)
	at javafx.graphics@21.0.1/com.sun.javafx.tk.quantum.GlassViewEventHandler$MouseEventNotification.run(GlassViewEventHandler.java:301)
	at java.base/java.security.AccessController.doPrivileged(AccessController.java:400)
	at javafx.graphics@21.0.1/com.sun.javafx.tk.quantum.GlassViewEventHandler.lambda$handleMouseEvent$2(GlassViewEventHandler.java:450)
	at javafx.graphics@21.0.1/com.sun.javafx.tk.quantum.QuantumToolkit.runWithoutRenderLock(QuantumToolkit.java:424)
	at javafx.graphics@21.0.1/com.sun.javafx.tk.quantum.GlassViewEventHandler.handleMouseEvent(GlassViewEventHandler.java:449)
	at javafx.graphics@21.0.1/com.sun.glass.ui.View.handleMouseEvent(View.java:551)
	at javafx.graphics@21.0.1/com.sun.glass.ui.View.notifyMouse(View.java:937)
	at javafx.graphics@21.0.1/com.sun.glass.ui.win.WinApplication._runLoop(Native Method)
	at javafx.graphics@21.0.1/com.sun.glass.ui.win.WinApplication.lambda$runLoop$3(WinApplication.java:185)
	at java.base/java.lang.Thread.run(Thread.java:1583)
2025-10-06 21:03:43 [JavaFX Application Thread] INFO  p.c.app.view.LoginController - Usuario redirigido a pantalla principal: CLIENTE
2025-10-06 21:03:57 [JavaFX Application Thread] INFO  p.c.a.v.c.SimuladorClienteController - Simulador de crédito inicializado correctamente
2025-10-06 21:04:42 [JavaFX Application Thread] ERROR p.c.app.dao.impl.PrestamoDAOImpl - Error al buscar préstamos por cliente y estado: 11111111, ACTIVO
java.sql.SQLException: Column 'cliente_nombre' not found.
	at com.mysql.cj.jdbc.exceptions.SQLError.createSQLException(SQLError.java:130)
	at com.mysql.cj.jdbc.exceptions.SQLError.createSQLException(SQLError.java:98)
	at com.mysql.cj.jdbc.exceptions.SQLError.createSQLException(SQLError.java:90)
	at com.mysql.cj.jdbc.exceptions.SQLError.createSQLException(SQLError.java:64)
	at com.mysql.cj.jdbc.result.ResultSetImpl.findColumn(ResultSetImpl.java:584)
	at com.mysql.cj.jdbc.result.ResultSetImpl.getString(ResultSetImpl.java:896)
	at com.zaxxer.hikari.pool.HikariProxyResultSet.getString(HikariProxyResultSet.java)
	at pe.crediactiva.app.dao.impl.PrestamoDAOImpl.mapResultSetToPrestamo(PrestamoDAOImpl.java:544)
	at pe.crediactiva.app.dao.impl.PrestamoDAOImpl.findByClienteAndEstado(PrestamoDAOImpl.java:497)
	at pe.crediactiva.app.service.PrestamoService.obtenerPrestamosActivosPorCliente(PrestamoService.java:402)
	at pe.crediactiva.app.view.cliente.ClienteMainController.cargarEstadisticasResumen(ClienteMainController.java:198)
	at pe.crediactiva.app.view.cliente.ClienteMainController.initialize(ClienteMainController.java:147)
	at java.base/jdk.internal.reflect.DirectMethodHandleAccessor.invoke(DirectMethodHandleAccessor.java:103)
	at java.base/java.lang.reflect.Method.invoke(Method.java:580)
	at com.sun.javafx.reflect.Trampoline.invoke(MethodUtil.java:72)
	at java.base/jdk.internal.reflect.DirectMethodHandleAccessor.invoke(DirectMethodHandleAccessor.java:103)
	at java.base/java.lang.reflect.Method.invoke(Method.java:580)
	at javafx.base@21.0.1/com.sun.javafx.reflect.MethodUtil.invoke(MethodUtil.java:270)
	at javafx.fxml@21.0.1/com.sun.javafx.fxml.MethodHelper.invoke(MethodHelper.java:84)
	at javafx.fxml@21.0.1/javafx.fxml.FXMLLoader.loadImpl(FXMLLoader.java:2688)
	at javafx.fxml@21.0.1/javafx.fxml.FXMLLoader.loadImpl(FXMLLoader.java:2563)
	at javafx.fxml@21.0.1/javafx.fxml.FXMLLoader.load(FXMLLoader.java:2531)
	at pe.crediactiva.app.view.cliente.SimuladorClienteController.handleVolver(SimuladorClienteController.java:431)
	at java.base/jdk.internal.reflect.DirectMethodHandleAccessor.invoke(DirectMethodHandleAccessor.java:103)
	at java.base/java.lang.reflect.Method.invoke(Method.java:580)
	at com.sun.javafx.reflect.Trampoline.invoke(MethodUtil.java:72)
	at java.base/jdk.internal.reflect.DirectMethodHandleAccessor.invoke(DirectMethodHandleAccessor.java:103)
	at java.base/java.lang.reflect.Method.invoke(Method.java:580)
	at javafx.base@21.0.1/com.sun.javafx.reflect.MethodUtil.invoke(MethodUtil.java:270)
	at javafx.fxml@21.0.1/com.sun.javafx.fxml.MethodHelper.invoke(MethodHelper.java:84)
	at javafx.fxml@21.0.1/javafx.fxml.FXMLLoader$MethodHandler.invoke(FXMLLoader.java:1855)
	at javafx.fxml@21.0.1/javafx.fxml.FXMLLoader$ControllerMethodEventHandler.handle(FXMLLoader.java:1726)
	at javafx.base@21.0.1/com.sun.javafx.event.CompositeEventHandler.dispatchBubblingEvent(CompositeEventHandler.java:86)
	at javafx.base@21.0.1/com.sun.javafx.event.EventHandlerManager.dispatchBubblingEvent(EventHandlerManager.java:232)
	at javafx.base@21.0.1/com.sun.javafx.event.EventHandlerManager.dispatchBubblingEvent(EventHandlerManager.java:189)
	at javafx.base@21.0.1/com.sun.javafx.event.CompositeEventDispatcher.dispatchBubblingEvent(CompositeEventDispatcher.java:59)
	at javafx.base@21.0.1/com.sun.javafx.event.BasicEventDispatcher.dispatchEvent(BasicEventDispatcher.java:58)
	at javafx.base@21.0.1/com.sun.javafx.event.EventDispatchChainImpl.dispatchEvent(EventDispatchChainImpl.java:114)
	at javafx.base@21.0.1/com.sun.javafx.event.BasicEventDispatcher.dispatchEvent(BasicEventDispatcher.java:56)
	at javafx.base@21.0.1/com.sun.javafx.event.EventDispatchChainImpl.dispatchEvent(EventDispatchChainImpl.java:114)
	at javafx.base@21.0.1/com.sun.javafx.event.BasicEventDispatcher.dispatchEvent(BasicEventDispatcher.java:56)
	at javafx.base@21.0.1/com.sun.javafx.event.EventDispatchChainImpl.dispatchEvent(EventDispatchChainImpl.java:114)
	at javafx.base@21.0.1/com.sun.javafx.event.EventUtil.fireEventImpl(EventUtil.java:74)
	at javafx.base@21.0.1/com.sun.javafx.event.EventUtil.fireEvent(EventUtil.java:49)
	at javafx.base@21.0.1/javafx.event.Event.fireEvent(Event.java:198)
	at javafx.graphics@21.0.1/javafx.scene.Node.fireEvent(Node.java:8875)
	at javafx.controls@21.0.1/javafx.scene.control.Button.fire(Button.java:203)
	at javafx.controls@21.0.1/com.sun.javafx.scene.control.behavior.ButtonBehavior.mouseReleased(ButtonBehavior.java:207)
	at javafx.controls@21.0.1/com.sun.javafx.scene.control.inputmap.InputMap.handle(InputMap.java:274)
	at javafx.base@21.0.1/com.sun.javafx.event.CompositeEventHandler$NormalEventHandlerRecord.handleBubblingEvent(CompositeEventHandler.java:247)
	at javafx.base@21.0.1/com.sun.javafx.event.CompositeEventHandler.dispatchBubblingEvent(CompositeEventHandler.java:80)
	at javafx.base@21.0.1/com.sun.javafx.event.EventHandlerManager.dispatchBubblingEvent(EventHandlerManager.java:232)
	at javafx.base@21.0.1/com.sun.javafx.event.EventHandlerManager.dispatchBubblingEvent(EventHandlerManager.java:189)
	at javafx.base@21.0.1/com.sun.javafx.event.CompositeEventDispatcher.dispatchBubblingEvent(CompositeEventDispatcher.java:59)
	at javafx.base@21.0.1/com.sun.javafx.event.BasicEventDispatcher.dispatchEvent(BasicEventDispatcher.java:58)
	at javafx.base@21.0.1/com.sun.javafx.event.EventDispatchChainImpl.dispatchEvent(EventDispatchChainImpl.java:114)
	at javafx.base@21.0.1/com.sun.javafx.event.BasicEventDispatcher.dispatchEvent(BasicEventDispatcher.java:56)
	at javafx.base@21.0.1/com.sun.javafx.event.EventDispatchChainImpl.dispatchEvent(EventDispatchChainImpl.java:114)
	at javafx.base@21.0.1/com.sun.javafx.event.BasicEventDispatcher.dispatchEvent(BasicEventDispatcher.java:56)
	at javafx.base@21.0.1/com.sun.javafx.event.EventDispatchChainImpl.dispatchEvent(EventDispatchChainImpl.java:114)
	at javafx.base@21.0.1/com.sun.javafx.event.EventUtil.fireEventImpl(EventUtil.java:74)
	at javafx.base@21.0.1/com.sun.javafx.event.EventUtil.fireEvent(EventUtil.java:54)
	at javafx.base@21.0.1/javafx.event.Event.fireEvent(Event.java:198)
	at javafx.graphics@21.0.1/javafx.scene.Scene$MouseHandler.process(Scene.java:3984)
	at javafx.graphics@21.0.1/javafx.scene.Scene.processMouseEvent(Scene.java:1890)
	at javafx.graphics@21.0.1/javafx.scene.Scene$ScenePeerListener.mouseEvent(Scene.java:2708)
	at javafx.graphics@21.0.1/com.sun.javafx.tk.quantum.GlassViewEventHandler$MouseEventNotification.run(GlassViewEventHandler.java:411)
	at javafx.graphics@21.0.1/com.sun.javafx.tk.quantum.GlassViewEventHandler$MouseEventNotification.run(GlassViewEventHandler.java:301)
	at java.base/java.security.AccessController.doPrivileged(AccessController.java:400)
	at javafx.graphics@21.0.1/com.sun.javafx.tk.quantum.GlassViewEventHandler.lambda$handleMouseEvent$2(GlassViewEventHandler.java:450)
	at javafx.graphics@21.0.1/com.sun.javafx.tk.quantum.QuantumToolkit.runWithoutRenderLock(QuantumToolkit.java:424)
	at javafx.graphics@21.0.1/com.sun.javafx.tk.quantum.GlassViewEventHandler.handleMouseEvent(GlassViewEventHandler.java:449)
	at javafx.graphics@21.0.1/com.sun.glass.ui.View.handleMouseEvent(View.java:551)
	at javafx.graphics@21.0.1/com.sun.glass.ui.View.notifyMouse(View.java:937)
	at javafx.graphics@21.0.1/com.sun.glass.ui.win.WinApplication._runLoop(Native Method)
	at javafx.graphics@21.0.1/com.sun.glass.ui.win.WinApplication.lambda$runLoop$3(WinApplication.java:185)
	at java.base/java.lang.Thread.run(Thread.java:1583)
2025-10-06 21:04:46 [JavaFX Application Thread] INFO  p.c.a.service.AuthenticationService - Usuario cerró sesión: 11111111
2025-10-06 21:04:46 [JavaFX Application Thread] INFO  p.c.a.v.c.ClienteMainController - Cliente cerró sesión
2025-10-06 21:07:36 [JavaFX Application Thread] INFO  p.c.app.config.DatabaseConfig - Pool de conexiones cerrado correctamente
2025-10-06 21:07:36 [JavaFX Application Thread] INFO  pe.crediactiva.app.Main - Aplicación CrediActiva cerrada
2025-10-06 21:08:22 [main] INFO  pe.crediactiva.app.Main - Iniciando aplicación CrediActiva Desktop v1.0.0
2025-10-06 21:08:22 [JavaFX Application Thread] INFO  pe.crediactiva.app.Main - Icono no encontrado, continuando sin icono
2025-10-06 21:08:22 [JavaFX Application Thread] INFO  p.c.app.config.DatabaseConfig - Propiedades de base de datos cargadas correctamente
2025-10-06 21:08:23 [JavaFX Application Thread] INFO  p.c.app.config.DatabaseConfig - Pool de conexiones HikariCP inicializado correctamente
2025-10-06 21:08:23 [JavaFX Application Thread] INFO  pe.crediactiva.app.Main - Aplicación CrediActiva iniciada correctamente
2025-10-06 21:08:36 [JavaFX Application Thread] INFO  p.c.app.dao.impl.UsuarioDAOImpl - Usuario autenticado exitosamente: 11111111
2025-10-06 21:08:36 [JavaFX Application Thread] INFO  p.c.a.service.AuthenticationService - Usuario autenticado exitosamente: 11111111 - CLIENTE
2025-10-06 21:08:36 [JavaFX Application Thread] INFO  p.c.app.view.LoginController - Usuario autenticado exitosamente: 11111111
2025-10-06 21:08:36 [JavaFX Application Thread] ERROR p.c.app.dao.impl.PrestamoDAOImpl - Error al buscar préstamos por cliente y estado: 11111111, ACTIVO
java.sql.SQLException: Column 'cliente_nombre' not found.
	at com.mysql.cj.jdbc.exceptions.SQLError.createSQLException(SQLError.java:130)
	at com.mysql.cj.jdbc.exceptions.SQLError.createSQLException(SQLError.java:98)
	at com.mysql.cj.jdbc.exceptions.SQLError.createSQLException(SQLError.java:90)
	at com.mysql.cj.jdbc.exceptions.SQLError.createSQLException(SQLError.java:64)
	at com.mysql.cj.jdbc.result.ResultSetImpl.findColumn(ResultSetImpl.java:584)
	at com.mysql.cj.jdbc.result.ResultSetImpl.getString(ResultSetImpl.java:896)
	at com.zaxxer.hikari.pool.HikariProxyResultSet.getString(HikariProxyResultSet.java)
	at pe.crediactiva.app.dao.impl.PrestamoDAOImpl.mapResultSetToPrestamo(PrestamoDAOImpl.java:544)
	at pe.crediactiva.app.dao.impl.PrestamoDAOImpl.findByClienteAndEstado(PrestamoDAOImpl.java:497)
	at pe.crediactiva.app.service.PrestamoService.obtenerPrestamosActivosPorCliente(PrestamoService.java:402)
	at pe.crediactiva.app.view.cliente.ClienteMainController.cargarEstadisticasResumen(ClienteMainController.java:198)
	at pe.crediactiva.app.view.cliente.ClienteMainController.initialize(ClienteMainController.java:147)
	at java.base/jdk.internal.reflect.DirectMethodHandleAccessor.invoke(DirectMethodHandleAccessor.java:103)
	at java.base/java.lang.reflect.Method.invoke(Method.java:580)
	at com.sun.javafx.reflect.Trampoline.invoke(MethodUtil.java:72)
	at java.base/jdk.internal.reflect.DirectMethodHandleAccessor.invoke(DirectMethodHandleAccessor.java:103)
	at java.base/java.lang.reflect.Method.invoke(Method.java:580)
	at javafx.base@21.0.1/com.sun.javafx.reflect.MethodUtil.invoke(MethodUtil.java:270)
	at javafx.fxml@21.0.1/com.sun.javafx.fxml.MethodHelper.invoke(MethodHelper.java:84)
	at javafx.fxml@21.0.1/javafx.fxml.FXMLLoader.loadImpl(FXMLLoader.java:2688)
	at javafx.fxml@21.0.1/javafx.fxml.FXMLLoader.loadImpl(FXMLLoader.java:2563)
	at javafx.fxml@21.0.1/javafx.fxml.FXMLLoader.load(FXMLLoader.java:2531)
	at pe.crediactiva.app.view.LoginController.redirectToMainScreen(LoginController.java:140)
	at pe.crediactiva.app.view.LoginController.handleLogin(LoginController.java:99)
	at java.base/jdk.internal.reflect.DirectMethodHandleAccessor.invoke(DirectMethodHandleAccessor.java:103)
	at java.base/java.lang.reflect.Method.invoke(Method.java:580)
	at com.sun.javafx.reflect.Trampoline.invoke(MethodUtil.java:72)
	at java.base/jdk.internal.reflect.DirectMethodHandleAccessor.invoke(DirectMethodHandleAccessor.java:103)
	at java.base/java.lang.reflect.Method.invoke(Method.java:580)
	at javafx.base@21.0.1/com.sun.javafx.reflect.MethodUtil.invoke(MethodUtil.java:270)
	at javafx.fxml@21.0.1/com.sun.javafx.fxml.MethodHelper.invoke(MethodHelper.java:84)
	at javafx.fxml@21.0.1/javafx.fxml.FXMLLoader$MethodHandler.invoke(FXMLLoader.java:1855)
	at javafx.fxml@21.0.1/javafx.fxml.FXMLLoader$ControllerMethodEventHandler.handle(FXMLLoader.java:1726)
	at javafx.base@21.0.1/com.sun.javafx.event.CompositeEventHandler.dispatchBubblingEvent(CompositeEventHandler.java:86)
	at javafx.base@21.0.1/com.sun.javafx.event.EventHandlerManager.dispatchBubblingEvent(EventHandlerManager.java:232)
	at javafx.base@21.0.1/com.sun.javafx.event.EventHandlerManager.dispatchBubblingEvent(EventHandlerManager.java:189)
	at javafx.base@21.0.1/com.sun.javafx.event.CompositeEventDispatcher.dispatchBubblingEvent(CompositeEventDispatcher.java:59)
	at javafx.base@21.0.1/com.sun.javafx.event.BasicEventDispatcher.dispatchEvent(BasicEventDispatcher.java:58)
	at javafx.base@21.0.1/com.sun.javafx.event.EventDispatchChainImpl.dispatchEvent(EventDispatchChainImpl.java:114)
	at javafx.base@21.0.1/com.sun.javafx.event.BasicEventDispatcher.dispatchEvent(BasicEventDispatcher.java:56)
	at javafx.base@21.0.1/com.sun.javafx.event.EventDispatchChainImpl.dispatchEvent(EventDispatchChainImpl.java:114)
	at javafx.base@21.0.1/com.sun.javafx.event.BasicEventDispatcher.dispatchEvent(BasicEventDispatcher.java:56)
	at javafx.base@21.0.1/com.sun.javafx.event.EventDispatchChainImpl.dispatchEvent(EventDispatchChainImpl.java:114)
	at javafx.base@21.0.1/com.sun.javafx.event.EventUtil.fireEventImpl(EventUtil.java:74)
	at javafx.base@21.0.1/com.sun.javafx.event.EventUtil.fireEvent(EventUtil.java:49)
	at javafx.base@21.0.1/javafx.event.Event.fireEvent(Event.java:198)
	at javafx.graphics@21.0.1/javafx.scene.Node.fireEvent(Node.java:8875)
	at javafx.controls@21.0.1/javafx.scene.control.Button.fire(Button.java:203)
	at javafx.controls@21.0.1/com.sun.javafx.scene.control.behavior.ButtonBehavior.mouseReleased(ButtonBehavior.java:207)
	at javafx.controls@21.0.1/com.sun.javafx.scene.control.inputmap.InputMap.handle(InputMap.java:274)
	at javafx.base@21.0.1/com.sun.javafx.event.CompositeEventHandler$NormalEventHandlerRecord.handleBubblingEvent(CompositeEventHandler.java:247)
	at javafx.base@21.0.1/com.sun.javafx.event.CompositeEventHandler.dispatchBubblingEvent(CompositeEventHandler.java:80)
	at javafx.base@21.0.1/com.sun.javafx.event.EventHandlerManager.dispatchBubblingEvent(EventHandlerManager.java:232)
	at javafx.base@21.0.1/com.sun.javafx.event.EventHandlerManager.dispatchBubblingEvent(EventHandlerManager.java:189)
	at javafx.base@21.0.1/com.sun.javafx.event.CompositeEventDispatcher.dispatchBubblingEvent(CompositeEventDispatcher.java:59)
	at javafx.base@21.0.1/com.sun.javafx.event.BasicEventDispatcher.dispatchEvent(BasicEventDispatcher.java:58)
	at javafx.base@21.0.1/com.sun.javafx.event.EventDispatchChainImpl.dispatchEvent(EventDispatchChainImpl.java:114)
	at javafx.base@21.0.1/com.sun.javafx.event.BasicEventDispatcher.dispatchEvent(BasicEventDispatcher.java:56)
	at javafx.base@21.0.1/com.sun.javafx.event.EventDispatchChainImpl.dispatchEvent(EventDispatchChainImpl.java:114)
	at javafx.base@21.0.1/com.sun.javafx.event.BasicEventDispatcher.dispatchEvent(BasicEventDispatcher.java:56)
	at javafx.base@21.0.1/com.sun.javafx.event.EventDispatchChainImpl.dispatchEvent(EventDispatchChainImpl.java:114)
	at javafx.base@21.0.1/com.sun.javafx.event.EventUtil.fireEventImpl(EventUtil.java:74)
	at javafx.base@21.0.1/com.sun.javafx.event.EventUtil.fireEvent(EventUtil.java:54)
	at javafx.base@21.0.1/javafx.event.Event.fireEvent(Event.java:198)
	at javafx.graphics@21.0.1/javafx.scene.Scene$MouseHandler.process(Scene.java:3984)
	at javafx.graphics@21.0.1/javafx.scene.Scene.processMouseEvent(Scene.java:1890)
	at javafx.graphics@21.0.1/javafx.scene.Scene$ScenePeerListener.mouseEvent(Scene.java:2708)
	at javafx.graphics@21.0.1/com.sun.javafx.tk.quantum.GlassViewEventHandler$MouseEventNotification.run(GlassViewEventHandler.java:411)
	at javafx.graphics@21.0.1/com.sun.javafx.tk.quantum.GlassViewEventHandler$MouseEventNotification.run(GlassViewEventHandler.java:301)
	at java.base/java.security.AccessController.doPrivileged(AccessController.java:400)
	at javafx.graphics@21.0.1/com.sun.javafx.tk.quantum.GlassViewEventHandler.lambda$handleMouseEvent$2(GlassViewEventHandler.java:450)
	at javafx.graphics@21.0.1/com.sun.javafx.tk.quantum.QuantumToolkit.runWithoutRenderLock(QuantumToolkit.java:424)
	at javafx.graphics@21.0.1/com.sun.javafx.tk.quantum.GlassViewEventHandler.handleMouseEvent(GlassViewEventHandler.java:449)
	at javafx.graphics@21.0.1/com.sun.glass.ui.View.handleMouseEvent(View.java:551)
	at javafx.graphics@21.0.1/com.sun.glass.ui.View.notifyMouse(View.java:937)
	at javafx.graphics@21.0.1/com.sun.glass.ui.win.WinApplication._runLoop(Native Method)
	at javafx.graphics@21.0.1/com.sun.glass.ui.win.WinApplication.lambda$runLoop$3(WinApplication.java:185)
	at java.base/java.lang.Thread.run(Thread.java:1583)
2025-10-06 21:08:36 [JavaFX Application Thread] INFO  p.c.app.view.LoginController - Usuario redirigido a pantalla principal: CLIENTE
2025-10-06 21:08:41 [JavaFX Application Thread] INFO  p.c.a.v.c.SimuladorClienteController - Simulador de crédito inicializado correctamente
2025-10-06 21:09:23 [JavaFX Application Thread] INFO  p.c.app.config.DatabaseConfig - Pool de conexiones cerrado correctamente
2025-10-06 21:09:23 [JavaFX Application Thread] INFO  pe.crediactiva.app.Main - Aplicación CrediActiva cerrada
2025-10-06 21:11:33 [main] INFO  pe.crediactiva.app.Main - Iniciando aplicación CrediActiva Desktop v1.0.0
2025-10-06 21:11:33 [JavaFX Application Thread] INFO  pe.crediactiva.app.Main - Icono no encontrado, continuando sin icono
2025-10-06 21:11:33 [JavaFX Application Thread] INFO  p.c.app.config.DatabaseConfig - Propiedades de base de datos cargadas correctamente
2025-10-06 21:11:33 [JavaFX Application Thread] INFO  p.c.app.config.DatabaseConfig - Pool de conexiones HikariCP inicializado correctamente
2025-10-06 21:11:35 [JavaFX Application Thread] INFO  pe.crediactiva.app.Main - Aplicación CrediActiva iniciada correctamente
2025-10-06 21:11:50 [JavaFX Application Thread] INFO  p.c.app.dao.impl.UsuarioDAOImpl - Usuario autenticado exitosamente: 11111111
2025-10-06 21:11:50 [JavaFX Application Thread] INFO  p.c.a.service.AuthenticationService - Usuario autenticado exitosamente: 11111111 - CLIENTE
2025-10-06 21:11:50 [JavaFX Application Thread] INFO  p.c.app.view.LoginController - Usuario autenticado exitosamente: 11111111
2025-10-06 21:11:50 [JavaFX Application Thread] ERROR p.c.app.dao.impl.PrestamoDAOImpl - Error al buscar préstamos por cliente y estado: 11111111, ACTIVO
java.sql.SQLException: Column 'cliente_nombre' not found.
	at com.mysql.cj.jdbc.exceptions.SQLError.createSQLException(SQLError.java:130)
	at com.mysql.cj.jdbc.exceptions.SQLError.createSQLException(SQLError.java:98)
	at com.mysql.cj.jdbc.exceptions.SQLError.createSQLException(SQLError.java:90)
	at com.mysql.cj.jdbc.exceptions.SQLError.createSQLException(SQLError.java:64)
	at com.mysql.cj.jdbc.result.ResultSetImpl.findColumn(ResultSetImpl.java:584)
	at com.mysql.cj.jdbc.result.ResultSetImpl.getString(ResultSetImpl.java:896)
	at com.zaxxer.hikari.pool.HikariProxyResultSet.getString(HikariProxyResultSet.java)
	at pe.crediactiva.app.dao.impl.PrestamoDAOImpl.mapResultSetToPrestamo(PrestamoDAOImpl.java:544)
	at pe.crediactiva.app.dao.impl.PrestamoDAOImpl.findByClienteAndEstado(PrestamoDAOImpl.java:497)
	at pe.crediactiva.app.service.PrestamoService.obtenerPrestamosActivosPorCliente(PrestamoService.java:402)
	at pe.crediactiva.app.view.cliente.ClienteMainController.cargarEstadisticasResumen(ClienteMainController.java:198)
	at pe.crediactiva.app.view.cliente.ClienteMainController.initialize(ClienteMainController.java:147)
	at java.base/jdk.internal.reflect.DirectMethodHandleAccessor.invoke(DirectMethodHandleAccessor.java:103)
	at java.base/java.lang.reflect.Method.invoke(Method.java:580)
	at com.sun.javafx.reflect.Trampoline.invoke(MethodUtil.java:72)
	at java.base/jdk.internal.reflect.DirectMethodHandleAccessor.invoke(DirectMethodHandleAccessor.java:103)
	at java.base/java.lang.reflect.Method.invoke(Method.java:580)
	at javafx.base@21.0.1/com.sun.javafx.reflect.MethodUtil.invoke(MethodUtil.java:270)
	at javafx.fxml@21.0.1/com.sun.javafx.fxml.MethodHelper.invoke(MethodHelper.java:84)
	at javafx.fxml@21.0.1/javafx.fxml.FXMLLoader.loadImpl(FXMLLoader.java:2688)
	at javafx.fxml@21.0.1/javafx.fxml.FXMLLoader.loadImpl(FXMLLoader.java:2563)
	at javafx.fxml@21.0.1/javafx.fxml.FXMLLoader.load(FXMLLoader.java:2531)
	at pe.crediactiva.app.view.LoginController.redirectToMainScreen(LoginController.java:140)
	at pe.crediactiva.app.view.LoginController.handleLogin(LoginController.java:99)
	at java.base/jdk.internal.reflect.DirectMethodHandleAccessor.invoke(DirectMethodHandleAccessor.java:103)
	at java.base/java.lang.reflect.Method.invoke(Method.java:580)
	at com.sun.javafx.reflect.Trampoline.invoke(MethodUtil.java:72)
	at java.base/jdk.internal.reflect.DirectMethodHandleAccessor.invoke(DirectMethodHandleAccessor.java:103)
	at java.base/java.lang.reflect.Method.invoke(Method.java:580)
	at javafx.base@21.0.1/com.sun.javafx.reflect.MethodUtil.invoke(MethodUtil.java:270)
	at javafx.fxml@21.0.1/com.sun.javafx.fxml.MethodHelper.invoke(MethodHelper.java:84)
	at javafx.fxml@21.0.1/javafx.fxml.FXMLLoader$MethodHandler.invoke(FXMLLoader.java:1855)
	at javafx.fxml@21.0.1/javafx.fxml.FXMLLoader$ControllerMethodEventHandler.handle(FXMLLoader.java:1726)
	at javafx.base@21.0.1/com.sun.javafx.event.CompositeEventHandler.dispatchBubblingEvent(CompositeEventHandler.java:86)
	at javafx.base@21.0.1/com.sun.javafx.event.EventHandlerManager.dispatchBubblingEvent(EventHandlerManager.java:232)
	at javafx.base@21.0.1/com.sun.javafx.event.EventHandlerManager.dispatchBubblingEvent(EventHandlerManager.java:189)
	at javafx.base@21.0.1/com.sun.javafx.event.CompositeEventDispatcher.dispatchBubblingEvent(CompositeEventDispatcher.java:59)
	at javafx.base@21.0.1/com.sun.javafx.event.BasicEventDispatcher.dispatchEvent(BasicEventDispatcher.java:58)
	at javafx.base@21.0.1/com.sun.javafx.event.EventDispatchChainImpl.dispatchEvent(EventDispatchChainImpl.java:114)
	at javafx.base@21.0.1/com.sun.javafx.event.BasicEventDispatcher.dispatchEvent(BasicEventDispatcher.java:56)
	at javafx.base@21.0.1/com.sun.javafx.event.EventDispatchChainImpl.dispatchEvent(EventDispatchChainImpl.java:114)
	at javafx.base@21.0.1/com.sun.javafx.event.BasicEventDispatcher.dispatchEvent(BasicEventDispatcher.java:56)
	at javafx.base@21.0.1/com.sun.javafx.event.EventDispatchChainImpl.dispatchEvent(EventDispatchChainImpl.java:114)
	at javafx.base@21.0.1/com.sun.javafx.event.EventUtil.fireEventImpl(EventUtil.java:74)
	at javafx.base@21.0.1/com.sun.javafx.event.EventUtil.fireEvent(EventUtil.java:49)
	at javafx.base@21.0.1/javafx.event.Event.fireEvent(Event.java:198)
	at javafx.graphics@21.0.1/javafx.scene.Node.fireEvent(Node.java:8875)
	at javafx.controls@21.0.1/javafx.scene.control.Button.fire(Button.java:203)
	at javafx.controls@21.0.1/com.sun.javafx.scene.control.behavior.ButtonBehavior.mouseReleased(ButtonBehavior.java:207)
	at javafx.controls@21.0.1/com.sun.javafx.scene.control.inputmap.InputMap.handle(InputMap.java:274)
	at javafx.base@21.0.1/com.sun.javafx.event.CompositeEventHandler$NormalEventHandlerRecord.handleBubblingEvent(CompositeEventHandler.java:247)
	at javafx.base@21.0.1/com.sun.javafx.event.CompositeEventHandler.dispatchBubblingEvent(CompositeEventHandler.java:80)
	at javafx.base@21.0.1/com.sun.javafx.event.EventHandlerManager.dispatchBubblingEvent(EventHandlerManager.java:232)
	at javafx.base@21.0.1/com.sun.javafx.event.EventHandlerManager.dispatchBubblingEvent(EventHandlerManager.java:189)
	at javafx.base@21.0.1/com.sun.javafx.event.CompositeEventDispatcher.dispatchBubblingEvent(CompositeEventDispatcher.java:59)
	at javafx.base@21.0.1/com.sun.javafx.event.BasicEventDispatcher.dispatchEvent(BasicEventDispatcher.java:58)
	at javafx.base@21.0.1/com.sun.javafx.event.EventDispatchChainImpl.dispatchEvent(EventDispatchChainImpl.java:114)
	at javafx.base@21.0.1/com.sun.javafx.event.BasicEventDispatcher.dispatchEvent(BasicEventDispatcher.java:56)
	at javafx.base@21.0.1/com.sun.javafx.event.EventDispatchChainImpl.dispatchEvent(EventDispatchChainImpl.java:114)
	at javafx.base@21.0.1/com.sun.javafx.event.BasicEventDispatcher.dispatchEvent(BasicEventDispatcher.java:56)
	at javafx.base@21.0.1/com.sun.javafx.event.EventDispatchChainImpl.dispatchEvent(EventDispatchChainImpl.java:114)
	at javafx.base@21.0.1/com.sun.javafx.event.EventUtil.fireEventImpl(EventUtil.java:74)
	at javafx.base@21.0.1/com.sun.javafx.event.EventUtil.fireEvent(EventUtil.java:54)
	at javafx.base@21.0.1/javafx.event.Event.fireEvent(Event.java:198)
	at javafx.graphics@21.0.1/javafx.scene.Scene$MouseHandler.process(Scene.java:3984)
	at javafx.graphics@21.0.1/javafx.scene.Scene.processMouseEvent(Scene.java:1890)
	at javafx.graphics@21.0.1/javafx.scene.Scene$ScenePeerListener.mouseEvent(Scene.java:2708)
	at javafx.graphics@21.0.1/com.sun.javafx.tk.quantum.GlassViewEventHandler$MouseEventNotification.run(GlassViewEventHandler.java:411)
	at javafx.graphics@21.0.1/com.sun.javafx.tk.quantum.GlassViewEventHandler$MouseEventNotification.run(GlassViewEventHandler.java:301)
	at java.base/java.security.AccessController.doPrivileged(AccessController.java:400)
	at javafx.graphics@21.0.1/com.sun.javafx.tk.quantum.GlassViewEventHandler.lambda$handleMouseEvent$2(GlassViewEventHandler.java:450)
	at javafx.graphics@21.0.1/com.sun.javafx.tk.quantum.QuantumToolkit.runWithoutRenderLock(QuantumToolkit.java:424)
	at javafx.graphics@21.0.1/com.sun.javafx.tk.quantum.GlassViewEventHandler.handleMouseEvent(GlassViewEventHandler.java:449)
	at javafx.graphics@21.0.1/com.sun.glass.ui.View.handleMouseEvent(View.java:551)
	at javafx.graphics@21.0.1/com.sun.glass.ui.View.notifyMouse(View.java:937)
	at javafx.graphics@21.0.1/com.sun.glass.ui.win.WinApplication._runLoop(Native Method)
	at javafx.graphics@21.0.1/com.sun.glass.ui.win.WinApplication.lambda$runLoop$3(WinApplication.java:185)
	at java.base/java.lang.Thread.run(Thread.java:1583)
2025-10-06 21:11:50 [JavaFX Application Thread] INFO  p.c.app.view.LoginController - Usuario redirigido a pantalla principal: CLIENTE
2025-10-06 21:11:53 [JavaFX Application Thread] INFO  p.c.a.v.c.SimuladorClienteController - Configurando tabla del cronograma
2025-10-06 21:11:53 [JavaFX Application Thread] INFO  p.c.a.v.c.SimuladorClienteController - Tabla del cronograma configurada correctamente
2025-10-06 21:11:53 [JavaFX Application Thread] INFO  p.c.a.v.c.SimuladorClienteController - Simulador de crédito inicializado correctamente
2025-10-06 21:12:07 [JavaFX Application Thread] INFO  p.c.a.v.c.SimuladorClienteController - Iniciando generación de cronograma con 26 cuotas
2025-10-06 21:12:07 [JavaFX Application Thread] INFO  p.c.a.v.c.SimuladorClienteController - Cronograma generado con 26 cuotas
2025-10-06 21:12:07 [JavaFX Application Thread] INFO  p.c.a.v.c.SimuladorClienteController - Primera cuota: 08/10/2025
2025-10-06 21:12:07 [JavaFX Application Thread] INFO  p.c.a.v.c.SimuladorClienteController - Iniciando generación de cronograma con 26 cuotas
2025-10-06 21:12:07 [JavaFX Application Thread] INFO  p.c.a.v.c.SimuladorClienteController - Cronograma generado con 26 cuotas
2025-10-06 21:12:07 [JavaFX Application Thread] INFO  p.c.a.v.c.SimuladorClienteController - Primera cuota: 08/10/2025
2025-10-06 21:12:09 [JavaFX Application Thread] INFO  p.c.a.v.c.SimuladorClienteController - Iniciando generación de cronograma con 26 cuotas
2025-10-06 21:12:09 [JavaFX Application Thread] INFO  p.c.a.v.c.SimuladorClienteController - Cronograma generado con 26 cuotas
2025-10-06 21:12:09 [JavaFX Application Thread] INFO  p.c.a.v.c.SimuladorClienteController - Primera cuota: 08/10/2025
2025-10-06 21:12:09 [JavaFX Application Thread] INFO  p.c.a.v.c.SimuladorClienteController - Iniciando generación de cronograma con 26 cuotas
2025-10-06 21:12:09 [JavaFX Application Thread] INFO  p.c.a.v.c.SimuladorClienteController - Cronograma generado con 26 cuotas
2025-10-06 21:12:09 [JavaFX Application Thread] INFO  p.c.a.v.c.SimuladorClienteController - Primera cuota: 08/10/2025
2025-10-06 21:12:09 [JavaFX Application Thread] INFO  p.c.a.v.c.SimuladorClienteController - Iniciando generación de cronograma con 26 cuotas
2025-10-06 21:12:09 [JavaFX Application Thread] INFO  p.c.a.v.c.SimuladorClienteController - Cronograma generado con 26 cuotas
2025-10-06 21:12:09 [JavaFX Application Thread] INFO  p.c.a.v.c.SimuladorClienteController - Primera cuota: 08/10/2025
2025-10-06 21:12:09 [JavaFX Application Thread] INFO  p.c.a.v.c.SimuladorClienteController - Iniciando generación de cronograma con 26 cuotas
2025-10-06 21:12:09 [JavaFX Application Thread] INFO  p.c.a.v.c.SimuladorClienteController - Cronograma generado con 26 cuotas
2025-10-06 21:12:09 [JavaFX Application Thread] INFO  p.c.a.v.c.SimuladorClienteController - Primera cuota: 08/10/2025
2025-10-06 21:12:15 [JavaFX Application Thread] INFO  p.c.a.v.c.SimuladorClienteController - Iniciando generación de cronograma con 26 cuotas
2025-10-06 21:12:15 [JavaFX Application Thread] INFO  p.c.a.v.c.SimuladorClienteController - Cronograma generado con 26 cuotas
2025-10-06 21:12:15 [JavaFX Application Thread] INFO  p.c.a.v.c.SimuladorClienteController - Primera cuota: 08/10/2025
2025-10-06 21:12:25 [JavaFX Application Thread] ERROR p.c.app.dao.impl.PrestamoDAOImpl - Error al buscar préstamos por cliente y estado: 11111111, ACTIVO
java.sql.SQLException: Column 'cliente_nombre' not found.
	at com.mysql.cj.jdbc.exceptions.SQLError.createSQLException(SQLError.java:130)
	at com.mysql.cj.jdbc.exceptions.SQLError.createSQLException(SQLError.java:98)
	at com.mysql.cj.jdbc.exceptions.SQLError.createSQLException(SQLError.java:90)
	at com.mysql.cj.jdbc.exceptions.SQLError.createSQLException(SQLError.java:64)
	at com.mysql.cj.jdbc.result.ResultSetImpl.findColumn(ResultSetImpl.java:584)
	at com.mysql.cj.jdbc.result.ResultSetImpl.getString(ResultSetImpl.java:896)
	at com.zaxxer.hikari.pool.HikariProxyResultSet.getString(HikariProxyResultSet.java)
	at pe.crediactiva.app.dao.impl.PrestamoDAOImpl.mapResultSetToPrestamo(PrestamoDAOImpl.java:544)
	at pe.crediactiva.app.dao.impl.PrestamoDAOImpl.findByClienteAndEstado(PrestamoDAOImpl.java:497)
	at pe.crediactiva.app.service.PrestamoService.obtenerPrestamosActivosPorCliente(PrestamoService.java:402)
	at pe.crediactiva.app.view.cliente.ClienteMainController.cargarEstadisticasResumen(ClienteMainController.java:198)
	at pe.crediactiva.app.view.cliente.ClienteMainController.initialize(ClienteMainController.java:147)
	at java.base/jdk.internal.reflect.DirectMethodHandleAccessor.invoke(DirectMethodHandleAccessor.java:103)
	at java.base/java.lang.reflect.Method.invoke(Method.java:580)
	at com.sun.javafx.reflect.Trampoline.invoke(MethodUtil.java:72)
	at java.base/jdk.internal.reflect.DirectMethodHandleAccessor.invoke(DirectMethodHandleAccessor.java:103)
	at java.base/java.lang.reflect.Method.invoke(Method.java:580)
	at javafx.base@21.0.1/com.sun.javafx.reflect.MethodUtil.invoke(MethodUtil.java:270)
	at javafx.fxml@21.0.1/com.sun.javafx.fxml.MethodHelper.invoke(MethodHelper.java:84)
	at javafx.fxml@21.0.1/javafx.fxml.FXMLLoader.loadImpl(FXMLLoader.java:2688)
	at javafx.fxml@21.0.1/javafx.fxml.FXMLLoader.loadImpl(FXMLLoader.java:2563)
	at javafx.fxml@21.0.1/javafx.fxml.FXMLLoader.load(FXMLLoader.java:2531)
	at pe.crediactiva.app.view.cliente.SimuladorClienteController.handleVolver(SimuladorClienteController.java:482)
	at java.base/jdk.internal.reflect.DirectMethodHandleAccessor.invoke(DirectMethodHandleAccessor.java:103)
	at java.base/java.lang.reflect.Method.invoke(Method.java:580)
	at com.sun.javafx.reflect.Trampoline.invoke(MethodUtil.java:72)
	at java.base/jdk.internal.reflect.DirectMethodHandleAccessor.invoke(DirectMethodHandleAccessor.java:103)
	at java.base/java.lang.reflect.Method.invoke(Method.java:580)
	at javafx.base@21.0.1/com.sun.javafx.reflect.MethodUtil.invoke(MethodUtil.java:270)
	at javafx.fxml@21.0.1/com.sun.javafx.fxml.MethodHelper.invoke(MethodHelper.java:84)
	at javafx.fxml@21.0.1/javafx.fxml.FXMLLoader$MethodHandler.invoke(FXMLLoader.java:1855)
	at javafx.fxml@21.0.1/javafx.fxml.FXMLLoader$ControllerMethodEventHandler.handle(FXMLLoader.java:1726)
	at javafx.base@21.0.1/com.sun.javafx.event.CompositeEventHandler.dispatchBubblingEvent(CompositeEventHandler.java:86)
	at javafx.base@21.0.1/com.sun.javafx.event.EventHandlerManager.dispatchBubblingEvent(EventHandlerManager.java:232)
	at javafx.base@21.0.1/com.sun.javafx.event.EventHandlerManager.dispatchBubblingEvent(EventHandlerManager.java:189)
	at javafx.base@21.0.1/com.sun.javafx.event.CompositeEventDispatcher.dispatchBubblingEvent(CompositeEventDispatcher.java:59)
	at javafx.base@21.0.1/com.sun.javafx.event.BasicEventDispatcher.dispatchEvent(BasicEventDispatcher.java:58)
	at javafx.base@21.0.1/com.sun.javafx.event.EventDispatchChainImpl.dispatchEvent(EventDispatchChainImpl.java:114)
	at javafx.base@21.0.1/com.sun.javafx.event.BasicEventDispatcher.dispatchEvent(BasicEventDispatcher.java:56)
	at javafx.base@21.0.1/com.sun.javafx.event.EventDispatchChainImpl.dispatchEvent(EventDispatchChainImpl.java:114)
	at javafx.base@21.0.1/com.sun.javafx.event.BasicEventDispatcher.dispatchEvent(BasicEventDispatcher.java:56)
	at javafx.base@21.0.1/com.sun.javafx.event.EventDispatchChainImpl.dispatchEvent(EventDispatchChainImpl.java:114)
	at javafx.base@21.0.1/com.sun.javafx.event.EventUtil.fireEventImpl(EventUtil.java:74)
	at javafx.base@21.0.1/com.sun.javafx.event.EventUtil.fireEvent(EventUtil.java:49)
	at javafx.base@21.0.1/javafx.event.Event.fireEvent(Event.java:198)
	at javafx.graphics@21.0.1/javafx.scene.Node.fireEvent(Node.java:8875)
	at javafx.controls@21.0.1/javafx.scene.control.Button.fire(Button.java:203)
	at javafx.controls@21.0.1/com.sun.javafx.scene.control.behavior.ButtonBehavior.mouseReleased(ButtonBehavior.java:207)
	at javafx.controls@21.0.1/com.sun.javafx.scene.control.inputmap.InputMap.handle(InputMap.java:274)
	at javafx.base@21.0.1/com.sun.javafx.event.CompositeEventHandler$NormalEventHandlerRecord.handleBubblingEvent(CompositeEventHandler.java:247)
	at javafx.base@21.0.1/com.sun.javafx.event.CompositeEventHandler.dispatchBubblingEvent(CompositeEventHandler.java:80)
	at javafx.base@21.0.1/com.sun.javafx.event.EventHandlerManager.dispatchBubblingEvent(EventHandlerManager.java:232)
	at javafx.base@21.0.1/com.sun.javafx.event.EventHandlerManager.dispatchBubblingEvent(EventHandlerManager.java:189)
	at javafx.base@21.0.1/com.sun.javafx.event.CompositeEventDispatcher.dispatchBubblingEvent(CompositeEventDispatcher.java:59)
	at javafx.base@21.0.1/com.sun.javafx.event.BasicEventDispatcher.dispatchEvent(BasicEventDispatcher.java:58)
	at javafx.base@21.0.1/com.sun.javafx.event.EventDispatchChainImpl.dispatchEvent(EventDispatchChainImpl.java:114)
	at javafx.base@21.0.1/com.sun.javafx.event.BasicEventDispatcher.dispatchEvent(BasicEventDispatcher.java:56)
	at javafx.base@21.0.1/com.sun.javafx.event.EventDispatchChainImpl.dispatchEvent(EventDispatchChainImpl.java:114)
	at javafx.base@21.0.1/com.sun.javafx.event.BasicEventDispatcher.dispatchEvent(BasicEventDispatcher.java:56)
	at javafx.base@21.0.1/com.sun.javafx.event.EventDispatchChainImpl.dispatchEvent(EventDispatchChainImpl.java:114)
	at javafx.base@21.0.1/com.sun.javafx.event.EventUtil.fireEventImpl(EventUtil.java:74)
	at javafx.base@21.0.1/com.sun.javafx.event.EventUtil.fireEvent(EventUtil.java:54)
	at javafx.base@21.0.1/javafx.event.Event.fireEvent(Event.java:198)
	at javafx.graphics@21.0.1/javafx.scene.Scene$MouseHandler.process(Scene.java:3984)
	at javafx.graphics@21.0.1/javafx.scene.Scene.processMouseEvent(Scene.java:1890)
	at javafx.graphics@21.0.1/javafx.scene.Scene$ScenePeerListener.mouseEvent(Scene.java:2708)
	at javafx.graphics@21.0.1/com.sun.javafx.tk.quantum.GlassViewEventHandler$MouseEventNotification.run(GlassViewEventHandler.java:411)
	at javafx.graphics@21.0.1/com.sun.javafx.tk.quantum.GlassViewEventHandler$MouseEventNotification.run(GlassViewEventHandler.java:301)
	at java.base/java.security.AccessController.doPrivileged(AccessController.java:400)
	at javafx.graphics@21.0.1/com.sun.javafx.tk.quantum.GlassViewEventHandler.lambda$handleMouseEvent$2(GlassViewEventHandler.java:450)
	at javafx.graphics@21.0.1/com.sun.javafx.tk.quantum.QuantumToolkit.runWithoutRenderLock(QuantumToolkit.java:424)
	at javafx.graphics@21.0.1/com.sun.javafx.tk.quantum.GlassViewEventHandler.handleMouseEvent(GlassViewEventHandler.java:449)
	at javafx.graphics@21.0.1/com.sun.glass.ui.View.handleMouseEvent(View.java:551)
	at javafx.graphics@21.0.1/com.sun.glass.ui.View.notifyMouse(View.java:937)
	at javafx.graphics@21.0.1/com.sun.glass.ui.win.WinApplication._runLoop(Native Method)
	at javafx.graphics@21.0.1/com.sun.glass.ui.win.WinApplication.lambda$runLoop$3(WinApplication.java:185)
	at java.base/java.lang.Thread.run(Thread.java:1583)
2025-10-06 21:12:29 [JavaFX Application Thread] INFO  p.c.a.v.c.SimuladorClienteController - Configurando tabla del cronograma
2025-10-06 21:12:29 [JavaFX Application Thread] INFO  p.c.a.v.c.SimuladorClienteController - Tabla del cronograma configurada correctamente
2025-10-06 21:12:29 [JavaFX Application Thread] INFO  p.c.a.v.c.SimuladorClienteController - Simulador de crédito inicializado correctamente
2025-10-06 21:12:34 [JavaFX Application Thread] INFO  p.c.app.config.DatabaseConfig - Pool de conexiones cerrado correctamente
2025-10-06 21:12:34 [JavaFX Application Thread] INFO  pe.crediactiva.app.Main - Aplicación CrediActiva cerrada
2025-10-06 21:13:07 [main] INFO  pe.crediactiva.app.Main - Iniciando aplicación CrediActiva Desktop v1.0.0
2025-10-06 21:13:07 [JavaFX Application Thread] INFO  pe.crediactiva.app.Main - Icono no encontrado, continuando sin icono
2025-10-06 21:13:07 [JavaFX Application Thread] INFO  p.c.app.config.DatabaseConfig - Propiedades de base de datos cargadas correctamente
2025-10-06 21:13:07 [JavaFX Application Thread] INFO  p.c.app.config.DatabaseConfig - Pool de conexiones HikariCP inicializado correctamente
2025-10-06 21:13:08 [JavaFX Application Thread] INFO  pe.crediactiva.app.Main - Aplicación CrediActiva iniciada correctamente
2025-10-06 21:13:21 [JavaFX Application Thread] INFO  p.c.app.dao.impl.UsuarioDAOImpl - Usuario autenticado exitosamente: 11111111
2025-10-06 21:13:21 [JavaFX Application Thread] INFO  p.c.a.service.AuthenticationService - Usuario autenticado exitosamente: 11111111 - CLIENTE
2025-10-06 21:13:21 [JavaFX Application Thread] INFO  p.c.app.view.LoginController - Usuario autenticado exitosamente: 11111111
2025-10-06 21:13:21 [JavaFX Application Thread] ERROR p.c.app.dao.impl.PrestamoDAOImpl - Error al buscar préstamos por cliente y estado: 11111111, ACTIVO
java.sql.SQLException: Column 'cliente_nombre' not found.
	at com.mysql.cj.jdbc.exceptions.SQLError.createSQLException(SQLError.java:130)
	at com.mysql.cj.jdbc.exceptions.SQLError.createSQLException(SQLError.java:98)
	at com.mysql.cj.jdbc.exceptions.SQLError.createSQLException(SQLError.java:90)
	at com.mysql.cj.jdbc.exceptions.SQLError.createSQLException(SQLError.java:64)
	at com.mysql.cj.jdbc.result.ResultSetImpl.findColumn(ResultSetImpl.java:584)
	at com.mysql.cj.jdbc.result.ResultSetImpl.getString(ResultSetImpl.java:896)
	at com.zaxxer.hikari.pool.HikariProxyResultSet.getString(HikariProxyResultSet.java)
	at pe.crediactiva.app.dao.impl.PrestamoDAOImpl.mapResultSetToPrestamo(PrestamoDAOImpl.java:544)
	at pe.crediactiva.app.dao.impl.PrestamoDAOImpl.findByClienteAndEstado(PrestamoDAOImpl.java:497)
	at pe.crediactiva.app.service.PrestamoService.obtenerPrestamosActivosPorCliente(PrestamoService.java:402)
	at pe.crediactiva.app.view.cliente.ClienteMainController.cargarEstadisticasResumen(ClienteMainController.java:198)
	at pe.crediactiva.app.view.cliente.ClienteMainController.initialize(ClienteMainController.java:147)
	at java.base/jdk.internal.reflect.DirectMethodHandleAccessor.invoke(DirectMethodHandleAccessor.java:103)
	at java.base/java.lang.reflect.Method.invoke(Method.java:580)
	at com.sun.javafx.reflect.Trampoline.invoke(MethodUtil.java:72)
	at java.base/jdk.internal.reflect.DirectMethodHandleAccessor.invoke(DirectMethodHandleAccessor.java:103)
	at java.base/java.lang.reflect.Method.invoke(Method.java:580)
	at javafx.base@21.0.1/com.sun.javafx.reflect.MethodUtil.invoke(MethodUtil.java:270)
	at javafx.fxml@21.0.1/com.sun.javafx.fxml.MethodHelper.invoke(MethodHelper.java:84)
	at javafx.fxml@21.0.1/javafx.fxml.FXMLLoader.loadImpl(FXMLLoader.java:2688)
	at javafx.fxml@21.0.1/javafx.fxml.FXMLLoader.loadImpl(FXMLLoader.java:2563)
	at javafx.fxml@21.0.1/javafx.fxml.FXMLLoader.load(FXMLLoader.java:2531)
	at pe.crediactiva.app.view.LoginController.redirectToMainScreen(LoginController.java:140)
	at pe.crediactiva.app.view.LoginController.handleLogin(LoginController.java:99)
	at java.base/jdk.internal.reflect.DirectMethodHandleAccessor.invoke(DirectMethodHandleAccessor.java:103)
	at java.base/java.lang.reflect.Method.invoke(Method.java:580)
	at com.sun.javafx.reflect.Trampoline.invoke(MethodUtil.java:72)
	at java.base/jdk.internal.reflect.DirectMethodHandleAccessor.invoke(DirectMethodHandleAccessor.java:103)
	at java.base/java.lang.reflect.Method.invoke(Method.java:580)
	at javafx.base@21.0.1/com.sun.javafx.reflect.MethodUtil.invoke(MethodUtil.java:270)
	at javafx.fxml@21.0.1/com.sun.javafx.fxml.MethodHelper.invoke(MethodHelper.java:84)
	at javafx.fxml@21.0.1/javafx.fxml.FXMLLoader$MethodHandler.invoke(FXMLLoader.java:1855)
	at javafx.fxml@21.0.1/javafx.fxml.FXMLLoader$ControllerMethodEventHandler.handle(FXMLLoader.java:1726)
	at javafx.base@21.0.1/com.sun.javafx.event.CompositeEventHandler.dispatchBubblingEvent(CompositeEventHandler.java:86)
	at javafx.base@21.0.1/com.sun.javafx.event.EventHandlerManager.dispatchBubblingEvent(EventHandlerManager.java:232)
	at javafx.base@21.0.1/com.sun.javafx.event.EventHandlerManager.dispatchBubblingEvent(EventHandlerManager.java:189)
	at javafx.base@21.0.1/com.sun.javafx.event.CompositeEventDispatcher.dispatchBubblingEvent(CompositeEventDispatcher.java:59)
	at javafx.base@21.0.1/com.sun.javafx.event.BasicEventDispatcher.dispatchEvent(BasicEventDispatcher.java:58)
	at javafx.base@21.0.1/com.sun.javafx.event.EventDispatchChainImpl.dispatchEvent(EventDispatchChainImpl.java:114)
	at javafx.base@21.0.1/com.sun.javafx.event.BasicEventDispatcher.dispatchEvent(BasicEventDispatcher.java:56)
	at javafx.base@21.0.1/com.sun.javafx.event.EventDispatchChainImpl.dispatchEvent(EventDispatchChainImpl.java:114)
	at javafx.base@21.0.1/com.sun.javafx.event.BasicEventDispatcher.dispatchEvent(BasicEventDispatcher.java:56)
	at javafx.base@21.0.1/com.sun.javafx.event.EventDispatchChainImpl.dispatchEvent(EventDispatchChainImpl.java:114)
	at javafx.base@21.0.1/com.sun.javafx.event.EventUtil.fireEventImpl(EventUtil.java:74)
	at javafx.base@21.0.1/com.sun.javafx.event.EventUtil.fireEvent(EventUtil.java:49)
	at javafx.base@21.0.1/javafx.event.Event.fireEvent(Event.java:198)
	at javafx.graphics@21.0.1/javafx.scene.Node.fireEvent(Node.java:8875)
	at javafx.controls@21.0.1/javafx.scene.control.Button.fire(Button.java:203)
	at javafx.controls@21.0.1/com.sun.javafx.scene.control.behavior.ButtonBehavior.mouseReleased(ButtonBehavior.java:207)
	at javafx.controls@21.0.1/com.sun.javafx.scene.control.inputmap.InputMap.handle(InputMap.java:274)
	at javafx.base@21.0.1/com.sun.javafx.event.CompositeEventHandler$NormalEventHandlerRecord.handleBubblingEvent(CompositeEventHandler.java:247)
	at javafx.base@21.0.1/com.sun.javafx.event.CompositeEventHandler.dispatchBubblingEvent(CompositeEventHandler.java:80)
	at javafx.base@21.0.1/com.sun.javafx.event.EventHandlerManager.dispatchBubblingEvent(EventHandlerManager.java:232)
	at javafx.base@21.0.1/com.sun.javafx.event.EventHandlerManager.dispatchBubblingEvent(EventHandlerManager.java:189)
	at javafx.base@21.0.1/com.sun.javafx.event.CompositeEventDispatcher.dispatchBubblingEvent(CompositeEventDispatcher.java:59)
	at javafx.base@21.0.1/com.sun.javafx.event.BasicEventDispatcher.dispatchEvent(BasicEventDispatcher.java:58)
	at javafx.base@21.0.1/com.sun.javafx.event.EventDispatchChainImpl.dispatchEvent(EventDispatchChainImpl.java:114)
	at javafx.base@21.0.1/com.sun.javafx.event.BasicEventDispatcher.dispatchEvent(BasicEventDispatcher.java:56)
	at javafx.base@21.0.1/com.sun.javafx.event.EventDispatchChainImpl.dispatchEvent(EventDispatchChainImpl.java:114)
	at javafx.base@21.0.1/com.sun.javafx.event.BasicEventDispatcher.dispatchEvent(BasicEventDispatcher.java:56)
	at javafx.base@21.0.1/com.sun.javafx.event.EventDispatchChainImpl.dispatchEvent(EventDispatchChainImpl.java:114)
	at javafx.base@21.0.1/com.sun.javafx.event.EventUtil.fireEventImpl(EventUtil.java:74)
	at javafx.base@21.0.1/com.sun.javafx.event.EventUtil.fireEvent(EventUtil.java:54)
	at javafx.base@21.0.1/javafx.event.Event.fireEvent(Event.java:198)
	at javafx.graphics@21.0.1/javafx.scene.Scene$MouseHandler.process(Scene.java:3984)
	at javafx.graphics@21.0.1/javafx.scene.Scene.processMouseEvent(Scene.java:1890)
	at javafx.graphics@21.0.1/javafx.scene.Scene$ScenePeerListener.mouseEvent(Scene.java:2708)
	at javafx.graphics@21.0.1/com.sun.javafx.tk.quantum.GlassViewEventHandler$MouseEventNotification.run(GlassViewEventHandler.java:411)
	at javafx.graphics@21.0.1/com.sun.javafx.tk.quantum.GlassViewEventHandler$MouseEventNotification.run(GlassViewEventHandler.java:301)
	at java.base/java.security.AccessController.doPrivileged(AccessController.java:400)
	at javafx.graphics@21.0.1/com.sun.javafx.tk.quantum.GlassViewEventHandler.lambda$handleMouseEvent$2(GlassViewEventHandler.java:450)
	at javafx.graphics@21.0.1/com.sun.javafx.tk.quantum.QuantumToolkit.runWithoutRenderLock(QuantumToolkit.java:424)
	at javafx.graphics@21.0.1/com.sun.javafx.tk.quantum.GlassViewEventHandler.handleMouseEvent(GlassViewEventHandler.java:449)
	at javafx.graphics@21.0.1/com.sun.glass.ui.View.handleMouseEvent(View.java:551)
	at javafx.graphics@21.0.1/com.sun.glass.ui.View.notifyMouse(View.java:937)
	at javafx.graphics@21.0.1/com.sun.glass.ui.win.WinApplication._runLoop(Native Method)
	at javafx.graphics@21.0.1/com.sun.glass.ui.win.WinApplication.lambda$runLoop$3(WinApplication.java:185)
	at java.base/java.lang.Thread.run(Thread.java:1583)
2025-10-06 21:13:22 [JavaFX Application Thread] INFO  p.c.app.view.LoginController - Usuario redirigido a pantalla principal: CLIENTE
2025-10-06 21:13:25 [JavaFX Application Thread] INFO  p.c.a.v.c.SimuladorClienteController - Configurando tabla del cronograma
2025-10-06 21:13:25 [JavaFX Application Thread] INFO  p.c.a.v.c.SimuladorClienteController - Tabla del cronograma configurada correctamente
2025-10-06 21:13:25 [JavaFX Application Thread] INFO  p.c.a.v.c.SimuladorClienteController - Simulador de crédito inicializado correctamente
2025-10-06 21:13:27 [JavaFX Application Thread] INFO  p.c.a.v.c.SimuladorClienteController - Iniciando generación de cronograma con 26 cuotas
2025-10-06 21:13:27 [JavaFX Application Thread] INFO  p.c.a.v.c.SimuladorClienteController - Cronograma generado con 26 cuotas
2025-10-06 21:13:27 [JavaFX Application Thread] INFO  p.c.a.v.c.SimuladorClienteController - Primera cuota: 08/10/2025
2025-10-06 21:13:27 [JavaFX Application Thread] INFO  p.c.a.v.c.SimuladorClienteController - Iniciando generación de cronograma con 26 cuotas
2025-10-06 21:13:27 [JavaFX Application Thread] INFO  p.c.a.v.c.SimuladorClienteController - Cronograma generado con 26 cuotas
2025-10-06 21:13:27 [JavaFX Application Thread] INFO  p.c.a.v.c.SimuladorClienteController - Primera cuota: 08/10/2025
2025-10-06 21:13:28 [JavaFX Application Thread] INFO  p.c.a.v.c.SimuladorClienteController - Iniciando generación de cronograma con 26 cuotas
2025-10-06 21:13:28 [JavaFX Application Thread] INFO  p.c.a.v.c.SimuladorClienteController - Cronograma generado con 26 cuotas
2025-10-06 21:13:28 [JavaFX Application Thread] INFO  p.c.a.v.c.SimuladorClienteController - Primera cuota: 08/10/2025
2025-10-06 21:13:29 [JavaFX Application Thread] INFO  p.c.a.v.c.SimuladorClienteController - Iniciando generación de cronograma con 26 cuotas
2025-10-06 21:13:29 [JavaFX Application Thread] INFO  p.c.a.v.c.SimuladorClienteController - Cronograma generado con 26 cuotas
2025-10-06 21:13:29 [JavaFX Application Thread] INFO  p.c.a.v.c.SimuladorClienteController - Primera cuota: 08/10/2025
2025-10-06 21:13:31 [JavaFX Application Thread] INFO  p.c.a.v.c.SimuladorClienteController - Iniciando generación de cronograma con 26 cuotas
2025-10-06 21:13:31 [JavaFX Application Thread] INFO  p.c.a.v.c.SimuladorClienteController - Cronograma generado con 26 cuotas
2025-10-06 21:13:31 [JavaFX Application Thread] INFO  p.c.a.v.c.SimuladorClienteController - Primera cuota: 08/10/2025
2025-10-06 21:14:48 [JavaFX Application Thread] INFO  p.c.app.config.DatabaseConfig - Pool de conexiones cerrado correctamente
2025-10-06 21:14:48 [JavaFX Application Thread] INFO  pe.crediactiva.app.Main - Aplicación CrediActiva cerrada
2025-10-06 21:16:59 [main] INFO  pe.crediactiva.app.Main - Iniciando aplicación CrediActiva Desktop v1.0.0
2025-10-06 21:16:59 [JavaFX Application Thread] INFO  pe.crediactiva.app.Main - Icono no encontrado, continuando sin icono
2025-10-06 21:16:59 [JavaFX Application Thread] INFO  p.c.app.config.DatabaseConfig - Propiedades de base de datos cargadas correctamente
2025-10-06 21:16:59 [JavaFX Application Thread] INFO  p.c.app.config.DatabaseConfig - Pool de conexiones HikariCP inicializado correctamente
2025-10-06 21:17:00 [JavaFX Application Thread] INFO  pe.crediactiva.app.Main - Aplicación CrediActiva iniciada correctamente
2025-10-06 21:17:12 [JavaFX Application Thread] INFO  p.c.app.dao.impl.UsuarioDAOImpl - Usuario autenticado exitosamente: 11111111
2025-10-06 21:17:12 [JavaFX Application Thread] INFO  p.c.a.service.AuthenticationService - Usuario autenticado exitosamente: 11111111 - CLIENTE
2025-10-06 21:17:12 [JavaFX Application Thread] INFO  p.c.app.view.LoginController - Usuario autenticado exitosamente: 11111111
2025-10-06 21:17:12 [JavaFX Application Thread] ERROR p.c.app.dao.impl.PrestamoDAOImpl - Error al buscar préstamos por cliente y estado: 11111111, ACTIVO
java.sql.SQLException: Column 'cliente_nombre' not found.
	at com.mysql.cj.jdbc.exceptions.SQLError.createSQLException(SQLError.java:130)
	at com.mysql.cj.jdbc.exceptions.SQLError.createSQLException(SQLError.java:98)
	at com.mysql.cj.jdbc.exceptions.SQLError.createSQLException(SQLError.java:90)
	at com.mysql.cj.jdbc.exceptions.SQLError.createSQLException(SQLError.java:64)
	at com.mysql.cj.jdbc.result.ResultSetImpl.findColumn(ResultSetImpl.java:584)
	at com.mysql.cj.jdbc.result.ResultSetImpl.getString(ResultSetImpl.java:896)
	at com.zaxxer.hikari.pool.HikariProxyResultSet.getString(HikariProxyResultSet.java)
	at pe.crediactiva.app.dao.impl.PrestamoDAOImpl.mapResultSetToPrestamo(PrestamoDAOImpl.java:544)
	at pe.crediactiva.app.dao.impl.PrestamoDAOImpl.findByClienteAndEstado(PrestamoDAOImpl.java:497)
	at pe.crediactiva.app.service.PrestamoService.obtenerPrestamosActivosPorCliente(PrestamoService.java:402)
	at pe.crediactiva.app.view.cliente.ClienteMainController.cargarEstadisticasResumen(ClienteMainController.java:198)
	at pe.crediactiva.app.view.cliente.ClienteMainController.initialize(ClienteMainController.java:147)
	at java.base/jdk.internal.reflect.DirectMethodHandleAccessor.invoke(DirectMethodHandleAccessor.java:103)
	at java.base/java.lang.reflect.Method.invoke(Method.java:580)
	at com.sun.javafx.reflect.Trampoline.invoke(MethodUtil.java:72)
	at java.base/jdk.internal.reflect.DirectMethodHandleAccessor.invoke(DirectMethodHandleAccessor.java:103)
	at java.base/java.lang.reflect.Method.invoke(Method.java:580)
	at javafx.base@21.0.1/com.sun.javafx.reflect.MethodUtil.invoke(MethodUtil.java:270)
	at javafx.fxml@21.0.1/com.sun.javafx.fxml.MethodHelper.invoke(MethodHelper.java:84)
	at javafx.fxml@21.0.1/javafx.fxml.FXMLLoader.loadImpl(FXMLLoader.java:2688)
	at javafx.fxml@21.0.1/javafx.fxml.FXMLLoader.loadImpl(FXMLLoader.java:2563)
	at javafx.fxml@21.0.1/javafx.fxml.FXMLLoader.load(FXMLLoader.java:2531)
	at pe.crediactiva.app.view.LoginController.redirectToMainScreen(LoginController.java:140)
	at pe.crediactiva.app.view.LoginController.handleLogin(LoginController.java:99)
	at java.base/jdk.internal.reflect.DirectMethodHandleAccessor.invoke(DirectMethodHandleAccessor.java:103)
	at java.base/java.lang.reflect.Method.invoke(Method.java:580)
	at com.sun.javafx.reflect.Trampoline.invoke(MethodUtil.java:72)
	at java.base/jdk.internal.reflect.DirectMethodHandleAccessor.invoke(DirectMethodHandleAccessor.java:103)
	at java.base/java.lang.reflect.Method.invoke(Method.java:580)
	at javafx.base@21.0.1/com.sun.javafx.reflect.MethodUtil.invoke(MethodUtil.java:270)
	at javafx.fxml@21.0.1/com.sun.javafx.fxml.MethodHelper.invoke(MethodHelper.java:84)
	at javafx.fxml@21.0.1/javafx.fxml.FXMLLoader$MethodHandler.invoke(FXMLLoader.java:1855)
	at javafx.fxml@21.0.1/javafx.fxml.FXMLLoader$ControllerMethodEventHandler.handle(FXMLLoader.java:1726)
	at javafx.base@21.0.1/com.sun.javafx.event.CompositeEventHandler.dispatchBubblingEvent(CompositeEventHandler.java:86)
	at javafx.base@21.0.1/com.sun.javafx.event.EventHandlerManager.dispatchBubblingEvent(EventHandlerManager.java:232)
	at javafx.base@21.0.1/com.sun.javafx.event.EventHandlerManager.dispatchBubblingEvent(EventHandlerManager.java:189)
	at javafx.base@21.0.1/com.sun.javafx.event.CompositeEventDispatcher.dispatchBubblingEvent(CompositeEventDispatcher.java:59)
	at javafx.base@21.0.1/com.sun.javafx.event.BasicEventDispatcher.dispatchEvent(BasicEventDispatcher.java:58)
	at javafx.base@21.0.1/com.sun.javafx.event.EventDispatchChainImpl.dispatchEvent(EventDispatchChainImpl.java:114)
	at javafx.base@21.0.1/com.sun.javafx.event.BasicEventDispatcher.dispatchEvent(BasicEventDispatcher.java:56)
	at javafx.base@21.0.1/com.sun.javafx.event.EventDispatchChainImpl.dispatchEvent(EventDispatchChainImpl.java:114)
	at javafx.base@21.0.1/com.sun.javafx.event.BasicEventDispatcher.dispatchEvent(BasicEventDispatcher.java:56)
	at javafx.base@21.0.1/com.sun.javafx.event.EventDispatchChainImpl.dispatchEvent(EventDispatchChainImpl.java:114)
	at javafx.base@21.0.1/com.sun.javafx.event.EventUtil.fireEventImpl(EventUtil.java:74)
	at javafx.base@21.0.1/com.sun.javafx.event.EventUtil.fireEvent(EventUtil.java:49)
	at javafx.base@21.0.1/javafx.event.Event.fireEvent(Event.java:198)
	at javafx.graphics@21.0.1/javafx.scene.Node.fireEvent(Node.java:8875)
	at javafx.controls@21.0.1/javafx.scene.control.Button.fire(Button.java:203)
	at javafx.controls@21.0.1/com.sun.javafx.scene.control.behavior.ButtonBehavior.mouseReleased(ButtonBehavior.java:207)
	at javafx.controls@21.0.1/com.sun.javafx.scene.control.inputmap.InputMap.handle(InputMap.java:274)
	at javafx.base@21.0.1/com.sun.javafx.event.CompositeEventHandler$NormalEventHandlerRecord.handleBubblingEvent(CompositeEventHandler.java:247)
	at javafx.base@21.0.1/com.sun.javafx.event.CompositeEventHandler.dispatchBubblingEvent(CompositeEventHandler.java:80)
	at javafx.base@21.0.1/com.sun.javafx.event.EventHandlerManager.dispatchBubblingEvent(EventHandlerManager.java:232)
	at javafx.base@21.0.1/com.sun.javafx.event.EventHandlerManager.dispatchBubblingEvent(EventHandlerManager.java:189)
	at javafx.base@21.0.1/com.sun.javafx.event.CompositeEventDispatcher.dispatchBubblingEvent(CompositeEventDispatcher.java:59)
	at javafx.base@21.0.1/com.sun.javafx.event.BasicEventDispatcher.dispatchEvent(BasicEventDispatcher.java:58)
	at javafx.base@21.0.1/com.sun.javafx.event.EventDispatchChainImpl.dispatchEvent(EventDispatchChainImpl.java:114)
	at javafx.base@21.0.1/com.sun.javafx.event.BasicEventDispatcher.dispatchEvent(BasicEventDispatcher.java:56)
	at javafx.base@21.0.1/com.sun.javafx.event.EventDispatchChainImpl.dispatchEvent(EventDispatchChainImpl.java:114)
	at javafx.base@21.0.1/com.sun.javafx.event.BasicEventDispatcher.dispatchEvent(BasicEventDispatcher.java:56)
	at javafx.base@21.0.1/com.sun.javafx.event.EventDispatchChainImpl.dispatchEvent(EventDispatchChainImpl.java:114)
	at javafx.base@21.0.1/com.sun.javafx.event.EventUtil.fireEventImpl(EventUtil.java:74)
	at javafx.base@21.0.1/com.sun.javafx.event.EventUtil.fireEvent(EventUtil.java:54)
	at javafx.base@21.0.1/javafx.event.Event.fireEvent(Event.java:198)
	at javafx.graphics@21.0.1/javafx.scene.Scene$MouseHandler.process(Scene.java:3984)
	at javafx.graphics@21.0.1/javafx.scene.Scene.processMouseEvent(Scene.java:1890)
	at javafx.graphics@21.0.1/javafx.scene.Scene$ScenePeerListener.mouseEvent(Scene.java:2708)
	at javafx.graphics@21.0.1/com.sun.javafx.tk.quantum.GlassViewEventHandler$MouseEventNotification.run(GlassViewEventHandler.java:411)
	at javafx.graphics@21.0.1/com.sun.javafx.tk.quantum.GlassViewEventHandler$MouseEventNotification.run(GlassViewEventHandler.java:301)
	at java.base/java.security.AccessController.doPrivileged(AccessController.java:400)
	at javafx.graphics@21.0.1/com.sun.javafx.tk.quantum.GlassViewEventHandler.lambda$handleMouseEvent$2(GlassViewEventHandler.java:450)
	at javafx.graphics@21.0.1/com.sun.javafx.tk.quantum.QuantumToolkit.runWithoutRenderLock(QuantumToolkit.java:424)
	at javafx.graphics@21.0.1/com.sun.javafx.tk.quantum.GlassViewEventHandler.handleMouseEvent(GlassViewEventHandler.java:449)
	at javafx.graphics@21.0.1/com.sun.glass.ui.View.handleMouseEvent(View.java:551)
	at javafx.graphics@21.0.1/com.sun.glass.ui.View.notifyMouse(View.java:937)
	at javafx.graphics@21.0.1/com.sun.glass.ui.win.WinApplication._runLoop(Native Method)
	at javafx.graphics@21.0.1/com.sun.glass.ui.win.WinApplication.lambda$runLoop$3(WinApplication.java:185)
	at java.base/java.lang.Thread.run(Thread.java:1583)
2025-10-06 21:17:12 [JavaFX Application Thread] INFO  p.c.app.view.LoginController - Usuario redirigido a pantalla principal: CLIENTE
2025-10-06 21:17:14 [JavaFX Application Thread] ERROR p.c.a.v.c.ClienteMainController - Error al cargar pantalla del simulador
javafx.fxml.LoadException: ScrollPane is not a valid type.
/C:/Users/USER/OneDrive/Escritorio/proyecto_v4.0/target/classes/fxml/cliente/SimuladorClienteView.fxml:34

	at javafx.fxml@21.0.1/javafx.fxml.FXMLLoader.constructLoadException(FXMLLoader.java:2718)
	at javafx.fxml@21.0.1/javafx.fxml.FXMLLoader.createElement(FXMLLoader.java:2920)
	at javafx.fxml@21.0.1/javafx.fxml.FXMLLoader.processStartElement(FXMLLoader.java:2850)
	at javafx.fxml@21.0.1/javafx.fxml.FXMLLoader.loadImpl(FXMLLoader.java:2649)
	at javafx.fxml@21.0.1/javafx.fxml.FXMLLoader.loadImpl(FXMLLoader.java:2563)
	at javafx.fxml@21.0.1/javafx.fxml.FXMLLoader.load(FXMLLoader.java:2531)
	at pe.crediactiva.app.view.cliente.ClienteMainController.handleSimulador(ClienteMainController.java:356)
	at java.base/jdk.internal.reflect.DirectMethodHandleAccessor.invoke(DirectMethodHandleAccessor.java:103)
	at java.base/java.lang.reflect.Method.invoke(Method.java:580)
	at com.sun.javafx.reflect.Trampoline.invoke(MethodUtil.java:72)
	at java.base/jdk.internal.reflect.DirectMethodHandleAccessor.invoke(DirectMethodHandleAccessor.java:103)
	at java.base/java.lang.reflect.Method.invoke(Method.java:580)
	at javafx.base@21.0.1/com.sun.javafx.reflect.MethodUtil.invoke(MethodUtil.java:270)
	at javafx.fxml@21.0.1/com.sun.javafx.fxml.MethodHelper.invoke(MethodHelper.java:84)
	at javafx.fxml@21.0.1/javafx.fxml.FXMLLoader$MethodHandler.invoke(FXMLLoader.java:1855)
	at javafx.fxml@21.0.1/javafx.fxml.FXMLLoader$ControllerMethodEventHandler.handle(FXMLLoader.java:1726)
	at javafx.base@21.0.1/com.sun.javafx.event.CompositeEventHandler.dispatchBubblingEvent(CompositeEventHandler.java:86)
	at javafx.base@21.0.1/com.sun.javafx.event.EventHandlerManager.dispatchBubblingEvent(EventHandlerManager.java:232)
	at javafx.base@21.0.1/com.sun.javafx.event.EventHandlerManager.dispatchBubblingEvent(EventHandlerManager.java:189)
	at javafx.base@21.0.1/com.sun.javafx.event.CompositeEventDispatcher.dispatchBubblingEvent(CompositeEventDispatcher.java:59)
	at javafx.base@21.0.1/com.sun.javafx.event.BasicEventDispatcher.dispatchEvent(BasicEventDispatcher.java:58)
	at javafx.base@21.0.1/com.sun.javafx.event.EventDispatchChainImpl.dispatchEvent(EventDispatchChainImpl.java:114)
	at javafx.base@21.0.1/com.sun.javafx.event.BasicEventDispatcher.dispatchEvent(BasicEventDispatcher.java:56)
	at javafx.base@21.0.1/com.sun.javafx.event.EventDispatchChainImpl.dispatchEvent(EventDispatchChainImpl.java:114)
	at javafx.base@21.0.1/com.sun.javafx.event.BasicEventDispatcher.dispatchEvent(BasicEventDispatcher.java:56)
	at javafx.base@21.0.1/com.sun.javafx.event.EventDispatchChainImpl.dispatchEvent(EventDispatchChainImpl.java:114)
	at javafx.base@21.0.1/com.sun.javafx.event.BasicEventDispatcher.dispatchEvent(BasicEventDispatcher.java:56)
	at javafx.base@21.0.1/com.sun.javafx.event.EventDispatchChainImpl.dispatchEvent(EventDispatchChainImpl.java:114)
	at javafx.base@21.0.1/com.sun.javafx.event.EventUtil.fireEventImpl(EventUtil.java:74)
	at javafx.base@21.0.1/com.sun.javafx.event.EventUtil.fireEvent(EventUtil.java:49)
	at javafx.base@21.0.1/javafx.event.Event.fireEvent(Event.java:198)
	at javafx.graphics@21.0.1/javafx.scene.Node.fireEvent(Node.java:8875)
	at javafx.controls@21.0.1/javafx.scene.control.Button.fire(Button.java:203)
	at javafx.controls@21.0.1/com.sun.javafx.scene.control.behavior.ButtonBehavior.mouseReleased(ButtonBehavior.java:207)
	at javafx.controls@21.0.1/com.sun.javafx.scene.control.inputmap.InputMap.handle(InputMap.java:274)
	at javafx.base@21.0.1/com.sun.javafx.event.CompositeEventHandler$NormalEventHandlerRecord.handleBubblingEvent(CompositeEventHandler.java:247)
	at javafx.base@21.0.1/com.sun.javafx.event.CompositeEventHandler.dispatchBubblingEvent(CompositeEventHandler.java:80)
	at javafx.base@21.0.1/com.sun.javafx.event.EventHandlerManager.dispatchBubblingEvent(EventHandlerManager.java:232)
	at javafx.base@21.0.1/com.sun.javafx.event.EventHandlerManager.dispatchBubblingEvent(EventHandlerManager.java:189)
	at javafx.base@21.0.1/com.sun.javafx.event.CompositeEventDispatcher.dispatchBubblingEvent(CompositeEventDispatcher.java:59)
	at javafx.base@21.0.1/com.sun.javafx.event.BasicEventDispatcher.dispatchEvent(BasicEventDispatcher.java:58)
	at javafx.base@21.0.1/com.sun.javafx.event.EventDispatchChainImpl.dispatchEvent(EventDispatchChainImpl.java:114)
	at javafx.base@21.0.1/com.sun.javafx.event.BasicEventDispatcher.dispatchEvent(BasicEventDispatcher.java:56)
	at javafx.base@21.0.1/com.sun.javafx.event.EventDispatchChainImpl.dispatchEvent(EventDispatchChainImpl.java:114)
	at javafx.base@21.0.1/com.sun.javafx.event.BasicEventDispatcher.dispatchEvent(BasicEventDispatcher.java:56)
	at javafx.base@21.0.1/com.sun.javafx.event.EventDispatchChainImpl.dispatchEvent(EventDispatchChainImpl.java:114)
	at javafx.base@21.0.1/com.sun.javafx.event.BasicEventDispatcher.dispatchEvent(BasicEventDispatcher.java:56)
	at javafx.base@21.0.1/com.sun.javafx.event.EventDispatchChainImpl.dispatchEvent(EventDispatchChainImpl.java:114)
	at javafx.base@21.0.1/com.sun.javafx.event.EventUtil.fireEventImpl(EventUtil.java:74)
	at javafx.base@21.0.1/com.sun.javafx.event.EventUtil.fireEvent(EventUtil.java:54)
	at javafx.base@21.0.1/javafx.event.Event.fireEvent(Event.java:198)
	at javafx.graphics@21.0.1/javafx.scene.Scene$MouseHandler.process(Scene.java:3984)
	at javafx.graphics@21.0.1/javafx.scene.Scene.processMouseEvent(Scene.java:1890)
	at javafx.graphics@21.0.1/javafx.scene.Scene$ScenePeerListener.mouseEvent(Scene.java:2708)
	at javafx.graphics@21.0.1/com.sun.javafx.tk.quantum.GlassViewEventHandler$MouseEventNotification.run(GlassViewEventHandler.java:411)
	at javafx.graphics@21.0.1/com.sun.javafx.tk.quantum.GlassViewEventHandler$MouseEventNotification.run(GlassViewEventHandler.java:301)
	at java.base/java.security.AccessController.doPrivileged(AccessController.java:400)
	at javafx.graphics@21.0.1/com.sun.javafx.tk.quantum.GlassViewEventHandler.lambda$handleMouseEvent$2(GlassViewEventHandler.java:450)
	at javafx.graphics@21.0.1/com.sun.javafx.tk.quantum.QuantumToolkit.runWithoutRenderLock(QuantumToolkit.java:424)
	at javafx.graphics@21.0.1/com.sun.javafx.tk.quantum.GlassViewEventHandler.handleMouseEvent(GlassViewEventHandler.java:449)
	at javafx.graphics@21.0.1/com.sun.glass.ui.View.handleMouseEvent(View.java:551)
	at javafx.graphics@21.0.1/com.sun.glass.ui.View.notifyMouse(View.java:937)
	at javafx.graphics@21.0.1/com.sun.glass.ui.win.WinApplication._runLoop(Native Method)
	at javafx.graphics@21.0.1/com.sun.glass.ui.win.WinApplication.lambda$runLoop$3(WinApplication.java:185)
	at java.base/java.lang.Thread.run(Thread.java:1583)
2025-10-06 21:17:16 [JavaFX Application Thread] ERROR p.c.a.v.c.ClienteMainController - Error al cargar pantalla del simulador
javafx.fxml.LoadException: ScrollPane is not a valid type.
/C:/Users/USER/OneDrive/Escritorio/proyecto_v4.0/target/classes/fxml/cliente/SimuladorClienteView.fxml:34

	at javafx.fxml@21.0.1/javafx.fxml.FXMLLoader.constructLoadException(FXMLLoader.java:2718)
	at javafx.fxml@21.0.1/javafx.fxml.FXMLLoader.createElement(FXMLLoader.java:2920)
	at javafx.fxml@21.0.1/javafx.fxml.FXMLLoader.processStartElement(FXMLLoader.java:2850)
	at javafx.fxml@21.0.1/javafx.fxml.FXMLLoader.loadImpl(FXMLLoader.java:2649)
	at javafx.fxml@21.0.1/javafx.fxml.FXMLLoader.loadImpl(FXMLLoader.java:2563)
	at javafx.fxml@21.0.1/javafx.fxml.FXMLLoader.load(FXMLLoader.java:2531)
	at pe.crediactiva.app.view.cliente.ClienteMainController.handleSimulador(ClienteMainController.java:356)
	at java.base/jdk.internal.reflect.DirectMethodHandleAccessor.invoke(DirectMethodHandleAccessor.java:103)
	at java.base/java.lang.reflect.Method.invoke(Method.java:580)
	at com.sun.javafx.reflect.Trampoline.invoke(MethodUtil.java:72)
	at java.base/jdk.internal.reflect.DirectMethodHandleAccessor.invoke(DirectMethodHandleAccessor.java:103)
	at java.base/java.lang.reflect.Method.invoke(Method.java:580)
	at javafx.base@21.0.1/com.sun.javafx.reflect.MethodUtil.invoke(MethodUtil.java:270)
	at javafx.fxml@21.0.1/com.sun.javafx.fxml.MethodHelper.invoke(MethodHelper.java:84)
	at javafx.fxml@21.0.1/javafx.fxml.FXMLLoader$MethodHandler.invoke(FXMLLoader.java:1855)
	at javafx.fxml@21.0.1/javafx.fxml.FXMLLoader$ControllerMethodEventHandler.handle(FXMLLoader.java:1726)
	at javafx.base@21.0.1/com.sun.javafx.event.CompositeEventHandler.dispatchBubblingEvent(CompositeEventHandler.java:86)
	at javafx.base@21.0.1/com.sun.javafx.event.EventHandlerManager.dispatchBubblingEvent(EventHandlerManager.java:232)
	at javafx.base@21.0.1/com.sun.javafx.event.EventHandlerManager.dispatchBubblingEvent(EventHandlerManager.java:189)
	at javafx.base@21.0.1/com.sun.javafx.event.CompositeEventDispatcher.dispatchBubblingEvent(CompositeEventDispatcher.java:59)
	at javafx.base@21.0.1/com.sun.javafx.event.BasicEventDispatcher.dispatchEvent(BasicEventDispatcher.java:58)
	at javafx.base@21.0.1/com.sun.javafx.event.EventDispatchChainImpl.dispatchEvent(EventDispatchChainImpl.java:114)
	at javafx.base@21.0.1/com.sun.javafx.event.BasicEventDispatcher.dispatchEvent(BasicEventDispatcher.java:56)
	at javafx.base@21.0.1/com.sun.javafx.event.EventDispatchChainImpl.dispatchEvent(EventDispatchChainImpl.java:114)
	at javafx.base@21.0.1/com.sun.javafx.event.BasicEventDispatcher.dispatchEvent(BasicEventDispatcher.java:56)
	at javafx.base@21.0.1/com.sun.javafx.event.EventDispatchChainImpl.dispatchEvent(EventDispatchChainImpl.java:114)
	at javafx.base@21.0.1/com.sun.javafx.event.BasicEventDispatcher.dispatchEvent(BasicEventDispatcher.java:56)
	at javafx.base@21.0.1/com.sun.javafx.event.EventDispatchChainImpl.dispatchEvent(EventDispatchChainImpl.java:114)
	at javafx.base@21.0.1/com.sun.javafx.event.EventUtil.fireEventImpl(EventUtil.java:74)
	at javafx.base@21.0.1/com.sun.javafx.event.EventUtil.fireEvent(EventUtil.java:49)
	at javafx.base@21.0.1/javafx.event.Event.fireEvent(Event.java:198)
	at javafx.graphics@21.0.1/javafx.scene.Node.fireEvent(Node.java:8875)
	at javafx.controls@21.0.1/javafx.scene.control.Button.fire(Button.java:203)
	at javafx.controls@21.0.1/com.sun.javafx.scene.control.behavior.ButtonBehavior.mouseReleased(ButtonBehavior.java:207)
	at javafx.controls@21.0.1/com.sun.javafx.scene.control.inputmap.InputMap.handle(InputMap.java:274)
	at javafx.base@21.0.1/com.sun.javafx.event.CompositeEventHandler$NormalEventHandlerRecord.handleBubblingEvent(CompositeEventHandler.java:247)
	at javafx.base@21.0.1/com.sun.javafx.event.CompositeEventHandler.dispatchBubblingEvent(CompositeEventHandler.java:80)
	at javafx.base@21.0.1/com.sun.javafx.event.EventHandlerManager.dispatchBubblingEvent(EventHandlerManager.java:232)
	at javafx.base@21.0.1/com.sun.javafx.event.EventHandlerManager.dispatchBubblingEvent(EventHandlerManager.java:189)
	at javafx.base@21.0.1/com.sun.javafx.event.CompositeEventDispatcher.dispatchBubblingEvent(CompositeEventDispatcher.java:59)
	at javafx.base@21.0.1/com.sun.javafx.event.BasicEventDispatcher.dispatchEvent(BasicEventDispatcher.java:58)
	at javafx.base@21.0.1/com.sun.javafx.event.EventDispatchChainImpl.dispatchEvent(EventDispatchChainImpl.java:114)
	at javafx.base@21.0.1/com.sun.javafx.event.BasicEventDispatcher.dispatchEvent(BasicEventDispatcher.java:56)
	at javafx.base@21.0.1/com.sun.javafx.event.EventDispatchChainImpl.dispatchEvent(EventDispatchChainImpl.java:114)
	at javafx.base@21.0.1/com.sun.javafx.event.BasicEventDispatcher.dispatchEvent(BasicEventDispatcher.java:56)
	at javafx.base@21.0.1/com.sun.javafx.event.EventDispatchChainImpl.dispatchEvent(EventDispatchChainImpl.java:114)
	at javafx.base@21.0.1/com.sun.javafx.event.BasicEventDispatcher.dispatchEvent(BasicEventDispatcher.java:56)
	at javafx.base@21.0.1/com.sun.javafx.event.EventDispatchChainImpl.dispatchEvent(EventDispatchChainImpl.java:114)
	at javafx.base@21.0.1/com.sun.javafx.event.EventUtil.fireEventImpl(EventUtil.java:74)
	at javafx.base@21.0.1/com.sun.javafx.event.EventUtil.fireEvent(EventUtil.java:54)
	at javafx.base@21.0.1/javafx.event.Event.fireEvent(Event.java:198)
	at javafx.graphics@21.0.1/javafx.scene.Scene$MouseHandler.process(Scene.java:3984)
	at javafx.graphics@21.0.1/javafx.scene.Scene.processMouseEvent(Scene.java:1890)
	at javafx.graphics@21.0.1/javafx.scene.Scene$ScenePeerListener.mouseEvent(Scene.java:2708)
	at javafx.graphics@21.0.1/com.sun.javafx.tk.quantum.GlassViewEventHandler$MouseEventNotification.run(GlassViewEventHandler.java:411)
	at javafx.graphics@21.0.1/com.sun.javafx.tk.quantum.GlassViewEventHandler$MouseEventNotification.run(GlassViewEventHandler.java:301)
	at java.base/java.security.AccessController.doPrivileged(AccessController.java:400)
	at javafx.graphics@21.0.1/com.sun.javafx.tk.quantum.GlassViewEventHandler.lambda$handleMouseEvent$2(GlassViewEventHandler.java:450)
	at javafx.graphics@21.0.1/com.sun.javafx.tk.quantum.QuantumToolkit.runWithoutRenderLock(QuantumToolkit.java:424)
	at javafx.graphics@21.0.1/com.sun.javafx.tk.quantum.GlassViewEventHandler.handleMouseEvent(GlassViewEventHandler.java:449)
	at javafx.graphics@21.0.1/com.sun.glass.ui.View.handleMouseEvent(View.java:551)
	at javafx.graphics@21.0.1/com.sun.glass.ui.View.notifyMouse(View.java:937)
	at javafx.graphics@21.0.1/com.sun.glass.ui.win.WinApplication._runLoop(Native Method)
	at javafx.graphics@21.0.1/com.sun.glass.ui.win.WinApplication.lambda$runLoop$3(WinApplication.java:185)
	at java.base/java.lang.Thread.run(Thread.java:1583)
2025-10-06 21:18:13 [JavaFX Application Thread] INFO  p.c.app.config.DatabaseConfig - Pool de conexiones cerrado correctamente
2025-10-06 21:18:13 [JavaFX Application Thread] INFO  pe.crediactiva.app.Main - Aplicación CrediActiva cerrada
2025-10-06 21:18:19 [main] INFO  pe.crediactiva.app.Main - Iniciando aplicación CrediActiva Desktop v1.0.0
2025-10-06 21:18:19 [JavaFX Application Thread] INFO  pe.crediactiva.app.Main - Icono no encontrado, continuando sin icono
2025-10-06 21:18:19 [JavaFX Application Thread] INFO  p.c.app.config.DatabaseConfig - Propiedades de base de datos cargadas correctamente
2025-10-06 21:18:19 [JavaFX Application Thread] INFO  p.c.app.config.DatabaseConfig - Pool de conexiones HikariCP inicializado correctamente
2025-10-06 21:18:20 [JavaFX Application Thread] INFO  pe.crediactiva.app.Main - Aplicación CrediActiva iniciada correctamente
2025-10-06 21:18:31 [JavaFX Application Thread] INFO  p.c.app.dao.impl.UsuarioDAOImpl - Usuario autenticado exitosamente: 11111111
2025-10-06 21:18:31 [JavaFX Application Thread] INFO  p.c.a.service.AuthenticationService - Usuario autenticado exitosamente: 11111111 - CLIENTE
2025-10-06 21:18:31 [JavaFX Application Thread] INFO  p.c.app.view.LoginController - Usuario autenticado exitosamente: 11111111
2025-10-06 21:18:31 [JavaFX Application Thread] ERROR p.c.app.dao.impl.PrestamoDAOImpl - Error al buscar préstamos por cliente y estado: 11111111, ACTIVO
java.sql.SQLException: Column 'cliente_nombre' not found.
	at com.mysql.cj.jdbc.exceptions.SQLError.createSQLException(SQLError.java:130)
	at com.mysql.cj.jdbc.exceptions.SQLError.createSQLException(SQLError.java:98)
	at com.mysql.cj.jdbc.exceptions.SQLError.createSQLException(SQLError.java:90)
	at com.mysql.cj.jdbc.exceptions.SQLError.createSQLException(SQLError.java:64)
	at com.mysql.cj.jdbc.result.ResultSetImpl.findColumn(ResultSetImpl.java:584)
	at com.mysql.cj.jdbc.result.ResultSetImpl.getString(ResultSetImpl.java:896)
	at com.zaxxer.hikari.pool.HikariProxyResultSet.getString(HikariProxyResultSet.java)
	at pe.crediactiva.app.dao.impl.PrestamoDAOImpl.mapResultSetToPrestamo(PrestamoDAOImpl.java:544)
	at pe.crediactiva.app.dao.impl.PrestamoDAOImpl.findByClienteAndEstado(PrestamoDAOImpl.java:497)
	at pe.crediactiva.app.service.PrestamoService.obtenerPrestamosActivosPorCliente(PrestamoService.java:402)
	at pe.crediactiva.app.view.cliente.ClienteMainController.cargarEstadisticasResumen(ClienteMainController.java:198)
	at pe.crediactiva.app.view.cliente.ClienteMainController.initialize(ClienteMainController.java:147)
	at java.base/jdk.internal.reflect.DirectMethodHandleAccessor.invoke(DirectMethodHandleAccessor.java:103)
	at java.base/java.lang.reflect.Method.invoke(Method.java:580)
	at com.sun.javafx.reflect.Trampoline.invoke(MethodUtil.java:72)
	at java.base/jdk.internal.reflect.DirectMethodHandleAccessor.invoke(DirectMethodHandleAccessor.java:103)
	at java.base/java.lang.reflect.Method.invoke(Method.java:580)
	at javafx.base@21.0.1/com.sun.javafx.reflect.MethodUtil.invoke(MethodUtil.java:270)
	at javafx.fxml@21.0.1/com.sun.javafx.fxml.MethodHelper.invoke(MethodHelper.java:84)
	at javafx.fxml@21.0.1/javafx.fxml.FXMLLoader.loadImpl(FXMLLoader.java:2688)
	at javafx.fxml@21.0.1/javafx.fxml.FXMLLoader.loadImpl(FXMLLoader.java:2563)
	at javafx.fxml@21.0.1/javafx.fxml.FXMLLoader.load(FXMLLoader.java:2531)
	at pe.crediactiva.app.view.LoginController.redirectToMainScreen(LoginController.java:140)
	at pe.crediactiva.app.view.LoginController.handleLogin(LoginController.java:99)
	at java.base/jdk.internal.reflect.DirectMethodHandleAccessor.invoke(DirectMethodHandleAccessor.java:103)
	at java.base/java.lang.reflect.Method.invoke(Method.java:580)
	at com.sun.javafx.reflect.Trampoline.invoke(MethodUtil.java:72)
	at java.base/jdk.internal.reflect.DirectMethodHandleAccessor.invoke(DirectMethodHandleAccessor.java:103)
	at java.base/java.lang.reflect.Method.invoke(Method.java:580)
	at javafx.base@21.0.1/com.sun.javafx.reflect.MethodUtil.invoke(MethodUtil.java:270)
	at javafx.fxml@21.0.1/com.sun.javafx.fxml.MethodHelper.invoke(MethodHelper.java:84)
	at javafx.fxml@21.0.1/javafx.fxml.FXMLLoader$MethodHandler.invoke(FXMLLoader.java:1855)
	at javafx.fxml@21.0.1/javafx.fxml.FXMLLoader$ControllerMethodEventHandler.handle(FXMLLoader.java:1726)
	at javafx.base@21.0.1/com.sun.javafx.event.CompositeEventHandler.dispatchBubblingEvent(CompositeEventHandler.java:86)
	at javafx.base@21.0.1/com.sun.javafx.event.EventHandlerManager.dispatchBubblingEvent(EventHandlerManager.java:232)
	at javafx.base@21.0.1/com.sun.javafx.event.EventHandlerManager.dispatchBubblingEvent(EventHandlerManager.java:189)
	at javafx.base@21.0.1/com.sun.javafx.event.CompositeEventDispatcher.dispatchBubblingEvent(CompositeEventDispatcher.java:59)
	at javafx.base@21.0.1/com.sun.javafx.event.BasicEventDispatcher.dispatchEvent(BasicEventDispatcher.java:58)
	at javafx.base@21.0.1/com.sun.javafx.event.EventDispatchChainImpl.dispatchEvent(EventDispatchChainImpl.java:114)
	at javafx.base@21.0.1/com.sun.javafx.event.BasicEventDispatcher.dispatchEvent(BasicEventDispatcher.java:56)
	at javafx.base@21.0.1/com.sun.javafx.event.EventDispatchChainImpl.dispatchEvent(EventDispatchChainImpl.java:114)
	at javafx.base@21.0.1/com.sun.javafx.event.BasicEventDispatcher.dispatchEvent(BasicEventDispatcher.java:56)
	at javafx.base@21.0.1/com.sun.javafx.event.EventDispatchChainImpl.dispatchEvent(EventDispatchChainImpl.java:114)
	at javafx.base@21.0.1/com.sun.javafx.event.EventUtil.fireEventImpl(EventUtil.java:74)
	at javafx.base@21.0.1/com.sun.javafx.event.EventUtil.fireEvent(EventUtil.java:49)
	at javafx.base@21.0.1/javafx.event.Event.fireEvent(Event.java:198)
	at javafx.graphics@21.0.1/javafx.scene.Node.fireEvent(Node.java:8875)
	at javafx.controls@21.0.1/javafx.scene.control.Button.fire(Button.java:203)
	at javafx.controls@21.0.1/com.sun.javafx.scene.control.behavior.ButtonBehavior.mouseReleased(ButtonBehavior.java:207)
	at javafx.controls@21.0.1/com.sun.javafx.scene.control.inputmap.InputMap.handle(InputMap.java:274)
	at javafx.base@21.0.1/com.sun.javafx.event.CompositeEventHandler$NormalEventHandlerRecord.handleBubblingEvent(CompositeEventHandler.java:247)
	at javafx.base@21.0.1/com.sun.javafx.event.CompositeEventHandler.dispatchBubblingEvent(CompositeEventHandler.java:80)
	at javafx.base@21.0.1/com.sun.javafx.event.EventHandlerManager.dispatchBubblingEvent(EventHandlerManager.java:232)
	at javafx.base@21.0.1/com.sun.javafx.event.EventHandlerManager.dispatchBubblingEvent(EventHandlerManager.java:189)
	at javafx.base@21.0.1/com.sun.javafx.event.CompositeEventDispatcher.dispatchBubblingEvent(CompositeEventDispatcher.java:59)
	at javafx.base@21.0.1/com.sun.javafx.event.BasicEventDispatcher.dispatchEvent(BasicEventDispatcher.java:58)
	at javafx.base@21.0.1/com.sun.javafx.event.EventDispatchChainImpl.dispatchEvent(EventDispatchChainImpl.java:114)
	at javafx.base@21.0.1/com.sun.javafx.event.BasicEventDispatcher.dispatchEvent(BasicEventDispatcher.java:56)
	at javafx.base@21.0.1/com.sun.javafx.event.EventDispatchChainImpl.dispatchEvent(EventDispatchChainImpl.java:114)
	at javafx.base@21.0.1/com.sun.javafx.event.BasicEventDispatcher.dispatchEvent(BasicEventDispatcher.java:56)
	at javafx.base@21.0.1/com.sun.javafx.event.EventDispatchChainImpl.dispatchEvent(EventDispatchChainImpl.java:114)
	at javafx.base@21.0.1/com.sun.javafx.event.EventUtil.fireEventImpl(EventUtil.java:74)
	at javafx.base@21.0.1/com.sun.javafx.event.EventUtil.fireEvent(EventUtil.java:54)
	at javafx.base@21.0.1/javafx.event.Event.fireEvent(Event.java:198)
	at javafx.graphics@21.0.1/javafx.scene.Scene$MouseHandler.process(Scene.java:3984)
	at javafx.graphics@21.0.1/javafx.scene.Scene.processMouseEvent(Scene.java:1890)
	at javafx.graphics@21.0.1/javafx.scene.Scene$ScenePeerListener.mouseEvent(Scene.java:2708)
	at javafx.graphics@21.0.1/com.sun.javafx.tk.quantum.GlassViewEventHandler$MouseEventNotification.run(GlassViewEventHandler.java:411)
	at javafx.graphics@21.0.1/com.sun.javafx.tk.quantum.GlassViewEventHandler$MouseEventNotification.run(GlassViewEventHandler.java:301)
	at java.base/java.security.AccessController.doPrivileged(AccessController.java:400)
	at javafx.graphics@21.0.1/com.sun.javafx.tk.quantum.GlassViewEventHandler.lambda$handleMouseEvent$2(GlassViewEventHandler.java:450)
	at javafx.graphics@21.0.1/com.sun.javafx.tk.quantum.QuantumToolkit.runWithoutRenderLock(QuantumToolkit.java:424)
	at javafx.graphics@21.0.1/com.sun.javafx.tk.quantum.GlassViewEventHandler.handleMouseEvent(GlassViewEventHandler.java:449)
	at javafx.graphics@21.0.1/com.sun.glass.ui.View.handleMouseEvent(View.java:551)
	at javafx.graphics@21.0.1/com.sun.glass.ui.View.notifyMouse(View.java:937)
	at javafx.graphics@21.0.1/com.sun.glass.ui.win.WinApplication._runLoop(Native Method)
	at javafx.graphics@21.0.1/com.sun.glass.ui.win.WinApplication.lambda$runLoop$3(WinApplication.java:185)
	at java.base/java.lang.Thread.run(Thread.java:1583)
2025-10-06 21:18:31 [JavaFX Application Thread] INFO  p.c.app.view.LoginController - Usuario redirigido a pantalla principal: CLIENTE
2025-10-06 21:18:34 [JavaFX Application Thread] ERROR p.c.a.v.c.ClienteMainController - Error al cargar pantalla del simulador
javafx.fxml.LoadException: 
/C:/Users/USER/OneDrive/Escritorio/proyecto_v4.0/target/classes/fxml/cliente/SimuladorClienteView.fxml:128

	at javafx.fxml@21.0.1/javafx.fxml.FXMLLoader.constructLoadException(FXMLLoader.java:2722)
	at javafx.fxml@21.0.1/javafx.fxml.FXMLLoader.loadImpl(FXMLLoader.java:2665)
	at javafx.fxml@21.0.1/javafx.fxml.FXMLLoader.loadImpl(FXMLLoader.java:2563)
	at javafx.fxml@21.0.1/javafx.fxml.FXMLLoader.load(FXMLLoader.java:2531)
	at pe.crediactiva.app.view.cliente.ClienteMainController.handleSimulador(ClienteMainController.java:356)
	at java.base/jdk.internal.reflect.DirectMethodHandleAccessor.invoke(DirectMethodHandleAccessor.java:103)
	at java.base/java.lang.reflect.Method.invoke(Method.java:580)
	at com.sun.javafx.reflect.Trampoline.invoke(MethodUtil.java:72)
	at java.base/jdk.internal.reflect.DirectMethodHandleAccessor.invoke(DirectMethodHandleAccessor.java:103)
	at java.base/java.lang.reflect.Method.invoke(Method.java:580)
	at javafx.base@21.0.1/com.sun.javafx.reflect.MethodUtil.invoke(MethodUtil.java:270)
	at javafx.fxml@21.0.1/com.sun.javafx.fxml.MethodHelper.invoke(MethodHelper.java:84)
	at javafx.fxml@21.0.1/javafx.fxml.FXMLLoader$MethodHandler.invoke(FXMLLoader.java:1855)
	at javafx.fxml@21.0.1/javafx.fxml.FXMLLoader$ControllerMethodEventHandler.handle(FXMLLoader.java:1726)
	at javafx.base@21.0.1/com.sun.javafx.event.CompositeEventHandler.dispatchBubblingEvent(CompositeEventHandler.java:86)
	at javafx.base@21.0.1/com.sun.javafx.event.EventHandlerManager.dispatchBubblingEvent(EventHandlerManager.java:232)
	at javafx.base@21.0.1/com.sun.javafx.event.EventHandlerManager.dispatchBubblingEvent(EventHandlerManager.java:189)
	at javafx.base@21.0.1/com.sun.javafx.event.CompositeEventDispatcher.dispatchBubblingEvent(CompositeEventDispatcher.java:59)
	at javafx.base@21.0.1/com.sun.javafx.event.BasicEventDispatcher.dispatchEvent(BasicEventDispatcher.java:58)
	at javafx.base@21.0.1/com.sun.javafx.event.EventDispatchChainImpl.dispatchEvent(EventDispatchChainImpl.java:114)
	at javafx.base@21.0.1/com.sun.javafx.event.BasicEventDispatcher.dispatchEvent(BasicEventDispatcher.java:56)
	at javafx.base@21.0.1/com.sun.javafx.event.EventDispatchChainImpl.dispatchEvent(EventDispatchChainImpl.java:114)
	at javafx.base@21.0.1/com.sun.javafx.event.BasicEventDispatcher.dispatchEvent(BasicEventDispatcher.java:56)
	at javafx.base@21.0.1/com.sun.javafx.event.EventDispatchChainImpl.dispatchEvent(EventDispatchChainImpl.java:114)
	at javafx.base@21.0.1/com.sun.javafx.event.BasicEventDispatcher.dispatchEvent(BasicEventDispatcher.java:56)
	at javafx.base@21.0.1/com.sun.javafx.event.EventDispatchChainImpl.dispatchEvent(EventDispatchChainImpl.java:114)
	at javafx.base@21.0.1/com.sun.javafx.event.EventUtil.fireEventImpl(EventUtil.java:74)
	at javafx.base@21.0.1/com.sun.javafx.event.EventUtil.fireEvent(EventUtil.java:49)
	at javafx.base@21.0.1/javafx.event.Event.fireEvent(Event.java:198)
	at javafx.graphics@21.0.1/javafx.scene.Node.fireEvent(Node.java:8875)
	at javafx.controls@21.0.1/javafx.scene.control.Button.fire(Button.java:203)
	at javafx.controls@21.0.1/com.sun.javafx.scene.control.behavior.ButtonBehavior.mouseReleased(ButtonBehavior.java:207)
	at javafx.controls@21.0.1/com.sun.javafx.scene.control.inputmap.InputMap.handle(InputMap.java:274)
	at javafx.base@21.0.1/com.sun.javafx.event.CompositeEventHandler$NormalEventHandlerRecord.handleBubblingEvent(CompositeEventHandler.java:247)
	at javafx.base@21.0.1/com.sun.javafx.event.CompositeEventHandler.dispatchBubblingEvent(CompositeEventHandler.java:80)
	at javafx.base@21.0.1/com.sun.javafx.event.EventHandlerManager.dispatchBubblingEvent(EventHandlerManager.java:232)
	at javafx.base@21.0.1/com.sun.javafx.event.EventHandlerManager.dispatchBubblingEvent(EventHandlerManager.java:189)
	at javafx.base@21.0.1/com.sun.javafx.event.CompositeEventDispatcher.dispatchBubblingEvent(CompositeEventDispatcher.java:59)
	at javafx.base@21.0.1/com.sun.javafx.event.BasicEventDispatcher.dispatchEvent(BasicEventDispatcher.java:58)
	at javafx.base@21.0.1/com.sun.javafx.event.EventDispatchChainImpl.dispatchEvent(EventDispatchChainImpl.java:114)
	at javafx.base@21.0.1/com.sun.javafx.event.BasicEventDispatcher.dispatchEvent(BasicEventDispatcher.java:56)
	at javafx.base@21.0.1/com.sun.javafx.event.EventDispatchChainImpl.dispatchEvent(EventDispatchChainImpl.java:114)
	at javafx.base@21.0.1/com.sun.javafx.event.BasicEventDispatcher.dispatchEvent(BasicEventDispatcher.java:56)
	at javafx.base@21.0.1/com.sun.javafx.event.EventDispatchChainImpl.dispatchEvent(EventDispatchChainImpl.java:114)
	at javafx.base@21.0.1/com.sun.javafx.event.BasicEventDispatcher.dispatchEvent(BasicEventDispatcher.java:56)
	at javafx.base@21.0.1/com.sun.javafx.event.EventDispatchChainImpl.dispatchEvent(EventDispatchChainImpl.java:114)
	at javafx.base@21.0.1/com.sun.javafx.event.EventUtil.fireEventImpl(EventUtil.java:74)
	at javafx.base@21.0.1/com.sun.javafx.event.EventUtil.fireEvent(EventUtil.java:54)
	at javafx.base@21.0.1/javafx.event.Event.fireEvent(Event.java:198)
	at javafx.graphics@21.0.1/javafx.scene.Scene$MouseHandler.process(Scene.java:3984)
	at javafx.graphics@21.0.1/javafx.scene.Scene.processMouseEvent(Scene.java:1890)
	at javafx.graphics@21.0.1/javafx.scene.Scene$ScenePeerListener.mouseEvent(Scene.java:2708)
	at javafx.graphics@21.0.1/com.sun.javafx.tk.quantum.GlassViewEventHandler$MouseEventNotification.run(GlassViewEventHandler.java:411)
	at javafx.graphics@21.0.1/com.sun.javafx.tk.quantum.GlassViewEventHandler$MouseEventNotification.run(GlassViewEventHandler.java:301)
	at java.base/java.security.AccessController.doPrivileged(AccessController.java:400)
	at javafx.graphics@21.0.1/com.sun.javafx.tk.quantum.GlassViewEventHandler.lambda$handleMouseEvent$2(GlassViewEventHandler.java:450)
	at javafx.graphics@21.0.1/com.sun.javafx.tk.quantum.QuantumToolkit.runWithoutRenderLock(QuantumToolkit.java:424)
	at javafx.graphics@21.0.1/com.sun.javafx.tk.quantum.GlassViewEventHandler.handleMouseEvent(GlassViewEventHandler.java:449)
	at javafx.graphics@21.0.1/com.sun.glass.ui.View.handleMouseEvent(View.java:551)
	at javafx.graphics@21.0.1/com.sun.glass.ui.View.notifyMouse(View.java:937)
	at javafx.graphics@21.0.1/com.sun.glass.ui.win.WinApplication._runLoop(Native Method)
	at javafx.graphics@21.0.1/com.sun.glass.ui.win.WinApplication.lambda$runLoop$3(WinApplication.java:185)
	at java.base/java.lang.Thread.run(Thread.java:1583)
Caused by: javax.xml.stream.XMLStreamException: ParseError at [row,col]:[128,9]
Message: The element type "VBox" must be terminated by the matching end-tag "</VBox>".
	at java.xml/com.sun.org.apache.xerces.internal.impl.XMLStreamReaderImpl.next(XMLStreamReaderImpl.java:652)
	at java.xml/javax.xml.stream.util.StreamReaderDelegate.next(StreamReaderDelegate.java:84)
	at javafx.fxml@21.0.1/javafx.fxml.FXMLLoader.loadImpl(FXMLLoader.java:2635)
	... 61 common frames omitted
2025-10-06 21:19:16 [JavaFX Application Thread] ERROR p.c.a.v.c.ClienteMainController - Error al cargar pantalla del simulador
javafx.fxml.LoadException: 
/C:/Users/USER/OneDrive/Escritorio/proyecto_v4.0/target/classes/fxml/cliente/SimuladorClienteView.fxml:128

	at javafx.fxml@21.0.1/javafx.fxml.FXMLLoader.constructLoadException(FXMLLoader.java:2722)
	at javafx.fxml@21.0.1/javafx.fxml.FXMLLoader.loadImpl(FXMLLoader.java:2665)
	at javafx.fxml@21.0.1/javafx.fxml.FXMLLoader.loadImpl(FXMLLoader.java:2563)
	at javafx.fxml@21.0.1/javafx.fxml.FXMLLoader.load(FXMLLoader.java:2531)
	at pe.crediactiva.app.view.cliente.ClienteMainController.handleSimulador(ClienteMainController.java:356)
	at java.base/jdk.internal.reflect.DirectMethodHandleAccessor.invoke(DirectMethodHandleAccessor.java:103)
	at java.base/java.lang.reflect.Method.invoke(Method.java:580)
	at com.sun.javafx.reflect.Trampoline.invoke(MethodUtil.java:72)
	at java.base/jdk.internal.reflect.DirectMethodHandleAccessor.invoke(DirectMethodHandleAccessor.java:103)
	at java.base/java.lang.reflect.Method.invoke(Method.java:580)
	at javafx.base@21.0.1/com.sun.javafx.reflect.MethodUtil.invoke(MethodUtil.java:270)
	at javafx.fxml@21.0.1/com.sun.javafx.fxml.MethodHelper.invoke(MethodHelper.java:84)
	at javafx.fxml@21.0.1/javafx.fxml.FXMLLoader$MethodHandler.invoke(FXMLLoader.java:1855)
	at javafx.fxml@21.0.1/javafx.fxml.FXMLLoader$ControllerMethodEventHandler.handle(FXMLLoader.java:1726)
	at javafx.base@21.0.1/com.sun.javafx.event.CompositeEventHandler.dispatchBubblingEvent(CompositeEventHandler.java:86)
	at javafx.base@21.0.1/com.sun.javafx.event.EventHandlerManager.dispatchBubblingEvent(EventHandlerManager.java:232)
	at javafx.base@21.0.1/com.sun.javafx.event.EventHandlerManager.dispatchBubblingEvent(EventHandlerManager.java:189)
	at javafx.base@21.0.1/com.sun.javafx.event.CompositeEventDispatcher.dispatchBubblingEvent(CompositeEventDispatcher.java:59)
	at javafx.base@21.0.1/com.sun.javafx.event.BasicEventDispatcher.dispatchEvent(BasicEventDispatcher.java:58)
	at javafx.base@21.0.1/com.sun.javafx.event.EventDispatchChainImpl.dispatchEvent(EventDispatchChainImpl.java:114)
	at javafx.base@21.0.1/com.sun.javafx.event.BasicEventDispatcher.dispatchEvent(BasicEventDispatcher.java:56)
	at javafx.base@21.0.1/com.sun.javafx.event.EventDispatchChainImpl.dispatchEvent(EventDispatchChainImpl.java:114)
	at javafx.base@21.0.1/com.sun.javafx.event.BasicEventDispatcher.dispatchEvent(BasicEventDispatcher.java:56)
	at javafx.base@21.0.1/com.sun.javafx.event.EventDispatchChainImpl.dispatchEvent(EventDispatchChainImpl.java:114)
	at javafx.base@21.0.1/com.sun.javafx.event.BasicEventDispatcher.dispatchEvent(BasicEventDispatcher.java:56)
	at javafx.base@21.0.1/com.sun.javafx.event.EventDispatchChainImpl.dispatchEvent(EventDispatchChainImpl.java:114)
	at javafx.base@21.0.1/com.sun.javafx.event.EventUtil.fireEventImpl(EventUtil.java:74)
	at javafx.base@21.0.1/com.sun.javafx.event.EventUtil.fireEvent(EventUtil.java:49)
	at javafx.base@21.0.1/javafx.event.Event.fireEvent(Event.java:198)
	at javafx.graphics@21.0.1/javafx.scene.Node.fireEvent(Node.java:8875)
	at javafx.controls@21.0.1/javafx.scene.control.Button.fire(Button.java:203)
	at javafx.controls@21.0.1/com.sun.javafx.scene.control.behavior.ButtonBehavior.mouseReleased(ButtonBehavior.java:207)
	at javafx.controls@21.0.1/com.sun.javafx.scene.control.inputmap.InputMap.handle(InputMap.java:274)
	at javafx.base@21.0.1/com.sun.javafx.event.CompositeEventHandler$NormalEventHandlerRecord.handleBubblingEvent(CompositeEventHandler.java:247)
	at javafx.base@21.0.1/com.sun.javafx.event.CompositeEventHandler.dispatchBubblingEvent(CompositeEventHandler.java:80)
	at javafx.base@21.0.1/com.sun.javafx.event.EventHandlerManager.dispatchBubblingEvent(EventHandlerManager.java:232)
	at javafx.base@21.0.1/com.sun.javafx.event.EventHandlerManager.dispatchBubblingEvent(EventHandlerManager.java:189)
	at javafx.base@21.0.1/com.sun.javafx.event.CompositeEventDispatcher.dispatchBubblingEvent(CompositeEventDispatcher.java:59)
	at javafx.base@21.0.1/com.sun.javafx.event.BasicEventDispatcher.dispatchEvent(BasicEventDispatcher.java:58)
	at javafx.base@21.0.1/com.sun.javafx.event.EventDispatchChainImpl.dispatchEvent(EventDispatchChainImpl.java:114)
	at javafx.base@21.0.1/com.sun.javafx.event.BasicEventDispatcher.dispatchEvent(BasicEventDispatcher.java:56)
	at javafx.base@21.0.1/com.sun.javafx.event.EventDispatchChainImpl.dispatchEvent(EventDispatchChainImpl.java:114)
	at javafx.base@21.0.1/com.sun.javafx.event.BasicEventDispatcher.dispatchEvent(BasicEventDispatcher.java:56)
	at javafx.base@21.0.1/com.sun.javafx.event.EventDispatchChainImpl.dispatchEvent(EventDispatchChainImpl.java:114)
	at javafx.base@21.0.1/com.sun.javafx.event.BasicEventDispatcher.dispatchEvent(BasicEventDispatcher.java:56)
	at javafx.base@21.0.1/com.sun.javafx.event.EventDispatchChainImpl.dispatchEvent(EventDispatchChainImpl.java:114)
	at javafx.base@21.0.1/com.sun.javafx.event.EventUtil.fireEventImpl(EventUtil.java:74)
	at javafx.base@21.0.1/com.sun.javafx.event.EventUtil.fireEvent(EventUtil.java:54)
	at javafx.base@21.0.1/javafx.event.Event.fireEvent(Event.java:198)
	at javafx.graphics@21.0.1/javafx.scene.Scene$MouseHandler.process(Scene.java:3984)
	at javafx.graphics@21.0.1/javafx.scene.Scene.processMouseEvent(Scene.java:1890)
	at javafx.graphics@21.0.1/javafx.scene.Scene$ScenePeerListener.mouseEvent(Scene.java:2708)
	at javafx.graphics@21.0.1/com.sun.javafx.tk.quantum.GlassViewEventHandler$MouseEventNotification.run(GlassViewEventHandler.java:411)
	at javafx.graphics@21.0.1/com.sun.javafx.tk.quantum.GlassViewEventHandler$MouseEventNotification.run(GlassViewEventHandler.java:301)
	at java.base/java.security.AccessController.doPrivileged(AccessController.java:400)
	at javafx.graphics@21.0.1/com.sun.javafx.tk.quantum.GlassViewEventHandler.lambda$handleMouseEvent$2(GlassViewEventHandler.java:450)
	at javafx.graphics@21.0.1/com.sun.javafx.tk.quantum.QuantumToolkit.runWithoutRenderLock(QuantumToolkit.java:424)
	at javafx.graphics@21.0.1/com.sun.javafx.tk.quantum.GlassViewEventHandler.handleMouseEvent(GlassViewEventHandler.java:449)
	at javafx.graphics@21.0.1/com.sun.glass.ui.View.handleMouseEvent(View.java:551)
	at javafx.graphics@21.0.1/com.sun.glass.ui.View.notifyMouse(View.java:937)
	at javafx.graphics@21.0.1/com.sun.glass.ui.win.WinApplication._runLoop(Native Method)
	at javafx.graphics@21.0.1/com.sun.glass.ui.win.WinApplication.lambda$runLoop$3(WinApplication.java:185)
	at java.base/java.lang.Thread.run(Thread.java:1583)
Caused by: javax.xml.stream.XMLStreamException: ParseError at [row,col]:[128,9]
Message: The element type "VBox" must be terminated by the matching end-tag "</VBox>".
	at java.xml/com.sun.org.apache.xerces.internal.impl.XMLStreamReaderImpl.next(XMLStreamReaderImpl.java:652)
	at java.xml/javax.xml.stream.util.StreamReaderDelegate.next(StreamReaderDelegate.java:84)
	at javafx.fxml@21.0.1/javafx.fxml.FXMLLoader.loadImpl(FXMLLoader.java:2635)
	... 61 common frames omitted
2025-10-06 21:19:38 [JavaFX Application Thread] INFO  p.c.app.config.DatabaseConfig - Pool de conexiones cerrado correctamente
2025-10-06 21:19:38 [JavaFX Application Thread] INFO  pe.crediactiva.app.Main - Aplicación CrediActiva cerrada
2025-10-06 21:19:47 [main] INFO  pe.crediactiva.app.Main - Iniciando aplicación CrediActiva Desktop v1.0.0
2025-10-06 21:19:47 [JavaFX Application Thread] INFO  pe.crediactiva.app.Main - Icono no encontrado, continuando sin icono
2025-10-06 21:19:47 [JavaFX Application Thread] INFO  p.c.app.config.DatabaseConfig - Propiedades de base de datos cargadas correctamente
2025-10-06 21:19:47 [JavaFX Application Thread] INFO  p.c.app.config.DatabaseConfig - Pool de conexiones HikariCP inicializado correctamente
2025-10-06 21:19:48 [JavaFX Application Thread] INFO  pe.crediactiva.app.Main - Aplicación CrediActiva iniciada correctamente
2025-10-06 21:19:59 [JavaFX Application Thread] INFO  p.c.app.dao.impl.UsuarioDAOImpl - Usuario autenticado exitosamente: 11111111
2025-10-06 21:19:59 [JavaFX Application Thread] INFO  p.c.a.service.AuthenticationService - Usuario autenticado exitosamente: 11111111 - CLIENTE
2025-10-06 21:19:59 [JavaFX Application Thread] INFO  p.c.app.view.LoginController - Usuario autenticado exitosamente: 11111111
2025-10-06 21:19:59 [JavaFX Application Thread] ERROR p.c.app.dao.impl.PrestamoDAOImpl - Error al buscar préstamos por cliente y estado: 11111111, ACTIVO
java.sql.SQLException: Column 'cliente_nombre' not found.
	at com.mysql.cj.jdbc.exceptions.SQLError.createSQLException(SQLError.java:130)
	at com.mysql.cj.jdbc.exceptions.SQLError.createSQLException(SQLError.java:98)
	at com.mysql.cj.jdbc.exceptions.SQLError.createSQLException(SQLError.java:90)
	at com.mysql.cj.jdbc.exceptions.SQLError.createSQLException(SQLError.java:64)
	at com.mysql.cj.jdbc.result.ResultSetImpl.findColumn(ResultSetImpl.java:584)
	at com.mysql.cj.jdbc.result.ResultSetImpl.getString(ResultSetImpl.java:896)
	at com.zaxxer.hikari.pool.HikariProxyResultSet.getString(HikariProxyResultSet.java)
	at pe.crediactiva.app.dao.impl.PrestamoDAOImpl.mapResultSetToPrestamo(PrestamoDAOImpl.java:544)
	at pe.crediactiva.app.dao.impl.PrestamoDAOImpl.findByClienteAndEstado(PrestamoDAOImpl.java:497)
	at pe.crediactiva.app.service.PrestamoService.obtenerPrestamosActivosPorCliente(PrestamoService.java:402)
	at pe.crediactiva.app.view.cliente.ClienteMainController.cargarEstadisticasResumen(ClienteMainController.java:198)
	at pe.crediactiva.app.view.cliente.ClienteMainController.initialize(ClienteMainController.java:147)
	at java.base/jdk.internal.reflect.DirectMethodHandleAccessor.invoke(DirectMethodHandleAccessor.java:103)
	at java.base/java.lang.reflect.Method.invoke(Method.java:580)
	at com.sun.javafx.reflect.Trampoline.invoke(MethodUtil.java:72)
	at java.base/jdk.internal.reflect.DirectMethodHandleAccessor.invoke(DirectMethodHandleAccessor.java:103)
	at java.base/java.lang.reflect.Method.invoke(Method.java:580)
	at javafx.base@21.0.1/com.sun.javafx.reflect.MethodUtil.invoke(MethodUtil.java:270)
	at javafx.fxml@21.0.1/com.sun.javafx.fxml.MethodHelper.invoke(MethodHelper.java:84)
	at javafx.fxml@21.0.1/javafx.fxml.FXMLLoader.loadImpl(FXMLLoader.java:2688)
	at javafx.fxml@21.0.1/javafx.fxml.FXMLLoader.loadImpl(FXMLLoader.java:2563)
	at javafx.fxml@21.0.1/javafx.fxml.FXMLLoader.load(FXMLLoader.java:2531)
	at pe.crediactiva.app.view.LoginController.redirectToMainScreen(LoginController.java:140)
	at pe.crediactiva.app.view.LoginController.handleLogin(LoginController.java:99)
	at java.base/jdk.internal.reflect.DirectMethodHandleAccessor.invoke(DirectMethodHandleAccessor.java:103)
	at java.base/java.lang.reflect.Method.invoke(Method.java:580)
	at com.sun.javafx.reflect.Trampoline.invoke(MethodUtil.java:72)
	at java.base/jdk.internal.reflect.DirectMethodHandleAccessor.invoke(DirectMethodHandleAccessor.java:103)
	at java.base/java.lang.reflect.Method.invoke(Method.java:580)
	at javafx.base@21.0.1/com.sun.javafx.reflect.MethodUtil.invoke(MethodUtil.java:270)
	at javafx.fxml@21.0.1/com.sun.javafx.fxml.MethodHelper.invoke(MethodHelper.java:84)
	at javafx.fxml@21.0.1/javafx.fxml.FXMLLoader$MethodHandler.invoke(FXMLLoader.java:1855)
	at javafx.fxml@21.0.1/javafx.fxml.FXMLLoader$ControllerMethodEventHandler.handle(FXMLLoader.java:1726)
	at javafx.base@21.0.1/com.sun.javafx.event.CompositeEventHandler.dispatchBubblingEvent(CompositeEventHandler.java:86)
	at javafx.base@21.0.1/com.sun.javafx.event.EventHandlerManager.dispatchBubblingEvent(EventHandlerManager.java:232)
	at javafx.base@21.0.1/com.sun.javafx.event.EventHandlerManager.dispatchBubblingEvent(EventHandlerManager.java:189)
	at javafx.base@21.0.1/com.sun.javafx.event.CompositeEventDispatcher.dispatchBubblingEvent(CompositeEventDispatcher.java:59)
	at javafx.base@21.0.1/com.sun.javafx.event.BasicEventDispatcher.dispatchEvent(BasicEventDispatcher.java:58)
	at javafx.base@21.0.1/com.sun.javafx.event.EventDispatchChainImpl.dispatchEvent(EventDispatchChainImpl.java:114)
	at javafx.base@21.0.1/com.sun.javafx.event.BasicEventDispatcher.dispatchEvent(BasicEventDispatcher.java:56)
	at javafx.base@21.0.1/com.sun.javafx.event.EventDispatchChainImpl.dispatchEvent(EventDispatchChainImpl.java:114)
	at javafx.base@21.0.1/com.sun.javafx.event.BasicEventDispatcher.dispatchEvent(BasicEventDispatcher.java:56)
	at javafx.base@21.0.1/com.sun.javafx.event.EventDispatchChainImpl.dispatchEvent(EventDispatchChainImpl.java:114)
	at javafx.base@21.0.1/com.sun.javafx.event.EventUtil.fireEventImpl(EventUtil.java:74)
	at javafx.base@21.0.1/com.sun.javafx.event.EventUtil.fireEvent(EventUtil.java:49)
	at javafx.base@21.0.1/javafx.event.Event.fireEvent(Event.java:198)
	at javafx.graphics@21.0.1/javafx.scene.Node.fireEvent(Node.java:8875)
	at javafx.controls@21.0.1/javafx.scene.control.Button.fire(Button.java:203)
	at javafx.controls@21.0.1/com.sun.javafx.scene.control.behavior.ButtonBehavior.mouseReleased(ButtonBehavior.java:207)
	at javafx.controls@21.0.1/com.sun.javafx.scene.control.inputmap.InputMap.handle(InputMap.java:274)
	at javafx.base@21.0.1/com.sun.javafx.event.CompositeEventHandler$NormalEventHandlerRecord.handleBubblingEvent(CompositeEventHandler.java:247)
	at javafx.base@21.0.1/com.sun.javafx.event.CompositeEventHandler.dispatchBubblingEvent(CompositeEventHandler.java:80)
	at javafx.base@21.0.1/com.sun.javafx.event.EventHandlerManager.dispatchBubblingEvent(EventHandlerManager.java:232)
	at javafx.base@21.0.1/com.sun.javafx.event.EventHandlerManager.dispatchBubblingEvent(EventHandlerManager.java:189)
	at javafx.base@21.0.1/com.sun.javafx.event.CompositeEventDispatcher.dispatchBubblingEvent(CompositeEventDispatcher.java:59)
	at javafx.base@21.0.1/com.sun.javafx.event.BasicEventDispatcher.dispatchEvent(BasicEventDispatcher.java:58)
	at javafx.base@21.0.1/com.sun.javafx.event.EventDispatchChainImpl.dispatchEvent(EventDispatchChainImpl.java:114)
	at javafx.base@21.0.1/com.sun.javafx.event.BasicEventDispatcher.dispatchEvent(BasicEventDispatcher.java:56)
	at javafx.base@21.0.1/com.sun.javafx.event.EventDispatchChainImpl.dispatchEvent(EventDispatchChainImpl.java:114)
	at javafx.base@21.0.1/com.sun.javafx.event.BasicEventDispatcher.dispatchEvent(BasicEventDispatcher.java:56)
	at javafx.base@21.0.1/com.sun.javafx.event.EventDispatchChainImpl.dispatchEvent(EventDispatchChainImpl.java:114)
	at javafx.base@21.0.1/com.sun.javafx.event.EventUtil.fireEventImpl(EventUtil.java:74)
	at javafx.base@21.0.1/com.sun.javafx.event.EventUtil.fireEvent(EventUtil.java:54)
	at javafx.base@21.0.1/javafx.event.Event.fireEvent(Event.java:198)
	at javafx.graphics@21.0.1/javafx.scene.Scene$MouseHandler.process(Scene.java:3984)
	at javafx.graphics@21.0.1/javafx.scene.Scene.processMouseEvent(Scene.java:1890)
	at javafx.graphics@21.0.1/javafx.scene.Scene$ScenePeerListener.mouseEvent(Scene.java:2708)
	at javafx.graphics@21.0.1/com.sun.javafx.tk.quantum.GlassViewEventHandler$MouseEventNotification.run(GlassViewEventHandler.java:411)
	at javafx.graphics@21.0.1/com.sun.javafx.tk.quantum.GlassViewEventHandler$MouseEventNotification.run(GlassViewEventHandler.java:301)
	at java.base/java.security.AccessController.doPrivileged(AccessController.java:400)
	at javafx.graphics@21.0.1/com.sun.javafx.tk.quantum.GlassViewEventHandler.lambda$handleMouseEvent$2(GlassViewEventHandler.java:450)
	at javafx.graphics@21.0.1/com.sun.javafx.tk.quantum.QuantumToolkit.runWithoutRenderLock(QuantumToolkit.java:424)
	at javafx.graphics@21.0.1/com.sun.javafx.tk.quantum.GlassViewEventHandler.handleMouseEvent(GlassViewEventHandler.java:449)
	at javafx.graphics@21.0.1/com.sun.glass.ui.View.handleMouseEvent(View.java:551)
	at javafx.graphics@21.0.1/com.sun.glass.ui.View.notifyMouse(View.java:937)
	at javafx.graphics@21.0.1/com.sun.glass.ui.win.WinApplication._runLoop(Native Method)
	at javafx.graphics@21.0.1/com.sun.glass.ui.win.WinApplication.lambda$runLoop$3(WinApplication.java:185)
	at java.base/java.lang.Thread.run(Thread.java:1583)
2025-10-06 21:19:59 [JavaFX Application Thread] INFO  p.c.app.view.LoginController - Usuario redirigido a pantalla principal: CLIENTE
2025-10-06 21:20:02 [JavaFX Application Thread] ERROR p.c.a.v.c.ClienteMainController - Error al cargar pantalla del simulador
javafx.fxml.LoadException: 
/C:/Users/USER/OneDrive/Escritorio/proyecto_v4.0/target/classes/fxml/cliente/SimuladorClienteView.fxml:128

	at javafx.fxml@21.0.1/javafx.fxml.FXMLLoader.constructLoadException(FXMLLoader.java:2722)
	at javafx.fxml@21.0.1/javafx.fxml.FXMLLoader.loadImpl(FXMLLoader.java:2665)
	at javafx.fxml@21.0.1/javafx.fxml.FXMLLoader.loadImpl(FXMLLoader.java:2563)
	at javafx.fxml@21.0.1/javafx.fxml.FXMLLoader.load(FXMLLoader.java:2531)
	at pe.crediactiva.app.view.cliente.ClienteMainController.handleSimulador(ClienteMainController.java:356)
	at java.base/jdk.internal.reflect.DirectMethodHandleAccessor.invoke(DirectMethodHandleAccessor.java:103)
	at java.base/java.lang.reflect.Method.invoke(Method.java:580)
	at com.sun.javafx.reflect.Trampoline.invoke(MethodUtil.java:72)
	at java.base/jdk.internal.reflect.DirectMethodHandleAccessor.invoke(DirectMethodHandleAccessor.java:103)
	at java.base/java.lang.reflect.Method.invoke(Method.java:580)
	at javafx.base@21.0.1/com.sun.javafx.reflect.MethodUtil.invoke(MethodUtil.java:270)
	at javafx.fxml@21.0.1/com.sun.javafx.fxml.MethodHelper.invoke(MethodHelper.java:84)
	at javafx.fxml@21.0.1/javafx.fxml.FXMLLoader$MethodHandler.invoke(FXMLLoader.java:1855)
	at javafx.fxml@21.0.1/javafx.fxml.FXMLLoader$ControllerMethodEventHandler.handle(FXMLLoader.java:1726)
	at javafx.base@21.0.1/com.sun.javafx.event.CompositeEventHandler.dispatchBubblingEvent(CompositeEventHandler.java:86)
	at javafx.base@21.0.1/com.sun.javafx.event.EventHandlerManager.dispatchBubblingEvent(EventHandlerManager.java:232)
	at javafx.base@21.0.1/com.sun.javafx.event.EventHandlerManager.dispatchBubblingEvent(EventHandlerManager.java:189)
	at javafx.base@21.0.1/com.sun.javafx.event.CompositeEventDispatcher.dispatchBubblingEvent(CompositeEventDispatcher.java:59)
	at javafx.base@21.0.1/com.sun.javafx.event.BasicEventDispatcher.dispatchEvent(BasicEventDispatcher.java:58)
	at javafx.base@21.0.1/com.sun.javafx.event.EventDispatchChainImpl.dispatchEvent(EventDispatchChainImpl.java:114)
	at javafx.base@21.0.1/com.sun.javafx.event.BasicEventDispatcher.dispatchEvent(BasicEventDispatcher.java:56)
	at javafx.base@21.0.1/com.sun.javafx.event.EventDispatchChainImpl.dispatchEvent(EventDispatchChainImpl.java:114)
	at javafx.base@21.0.1/com.sun.javafx.event.BasicEventDispatcher.dispatchEvent(BasicEventDispatcher.java:56)
	at javafx.base@21.0.1/com.sun.javafx.event.EventDispatchChainImpl.dispatchEvent(EventDispatchChainImpl.java:114)
	at javafx.base@21.0.1/com.sun.javafx.event.BasicEventDispatcher.dispatchEvent(BasicEventDispatcher.java:56)
	at javafx.base@21.0.1/com.sun.javafx.event.EventDispatchChainImpl.dispatchEvent(EventDispatchChainImpl.java:114)
	at javafx.base@21.0.1/com.sun.javafx.event.EventUtil.fireEventImpl(EventUtil.java:74)
	at javafx.base@21.0.1/com.sun.javafx.event.EventUtil.fireEvent(EventUtil.java:49)
	at javafx.base@21.0.1/javafx.event.Event.fireEvent(Event.java:198)
	at javafx.graphics@21.0.1/javafx.scene.Node.fireEvent(Node.java:8875)
	at javafx.controls@21.0.1/javafx.scene.control.Button.fire(Button.java:203)
	at javafx.controls@21.0.1/com.sun.javafx.scene.control.behavior.ButtonBehavior.mouseReleased(ButtonBehavior.java:207)
	at javafx.controls@21.0.1/com.sun.javafx.scene.control.inputmap.InputMap.handle(InputMap.java:274)
	at javafx.base@21.0.1/com.sun.javafx.event.CompositeEventHandler$NormalEventHandlerRecord.handleBubblingEvent(CompositeEventHandler.java:247)
	at javafx.base@21.0.1/com.sun.javafx.event.CompositeEventHandler.dispatchBubblingEvent(CompositeEventHandler.java:80)
	at javafx.base@21.0.1/com.sun.javafx.event.EventHandlerManager.dispatchBubblingEvent(EventHandlerManager.java:232)
	at javafx.base@21.0.1/com.sun.javafx.event.EventHandlerManager.dispatchBubblingEvent(EventHandlerManager.java:189)
	at javafx.base@21.0.1/com.sun.javafx.event.CompositeEventDispatcher.dispatchBubblingEvent(CompositeEventDispatcher.java:59)
	at javafx.base@21.0.1/com.sun.javafx.event.BasicEventDispatcher.dispatchEvent(BasicEventDispatcher.java:58)
	at javafx.base@21.0.1/com.sun.javafx.event.EventDispatchChainImpl.dispatchEvent(EventDispatchChainImpl.java:114)
	at javafx.base@21.0.1/com.sun.javafx.event.BasicEventDispatcher.dispatchEvent(BasicEventDispatcher.java:56)
	at javafx.base@21.0.1/com.sun.javafx.event.EventDispatchChainImpl.dispatchEvent(EventDispatchChainImpl.java:114)
	at javafx.base@21.0.1/com.sun.javafx.event.BasicEventDispatcher.dispatchEvent(BasicEventDispatcher.java:56)
	at javafx.base@21.0.1/com.sun.javafx.event.EventDispatchChainImpl.dispatchEvent(EventDispatchChainImpl.java:114)
	at javafx.base@21.0.1/com.sun.javafx.event.BasicEventDispatcher.dispatchEvent(BasicEventDispatcher.java:56)
	at javafx.base@21.0.1/com.sun.javafx.event.EventDispatchChainImpl.dispatchEvent(EventDispatchChainImpl.java:114)
	at javafx.base@21.0.1/com.sun.javafx.event.EventUtil.fireEventImpl(EventUtil.java:74)
	at javafx.base@21.0.1/com.sun.javafx.event.EventUtil.fireEvent(EventUtil.java:54)
	at javafx.base@21.0.1/javafx.event.Event.fireEvent(Event.java:198)
	at javafx.graphics@21.0.1/javafx.scene.Scene$MouseHandler.process(Scene.java:3984)
	at javafx.graphics@21.0.1/javafx.scene.Scene.processMouseEvent(Scene.java:1890)
	at javafx.graphics@21.0.1/javafx.scene.Scene$ScenePeerListener.mouseEvent(Scene.java:2708)
	at javafx.graphics@21.0.1/com.sun.javafx.tk.quantum.GlassViewEventHandler$MouseEventNotification.run(GlassViewEventHandler.java:411)
	at javafx.graphics@21.0.1/com.sun.javafx.tk.quantum.GlassViewEventHandler$MouseEventNotification.run(GlassViewEventHandler.java:301)
	at java.base/java.security.AccessController.doPrivileged(AccessController.java:400)
	at javafx.graphics@21.0.1/com.sun.javafx.tk.quantum.GlassViewEventHandler.lambda$handleMouseEvent$2(GlassViewEventHandler.java:450)
	at javafx.graphics@21.0.1/com.sun.javafx.tk.quantum.QuantumToolkit.runWithoutRenderLock(QuantumToolkit.java:424)
	at javafx.graphics@21.0.1/com.sun.javafx.tk.quantum.GlassViewEventHandler.handleMouseEvent(GlassViewEventHandler.java:449)
	at javafx.graphics@21.0.1/com.sun.glass.ui.View.handleMouseEvent(View.java:551)
	at javafx.graphics@21.0.1/com.sun.glass.ui.View.notifyMouse(View.java:937)
	at javafx.graphics@21.0.1/com.sun.glass.ui.win.WinApplication._runLoop(Native Method)
	at javafx.graphics@21.0.1/com.sun.glass.ui.win.WinApplication.lambda$runLoop$3(WinApplication.java:185)
	at java.base/java.lang.Thread.run(Thread.java:1583)
Caused by: javax.xml.stream.XMLStreamException: ParseError at [row,col]:[128,9]
Message: The element type "VBox" must be terminated by the matching end-tag "</VBox>".
	at java.xml/com.sun.org.apache.xerces.internal.impl.XMLStreamReaderImpl.next(XMLStreamReaderImpl.java:652)
	at java.xml/javax.xml.stream.util.StreamReaderDelegate.next(StreamReaderDelegate.java:84)
	at javafx.fxml@21.0.1/javafx.fxml.FXMLLoader.loadImpl(FXMLLoader.java:2635)
	... 61 common frames omitted
2025-10-06 21:20:57 [main] INFO  pe.crediactiva.app.Main - Iniciando aplicación CrediActiva Desktop v1.0.0
2025-10-06 21:20:58 [JavaFX Application Thread] INFO  pe.crediactiva.app.Main - Icono no encontrado, continuando sin icono
2025-10-06 21:20:58 [JavaFX Application Thread] INFO  p.c.app.config.DatabaseConfig - Propiedades de base de datos cargadas correctamente
2025-10-06 21:20:58 [JavaFX Application Thread] INFO  p.c.app.config.DatabaseConfig - Pool de conexiones HikariCP inicializado correctamente
2025-10-06 21:20:58 [JavaFX Application Thread] INFO  pe.crediactiva.app.Main - Aplicación CrediActiva iniciada correctamente
2025-10-06 21:21:09 [JavaFX Application Thread] INFO  p.c.app.dao.impl.UsuarioDAOImpl - Usuario autenticado exitosamente: 11111111
2025-10-06 21:21:09 [JavaFX Application Thread] INFO  p.c.a.service.AuthenticationService - Usuario autenticado exitosamente: 11111111 - CLIENTE
2025-10-06 21:21:09 [JavaFX Application Thread] INFO  p.c.app.view.LoginController - Usuario autenticado exitosamente: 11111111
2025-10-06 21:21:10 [JavaFX Application Thread] ERROR p.c.app.dao.impl.PrestamoDAOImpl - Error al buscar préstamos por cliente y estado: 11111111, ACTIVO
java.sql.SQLException: Column 'cliente_nombre' not found.
	at com.mysql.cj.jdbc.exceptions.SQLError.createSQLException(SQLError.java:130)
	at com.mysql.cj.jdbc.exceptions.SQLError.createSQLException(SQLError.java:98)
	at com.mysql.cj.jdbc.exceptions.SQLError.createSQLException(SQLError.java:90)
	at com.mysql.cj.jdbc.exceptions.SQLError.createSQLException(SQLError.java:64)
	at com.mysql.cj.jdbc.result.ResultSetImpl.findColumn(ResultSetImpl.java:584)
	at com.mysql.cj.jdbc.result.ResultSetImpl.getString(ResultSetImpl.java:896)
	at com.zaxxer.hikari.pool.HikariProxyResultSet.getString(HikariProxyResultSet.java)
	at pe.crediactiva.app.dao.impl.PrestamoDAOImpl.mapResultSetToPrestamo(PrestamoDAOImpl.java:544)
	at pe.crediactiva.app.dao.impl.PrestamoDAOImpl.findByClienteAndEstado(PrestamoDAOImpl.java:497)
	at pe.crediactiva.app.service.PrestamoService.obtenerPrestamosActivosPorCliente(PrestamoService.java:402)
	at pe.crediactiva.app.view.cliente.ClienteMainController.cargarEstadisticasResumen(ClienteMainController.java:198)
	at pe.crediactiva.app.view.cliente.ClienteMainController.initialize(ClienteMainController.java:147)
	at java.base/jdk.internal.reflect.DirectMethodHandleAccessor.invoke(DirectMethodHandleAccessor.java:103)
	at java.base/java.lang.reflect.Method.invoke(Method.java:580)
	at com.sun.javafx.reflect.Trampoline.invoke(MethodUtil.java:72)
	at java.base/jdk.internal.reflect.DirectMethodHandleAccessor.invoke(DirectMethodHandleAccessor.java:103)
	at java.base/java.lang.reflect.Method.invoke(Method.java:580)
	at javafx.base@21.0.1/com.sun.javafx.reflect.MethodUtil.invoke(MethodUtil.java:270)
	at javafx.fxml@21.0.1/com.sun.javafx.fxml.MethodHelper.invoke(MethodHelper.java:84)
	at javafx.fxml@21.0.1/javafx.fxml.FXMLLoader.loadImpl(FXMLLoader.java:2688)
	at javafx.fxml@21.0.1/javafx.fxml.FXMLLoader.loadImpl(FXMLLoader.java:2563)
	at javafx.fxml@21.0.1/javafx.fxml.FXMLLoader.load(FXMLLoader.java:2531)
	at pe.crediactiva.app.view.LoginController.redirectToMainScreen(LoginController.java:140)
	at pe.crediactiva.app.view.LoginController.handleLogin(LoginController.java:99)
	at java.base/jdk.internal.reflect.DirectMethodHandleAccessor.invoke(DirectMethodHandleAccessor.java:103)
	at java.base/java.lang.reflect.Method.invoke(Method.java:580)
	at com.sun.javafx.reflect.Trampoline.invoke(MethodUtil.java:72)
	at java.base/jdk.internal.reflect.DirectMethodHandleAccessor.invoke(DirectMethodHandleAccessor.java:103)
	at java.base/java.lang.reflect.Method.invoke(Method.java:580)
	at javafx.base@21.0.1/com.sun.javafx.reflect.MethodUtil.invoke(MethodUtil.java:270)
	at javafx.fxml@21.0.1/com.sun.javafx.fxml.MethodHelper.invoke(MethodHelper.java:84)
	at javafx.fxml@21.0.1/javafx.fxml.FXMLLoader$MethodHandler.invoke(FXMLLoader.java:1855)
	at javafx.fxml@21.0.1/javafx.fxml.FXMLLoader$ControllerMethodEventHandler.handle(FXMLLoader.java:1726)
	at javafx.base@21.0.1/com.sun.javafx.event.CompositeEventHandler.dispatchBubblingEvent(CompositeEventHandler.java:86)
	at javafx.base@21.0.1/com.sun.javafx.event.EventHandlerManager.dispatchBubblingEvent(EventHandlerManager.java:232)
	at javafx.base@21.0.1/com.sun.javafx.event.EventHandlerManager.dispatchBubblingEvent(EventHandlerManager.java:189)
	at javafx.base@21.0.1/com.sun.javafx.event.CompositeEventDispatcher.dispatchBubblingEvent(CompositeEventDispatcher.java:59)
	at javafx.base@21.0.1/com.sun.javafx.event.BasicEventDispatcher.dispatchEvent(BasicEventDispatcher.java:58)
	at javafx.base@21.0.1/com.sun.javafx.event.EventDispatchChainImpl.dispatchEvent(EventDispatchChainImpl.java:114)
	at javafx.base@21.0.1/com.sun.javafx.event.BasicEventDispatcher.dispatchEvent(BasicEventDispatcher.java:56)
	at javafx.base@21.0.1/com.sun.javafx.event.EventDispatchChainImpl.dispatchEvent(EventDispatchChainImpl.java:114)
	at javafx.base@21.0.1/com.sun.javafx.event.BasicEventDispatcher.dispatchEvent(BasicEventDispatcher.java:56)
	at javafx.base@21.0.1/com.sun.javafx.event.EventDispatchChainImpl.dispatchEvent(EventDispatchChainImpl.java:114)
	at javafx.base@21.0.1/com.sun.javafx.event.EventUtil.fireEventImpl(EventUtil.java:74)
	at javafx.base@21.0.1/com.sun.javafx.event.EventUtil.fireEvent(EventUtil.java:49)
	at javafx.base@21.0.1/javafx.event.Event.fireEvent(Event.java:198)
	at javafx.graphics@21.0.1/javafx.scene.Node.fireEvent(Node.java:8875)
	at javafx.controls@21.0.1/javafx.scene.control.Button.fire(Button.java:203)
	at javafx.controls@21.0.1/com.sun.javafx.scene.control.behavior.ButtonBehavior.mouseReleased(ButtonBehavior.java:207)
	at javafx.controls@21.0.1/com.sun.javafx.scene.control.inputmap.InputMap.handle(InputMap.java:274)
	at javafx.base@21.0.1/com.sun.javafx.event.CompositeEventHandler$NormalEventHandlerRecord.handleBubblingEvent(CompositeEventHandler.java:247)
	at javafx.base@21.0.1/com.sun.javafx.event.CompositeEventHandler.dispatchBubblingEvent(CompositeEventHandler.java:80)
	at javafx.base@21.0.1/com.sun.javafx.event.EventHandlerManager.dispatchBubblingEvent(EventHandlerManager.java:232)
	at javafx.base@21.0.1/com.sun.javafx.event.EventHandlerManager.dispatchBubblingEvent(EventHandlerManager.java:189)
	at javafx.base@21.0.1/com.sun.javafx.event.CompositeEventDispatcher.dispatchBubblingEvent(CompositeEventDispatcher.java:59)
	at javafx.base@21.0.1/com.sun.javafx.event.BasicEventDispatcher.dispatchEvent(BasicEventDispatcher.java:58)
	at javafx.base@21.0.1/com.sun.javafx.event.EventDispatchChainImpl.dispatchEvent(EventDispatchChainImpl.java:114)
	at javafx.base@21.0.1/com.sun.javafx.event.BasicEventDispatcher.dispatchEvent(BasicEventDispatcher.java:56)
	at javafx.base@21.0.1/com.sun.javafx.event.EventDispatchChainImpl.dispatchEvent(EventDispatchChainImpl.java:114)
	at javafx.base@21.0.1/com.sun.javafx.event.BasicEventDispatcher.dispatchEvent(BasicEventDispatcher.java:56)
	at javafx.base@21.0.1/com.sun.javafx.event.EventDispatchChainImpl.dispatchEvent(EventDispatchChainImpl.java:114)
	at javafx.base@21.0.1/com.sun.javafx.event.EventUtil.fireEventImpl(EventUtil.java:74)
	at javafx.base@21.0.1/com.sun.javafx.event.EventUtil.fireEvent(EventUtil.java:54)
	at javafx.base@21.0.1/javafx.event.Event.fireEvent(Event.java:198)
	at javafx.graphics@21.0.1/javafx.scene.Scene$MouseHandler.process(Scene.java:3984)
	at javafx.graphics@21.0.1/javafx.scene.Scene.processMouseEvent(Scene.java:1890)
	at javafx.graphics@21.0.1/javafx.scene.Scene$ScenePeerListener.mouseEvent(Scene.java:2708)
	at javafx.graphics@21.0.1/com.sun.javafx.tk.quantum.GlassViewEventHandler$MouseEventNotification.run(GlassViewEventHandler.java:411)
	at javafx.graphics@21.0.1/com.sun.javafx.tk.quantum.GlassViewEventHandler$MouseEventNotification.run(GlassViewEventHandler.java:301)
	at java.base/java.security.AccessController.doPrivileged(AccessController.java:400)
	at javafx.graphics@21.0.1/com.sun.javafx.tk.quantum.GlassViewEventHandler.lambda$handleMouseEvent$2(GlassViewEventHandler.java:450)
	at javafx.graphics@21.0.1/com.sun.javafx.tk.quantum.QuantumToolkit.runWithoutRenderLock(QuantumToolkit.java:424)
	at javafx.graphics@21.0.1/com.sun.javafx.tk.quantum.GlassViewEventHandler.handleMouseEvent(GlassViewEventHandler.java:449)
	at javafx.graphics@21.0.1/com.sun.glass.ui.View.handleMouseEvent(View.java:551)
	at javafx.graphics@21.0.1/com.sun.glass.ui.View.notifyMouse(View.java:937)
	at javafx.graphics@21.0.1/com.sun.glass.ui.win.WinApplication._runLoop(Native Method)
	at javafx.graphics@21.0.1/com.sun.glass.ui.win.WinApplication.lambda$runLoop$3(WinApplication.java:185)
	at java.base/java.lang.Thread.run(Thread.java:1583)
2025-10-06 21:21:10 [JavaFX Application Thread] INFO  p.c.app.view.LoginController - Usuario redirigido a pantalla principal: CLIENTE
2025-10-06 21:21:12 [JavaFX Application Thread] INFO  p.c.a.v.c.SimuladorClienteController - Configurando tabla del cronograma
2025-10-06 21:21:12 [JavaFX Application Thread] INFO  p.c.a.v.c.SimuladorClienteController - Tabla del cronograma configurada correctamente
2025-10-06 21:21:12 [JavaFX Application Thread] INFO  p.c.a.v.c.SimuladorClienteController - Simulador de crédito inicializado correctamente
2025-10-06 21:21:19 [JavaFX Application Thread] INFO  p.c.a.v.c.SimuladorClienteController - Iniciando generación de cronograma con 26 cuotas
2025-10-06 21:21:19 [JavaFX Application Thread] INFO  p.c.a.v.c.SimuladorClienteController - Cronograma generado con 26 cuotas
2025-10-06 21:21:19 [JavaFX Application Thread] INFO  p.c.a.v.c.SimuladorClienteController - Primera cuota: 08/10/2025
2025-10-06 21:21:19 [JavaFX Application Thread] INFO  p.c.a.v.c.SimuladorClienteController - Iniciando generación de cronograma con 26 cuotas
2025-10-06 21:21:19 [JavaFX Application Thread] INFO  p.c.a.v.c.SimuladorClienteController - Cronograma generado con 26 cuotas
2025-10-06 21:21:19 [JavaFX Application Thread] INFO  p.c.a.v.c.SimuladorClienteController - Primera cuota: 08/10/2025
2025-10-06 21:21:20 [JavaFX Application Thread] INFO  p.c.a.v.c.SimuladorClienteController - Iniciando generación de cronograma con 26 cuotas
2025-10-06 21:21:20 [JavaFX Application Thread] INFO  p.c.a.v.c.SimuladorClienteController - Cronograma generado con 26 cuotas
2025-10-06 21:21:20 [JavaFX Application Thread] INFO  p.c.a.v.c.SimuladorClienteController - Primera cuota: 08/10/2025
2025-10-06 21:21:21 [JavaFX Application Thread] INFO  p.c.a.v.c.SimuladorClienteController - Iniciando generación de cronograma con 26 cuotas
2025-10-06 21:21:21 [JavaFX Application Thread] INFO  p.c.a.v.c.SimuladorClienteController - Cronograma generado con 26 cuotas
2025-10-06 21:21:21 [JavaFX Application Thread] INFO  p.c.a.v.c.SimuladorClienteController - Primera cuota: 08/10/2025
2025-10-06 21:21:41 [JavaFX Application Thread] INFO  p.c.a.v.c.SimuladorClienteController - Iniciando generación de cronograma con 26 cuotas
2025-10-06 21:21:41 [JavaFX Application Thread] INFO  p.c.a.v.c.SimuladorClienteController - Cronograma generado con 26 cuotas
2025-10-06 21:21:41 [JavaFX Application Thread] INFO  p.c.a.v.c.SimuladorClienteController - Primera cuota: 08/10/2025
2025-10-06 21:21:41 [JavaFX Application Thread] INFO  p.c.a.v.c.SimuladorClienteController - Iniciando generación de cronograma con 26 cuotas
2025-10-06 21:21:41 [JavaFX Application Thread] INFO  p.c.a.v.c.SimuladorClienteController - Cronograma generado con 26 cuotas
2025-10-06 21:21:41 [JavaFX Application Thread] INFO  p.c.a.v.c.SimuladorClienteController - Primera cuota: 08/10/2025
2025-10-06 21:21:41 [JavaFX Application Thread] INFO  p.c.a.v.c.SimuladorClienteController - Iniciando generación de cronograma con 26 cuotas
2025-10-06 21:21:41 [JavaFX Application Thread] INFO  p.c.a.v.c.SimuladorClienteController - Cronograma generado con 26 cuotas
2025-10-06 21:21:41 [JavaFX Application Thread] INFO  p.c.a.v.c.SimuladorClienteController - Primera cuota: 08/10/2025
2025-10-06 21:29:17 [main] INFO  pe.crediactiva.app.Main - Iniciando aplicación CrediActiva Desktop v1.0.0
2025-10-06 21:29:17 [JavaFX Application Thread] INFO  pe.crediactiva.app.Main - Icono no encontrado, continuando sin icono
2025-10-06 21:29:17 [JavaFX Application Thread] INFO  p.c.app.config.DatabaseConfig - Propiedades de base de datos cargadas correctamente
2025-10-06 21:29:18 [JavaFX Application Thread] INFO  p.c.app.config.DatabaseConfig - Pool de conexiones HikariCP inicializado correctamente
2025-10-06 21:29:18 [JavaFX Application Thread] INFO  pe.crediactiva.app.Main - Aplicación CrediActiva iniciada correctamente
2025-10-06 21:29:30 [JavaFX Application Thread] INFO  p.c.app.dao.impl.UsuarioDAOImpl - Usuario autenticado exitosamente: 12345678
2025-10-06 21:29:30 [JavaFX Application Thread] INFO  p.c.a.service.AuthenticationService - Usuario autenticado exitosamente: 12345678 - ASESOR
2025-10-06 21:29:30 [JavaFX Application Thread] INFO  p.c.app.view.LoginController - Usuario autenticado exitosamente: 12345678
2025-10-06 21:29:30 [JavaFX Application Thread] INFO  p.c.app.view.LoginController - Usuario redirigido a pantalla principal: ASESOR
2025-10-06 21:29:32 [JavaFX Application Thread] INFO  p.c.a.v.asesor.AsesorMainController - Cargado simulador de crédito
2025-10-06 21:29:51 [JavaFX Application Thread] INFO  p.c.app.config.DatabaseConfig - Pool de conexiones cerrado correctamente
2025-10-06 21:29:51 [JavaFX Application Thread] INFO  pe.crediactiva.app.Main - Aplicación CrediActiva cerrada
2025-10-06 21:33:05 [JavaFX Application Thread] INFO  p.c.app.config.DatabaseConfig - Pool de conexiones cerrado correctamente
2025-10-06 21:33:05 [JavaFX Application Thread] INFO  pe.crediactiva.app.Main - Aplicación CrediActiva cerrada
2025-10-06 21:33:12 [JavaFX Application Thread] INFO  p.c.app.config.DatabaseConfig - Pool de conexiones cerrado correctamente
2025-10-06 21:33:12 [JavaFX Application Thread] INFO  pe.crediactiva.app.Main - Aplicación CrediActiva cerrada
2025-10-06 21:33:20 [main] INFO  pe.crediactiva.app.Main - Iniciando aplicación CrediActiva Desktop v1.0.0
2025-10-06 21:33:20 [JavaFX Application Thread] INFO  pe.crediactiva.app.Main - Icono no encontrado, continuando sin icono
2025-10-06 21:33:20 [JavaFX Application Thread] INFO  p.c.app.config.DatabaseConfig - Propiedades de base de datos cargadas correctamente
2025-10-06 21:33:20 [JavaFX Application Thread] INFO  p.c.app.config.DatabaseConfig - Pool de conexiones HikariCP inicializado correctamente
2025-10-06 21:33:21 [JavaFX Application Thread] INFO  pe.crediactiva.app.Main - Aplicación CrediActiva iniciada correctamente
2025-10-06 21:33:37 [JavaFX Application Thread] WARN  p.c.app.dao.impl.UsuarioDAOImpl - Intento de autenticación fallido para usuario: 11111111
2025-10-06 21:33:37 [JavaFX Application Thread] WARN  p.c.a.service.AuthenticationService - Credenciales inválidas para usuario: 11111111
2025-10-06 21:33:43 [JavaFX Application Thread] WARN  p.c.app.dao.impl.UsuarioDAOImpl - Intento de autenticación fallido para usuario: 11111111
2025-10-06 21:33:43 [JavaFX Application Thread] WARN  p.c.a.service.AuthenticationService - Credenciales inválidas para usuario: 11111111
2025-10-06 21:33:53 [JavaFX Application Thread] INFO  p.c.app.dao.impl.UsuarioDAOImpl - Usuario autenticado exitosamente: 12345678
2025-10-06 21:33:53 [JavaFX Application Thread] INFO  p.c.a.service.AuthenticationService - Usuario autenticado exitosamente: 12345678 - ASESOR
2025-10-06 21:33:53 [JavaFX Application Thread] INFO  p.c.app.view.LoginController - Usuario autenticado exitosamente: 12345678
2025-10-06 21:33:53 [JavaFX Application Thread] INFO  p.c.app.view.LoginController - Usuario redirigido a pantalla principal: ASESOR
2025-10-06 21:33:54 [JavaFX Application Thread] INFO  p.c.a.v.asesor.AsesorMainController - Cargado simulador de crédito con scroll
2025-10-06 21:34:27 [JavaFX Application Thread] ERROR p.c.a.v.asesor.AsesorMainController - Error al cargar registro de cobro
javafx.fxml.LoadException: String is not a valid type.
/C:/Users/USER/OneDrive/Escritorio/proyecto_v4.0/target/classes/fxml/asesor/RegistrarCobroView.fxml:120

	at javafx.fxml@21.0.1/javafx.fxml.FXMLLoader.constructLoadException(FXMLLoader.java:2718)
	at javafx.fxml@21.0.1/javafx.fxml.FXMLLoader.createElement(FXMLLoader.java:2920)
	at javafx.fxml@21.0.1/javafx.fxml.FXMLLoader.processStartElement(FXMLLoader.java:2850)
	at javafx.fxml@21.0.1/javafx.fxml.FXMLLoader.loadImpl(FXMLLoader.java:2649)
	at javafx.fxml@21.0.1/javafx.fxml.FXMLLoader.loadImpl(FXMLLoader.java:2563)
	at javafx.fxml@21.0.1/javafx.fxml.FXMLLoader.load(FXMLLoader.java:2531)
	at pe.crediactiva.app.view.asesor.AsesorMainController.handleRegistrarCobro(AsesorMainController.java:269)
	at java.base/jdk.internal.reflect.DirectMethodHandleAccessor.invoke(DirectMethodHandleAccessor.java:103)
	at java.base/java.lang.reflect.Method.invoke(Method.java:580)
	at com.sun.javafx.reflect.Trampoline.invoke(MethodUtil.java:72)
	at java.base/jdk.internal.reflect.DirectMethodHandleAccessor.invoke(DirectMethodHandleAccessor.java:103)
	at java.base/java.lang.reflect.Method.invoke(Method.java:580)
	at javafx.base@21.0.1/com.sun.javafx.reflect.MethodUtil.invoke(MethodUtil.java:270)
	at javafx.fxml@21.0.1/com.sun.javafx.fxml.MethodHelper.invoke(MethodHelper.java:84)
	at javafx.fxml@21.0.1/javafx.fxml.FXMLLoader$MethodHandler.invoke(FXMLLoader.java:1855)
	at javafx.fxml@21.0.1/javafx.fxml.FXMLLoader$ControllerMethodEventHandler.handle(FXMLLoader.java:1726)
	at javafx.base@21.0.1/com.sun.javafx.event.CompositeEventHandler.dispatchBubblingEvent(CompositeEventHandler.java:86)
	at javafx.base@21.0.1/com.sun.javafx.event.EventHandlerManager.dispatchBubblingEvent(EventHandlerManager.java:232)
	at javafx.base@21.0.1/com.sun.javafx.event.EventHandlerManager.dispatchBubblingEvent(EventHandlerManager.java:189)
	at javafx.base@21.0.1/com.sun.javafx.event.CompositeEventDispatcher.dispatchBubblingEvent(CompositeEventDispatcher.java:59)
	at javafx.base@21.0.1/com.sun.javafx.event.BasicEventDispatcher.dispatchEvent(BasicEventDispatcher.java:58)
	at javafx.base@21.0.1/com.sun.javafx.event.EventDispatchChainImpl.dispatchEvent(EventDispatchChainImpl.java:114)
	at javafx.base@21.0.1/com.sun.javafx.event.BasicEventDispatcher.dispatchEvent(BasicEventDispatcher.java:56)
	at javafx.base@21.0.1/com.sun.javafx.event.EventDispatchChainImpl.dispatchEvent(EventDispatchChainImpl.java:114)
	at javafx.base@21.0.1/com.sun.javafx.event.BasicEventDispatcher.dispatchEvent(BasicEventDispatcher.java:56)
	at javafx.base@21.0.1/com.sun.javafx.event.EventDispatchChainImpl.dispatchEvent(EventDispatchChainImpl.java:114)
	at javafx.base@21.0.1/com.sun.javafx.event.BasicEventDispatcher.dispatchEvent(BasicEventDispatcher.java:56)
	at javafx.base@21.0.1/com.sun.javafx.event.EventDispatchChainImpl.dispatchEvent(EventDispatchChainImpl.java:114)
	at javafx.base@21.0.1/com.sun.javafx.event.EventUtil.fireEventImpl(EventUtil.java:74)
	at javafx.base@21.0.1/com.sun.javafx.event.EventUtil.fireEvent(EventUtil.java:49)
	at javafx.base@21.0.1/javafx.event.Event.fireEvent(Event.java:198)
	at javafx.graphics@21.0.1/javafx.scene.Node.fireEvent(Node.java:8875)
	at javafx.controls@21.0.1/javafx.scene.control.Button.fire(Button.java:203)
	at javafx.controls@21.0.1/com.sun.javafx.scene.control.behavior.ButtonBehavior.mouseReleased(ButtonBehavior.java:207)
	at javafx.controls@21.0.1/com.sun.javafx.scene.control.inputmap.InputMap.handle(InputMap.java:274)
	at javafx.base@21.0.1/com.sun.javafx.event.CompositeEventHandler$NormalEventHandlerRecord.handleBubblingEvent(CompositeEventHandler.java:247)
	at javafx.base@21.0.1/com.sun.javafx.event.CompositeEventHandler.dispatchBubblingEvent(CompositeEventHandler.java:80)
	at javafx.base@21.0.1/com.sun.javafx.event.EventHandlerManager.dispatchBubblingEvent(EventHandlerManager.java:232)
	at javafx.base@21.0.1/com.sun.javafx.event.EventHandlerManager.dispatchBubblingEvent(EventHandlerManager.java:189)
	at javafx.base@21.0.1/com.sun.javafx.event.CompositeEventDispatcher.dispatchBubblingEvent(CompositeEventDispatcher.java:59)
	at javafx.base@21.0.1/com.sun.javafx.event.BasicEventDispatcher.dispatchEvent(BasicEventDispatcher.java:58)
	at javafx.base@21.0.1/com.sun.javafx.event.EventDispatchChainImpl.dispatchEvent(EventDispatchChainImpl.java:114)
	at javafx.base@21.0.1/com.sun.javafx.event.BasicEventDispatcher.dispatchEvent(BasicEventDispatcher.java:56)
	at javafx.base@21.0.1/com.sun.javafx.event.EventDispatchChainImpl.dispatchEvent(EventDispatchChainImpl.java:114)
	at javafx.base@21.0.1/com.sun.javafx.event.BasicEventDispatcher.dispatchEvent(BasicEventDispatcher.java:56)
	at javafx.base@21.0.1/com.sun.javafx.event.EventDispatchChainImpl.dispatchEvent(EventDispatchChainImpl.java:114)
	at javafx.base@21.0.1/com.sun.javafx.event.BasicEventDispatcher.dispatchEvent(BasicEventDispatcher.java:56)
	at javafx.base@21.0.1/com.sun.javafx.event.EventDispatchChainImpl.dispatchEvent(EventDispatchChainImpl.java:114)
	at javafx.base@21.0.1/com.sun.javafx.event.EventUtil.fireEventImpl(EventUtil.java:74)
	at javafx.base@21.0.1/com.sun.javafx.event.EventUtil.fireEvent(EventUtil.java:54)
	at javafx.base@21.0.1/javafx.event.Event.fireEvent(Event.java:198)
	at javafx.graphics@21.0.1/javafx.scene.Scene$MouseHandler.process(Scene.java:3984)
	at javafx.graphics@21.0.1/javafx.scene.Scene.processMouseEvent(Scene.java:1890)
	at javafx.graphics@21.0.1/javafx.scene.Scene$ScenePeerListener.mouseEvent(Scene.java:2708)
	at javafx.graphics@21.0.1/com.sun.javafx.tk.quantum.GlassViewEventHandler$MouseEventNotification.run(GlassViewEventHandler.java:411)
	at javafx.graphics@21.0.1/com.sun.javafx.tk.quantum.GlassViewEventHandler$MouseEventNotification.run(GlassViewEventHandler.java:301)
	at java.base/java.security.AccessController.doPrivileged(AccessController.java:400)
	at javafx.graphics@21.0.1/com.sun.javafx.tk.quantum.GlassViewEventHandler.lambda$handleMouseEvent$2(GlassViewEventHandler.java:450)
	at javafx.graphics@21.0.1/com.sun.javafx.tk.quantum.QuantumToolkit.runWithoutRenderLock(QuantumToolkit.java:424)
	at javafx.graphics@21.0.1/com.sun.javafx.tk.quantum.GlassViewEventHandler.handleMouseEvent(GlassViewEventHandler.java:449)
	at javafx.graphics@21.0.1/com.sun.glass.ui.View.handleMouseEvent(View.java:551)
	at javafx.graphics@21.0.1/com.sun.glass.ui.View.notifyMouse(View.java:937)
	at javafx.graphics@21.0.1/com.sun.glass.ui.win.WinApplication._runLoop(Native Method)
	at javafx.graphics@21.0.1/com.sun.glass.ui.win.WinApplication.lambda$runLoop$3(WinApplication.java:185)
	at java.base/java.lang.Thread.run(Thread.java:1583)
2025-10-06 21:40:34 [JavaFX Application Thread] ERROR p.c.a.v.asesor.AsesorMainController - Error al cargar registro de cobro
javafx.fxml.LoadException: String is not a valid type.
/C:/Users/USER/OneDrive/Escritorio/proyecto_v4.0/target/classes/fxml/asesor/RegistrarCobroView.fxml:120

	at javafx.fxml@21.0.1/javafx.fxml.FXMLLoader.constructLoadException(FXMLLoader.java:2718)
	at javafx.fxml@21.0.1/javafx.fxml.FXMLLoader.createElement(FXMLLoader.java:2920)
	at javafx.fxml@21.0.1/javafx.fxml.FXMLLoader.processStartElement(FXMLLoader.java:2850)
	at javafx.fxml@21.0.1/javafx.fxml.FXMLLoader.loadImpl(FXMLLoader.java:2649)
	at javafx.fxml@21.0.1/javafx.fxml.FXMLLoader.loadImpl(FXMLLoader.java:2563)
	at javafx.fxml@21.0.1/javafx.fxml.FXMLLoader.load(FXMLLoader.java:2531)
	at pe.crediactiva.app.view.asesor.AsesorMainController.handleRegistrarCobro(AsesorMainController.java:269)
	at java.base/jdk.internal.reflect.DirectMethodHandleAccessor.invoke(DirectMethodHandleAccessor.java:103)
	at java.base/java.lang.reflect.Method.invoke(Method.java:580)
	at com.sun.javafx.reflect.Trampoline.invoke(MethodUtil.java:72)
	at java.base/jdk.internal.reflect.DirectMethodHandleAccessor.invoke(DirectMethodHandleAccessor.java:103)
	at java.base/java.lang.reflect.Method.invoke(Method.java:580)
	at javafx.base@21.0.1/com.sun.javafx.reflect.MethodUtil.invoke(MethodUtil.java:270)
	at javafx.fxml@21.0.1/com.sun.javafx.fxml.MethodHelper.invoke(MethodHelper.java:84)
	at javafx.fxml@21.0.1/javafx.fxml.FXMLLoader$MethodHandler.invoke(FXMLLoader.java:1855)
	at javafx.fxml@21.0.1/javafx.fxml.FXMLLoader$ControllerMethodEventHandler.handle(FXMLLoader.java:1726)
	at javafx.base@21.0.1/com.sun.javafx.event.CompositeEventHandler.dispatchBubblingEvent(CompositeEventHandler.java:86)
	at javafx.base@21.0.1/com.sun.javafx.event.EventHandlerManager.dispatchBubblingEvent(EventHandlerManager.java:232)
	at javafx.base@21.0.1/com.sun.javafx.event.EventHandlerManager.dispatchBubblingEvent(EventHandlerManager.java:189)
	at javafx.base@21.0.1/com.sun.javafx.event.CompositeEventDispatcher.dispatchBubblingEvent(CompositeEventDispatcher.java:59)
	at javafx.base@21.0.1/com.sun.javafx.event.BasicEventDispatcher.dispatchEvent(BasicEventDispatcher.java:58)
	at javafx.base@21.0.1/com.sun.javafx.event.EventDispatchChainImpl.dispatchEvent(EventDispatchChainImpl.java:114)
	at javafx.base@21.0.1/com.sun.javafx.event.BasicEventDispatcher.dispatchEvent(BasicEventDispatcher.java:56)
	at javafx.base@21.0.1/com.sun.javafx.event.EventDispatchChainImpl.dispatchEvent(EventDispatchChainImpl.java:114)
	at javafx.base@21.0.1/com.sun.javafx.event.BasicEventDispatcher.dispatchEvent(BasicEventDispatcher.java:56)
	at javafx.base@21.0.1/com.sun.javafx.event.EventDispatchChainImpl.dispatchEvent(EventDispatchChainImpl.java:114)
	at javafx.base@21.0.1/com.sun.javafx.event.BasicEventDispatcher.dispatchEvent(BasicEventDispatcher.java:56)
	at javafx.base@21.0.1/com.sun.javafx.event.EventDispatchChainImpl.dispatchEvent(EventDispatchChainImpl.java:114)
	at javafx.base@21.0.1/com.sun.javafx.event.EventUtil.fireEventImpl(EventUtil.java:74)
	at javafx.base@21.0.1/com.sun.javafx.event.EventUtil.fireEvent(EventUtil.java:49)
	at javafx.base@21.0.1/javafx.event.Event.fireEvent(Event.java:198)
	at javafx.graphics@21.0.1/javafx.scene.Node.fireEvent(Node.java:8875)
	at javafx.controls@21.0.1/javafx.scene.control.Button.fire(Button.java:203)
	at javafx.controls@21.0.1/com.sun.javafx.scene.control.behavior.ButtonBehavior.mouseReleased(ButtonBehavior.java:207)
	at javafx.controls@21.0.1/com.sun.javafx.scene.control.inputmap.InputMap.handle(InputMap.java:274)
	at javafx.base@21.0.1/com.sun.javafx.event.CompositeEventHandler$NormalEventHandlerRecord.handleBubblingEvent(CompositeEventHandler.java:247)
	at javafx.base@21.0.1/com.sun.javafx.event.CompositeEventHandler.dispatchBubblingEvent(CompositeEventHandler.java:80)
	at javafx.base@21.0.1/com.sun.javafx.event.EventHandlerManager.dispatchBubblingEvent(EventHandlerManager.java:232)
	at javafx.base@21.0.1/com.sun.javafx.event.EventHandlerManager.dispatchBubblingEvent(EventHandlerManager.java:189)
	at javafx.base@21.0.1/com.sun.javafx.event.CompositeEventDispatcher.dispatchBubblingEvent(CompositeEventDispatcher.java:59)
	at javafx.base@21.0.1/com.sun.javafx.event.BasicEventDispatcher.dispatchEvent(BasicEventDispatcher.java:58)
	at javafx.base@21.0.1/com.sun.javafx.event.EventDispatchChainImpl.dispatchEvent(EventDispatchChainImpl.java:114)
	at javafx.base@21.0.1/com.sun.javafx.event.BasicEventDispatcher.dispatchEvent(BasicEventDispatcher.java:56)
	at javafx.base@21.0.1/com.sun.javafx.event.EventDispatchChainImpl.dispatchEvent(EventDispatchChainImpl.java:114)
	at javafx.base@21.0.1/com.sun.javafx.event.BasicEventDispatcher.dispatchEvent(BasicEventDispatcher.java:56)
	at javafx.base@21.0.1/com.sun.javafx.event.EventDispatchChainImpl.dispatchEvent(EventDispatchChainImpl.java:114)
	at javafx.base@21.0.1/com.sun.javafx.event.BasicEventDispatcher.dispatchEvent(BasicEventDispatcher.java:56)
	at javafx.base@21.0.1/com.sun.javafx.event.EventDispatchChainImpl.dispatchEvent(EventDispatchChainImpl.java:114)
	at javafx.base@21.0.1/com.sun.javafx.event.EventUtil.fireEventImpl(EventUtil.java:74)
	at javafx.base@21.0.1/com.sun.javafx.event.EventUtil.fireEvent(EventUtil.java:54)
	at javafx.base@21.0.1/javafx.event.Event.fireEvent(Event.java:198)
	at javafx.graphics@21.0.1/javafx.scene.Scene$MouseHandler.process(Scene.java:3984)
	at javafx.graphics@21.0.1/javafx.scene.Scene.processMouseEvent(Scene.java:1890)
	at javafx.graphics@21.0.1/javafx.scene.Scene$ScenePeerListener.mouseEvent(Scene.java:2708)
	at javafx.graphics@21.0.1/com.sun.javafx.tk.quantum.GlassViewEventHandler$MouseEventNotification.run(GlassViewEventHandler.java:411)
	at javafx.graphics@21.0.1/com.sun.javafx.tk.quantum.GlassViewEventHandler$MouseEventNotification.run(GlassViewEventHandler.java:301)
	at java.base/java.security.AccessController.doPrivileged(AccessController.java:400)
	at javafx.graphics@21.0.1/com.sun.javafx.tk.quantum.GlassViewEventHandler.lambda$handleMouseEvent$2(GlassViewEventHandler.java:450)
	at javafx.graphics@21.0.1/com.sun.javafx.tk.quantum.QuantumToolkit.runWithoutRenderLock(QuantumToolkit.java:424)
	at javafx.graphics@21.0.1/com.sun.javafx.tk.quantum.GlassViewEventHandler.handleMouseEvent(GlassViewEventHandler.java:449)
	at javafx.graphics@21.0.1/com.sun.glass.ui.View.handleMouseEvent(View.java:551)
	at javafx.graphics@21.0.1/com.sun.glass.ui.View.notifyMouse(View.java:937)
	at javafx.graphics@21.0.1/com.sun.glass.ui.win.WinApplication._runLoop(Native Method)
	at javafx.graphics@21.0.1/com.sun.glass.ui.win.WinApplication.lambda$runLoop$3(WinApplication.java:185)
	at java.base/java.lang.Thread.run(Thread.java:1583)
2025-10-06 21:40:40 [JavaFX Application Thread] INFO  p.c.app.config.DatabaseConfig - Pool de conexiones cerrado correctamente
2025-10-06 21:40:40 [JavaFX Application Thread] INFO  pe.crediactiva.app.Main - Aplicación CrediActiva cerrada
