2025-10-07 14:55:21 [main] INFO  pe.crediactiva.app.Main - Iniciando aplicación CrediActiva Desktop v1.0.0
2025-10-07 14:55:21 [JavaFX Application Thread] INFO  pe.crediactiva.app.Main - Icono no encontrado, continuando sin icono
2025-10-07 14:55:21 [JavaFX Application Thread] INFO  p.c.app.config.DatabaseConfig - Propiedades de base de datos cargadas correctamente
2025-10-07 14:55:22 [JavaFX Application Thread] INFO  p.c.app.config.DatabaseConfig - Pool de conexiones HikariCP inicializado correctamente
2025-10-07 14:55:23 [JavaFX Application Thread] INFO  pe.crediactiva.app.Main - Aplicación CrediActiva iniciada correctamente
2025-10-07 14:55:36 [JavaFX Application Thread] INFO  p.c.app.dao.impl.UsuarioDAOImpl - Usuario autenticado exitosamente: 99999999
2025-10-07 14:55:36 [JavaFX Application Thread] INFO  p.c.a.service.AuthenticationService - Usuario autenticado exitosamente: 99999999 - ADMIN
2025-10-07 14:55:36 [JavaFX Application Thread] INFO  p.c.app.view.LoginController - Usuario autenticado exitosamente: 99999999
2025-10-07 14:55:36 [JavaFX Application Thread] INFO  p.c.app.view.LoginController - Usuario redirigido a pantalla principal: ADMIN
2025-10-07 14:55:42 [JavaFX Application Thread] INFO  p.c.a.v.a.BandejaSolicitudesController - Cargadas 2 solicitudes
2025-10-07 14:55:42 [JavaFX Application Thread] INFO  p.c.a.v.a.BandejaSolicitudesController - Bandeja de solicitudes inicializada correctamente
2025-10-07 14:55:44 [JavaFX Application Thread] INFO  p.c.a.v.a.BandejaSolicitudesController - Cargadas 2 solicitudes
2025-10-07 14:55:44 [JavaFX Application Thread] INFO  p.c.a.v.a.BandejaSolicitudesController - Bandeja de solicitudes inicializada correctamente
2025-10-07 14:55:44 [JavaFX Application Thread] INFO  p.c.a.v.a.BandejaSolicitudesController - Cargadas 2 solicitudes
2025-10-07 14:55:44 [JavaFX Application Thread] INFO  p.c.a.v.a.BandejaSolicitudesController - Bandeja de solicitudes inicializada correctamente
2025-10-07 14:55:45 [JavaFX Application Thread] INFO  p.c.a.v.a.BandejaSolicitudesController - Cargadas 2 solicitudes
2025-10-07 14:55:45 [JavaFX Application Thread] INFO  p.c.a.v.a.BandejaSolicitudesController - Bandeja de solicitudes inicializada correctamente
2025-10-07 14:55:49 [JavaFX Application Thread] INFO  p.c.a.v.a.BandejaSolicitudesController - Cargadas 2 solicitudes
2025-10-07 14:55:49 [JavaFX Application Thread] INFO  p.c.a.v.a.BandejaSolicitudesController - Bandeja de solicitudes inicializada correctamente
2025-10-07 14:55:49 [JavaFX Application Thread] INFO  p.c.a.v.a.BandejaSolicitudesController - Cargadas 2 solicitudes
2025-10-07 14:55:49 [JavaFX Application Thread] INFO  p.c.a.v.a.BandejaSolicitudesController - Bandeja de solicitudes inicializada correctamente
2025-10-07 14:57:16 [JavaFX Application Thread] ERROR p.c.a.view.admin.AdminMainController - Error al cargar administración de pagos
javafx.fxml.LoadException: GroupBox is not a valid type.
/C:/Users/USER/OneDrive/Escritorio/proyecto_v4.0/target/classes/fxml/admin/AdministrarPagosView.fxml:79

	at javafx.fxml@21.0.1/javafx.fxml.FXMLLoader.constructLoadException(FXMLLoader.java:2718)
	at javafx.fxml@21.0.1/javafx.fxml.FXMLLoader.createElement(FXMLLoader.java:2920)
	at javafx.fxml@21.0.1/javafx.fxml.FXMLLoader.processStartElement(FXMLLoader.java:2850)
	at javafx.fxml@21.0.1/javafx.fxml.FXMLLoader.loadImpl(FXMLLoader.java:2649)
	at javafx.fxml@21.0.1/javafx.fxml.FXMLLoader.loadImpl(FXMLLoader.java:2563)
	at javafx.fxml@21.0.1/javafx.fxml.FXMLLoader.load(FXMLLoader.java:2531)
	at pe.crediactiva.app.view.admin.AdminMainController.handleAdministrarPagos(AdminMainController.java:154)
	at java.base/jdk.internal.reflect.DirectMethodHandleAccessor.invoke(DirectMethodHandleAccessor.java:103)
	at java.base/java.lang.reflect.Method.invoke(Method.java:580)
	at com.sun.javafx.reflect.Trampoline.invoke(MethodUtil.java:72)
	at java.base/jdk.internal.reflect.DirectMethodHandleAccessor.invoke(DirectMethodHandleAccessor.java:103)
	at java.base/java.lang.reflect.Method.invoke(Method.java:580)
	at javafx.base@21.0.1/com.sun.javafx.reflect.MethodUtil.invoke(MethodUtil.java:270)
	at javafx.fxml@21.0.1/com.sun.javafx.fxml.MethodHelper.invoke(MethodHelper.java:84)
	at javafx.fxml@21.0.1/javafx.fxml.FXMLLoader$MethodHandler.invoke(FXMLLoader.java:1855)
	at javafx.fxml@21.0.1/javafx.fxml.FXMLLoader$ControllerMethodEventHandler.handle(FXMLLoader.java:1726)
	at javafx.base@21.0.1/com.sun.javafx.event.CompositeEventHandler.dispatchBubblingEvent(CompositeEventHandler.java:86)
	at javafx.base@21.0.1/com.sun.javafx.event.EventHandlerManager.dispatchBubblingEvent(EventHandlerManager.java:232)
	at javafx.base@21.0.1/com.sun.javafx.event.EventHandlerManager.dispatchBubblingEvent(EventHandlerManager.java:189)
	at javafx.base@21.0.1/com.sun.javafx.event.CompositeEventDispatcher.dispatchBubblingEvent(CompositeEventDispatcher.java:59)
	at javafx.base@21.0.1/com.sun.javafx.event.BasicEventDispatcher.dispatchEvent(BasicEventDispatcher.java:58)
	at javafx.base@21.0.1/com.sun.javafx.event.EventDispatchChainImpl.dispatchEvent(EventDispatchChainImpl.java:114)
	at javafx.base@21.0.1/com.sun.javafx.event.BasicEventDispatcher.dispatchEvent(BasicEventDispatcher.java:56)
	at javafx.base@21.0.1/com.sun.javafx.event.EventDispatchChainImpl.dispatchEvent(EventDispatchChainImpl.java:114)
	at javafx.base@21.0.1/com.sun.javafx.event.BasicEventDispatcher.dispatchEvent(BasicEventDispatcher.java:56)
	at javafx.base@21.0.1/com.sun.javafx.event.EventDispatchChainImpl.dispatchEvent(EventDispatchChainImpl.java:114)
	at javafx.base@21.0.1/com.sun.javafx.event.BasicEventDispatcher.dispatchEvent(BasicEventDispatcher.java:56)
	at javafx.base@21.0.1/com.sun.javafx.event.EventDispatchChainImpl.dispatchEvent(EventDispatchChainImpl.java:114)
	at javafx.base@21.0.1/com.sun.javafx.event.BasicEventDispatcher.dispatchEvent(BasicEventDispatcher.java:56)
	at javafx.base@21.0.1/com.sun.javafx.event.EventDispatchChainImpl.dispatchEvent(EventDispatchChainImpl.java:114)
	at javafx.base@21.0.1/com.sun.javafx.event.EventUtil.fireEventImpl(EventUtil.java:74)
	at javafx.base@21.0.1/com.sun.javafx.event.EventUtil.fireEvent(EventUtil.java:49)
	at javafx.base@21.0.1/javafx.event.Event.fireEvent(Event.java:198)
	at javafx.graphics@21.0.1/javafx.scene.Node.fireEvent(Node.java:8875)
	at javafx.controls@21.0.1/javafx.scene.control.Button.fire(Button.java:203)
	at javafx.controls@21.0.1/com.sun.javafx.scene.control.behavior.ButtonBehavior.mouseReleased(ButtonBehavior.java:207)
	at javafx.controls@21.0.1/com.sun.javafx.scene.control.inputmap.InputMap.handle(InputMap.java:274)
	at javafx.base@21.0.1/com.sun.javafx.event.CompositeEventHandler$NormalEventHandlerRecord.handleBubblingEvent(CompositeEventHandler.java:247)
	at javafx.base@21.0.1/com.sun.javafx.event.CompositeEventHandler.dispatchBubblingEvent(CompositeEventHandler.java:80)
	at javafx.base@21.0.1/com.sun.javafx.event.EventHandlerManager.dispatchBubblingEvent(EventHandlerManager.java:232)
	at javafx.base@21.0.1/com.sun.javafx.event.EventHandlerManager.dispatchBubblingEvent(EventHandlerManager.java:189)
	at javafx.base@21.0.1/com.sun.javafx.event.CompositeEventDispatcher.dispatchBubblingEvent(CompositeEventDispatcher.java:59)
	at javafx.base@21.0.1/com.sun.javafx.event.BasicEventDispatcher.dispatchEvent(BasicEventDispatcher.java:58)
	at javafx.base@21.0.1/com.sun.javafx.event.EventDispatchChainImpl.dispatchEvent(EventDispatchChainImpl.java:114)
	at javafx.base@21.0.1/com.sun.javafx.event.BasicEventDispatcher.dispatchEvent(BasicEventDispatcher.java:56)
	at javafx.base@21.0.1/com.sun.javafx.event.EventDispatchChainImpl.dispatchEvent(EventDispatchChainImpl.java:114)
	at javafx.base@21.0.1/com.sun.javafx.event.BasicEventDispatcher.dispatchEvent(BasicEventDispatcher.java:56)
	at javafx.base@21.0.1/com.sun.javafx.event.EventDispatchChainImpl.dispatchEvent(EventDispatchChainImpl.java:114)
	at javafx.base@21.0.1/com.sun.javafx.event.BasicEventDispatcher.dispatchEvent(BasicEventDispatcher.java:56)
	at javafx.base@21.0.1/com.sun.javafx.event.EventDispatchChainImpl.dispatchEvent(EventDispatchChainImpl.java:114)
	at javafx.base@21.0.1/com.sun.javafx.event.BasicEventDispatcher.dispatchEvent(BasicEventDispatcher.java:56)
	at javafx.base@21.0.1/com.sun.javafx.event.EventDispatchChainImpl.dispatchEvent(EventDispatchChainImpl.java:114)
	at javafx.base@21.0.1/com.sun.javafx.event.EventUtil.fireEventImpl(EventUtil.java:74)
	at javafx.base@21.0.1/com.sun.javafx.event.EventUtil.fireEvent(EventUtil.java:54)
	at javafx.base@21.0.1/javafx.event.Event.fireEvent(Event.java:198)
	at javafx.graphics@21.0.1/javafx.scene.Scene$MouseHandler.process(Scene.java:3984)
	at javafx.graphics@21.0.1/javafx.scene.Scene.processMouseEvent(Scene.java:1890)
	at javafx.graphics@21.0.1/javafx.scene.Scene$ScenePeerListener.mouseEvent(Scene.java:2708)
	at javafx.graphics@21.0.1/com.sun.javafx.tk.quantum.GlassViewEventHandler$MouseEventNotification.run(GlassViewEventHandler.java:411)
	at javafx.graphics@21.0.1/com.sun.javafx.tk.quantum.GlassViewEventHandler$MouseEventNotification.run(GlassViewEventHandler.java:301)
	at java.base/java.security.AccessController.doPrivileged(AccessController.java:400)
	at javafx.graphics@21.0.1/com.sun.javafx.tk.quantum.GlassViewEventHandler.lambda$handleMouseEvent$2(GlassViewEventHandler.java:450)
	at javafx.graphics@21.0.1/com.sun.javafx.tk.quantum.QuantumToolkit.runWithoutRenderLock(QuantumToolkit.java:424)
	at javafx.graphics@21.0.1/com.sun.javafx.tk.quantum.GlassViewEventHandler.handleMouseEvent(GlassViewEventHandler.java:449)
	at javafx.graphics@21.0.1/com.sun.glass.ui.View.handleMouseEvent(View.java:551)
	at javafx.graphics@21.0.1/com.sun.glass.ui.View.notifyMouse(View.java:937)
	at javafx.graphics@21.0.1/com.sun.glass.ui.win.WinApplication._runLoop(Native Method)
	at javafx.graphics@21.0.1/com.sun.glass.ui.win.WinApplication.lambda$runLoop$3(WinApplication.java:185)
	at java.base/java.lang.Thread.run(Thread.java:1583)
2025-10-07 15:00:22 [JavaFX Application Thread] INFO  p.c.app.config.DatabaseConfig - Pool de conexiones cerrado correctamente
2025-10-07 15:00:22 [JavaFX Application Thread] INFO  pe.crediactiva.app.Main - Aplicación CrediActiva cerrada
2025-10-07 15:00:56 [main] INFO  pe.crediactiva.app.Main - Iniciando aplicación CrediActiva Desktop v1.0.0
2025-10-07 15:00:56 [JavaFX Application Thread] INFO  pe.crediactiva.app.Main - Icono no encontrado, continuando sin icono
2025-10-07 15:00:56 [JavaFX Application Thread] INFO  p.c.app.config.DatabaseConfig - Propiedades de base de datos cargadas correctamente
2025-10-07 15:00:56 [JavaFX Application Thread] INFO  p.c.app.config.DatabaseConfig - Pool de conexiones HikariCP inicializado correctamente
2025-10-07 15:00:56 [JavaFX Application Thread] INFO  pe.crediactiva.app.Main - Aplicación CrediActiva iniciada correctamente
2025-10-07 15:01:07 [JavaFX Application Thread] INFO  p.c.app.dao.impl.UsuarioDAOImpl - Usuario autenticado exitosamente: 99999999
2025-10-07 15:01:07 [JavaFX Application Thread] INFO  p.c.a.service.AuthenticationService - Usuario autenticado exitosamente: 99999999 - ADMIN
2025-10-07 15:01:07 [JavaFX Application Thread] INFO  p.c.app.view.LoginController - Usuario autenticado exitosamente: 99999999
2025-10-07 15:01:08 [JavaFX Application Thread] INFO  p.c.app.view.LoginController - Usuario redirigido a pantalla principal: ADMIN
2025-10-07 15:01:09 [JavaFX Application Thread] INFO  p.c.a.v.a.BandejaSolicitudesController - Cargados 3 asesores en el combo
2025-10-07 15:01:09 [JavaFX Application Thread] INFO  p.c.a.v.a.BandejaSolicitudesController - Cache de nombres cargado: 2 clientes, 3 asesores
2025-10-07 15:01:09 [JavaFX Application Thread] INFO  p.c.a.v.a.BandejaSolicitudesController - Cargadas 2 solicitudes
2025-10-07 15:01:09 [JavaFX Application Thread] INFO  p.c.a.v.a.BandejaSolicitudesController - Bandeja de solicitudes inicializada correctamente
2025-10-07 15:01:15 [JavaFX Application Thread] INFO  p.c.a.v.a.BandejaSolicitudesController - Cargados 3 asesores en el combo
2025-10-07 15:01:15 [JavaFX Application Thread] INFO  p.c.a.v.a.BandejaSolicitudesController - Cache de nombres cargado: 2 clientes, 3 asesores
2025-10-07 15:01:15 [JavaFX Application Thread] INFO  p.c.a.v.a.BandejaSolicitudesController - Cargadas 2 solicitudes
2025-10-07 15:01:15 [JavaFX Application Thread] INFO  p.c.a.v.a.BandejaSolicitudesController - Bandeja de solicitudes inicializada correctamente
2025-10-07 15:01:26 [JavaFX Application Thread] INFO  p.c.a.v.a.BandejaSolicitudesController - Cargados 3 asesores en el combo
2025-10-07 15:01:26 [JavaFX Application Thread] INFO  p.c.a.v.a.BandejaSolicitudesController - Cache de nombres cargado: 2 clientes, 3 asesores
2025-10-07 15:01:26 [JavaFX Application Thread] INFO  p.c.a.v.a.BandejaSolicitudesController - Cargadas 2 solicitudes
2025-10-07 15:01:26 [JavaFX Application Thread] INFO  p.c.a.v.a.BandejaSolicitudesController - Bandeja de solicitudes inicializada correctamente
2025-10-07 15:01:30 [JavaFX Application Thread] INFO  p.c.app.config.DatabaseConfig - Pool de conexiones cerrado correctamente
2025-10-07 15:01:30 [JavaFX Application Thread] INFO  pe.crediactiva.app.Main - Aplicación CrediActiva cerrada
2025-10-07 15:05:36 [main] INFO  pe.crediactiva.app.Main - Iniciando aplicación CrediActiva Desktop v1.0.0
2025-10-07 15:05:36 [JavaFX Application Thread] INFO  pe.crediactiva.app.Main - Icono no encontrado, continuando sin icono
2025-10-07 15:05:36 [JavaFX Application Thread] INFO  p.c.app.config.DatabaseConfig - Propiedades de base de datos cargadas correctamente
2025-10-07 15:05:36 [JavaFX Application Thread] INFO  p.c.app.config.DatabaseConfig - Pool de conexiones HikariCP inicializado correctamente
2025-10-07 15:05:37 [JavaFX Application Thread] INFO  pe.crediactiva.app.Main - Aplicación CrediActiva iniciada correctamente
2025-10-07 15:05:50 [JavaFX Application Thread] INFO  p.c.app.dao.impl.UsuarioDAOImpl - Usuario autenticado exitosamente: 99999999
2025-10-07 15:05:50 [JavaFX Application Thread] INFO  p.c.a.service.AuthenticationService - Usuario autenticado exitosamente: 99999999 - ADMIN
2025-10-07 15:05:50 [JavaFX Application Thread] INFO  p.c.app.view.LoginController - Usuario autenticado exitosamente: 99999999
2025-10-07 15:05:50 [JavaFX Application Thread] INFO  p.c.app.view.LoginController - Usuario redirigido a pantalla principal: ADMIN
2025-10-07 15:05:52 [JavaFX Application Thread] INFO  p.c.a.v.a.BandejaSolicitudesController - Cargados 3 asesores en el combo
2025-10-07 15:05:52 [JavaFX Application Thread] INFO  p.c.a.v.a.BandejaSolicitudesController - Cache de nombres cargado: 2 clientes, 3 asesores
2025-10-07 15:05:52 [JavaFX Application Thread] INFO  p.c.a.v.a.BandejaSolicitudesController - Cargadas 2 solicitudes pendientes
2025-10-07 15:05:52 [JavaFX Application Thread] INFO  p.c.a.v.a.BandejaSolicitudesController - Bandeja de solicitudes inicializada correctamente
2025-10-07 15:05:53 [JavaFX Application Thread] INFO  p.c.a.v.a.BandejaSolicitudesController - Cargados 3 asesores en el combo
2025-10-07 15:05:53 [JavaFX Application Thread] INFO  p.c.a.v.a.BandejaSolicitudesController - Cache de nombres cargado: 2 clientes, 3 asesores
2025-10-07 15:05:53 [JavaFX Application Thread] INFO  p.c.a.v.a.BandejaSolicitudesController - Cargadas 2 solicitudes pendientes
2025-10-07 15:05:53 [JavaFX Application Thread] INFO  p.c.a.v.a.BandejaSolicitudesController - Bandeja de solicitudes inicializada correctamente
2025-10-07 15:05:53 [JavaFX Application Thread] INFO  p.c.a.v.a.BandejaSolicitudesController - Cargados 3 asesores en el combo
2025-10-07 15:05:53 [JavaFX Application Thread] INFO  p.c.a.v.a.BandejaSolicitudesController - Cache de nombres cargado: 2 clientes, 3 asesores
2025-10-07 15:05:53 [JavaFX Application Thread] INFO  p.c.a.v.a.BandejaSolicitudesController - Cargadas 2 solicitudes pendientes
2025-10-07 15:05:53 [JavaFX Application Thread] INFO  p.c.a.v.a.BandejaSolicitudesController - Bandeja de solicitudes inicializada correctamente
2025-10-07 15:05:54 [JavaFX Application Thread] INFO  p.c.a.v.a.BandejaSolicitudesController - Cargados 3 asesores en el combo
2025-10-07 15:05:54 [JavaFX Application Thread] INFO  p.c.a.v.a.BandejaSolicitudesController - Cache de nombres cargado: 2 clientes, 3 asesores
2025-10-07 15:05:54 [JavaFX Application Thread] INFO  p.c.a.v.a.BandejaSolicitudesController - Cargadas 2 solicitudes pendientes
2025-10-07 15:05:54 [JavaFX Application Thread] INFO  p.c.a.v.a.BandejaSolicitudesController - Bandeja de solicitudes inicializada correctamente
2025-10-07 15:05:55 [JavaFX Application Thread] INFO  p.c.a.v.a.BandejaSolicitudesController - Cargados 3 asesores en el combo
2025-10-07 15:05:55 [JavaFX Application Thread] INFO  p.c.a.v.a.BandejaSolicitudesController - Cache de nombres cargado: 2 clientes, 3 asesores
2025-10-07 15:05:55 [JavaFX Application Thread] INFO  p.c.a.v.a.BandejaSolicitudesController - Cargadas 2 solicitudes pendientes
2025-10-07 15:05:55 [JavaFX Application Thread] INFO  p.c.a.v.a.BandejaSolicitudesController - Bandeja de solicitudes inicializada correctamente
2025-10-07 15:05:55 [JavaFX Application Thread] INFO  p.c.a.v.a.BandejaSolicitudesController - Cargados 3 asesores en el combo
2025-10-07 15:05:55 [JavaFX Application Thread] INFO  p.c.a.v.a.BandejaSolicitudesController - Cache de nombres cargado: 2 clientes, 3 asesores
2025-10-07 15:05:55 [JavaFX Application Thread] INFO  p.c.a.v.a.BandejaSolicitudesController - Cargadas 2 solicitudes pendientes
2025-10-07 15:05:55 [JavaFX Application Thread] INFO  p.c.a.v.a.BandejaSolicitudesController - Bandeja de solicitudes inicializada correctamente
2025-10-07 15:05:55 [JavaFX Application Thread] INFO  p.c.a.v.a.BandejaSolicitudesController - Cargados 3 asesores en el combo
2025-10-07 15:05:55 [JavaFX Application Thread] INFO  p.c.a.v.a.BandejaSolicitudesController - Cache de nombres cargado: 2 clientes, 3 asesores
2025-10-07 15:05:55 [JavaFX Application Thread] INFO  p.c.a.v.a.BandejaSolicitudesController - Cargadas 2 solicitudes pendientes
2025-10-07 15:05:55 [JavaFX Application Thread] INFO  p.c.a.v.a.BandejaSolicitudesController - Bandeja de solicitudes inicializada correctamente
2025-10-07 15:05:59 [JavaFX Application Thread] INFO  p.c.a.v.a.BandejaSolicitudesController - Cargados 3 asesores en el combo
2025-10-07 15:05:59 [JavaFX Application Thread] INFO  p.c.a.v.a.BandejaSolicitudesController - Cache de nombres cargado: 2 clientes, 3 asesores
2025-10-07 15:05:59 [JavaFX Application Thread] INFO  p.c.a.v.a.BandejaSolicitudesController - Cargadas 2 solicitudes pendientes
2025-10-07 15:05:59 [JavaFX Application Thread] INFO  p.c.a.v.a.BandejaSolicitudesController - Bandeja de solicitudes inicializada correctamente
2025-10-07 15:05:59 [JavaFX Application Thread] INFO  p.c.a.v.a.BandejaSolicitudesController - Cargados 3 asesores en el combo
2025-10-07 15:05:59 [JavaFX Application Thread] INFO  p.c.a.v.a.BandejaSolicitudesController - Cache de nombres cargado: 2 clientes, 3 asesores
2025-10-07 15:05:59 [JavaFX Application Thread] INFO  p.c.a.v.a.BandejaSolicitudesController - Cargadas 2 solicitudes pendientes
2025-10-07 15:05:59 [JavaFX Application Thread] INFO  p.c.a.v.a.BandejaSolicitudesController - Bandeja de solicitudes inicializada correctamente
2025-10-07 15:06:03 [JavaFX Application Thread] INFO  p.c.a.v.a.BandejaSolicitudesController - Cargados 3 asesores en el combo
2025-10-07 15:06:03 [JavaFX Application Thread] INFO  p.c.a.v.a.BandejaSolicitudesController - Cache de nombres cargado: 2 clientes, 3 asesores
2025-10-07 15:06:03 [JavaFX Application Thread] INFO  p.c.a.v.a.BandejaSolicitudesController - Cargadas 2 solicitudes pendientes
2025-10-07 15:06:03 [JavaFX Application Thread] INFO  p.c.a.v.a.BandejaSolicitudesController - Bandeja de solicitudes inicializada correctamente
2025-10-07 15:08:23 [JavaFX Application Thread] INFO  p.c.app.config.DatabaseConfig - Pool de conexiones cerrado correctamente
2025-10-07 15:08:23 [JavaFX Application Thread] INFO  pe.crediactiva.app.Main - Aplicación CrediActiva cerrada
2025-10-07 15:08:55 [main] INFO  pe.crediactiva.app.Main - Iniciando aplicación CrediActiva Desktop v1.0.0
2025-10-07 15:08:55 [JavaFX Application Thread] INFO  pe.crediactiva.app.Main - Icono no encontrado, continuando sin icono
2025-10-07 15:08:55 [JavaFX Application Thread] INFO  p.c.app.config.DatabaseConfig - Propiedades de base de datos cargadas correctamente
2025-10-07 15:08:55 [JavaFX Application Thread] INFO  p.c.app.config.DatabaseConfig - Pool de conexiones HikariCP inicializado correctamente
2025-10-07 15:08:56 [JavaFX Application Thread] INFO  pe.crediactiva.app.Main - Aplicación CrediActiva iniciada correctamente
2025-10-07 15:09:10 [JavaFX Application Thread] INFO  p.c.app.dao.impl.UsuarioDAOImpl - Usuario autenticado exitosamente: 99999999
2025-10-07 15:09:10 [JavaFX Application Thread] INFO  p.c.a.service.AuthenticationService - Usuario autenticado exitosamente: 99999999 - ADMIN
2025-10-07 15:09:10 [JavaFX Application Thread] INFO  p.c.app.view.LoginController - Usuario autenticado exitosamente: 99999999
2025-10-07 15:09:10 [JavaFX Application Thread] INFO  p.c.app.view.LoginController - Usuario redirigido a pantalla principal: ADMIN
2025-10-07 15:09:12 [JavaFX Application Thread] INFO  p.c.a.v.a.BandejaSolicitudesController - Cargados 3 asesores en el combo
2025-10-07 15:09:12 [JavaFX Application Thread] INFO  p.c.a.v.a.BandejaSolicitudesController - Cache de nombres cargado: 2 clientes, 3 asesores
2025-10-07 15:09:12 [JavaFX Application Thread] INFO  p.c.a.v.a.BandejaSolicitudesController - Cargadas 2 solicitudes pendientes
2025-10-07 15:09:12 [JavaFX Application Thread] INFO  p.c.a.v.a.BandejaSolicitudesController - Bandeja de solicitudes inicializada correctamente
2025-10-07 15:09:12 [JavaFX Application Thread] INFO  p.c.a.view.admin.AdminMainController - Cargada bandeja de solicitudes
2025-10-07 15:13:10 [JavaFX Application Thread] INFO  p.c.app.config.DatabaseConfig - Pool de conexiones cerrado correctamente
2025-10-07 15:13:10 [JavaFX Application Thread] INFO  pe.crediactiva.app.Main - Aplicación CrediActiva cerrada
2025-10-07 15:15:00 [main] INFO  pe.crediactiva.app.Main - Iniciando aplicación CrediActiva Desktop v1.0.0
2025-10-07 15:15:00 [JavaFX Application Thread] INFO  pe.crediactiva.app.Main - Icono no encontrado, continuando sin icono
2025-10-07 15:15:00 [JavaFX Application Thread] INFO  p.c.app.config.DatabaseConfig - Propiedades de base de datos cargadas correctamente
2025-10-07 15:15:00 [JavaFX Application Thread] INFO  p.c.app.config.DatabaseConfig - Pool de conexiones HikariCP inicializado correctamente
2025-10-07 15:15:01 [JavaFX Application Thread] INFO  pe.crediactiva.app.Main - Aplicación CrediActiva iniciada correctamente
2025-10-07 15:15:12 [JavaFX Application Thread] INFO  p.c.app.dao.impl.UsuarioDAOImpl - Usuario autenticado exitosamente: 99999999
2025-10-07 15:15:12 [JavaFX Application Thread] INFO  p.c.a.service.AuthenticationService - Usuario autenticado exitosamente: 99999999 - ADMIN
2025-10-07 15:15:12 [JavaFX Application Thread] INFO  p.c.app.view.LoginController - Usuario autenticado exitosamente: 99999999
2025-10-07 15:15:13 [JavaFX Application Thread] INFO  p.c.app.view.LoginController - Usuario redirigido a pantalla principal: ADMIN
2025-10-07 15:15:14 [JavaFX Application Thread] INFO  p.c.a.v.a.BandejaSolicitudesController - Cargados 3 asesores en el combo
2025-10-07 15:15:14 [JavaFX Application Thread] INFO  p.c.a.v.a.BandejaSolicitudesController - Cache de nombres cargado: 2 clientes, 3 asesores
2025-10-07 15:15:14 [JavaFX Application Thread] INFO  p.c.a.v.a.BandejaSolicitudesController - Cargadas 2 solicitudes pendientes
2025-10-07 15:15:14 [JavaFX Application Thread] INFO  p.c.a.v.a.BandejaSolicitudesController - Cargados 2 clientes con préstamos pendientes
2025-10-07 15:15:14 [JavaFX Application Thread] INFO  p.c.a.v.a.BandejaSolicitudesController - Bandeja de solicitudes inicializada correctamente
2025-10-07 15:15:14 [JavaFX Application Thread] INFO  p.c.a.view.admin.AdminMainController - Cargada bandeja de solicitudes
2025-10-07 15:19:30 [JavaFX Application Thread] INFO  p.c.app.config.DatabaseConfig - Pool de conexiones cerrado correctamente
2025-10-07 15:19:30 [JavaFX Application Thread] INFO  pe.crediactiva.app.Main - Aplicación CrediActiva cerrada
2025-10-07 15:19:37 [main] INFO  pe.crediactiva.app.Main - Iniciando aplicación CrediActiva Desktop v1.0.0
2025-10-07 15:19:37 [JavaFX Application Thread] INFO  pe.crediactiva.app.Main - Icono no encontrado, continuando sin icono
2025-10-07 15:19:37 [JavaFX Application Thread] INFO  p.c.app.config.DatabaseConfig - Propiedades de base de datos cargadas correctamente
2025-10-07 15:19:37 [JavaFX Application Thread] INFO  p.c.app.config.DatabaseConfig - Pool de conexiones HikariCP inicializado correctamente
2025-10-07 15:19:38 [JavaFX Application Thread] INFO  pe.crediactiva.app.Main - Aplicación CrediActiva iniciada correctamente
2025-10-07 15:19:49 [JavaFX Application Thread] INFO  p.c.app.dao.impl.UsuarioDAOImpl - Usuario autenticado exitosamente: 99999999
2025-10-07 15:19:49 [JavaFX Application Thread] INFO  p.c.a.service.AuthenticationService - Usuario autenticado exitosamente: 99999999 - ADMIN
2025-10-07 15:19:49 [JavaFX Application Thread] INFO  p.c.app.view.LoginController - Usuario autenticado exitosamente: 99999999
2025-10-07 15:19:49 [JavaFX Application Thread] INFO  p.c.app.view.LoginController - Usuario redirigido a pantalla principal: ADMIN
2025-10-07 15:19:51 [JavaFX Application Thread] INFO  p.c.a.v.a.BandejaSolicitudesController - Cache de nombres cargado: 2 clientes, 1 asesores
2025-10-07 15:19:51 [JavaFX Application Thread] INFO  p.c.a.v.a.BandejaSolicitudesController - Cargadas 2 solicitudes pendientes
2025-10-07 15:19:51 [JavaFX Application Thread] ERROR p.c.a.v.a.BandejaSolicitudesController - Error al inicializar la bandeja de solicitudes
java.lang.NullPointerException: Cannot invoke "javafx.scene.control.TextField.textProperty()" because "this.txtMontoMin" is null
	at pe.crediactiva.app.view.admin.BandejaSolicitudesController.configurarEventos(BandejaSolicitudesController.java:282)
	at pe.crediactiva.app.view.admin.BandejaSolicitudesController.initialize(BandejaSolicitudesController.java:171)
	at javafx.fxml@21.0.1/javafx.fxml.FXMLLoader.loadImpl(FXMLLoader.java:2670)
	at javafx.fxml@21.0.1/javafx.fxml.FXMLLoader.loadImpl(FXMLLoader.java:2563)
	at javafx.fxml@21.0.1/javafx.fxml.FXMLLoader.load(FXMLLoader.java:2531)
	at pe.crediactiva.app.view.admin.AdminMainController.handleBandejaSolicitudes(AdminMainController.java:112)
	at java.base/jdk.internal.reflect.DirectMethodHandleAccessor.invoke(DirectMethodHandleAccessor.java:103)
	at java.base/java.lang.reflect.Method.invoke(Method.java:580)
	at com.sun.javafx.reflect.Trampoline.invoke(MethodUtil.java:72)
	at java.base/jdk.internal.reflect.DirectMethodHandleAccessor.invoke(DirectMethodHandleAccessor.java:103)
	at java.base/java.lang.reflect.Method.invoke(Method.java:580)
	at javafx.base@21.0.1/com.sun.javafx.reflect.MethodUtil.invoke(MethodUtil.java:270)
	at javafx.fxml@21.0.1/com.sun.javafx.fxml.MethodHelper.invoke(MethodHelper.java:84)
	at javafx.fxml@21.0.1/javafx.fxml.FXMLLoader$MethodHandler.invoke(FXMLLoader.java:1855)
	at javafx.fxml@21.0.1/javafx.fxml.FXMLLoader$ControllerMethodEventHandler.handle(FXMLLoader.java:1726)
	at javafx.base@21.0.1/com.sun.javafx.event.CompositeEventHandler.dispatchBubblingEvent(CompositeEventHandler.java:86)
	at javafx.base@21.0.1/com.sun.javafx.event.EventHandlerManager.dispatchBubblingEvent(EventHandlerManager.java:232)
	at javafx.base@21.0.1/com.sun.javafx.event.EventHandlerManager.dispatchBubblingEvent(EventHandlerManager.java:189)
	at javafx.base@21.0.1/com.sun.javafx.event.CompositeEventDispatcher.dispatchBubblingEvent(CompositeEventDispatcher.java:59)
	at javafx.base@21.0.1/com.sun.javafx.event.BasicEventDispatcher.dispatchEvent(BasicEventDispatcher.java:58)
	at javafx.base@21.0.1/com.sun.javafx.event.EventDispatchChainImpl.dispatchEvent(EventDispatchChainImpl.java:114)
	at javafx.base@21.0.1/com.sun.javafx.event.BasicEventDispatcher.dispatchEvent(BasicEventDispatcher.java:56)
	at javafx.base@21.0.1/com.sun.javafx.event.EventDispatchChainImpl.dispatchEvent(EventDispatchChainImpl.java:114)
	at javafx.base@21.0.1/com.sun.javafx.event.BasicEventDispatcher.dispatchEvent(BasicEventDispatcher.java:56)
	at javafx.base@21.0.1/com.sun.javafx.event.EventDispatchChainImpl.dispatchEvent(EventDispatchChainImpl.java:114)
	at javafx.base@21.0.1/com.sun.javafx.event.BasicEventDispatcher.dispatchEvent(BasicEventDispatcher.java:56)
	at javafx.base@21.0.1/com.sun.javafx.event.EventDispatchChainImpl.dispatchEvent(EventDispatchChainImpl.java:114)
	at javafx.base@21.0.1/com.sun.javafx.event.BasicEventDispatcher.dispatchEvent(BasicEventDispatcher.java:56)
	at javafx.base@21.0.1/com.sun.javafx.event.EventDispatchChainImpl.dispatchEvent(EventDispatchChainImpl.java:114)
	at javafx.base@21.0.1/com.sun.javafx.event.EventUtil.fireEventImpl(EventUtil.java:74)
	at javafx.base@21.0.1/com.sun.javafx.event.EventUtil.fireEvent(EventUtil.java:49)
	at javafx.base@21.0.1/javafx.event.Event.fireEvent(Event.java:198)
	at javafx.graphics@21.0.1/javafx.scene.Node.fireEvent(Node.java:8875)
	at javafx.controls@21.0.1/javafx.scene.control.Button.fire(Button.java:203)
	at javafx.controls@21.0.1/com.sun.javafx.scene.control.behavior.ButtonBehavior.mouseReleased(ButtonBehavior.java:207)
	at javafx.controls@21.0.1/com.sun.javafx.scene.control.inputmap.InputMap.handle(InputMap.java:274)
	at javafx.base@21.0.1/com.sun.javafx.event.CompositeEventHandler$NormalEventHandlerRecord.handleBubblingEvent(CompositeEventHandler.java:247)
	at javafx.base@21.0.1/com.sun.javafx.event.CompositeEventHandler.dispatchBubblingEvent(CompositeEventHandler.java:80)
	at javafx.base@21.0.1/com.sun.javafx.event.EventHandlerManager.dispatchBubblingEvent(EventHandlerManager.java:232)
	at javafx.base@21.0.1/com.sun.javafx.event.EventHandlerManager.dispatchBubblingEvent(EventHandlerManager.java:189)
	at javafx.base@21.0.1/com.sun.javafx.event.CompositeEventDispatcher.dispatchBubblingEvent(CompositeEventDispatcher.java:59)
	at javafx.base@21.0.1/com.sun.javafx.event.BasicEventDispatcher.dispatchEvent(BasicEventDispatcher.java:58)
	at javafx.base@21.0.1/com.sun.javafx.event.EventDispatchChainImpl.dispatchEvent(EventDispatchChainImpl.java:114)
	at javafx.base@21.0.1/com.sun.javafx.event.BasicEventDispatcher.dispatchEvent(BasicEventDispatcher.java:56)
	at javafx.base@21.0.1/com.sun.javafx.event.EventDispatchChainImpl.dispatchEvent(EventDispatchChainImpl.java:114)
	at javafx.base@21.0.1/com.sun.javafx.event.BasicEventDispatcher.dispatchEvent(BasicEventDispatcher.java:56)
	at javafx.base@21.0.1/com.sun.javafx.event.EventDispatchChainImpl.dispatchEvent(EventDispatchChainImpl.java:114)
	at javafx.base@21.0.1/com.sun.javafx.event.BasicEventDispatcher.dispatchEvent(BasicEventDispatcher.java:56)
	at javafx.base@21.0.1/com.sun.javafx.event.EventDispatchChainImpl.dispatchEvent(EventDispatchChainImpl.java:114)
	at javafx.base@21.0.1/com.sun.javafx.event.BasicEventDispatcher.dispatchEvent(BasicEventDispatcher.java:56)
	at javafx.base@21.0.1/com.sun.javafx.event.EventDispatchChainImpl.dispatchEvent(EventDispatchChainImpl.java:114)
	at javafx.base@21.0.1/com.sun.javafx.event.EventUtil.fireEventImpl(EventUtil.java:74)
	at javafx.base@21.0.1/com.sun.javafx.event.EventUtil.fireEvent(EventUtil.java:54)
	at javafx.base@21.0.1/javafx.event.Event.fireEvent(Event.java:198)
	at javafx.graphics@21.0.1/javafx.scene.Scene$MouseHandler.process(Scene.java:3984)
	at javafx.graphics@21.0.1/javafx.scene.Scene.processMouseEvent(Scene.java:1890)
	at javafx.graphics@21.0.1/javafx.scene.Scene$ScenePeerListener.mouseEvent(Scene.java:2708)
	at javafx.graphics@21.0.1/com.sun.javafx.tk.quantum.GlassViewEventHandler$MouseEventNotification.run(GlassViewEventHandler.java:411)
	at javafx.graphics@21.0.1/com.sun.javafx.tk.quantum.GlassViewEventHandler$MouseEventNotification.run(GlassViewEventHandler.java:301)
	at java.base/java.security.AccessController.doPrivileged(AccessController.java:400)
	at javafx.graphics@21.0.1/com.sun.javafx.tk.quantum.GlassViewEventHandler.lambda$handleMouseEvent$2(GlassViewEventHandler.java:450)
	at javafx.graphics@21.0.1/com.sun.javafx.tk.quantum.QuantumToolkit.runWithoutRenderLock(QuantumToolkit.java:424)
	at javafx.graphics@21.0.1/com.sun.javafx.tk.quantum.GlassViewEventHandler.handleMouseEvent(GlassViewEventHandler.java:449)
	at javafx.graphics@21.0.1/com.sun.glass.ui.View.handleMouseEvent(View.java:551)
	at javafx.graphics@21.0.1/com.sun.glass.ui.View.notifyMouse(View.java:937)
	at javafx.graphics@21.0.1/com.sun.glass.ui.win.WinApplication._runLoop(Native Method)
	at javafx.graphics@21.0.1/com.sun.glass.ui.win.WinApplication.lambda$runLoop$3(WinApplication.java:185)
	at java.base/java.lang.Thread.run(Thread.java:1583)
2025-10-07 15:19:52 [JavaFX Application Thread] INFO  p.c.a.view.admin.AdminMainController - Cargada bandeja de solicitudes
2025-10-07 15:20:05 [JavaFX Application Thread] INFO  p.c.app.config.DatabaseConfig - Pool de conexiones cerrado correctamente
2025-10-07 15:20:05 [JavaFX Application Thread] INFO  pe.crediactiva.app.Main - Aplicación CrediActiva cerrada
2025-10-07 15:22:43 [main] INFO  pe.crediactiva.app.Main - Iniciando aplicación CrediActiva Desktop v1.0.0
2025-10-07 15:22:43 [JavaFX Application Thread] INFO  pe.crediactiva.app.Main - Icono no encontrado, continuando sin icono
2025-10-07 15:22:43 [JavaFX Application Thread] INFO  p.c.app.config.DatabaseConfig - Propiedades de base de datos cargadas correctamente
2025-10-07 15:22:44 [JavaFX Application Thread] INFO  p.c.app.config.DatabaseConfig - Pool de conexiones HikariCP inicializado correctamente
2025-10-07 15:22:44 [JavaFX Application Thread] INFO  pe.crediactiva.app.Main - Aplicación CrediActiva iniciada correctamente
2025-10-07 15:22:54 [JavaFX Application Thread] INFO  p.c.app.dao.impl.UsuarioDAOImpl - Usuario autenticado exitosamente: 99999999
2025-10-07 15:22:54 [JavaFX Application Thread] INFO  p.c.a.service.AuthenticationService - Usuario autenticado exitosamente: 99999999 - ADMIN
2025-10-07 15:22:54 [JavaFX Application Thread] INFO  p.c.app.view.LoginController - Usuario autenticado exitosamente: 99999999
2025-10-07 15:22:55 [JavaFX Application Thread] INFO  p.c.app.view.LoginController - Usuario redirigido a pantalla principal: ADMIN
2025-10-07 15:22:56 [JavaFX Application Thread] INFO  p.c.a.v.a.BandejaSolicitudesController - Cache de nombres cargado: 2 clientes, 1 asesores
2025-10-07 15:22:56 [JavaFX Application Thread] INFO  p.c.a.v.a.BandejaSolicitudesController - Cargadas 2 solicitudes pendientes desde la base de datos
2025-10-07 15:22:56 [JavaFX Application Thread] ERROR p.c.a.v.a.BandejaSolicitudesController - Error al inicializar la bandeja de solicitudes
java.lang.NullPointerException: Cannot invoke "javafx.scene.control.TextField.textProperty()" because "this.txtTasaInteres" is null
	at pe.crediactiva.app.view.admin.BandejaSolicitudesController.configurarEventos(BandejaSolicitudesController.java:265)
	at pe.crediactiva.app.view.admin.BandejaSolicitudesController.initialize(BandejaSolicitudesController.java:171)
	at javafx.fxml@21.0.1/javafx.fxml.FXMLLoader.loadImpl(FXMLLoader.java:2670)
	at javafx.fxml@21.0.1/javafx.fxml.FXMLLoader.loadImpl(FXMLLoader.java:2563)
	at javafx.fxml@21.0.1/javafx.fxml.FXMLLoader.load(FXMLLoader.java:2531)
	at pe.crediactiva.app.view.admin.AdminMainController.handleBandejaSolicitudes(AdminMainController.java:112)
	at java.base/jdk.internal.reflect.DirectMethodHandleAccessor.invoke(DirectMethodHandleAccessor.java:103)
	at java.base/java.lang.reflect.Method.invoke(Method.java:580)
	at com.sun.javafx.reflect.Trampoline.invoke(MethodUtil.java:72)
	at java.base/jdk.internal.reflect.DirectMethodHandleAccessor.invoke(DirectMethodHandleAccessor.java:103)
	at java.base/java.lang.reflect.Method.invoke(Method.java:580)
	at javafx.base@21.0.1/com.sun.javafx.reflect.MethodUtil.invoke(MethodUtil.java:270)
	at javafx.fxml@21.0.1/com.sun.javafx.fxml.MethodHelper.invoke(MethodHelper.java:84)
	at javafx.fxml@21.0.1/javafx.fxml.FXMLLoader$MethodHandler.invoke(FXMLLoader.java:1855)
	at javafx.fxml@21.0.1/javafx.fxml.FXMLLoader$ControllerMethodEventHandler.handle(FXMLLoader.java:1726)
	at javafx.base@21.0.1/com.sun.javafx.event.CompositeEventHandler.dispatchBubblingEvent(CompositeEventHandler.java:86)
	at javafx.base@21.0.1/com.sun.javafx.event.EventHandlerManager.dispatchBubblingEvent(EventHandlerManager.java:232)
	at javafx.base@21.0.1/com.sun.javafx.event.EventHandlerManager.dispatchBubblingEvent(EventHandlerManager.java:189)
	at javafx.base@21.0.1/com.sun.javafx.event.CompositeEventDispatcher.dispatchBubblingEvent(CompositeEventDispatcher.java:59)
	at javafx.base@21.0.1/com.sun.javafx.event.BasicEventDispatcher.dispatchEvent(BasicEventDispatcher.java:58)
	at javafx.base@21.0.1/com.sun.javafx.event.EventDispatchChainImpl.dispatchEvent(EventDispatchChainImpl.java:114)
	at javafx.base@21.0.1/com.sun.javafx.event.BasicEventDispatcher.dispatchEvent(BasicEventDispatcher.java:56)
	at javafx.base@21.0.1/com.sun.javafx.event.EventDispatchChainImpl.dispatchEvent(EventDispatchChainImpl.java:114)
	at javafx.base@21.0.1/com.sun.javafx.event.BasicEventDispatcher.dispatchEvent(BasicEventDispatcher.java:56)
	at javafx.base@21.0.1/com.sun.javafx.event.EventDispatchChainImpl.dispatchEvent(EventDispatchChainImpl.java:114)
	at javafx.base@21.0.1/com.sun.javafx.event.BasicEventDispatcher.dispatchEvent(BasicEventDispatcher.java:56)
	at javafx.base@21.0.1/com.sun.javafx.event.EventDispatchChainImpl.dispatchEvent(EventDispatchChainImpl.java:114)
	at javafx.base@21.0.1/com.sun.javafx.event.BasicEventDispatcher.dispatchEvent(BasicEventDispatcher.java:56)
	at javafx.base@21.0.1/com.sun.javafx.event.EventDispatchChainImpl.dispatchEvent(EventDispatchChainImpl.java:114)
	at javafx.base@21.0.1/com.sun.javafx.event.EventUtil.fireEventImpl(EventUtil.java:74)
	at javafx.base@21.0.1/com.sun.javafx.event.EventUtil.fireEvent(EventUtil.java:49)
	at javafx.base@21.0.1/javafx.event.Event.fireEvent(Event.java:198)
	at javafx.graphics@21.0.1/javafx.scene.Node.fireEvent(Node.java:8875)
	at javafx.controls@21.0.1/javafx.scene.control.Button.fire(Button.java:203)
	at javafx.controls@21.0.1/com.sun.javafx.scene.control.behavior.ButtonBehavior.mouseReleased(ButtonBehavior.java:207)
	at javafx.controls@21.0.1/com.sun.javafx.scene.control.inputmap.InputMap.handle(InputMap.java:274)
	at javafx.base@21.0.1/com.sun.javafx.event.CompositeEventHandler$NormalEventHandlerRecord.handleBubblingEvent(CompositeEventHandler.java:247)
	at javafx.base@21.0.1/com.sun.javafx.event.CompositeEventHandler.dispatchBubblingEvent(CompositeEventHandler.java:80)
	at javafx.base@21.0.1/com.sun.javafx.event.EventHandlerManager.dispatchBubblingEvent(EventHandlerManager.java:232)
	at javafx.base@21.0.1/com.sun.javafx.event.EventHandlerManager.dispatchBubblingEvent(EventHandlerManager.java:189)
	at javafx.base@21.0.1/com.sun.javafx.event.CompositeEventDispatcher.dispatchBubblingEvent(CompositeEventDispatcher.java:59)
	at javafx.base@21.0.1/com.sun.javafx.event.BasicEventDispatcher.dispatchEvent(BasicEventDispatcher.java:58)
	at javafx.base@21.0.1/com.sun.javafx.event.EventDispatchChainImpl.dispatchEvent(EventDispatchChainImpl.java:114)
	at javafx.base@21.0.1/com.sun.javafx.event.BasicEventDispatcher.dispatchEvent(BasicEventDispatcher.java:56)
	at javafx.base@21.0.1/com.sun.javafx.event.EventDispatchChainImpl.dispatchEvent(EventDispatchChainImpl.java:114)
	at javafx.base@21.0.1/com.sun.javafx.event.BasicEventDispatcher.dispatchEvent(BasicEventDispatcher.java:56)
	at javafx.base@21.0.1/com.sun.javafx.event.EventDispatchChainImpl.dispatchEvent(EventDispatchChainImpl.java:114)
	at javafx.base@21.0.1/com.sun.javafx.event.BasicEventDispatcher.dispatchEvent(BasicEventDispatcher.java:56)
	at javafx.base@21.0.1/com.sun.javafx.event.EventDispatchChainImpl.dispatchEvent(EventDispatchChainImpl.java:114)
	at javafx.base@21.0.1/com.sun.javafx.event.BasicEventDispatcher.dispatchEvent(BasicEventDispatcher.java:56)
	at javafx.base@21.0.1/com.sun.javafx.event.EventDispatchChainImpl.dispatchEvent(EventDispatchChainImpl.java:114)
	at javafx.base@21.0.1/com.sun.javafx.event.EventUtil.fireEventImpl(EventUtil.java:74)
	at javafx.base@21.0.1/com.sun.javafx.event.EventUtil.fireEvent(EventUtil.java:54)
	at javafx.base@21.0.1/javafx.event.Event.fireEvent(Event.java:198)
	at javafx.graphics@21.0.1/javafx.scene.Scene$MouseHandler.process(Scene.java:3984)
	at javafx.graphics@21.0.1/javafx.scene.Scene.processMouseEvent(Scene.java:1890)
	at javafx.graphics@21.0.1/javafx.scene.Scene$ScenePeerListener.mouseEvent(Scene.java:2708)
	at javafx.graphics@21.0.1/com.sun.javafx.tk.quantum.GlassViewEventHandler$MouseEventNotification.run(GlassViewEventHandler.java:411)
	at javafx.graphics@21.0.1/com.sun.javafx.tk.quantum.GlassViewEventHandler$MouseEventNotification.run(GlassViewEventHandler.java:301)
	at java.base/java.security.AccessController.doPrivileged(AccessController.java:400)
	at javafx.graphics@21.0.1/com.sun.javafx.tk.quantum.GlassViewEventHandler.lambda$handleMouseEvent$2(GlassViewEventHandler.java:450)
	at javafx.graphics@21.0.1/com.sun.javafx.tk.quantum.QuantumToolkit.runWithoutRenderLock(QuantumToolkit.java:424)
	at javafx.graphics@21.0.1/com.sun.javafx.tk.quantum.GlassViewEventHandler.handleMouseEvent(GlassViewEventHandler.java:449)
	at javafx.graphics@21.0.1/com.sun.glass.ui.View.handleMouseEvent(View.java:551)
	at javafx.graphics@21.0.1/com.sun.glass.ui.View.notifyMouse(View.java:937)
	at javafx.graphics@21.0.1/com.sun.glass.ui.win.WinApplication._runLoop(Native Method)
	at javafx.graphics@21.0.1/com.sun.glass.ui.win.WinApplication.lambda$runLoop$3(WinApplication.java:185)
	at java.base/java.lang.Thread.run(Thread.java:1583)
2025-10-07 15:22:59 [JavaFX Application Thread] INFO  p.c.a.view.admin.AdminMainController - Cargada bandeja de solicitudes
2025-10-07 15:25:36 [JavaFX Application Thread] INFO  p.c.a.v.a.BandejaSolicitudesController - Cache de nombres cargado: 2 clientes, 1 asesores
2025-10-07 15:25:36 [JavaFX Application Thread] INFO  p.c.a.v.a.BandejaSolicitudesController - Cargadas 2 solicitudes pendientes desde la base de datos
2025-10-07 15:25:36 [JavaFX Application Thread] ERROR p.c.a.v.a.BandejaSolicitudesController - Error al inicializar la bandeja de solicitudes
java.lang.NullPointerException: Cannot invoke "javafx.scene.control.TextField.textProperty()" because "this.txtTasaInteres" is null
	at pe.crediactiva.app.view.admin.BandejaSolicitudesController.configurarEventos(BandejaSolicitudesController.java:265)
	at pe.crediactiva.app.view.admin.BandejaSolicitudesController.initialize(BandejaSolicitudesController.java:171)
	at javafx.fxml@21.0.1/javafx.fxml.FXMLLoader.loadImpl(FXMLLoader.java:2670)
	at javafx.fxml@21.0.1/javafx.fxml.FXMLLoader.loadImpl(FXMLLoader.java:2563)
	at javafx.fxml@21.0.1/javafx.fxml.FXMLLoader.load(FXMLLoader.java:2531)
	at pe.crediactiva.app.view.admin.AdminMainController.handleBandejaSolicitudes(AdminMainController.java:112)
	at java.base/jdk.internal.reflect.DirectMethodHandleAccessor.invoke(DirectMethodHandleAccessor.java:103)
	at java.base/java.lang.reflect.Method.invoke(Method.java:580)
	at com.sun.javafx.reflect.Trampoline.invoke(MethodUtil.java:72)
	at java.base/jdk.internal.reflect.DirectMethodHandleAccessor.invoke(DirectMethodHandleAccessor.java:103)
	at java.base/java.lang.reflect.Method.invoke(Method.java:580)
	at javafx.base@21.0.1/com.sun.javafx.reflect.MethodUtil.invoke(MethodUtil.java:270)
	at javafx.fxml@21.0.1/com.sun.javafx.fxml.MethodHelper.invoke(MethodHelper.java:84)
	at javafx.fxml@21.0.1/javafx.fxml.FXMLLoader$MethodHandler.invoke(FXMLLoader.java:1855)
	at javafx.fxml@21.0.1/javafx.fxml.FXMLLoader$ControllerMethodEventHandler.handle(FXMLLoader.java:1726)
	at javafx.base@21.0.1/com.sun.javafx.event.CompositeEventHandler.dispatchBubblingEvent(CompositeEventHandler.java:86)
	at javafx.base@21.0.1/com.sun.javafx.event.EventHandlerManager.dispatchBubblingEvent(EventHandlerManager.java:232)
	at javafx.base@21.0.1/com.sun.javafx.event.EventHandlerManager.dispatchBubblingEvent(EventHandlerManager.java:189)
	at javafx.base@21.0.1/com.sun.javafx.event.BasicEventDispatcher.dispatchEvent(BasicEventDispatcher.java:58)
	at javafx.base@21.0.1/com.sun.javafx.event.EventDispatchChainImpl.dispatchEvent(EventDispatchChainImpl.java:114)
	at javafx.base@21.0.1/com.sun.javafx.event.EventUtil.fireEventImpl(EventUtil.java:74)
	at javafx.base@21.0.1/com.sun.javafx.event.EventUtil.fireEvent(EventUtil.java:49)
	at javafx.base@21.0.1/javafx.event.Event.fireEvent(Event.java:198)
	at javafx.controls@21.0.1/javafx.scene.control.MenuItem.fire(MenuItem.java:459)
	at javafx.controls@21.0.1/com.sun.javafx.scene.control.ContextMenuContent$MenuItemContainer.doSelect(ContextMenuContent.java:1415)
	at javafx.controls@21.0.1/com.sun.javafx.scene.control.ContextMenuContent$MenuItemContainer.lambda$createChildren$12(ContextMenuContent.java:1368)
	at javafx.base@21.0.1/com.sun.javafx.event.CompositeEventHandler$NormalEventHandlerRecord.handleBubblingEvent(CompositeEventHandler.java:247)
	at javafx.base@21.0.1/com.sun.javafx.event.CompositeEventHandler.dispatchBubblingEvent(CompositeEventHandler.java:80)
	at javafx.base@21.0.1/com.sun.javafx.event.EventHandlerManager.dispatchBubblingEvent(EventHandlerManager.java:232)
	at javafx.base@21.0.1/com.sun.javafx.event.EventHandlerManager.dispatchBubblingEvent(EventHandlerManager.java:189)
	at javafx.base@21.0.1/com.sun.javafx.event.CompositeEventDispatcher.dispatchBubblingEvent(CompositeEventDispatcher.java:59)
	at javafx.base@21.0.1/com.sun.javafx.event.BasicEventDispatcher.dispatchEvent(BasicEventDispatcher.java:58)
	at javafx.base@21.0.1/com.sun.javafx.event.EventDispatchChainImpl.dispatchEvent(EventDispatchChainImpl.java:114)
	at javafx.base@21.0.1/com.sun.javafx.event.BasicEventDispatcher.dispatchEvent(BasicEventDispatcher.java:56)
	at javafx.base@21.0.1/com.sun.javafx.event.EventDispatchChainImpl.dispatchEvent(EventDispatchChainImpl.java:114)
	at javafx.base@21.0.1/com.sun.javafx.event.BasicEventDispatcher.dispatchEvent(BasicEventDispatcher.java:56)
	at javafx.base@21.0.1/com.sun.javafx.event.EventDispatchChainImpl.dispatchEvent(EventDispatchChainImpl.java:114)
	at javafx.base@21.0.1/com.sun.javafx.event.BasicEventDispatcher.dispatchEvent(BasicEventDispatcher.java:56)
	at javafx.base@21.0.1/com.sun.javafx.event.EventDispatchChainImpl.dispatchEvent(EventDispatchChainImpl.java:114)
	at javafx.base@21.0.1/com.sun.javafx.event.EventUtil.fireEventImpl(EventUtil.java:74)
	at javafx.base@21.0.1/com.sun.javafx.event.EventUtil.fireEvent(EventUtil.java:54)
	at javafx.base@21.0.1/javafx.event.Event.fireEvent(Event.java:198)
	at javafx.graphics@21.0.1/javafx.scene.Scene$MouseHandler.process(Scene.java:3984)
	at javafx.graphics@21.0.1/javafx.scene.Scene.processMouseEvent(Scene.java:1890)
	at javafx.graphics@21.0.1/javafx.scene.Scene$ScenePeerListener.mouseEvent(Scene.java:2708)
	at javafx.graphics@21.0.1/com.sun.javafx.tk.quantum.GlassViewEventHandler$MouseEventNotification.run(GlassViewEventHandler.java:411)
	at javafx.graphics@21.0.1/com.sun.javafx.tk.quantum.GlassViewEventHandler$MouseEventNotification.run(GlassViewEventHandler.java:301)
	at java.base/java.security.AccessController.doPrivileged(AccessController.java:400)
	at javafx.graphics@21.0.1/com.sun.javafx.tk.quantum.GlassViewEventHandler.lambda$handleMouseEvent$2(GlassViewEventHandler.java:450)
	at javafx.graphics@21.0.1/com.sun.javafx.tk.quantum.QuantumToolkit.runWithoutRenderLock(QuantumToolkit.java:424)
	at javafx.graphics@21.0.1/com.sun.javafx.tk.quantum.GlassViewEventHandler.handleMouseEvent(GlassViewEventHandler.java:449)
	at javafx.graphics@21.0.1/com.sun.glass.ui.View.handleMouseEvent(View.java:551)
	at javafx.graphics@21.0.1/com.sun.glass.ui.View.notifyMouse(View.java:937)
	at javafx.graphics@21.0.1/com.sun.glass.ui.win.WinApplication._runLoop(Native Method)
	at javafx.graphics@21.0.1/com.sun.glass.ui.win.WinApplication.lambda$runLoop$3(WinApplication.java:185)
	at java.base/java.lang.Thread.run(Thread.java:1583)
2025-10-07 15:25:37 [JavaFX Application Thread] INFO  p.c.a.view.admin.AdminMainController - Cargada bandeja de solicitudes
2025-10-07 15:25:38 [JavaFX Application Thread] INFO  p.c.app.config.DatabaseConfig - Pool de conexiones cerrado correctamente
2025-10-07 15:25:38 [JavaFX Application Thread] INFO  pe.crediactiva.app.Main - Aplicación CrediActiva cerrada
2025-10-07 15:25:52 [main] INFO  pe.crediactiva.app.Main - Iniciando aplicación CrediActiva Desktop v1.0.0
2025-10-07 15:25:52 [JavaFX Application Thread] INFO  pe.crediactiva.app.Main - Icono no encontrado, continuando sin icono
2025-10-07 15:25:52 [JavaFX Application Thread] INFO  p.c.app.config.DatabaseConfig - Propiedades de base de datos cargadas correctamente
2025-10-07 15:25:52 [JavaFX Application Thread] INFO  p.c.app.config.DatabaseConfig - Pool de conexiones HikariCP inicializado correctamente
2025-10-07 15:25:53 [JavaFX Application Thread] INFO  pe.crediactiva.app.Main - Aplicación CrediActiva iniciada correctamente
2025-10-07 15:26:02 [JavaFX Application Thread] INFO  p.c.app.dao.impl.UsuarioDAOImpl - Usuario autenticado exitosamente: 99999999
2025-10-07 15:26:02 [JavaFX Application Thread] INFO  p.c.a.service.AuthenticationService - Usuario autenticado exitosamente: 99999999 - ADMIN
2025-10-07 15:26:02 [JavaFX Application Thread] INFO  p.c.app.view.LoginController - Usuario autenticado exitosamente: 99999999
2025-10-07 15:26:03 [JavaFX Application Thread] INFO  p.c.app.view.LoginController - Usuario redirigido a pantalla principal: ADMIN
2025-10-07 15:26:04 [JavaFX Application Thread] INFO  p.c.a.v.a.BandejaSolicitudesController - Cache de nombres cargado: 2 clientes, 1 asesores
2025-10-07 15:26:04 [JavaFX Application Thread] INFO  p.c.a.v.a.BandejaSolicitudesController - Cargadas 2 solicitudes pendientes desde la base de datos
2025-10-07 15:26:04 [JavaFX Application Thread] INFO  p.c.a.v.a.BandejaSolicitudesController - Bandeja de solicitudes inicializada correctamente
2025-10-07 15:26:04 [JavaFX Application Thread] INFO  p.c.a.view.admin.AdminMainController - Cargada bandeja de solicitudes
2025-10-07 15:33:36 [JavaFX Application Thread] INFO  p.c.a.service.AuthenticationService - Usuario cerró sesión: 99999999
2025-10-07 15:33:36 [JavaFX Application Thread] INFO  p.c.a.view.admin.AdminMainController - Usuario cerró sesión
2025-10-07 15:33:38 [JavaFX Application Thread] INFO  p.c.app.config.DatabaseConfig - Pool de conexiones cerrado correctamente
2025-10-07 15:33:38 [JavaFX Application Thread] INFO  pe.crediactiva.app.Main - Aplicación CrediActiva cerrada
2025-10-07 15:33:47 [main] INFO  pe.crediactiva.app.Main - Iniciando aplicación CrediActiva Desktop v1.0.0
2025-10-07 15:33:47 [JavaFX Application Thread] INFO  pe.crediactiva.app.Main - Icono no encontrado, continuando sin icono
2025-10-07 15:33:47 [JavaFX Application Thread] INFO  p.c.app.config.DatabaseConfig - Propiedades de base de datos cargadas correctamente
2025-10-07 15:33:47 [JavaFX Application Thread] INFO  p.c.app.config.DatabaseConfig - Pool de conexiones HikariCP inicializado correctamente
2025-10-07 15:33:48 [JavaFX Application Thread] INFO  pe.crediactiva.app.Main - Aplicación CrediActiva iniciada correctamente
2025-10-07 15:33:58 [JavaFX Application Thread] INFO  p.c.app.dao.impl.UsuarioDAOImpl - Usuario autenticado exitosamente: 99999999
2025-10-07 15:33:58 [JavaFX Application Thread] INFO  p.c.a.service.AuthenticationService - Usuario autenticado exitosamente: 99999999 - ADMIN
2025-10-07 15:33:58 [JavaFX Application Thread] INFO  p.c.app.view.LoginController - Usuario autenticado exitosamente: 99999999
2025-10-07 15:33:59 [JavaFX Application Thread] INFO  p.c.app.view.LoginController - Usuario redirigido a pantalla principal: ADMIN
2025-10-07 15:34:00 [JavaFX Application Thread] INFO  p.c.a.v.a.BandejaSolicitudesController - Cache de nombres cargado: 2 clientes, 1 asesores
2025-10-07 15:34:00 [JavaFX Application Thread] INFO  p.c.a.v.a.BandejaSolicitudesController - Cargadas 2 solicitudes pendientes desde la base de datos
2025-10-07 15:34:00 [JavaFX Application Thread] INFO  p.c.a.v.a.BandejaSolicitudesController - Bandeja de solicitudes inicializada correctamente
2025-10-07 15:34:00 [JavaFX Application Thread] INFO  p.c.a.view.admin.AdminMainController - Cargada bandeja de solicitudes
2025-10-07 15:34:03 [JavaFX Application Thread] ERROR p.c.a.v.a.BandejaSolicitudesController - Error al abrir ventana de detalles
javafx.fxml.LoadException: 
/C:/Users/USER/OneDrive/Escritorio/proyecto_v4.0/target/classes/fxml/admin/DetallePrestamoView.fxml:10

	at javafx.fxml@21.0.1/javafx.fxml.FXMLLoader.constructLoadException(FXMLLoader.java:2722)
	at javafx.fxml@21.0.1/javafx.fxml.FXMLLoader$ValueElement.processAttribute(FXMLLoader.java:946)
	at javafx.fxml@21.0.1/javafx.fxml.FXMLLoader$InstanceDeclarationElement.processAttribute(FXMLLoader.java:983)
	at javafx.fxml@21.0.1/javafx.fxml.FXMLLoader$Element.processStartElement(FXMLLoader.java:230)
	at javafx.fxml@21.0.1/javafx.fxml.FXMLLoader$ValueElement.processStartElement(FXMLLoader.java:757)
	at javafx.fxml@21.0.1/javafx.fxml.FXMLLoader.processStartElement(FXMLLoader.java:2853)
	at javafx.fxml@21.0.1/javafx.fxml.FXMLLoader.loadImpl(FXMLLoader.java:2649)
	at javafx.fxml@21.0.1/javafx.fxml.FXMLLoader.loadImpl(FXMLLoader.java:2563)
	at javafx.fxml@21.0.1/javafx.fxml.FXMLLoader.load(FXMLLoader.java:2531)
	at pe.crediactiva.app.view.admin.BandejaSolicitudesController.abrirVentanaDetalles(BandejaSolicitudesController.java:266)
	at pe.crediactiva.app.view.admin.BandejaSolicitudesController.lambda$5(BandejaSolicitudesController.java:153)
	at javafx.base@21.0.1/com.sun.javafx.binding.ExpressionHelper$SingleChange.fireValueChangedEvent(ExpressionHelper.java:192)
	at javafx.base@21.0.1/com.sun.javafx.binding.ExpressionHelper.fireValueChangedEvent(ExpressionHelper.java:91)
	at javafx.base@21.0.1/javafx.beans.property.ReadOnlyObjectPropertyBase.fireValueChangedEvent(ReadOnlyObjectPropertyBase.java:80)
	at javafx.base@21.0.1/javafx.beans.property.ReadOnlyObjectWrapper.fireValueChangedEvent(ReadOnlyObjectWrapper.java:102)
	at javafx.base@21.0.1/javafx.beans.property.ObjectPropertyBase.markInvalid(ObjectPropertyBase.java:113)
	at javafx.base@21.0.1/javafx.beans.property.ObjectPropertyBase.set(ObjectPropertyBase.java:147)
	at javafx.controls@21.0.1/javafx.scene.control.SelectionModel.setSelectedItem(SelectionModel.java:105)
	at javafx.controls@21.0.1/javafx.scene.control.MultipleSelectionModelBase.lambda$new$0(MultipleSelectionModelBase.java:67)
	at javafx.base@21.0.1/com.sun.javafx.binding.ExpressionHelper$SingleInvalidation.fireValueChangedEvent(ExpressionHelper.java:147)
	at javafx.base@21.0.1/com.sun.javafx.binding.ExpressionHelper.fireValueChangedEvent(ExpressionHelper.java:91)
	at javafx.base@21.0.1/javafx.beans.property.ReadOnlyIntegerPropertyBase.fireValueChangedEvent(ReadOnlyIntegerPropertyBase.java:78)
	at javafx.base@21.0.1/javafx.beans.property.ReadOnlyIntegerWrapper.fireValueChangedEvent(ReadOnlyIntegerWrapper.java:102)
	at javafx.base@21.0.1/javafx.beans.property.IntegerPropertyBase.markInvalid(IntegerPropertyBase.java:114)
	at javafx.base@21.0.1/javafx.beans.property.IntegerPropertyBase.set(IntegerPropertyBase.java:148)
	at javafx.controls@21.0.1/javafx.scene.control.SelectionModel.setSelectedIndex(SelectionModel.java:69)
	at javafx.controls@21.0.1/javafx.scene.control.TableView$TableViewArrayListSelectionModel.updateSelectedIndex(TableView.java:3162)
	at javafx.controls@21.0.1/javafx.scene.control.TableView$TableViewArrayListSelectionModel.select(TableView.java:2669)
	at javafx.controls@21.0.1/javafx.scene.control.TableView$TableViewArrayListSelectionModel.clearAndSelect(TableView.java:2598)
	at javafx.controls@21.0.1/javafx.scene.control.TableView$TableViewSelectionModel.clearAndSelect(TableView.java:2127)
	at javafx.controls@21.0.1/com.sun.javafx.scene.control.behavior.TableCellBehaviorBase.simpleSelect(TableCellBehaviorBase.java:222)
	at javafx.controls@21.0.1/com.sun.javafx.scene.control.behavior.TableCellBehaviorBase.doSelect(TableCellBehaviorBase.java:149)
	at javafx.controls@21.0.1/com.sun.javafx.scene.control.behavior.CellBehaviorBase.mousePressed(CellBehaviorBase.java:176)
	at javafx.controls@21.0.1/com.sun.javafx.scene.control.inputmap.InputMap.handle(InputMap.java:274)
	at javafx.base@21.0.1/com.sun.javafx.event.CompositeEventHandler$NormalEventHandlerRecord.handleBubblingEvent(CompositeEventHandler.java:247)
	at javafx.base@21.0.1/com.sun.javafx.event.CompositeEventHandler.dispatchBubblingEvent(CompositeEventHandler.java:80)
	at javafx.base@21.0.1/com.sun.javafx.event.EventHandlerManager.dispatchBubblingEvent(EventHandlerManager.java:232)
	at javafx.base@21.0.1/com.sun.javafx.event.EventHandlerManager.dispatchBubblingEvent(EventHandlerManager.java:189)
	at javafx.base@21.0.1/com.sun.javafx.event.CompositeEventDispatcher.dispatchBubblingEvent(CompositeEventDispatcher.java:59)
	at javafx.base@21.0.1/com.sun.javafx.event.BasicEventDispatcher.dispatchEvent(BasicEventDispatcher.java:58)
	at javafx.base@21.0.1/com.sun.javafx.event.EventDispatchChainImpl.dispatchEvent(EventDispatchChainImpl.java:114)
	at javafx.base@21.0.1/com.sun.javafx.event.BasicEventDispatcher.dispatchEvent(BasicEventDispatcher.java:56)
	at javafx.base@21.0.1/com.sun.javafx.event.EventDispatchChainImpl.dispatchEvent(EventDispatchChainImpl.java:114)
	at javafx.base@21.0.1/com.sun.javafx.event.BasicEventDispatcher.dispatchEvent(BasicEventDispatcher.java:56)
	at javafx.base@21.0.1/com.sun.javafx.event.EventDispatchChainImpl.dispatchEvent(EventDispatchChainImpl.java:114)
	at javafx.base@21.0.1/com.sun.javafx.event.BasicEventDispatcher.dispatchEvent(BasicEventDispatcher.java:56)
	at javafx.base@21.0.1/com.sun.javafx.event.EventDispatchChainImpl.dispatchEvent(EventDispatchChainImpl.java:114)
	at javafx.base@21.0.1/com.sun.javafx.event.BasicEventDispatcher.dispatchEvent(BasicEventDispatcher.java:56)
	at javafx.base@21.0.1/com.sun.javafx.event.EventDispatchChainImpl.dispatchEvent(EventDispatchChainImpl.java:114)
	at javafx.base@21.0.1/com.sun.javafx.event.BasicEventDispatcher.dispatchEvent(BasicEventDispatcher.java:56)
	at javafx.base@21.0.1/com.sun.javafx.event.EventDispatchChainImpl.dispatchEvent(EventDispatchChainImpl.java:114)
	at javafx.base@21.0.1/com.sun.javafx.event.BasicEventDispatcher.dispatchEvent(BasicEventDispatcher.java:56)
	at javafx.base@21.0.1/com.sun.javafx.event.EventDispatchChainImpl.dispatchEvent(EventDispatchChainImpl.java:114)
	at javafx.base@21.0.1/com.sun.javafx.event.BasicEventDispatcher.dispatchEvent(BasicEventDispatcher.java:56)
	at javafx.base@21.0.1/com.sun.javafx.event.EventDispatchChainImpl.dispatchEvent(EventDispatchChainImpl.java:114)
	at javafx.base@21.0.1/com.sun.javafx.event.EventUtil.fireEventImpl(EventUtil.java:74)
	at javafx.base@21.0.1/com.sun.javafx.event.EventUtil.fireEvent(EventUtil.java:54)
	at javafx.base@21.0.1/javafx.event.Event.fireEvent(Event.java:198)
	at javafx.graphics@21.0.1/javafx.scene.Scene$MouseHandler.process(Scene.java:3984)
	at javafx.graphics@21.0.1/javafx.scene.Scene.processMouseEvent(Scene.java:1890)
	at javafx.graphics@21.0.1/javafx.scene.Scene$ScenePeerListener.mouseEvent(Scene.java:2708)
	at javafx.graphics@21.0.1/com.sun.javafx.tk.quantum.GlassViewEventHandler$MouseEventNotification.run(GlassViewEventHandler.java:411)
	at javafx.graphics@21.0.1/com.sun.javafx.tk.quantum.GlassViewEventHandler$MouseEventNotification.run(GlassViewEventHandler.java:301)
	at java.base/java.security.AccessController.doPrivileged(AccessController.java:400)
	at javafx.graphics@21.0.1/com.sun.javafx.tk.quantum.GlassViewEventHandler.lambda$handleMouseEvent$2(GlassViewEventHandler.java:450)
	at javafx.graphics@21.0.1/com.sun.javafx.tk.quantum.QuantumToolkit.runWithoutRenderLock(QuantumToolkit.java:424)
	at javafx.graphics@21.0.1/com.sun.javafx.tk.quantum.GlassViewEventHandler.handleMouseEvent(GlassViewEventHandler.java:449)
	at javafx.graphics@21.0.1/com.sun.glass.ui.View.handleMouseEvent(View.java:551)
	at javafx.graphics@21.0.1/com.sun.glass.ui.View.notifyMouse(View.java:937)
	at javafx.graphics@21.0.1/com.sun.glass.ui.win.WinApplication._runLoop(Native Method)
	at javafx.graphics@21.0.1/com.sun.glass.ui.win.WinApplication.lambda$runLoop$3(WinApplication.java:185)
	at java.base/java.lang.Thread.run(Thread.java:1583)
Caused by: java.lang.reflect.InvocationTargetException: null
	at java.base/jdk.internal.reflect.DirectConstructorHandleAccessor.newInstance(DirectConstructorHandleAccessor.java:74)
	at java.base/java.lang.reflect.Constructor.newInstanceWithCaller(Constructor.java:502)
	at java.base/java.lang.reflect.Constructor.newInstance(Constructor.java:486)
	at javafx.fxml@21.0.1/javafx.fxml.FXMLLoader$ValueElement.processAttribute(FXMLLoader.java:941)
	... 70 common frames omitted
Caused by: java.lang.Error: Unresolved compilation problems: 
	The import pe.crediactiva.app.service.AsesorService cannot be resolved
	AsesorService cannot be resolved to a type
	AsesorService cannot be resolved to a type
	AsesorService cannot be resolved to a type
	AsesorService cannot be resolved to a type

	at pe.crediactiva.app.view.admin.DetallePrestamoController.<init>(DetallePrestamoController.java:13)
	at java.base/jdk.internal.reflect.DirectConstructorHandleAccessor.newInstance(DirectConstructorHandleAccessor.java:62)
	... 73 common frames omitted
2025-10-07 15:35:45 [JavaFX Application Thread] INFO  p.c.app.config.DatabaseConfig - Pool de conexiones cerrado correctamente
2025-10-07 15:35:45 [JavaFX Application Thread] INFO  pe.crediactiva.app.Main - Aplicación CrediActiva cerrada
2025-10-07 15:35:56 [main] INFO  pe.crediactiva.app.Main - Iniciando aplicación CrediActiva Desktop v1.0.0
2025-10-07 15:35:56 [JavaFX Application Thread] INFO  pe.crediactiva.app.Main - Icono no encontrado, continuando sin icono
2025-10-07 15:35:56 [JavaFX Application Thread] INFO  p.c.app.config.DatabaseConfig - Propiedades de base de datos cargadas correctamente
2025-10-07 15:35:57 [JavaFX Application Thread] INFO  p.c.app.config.DatabaseConfig - Pool de conexiones HikariCP inicializado correctamente
2025-10-07 15:35:57 [JavaFX Application Thread] INFO  pe.crediactiva.app.Main - Aplicación CrediActiva iniciada correctamente
2025-10-07 15:36:07 [JavaFX Application Thread] INFO  p.c.app.dao.impl.UsuarioDAOImpl - Usuario autenticado exitosamente: 99999999
2025-10-07 15:36:07 [JavaFX Application Thread] INFO  p.c.a.service.AuthenticationService - Usuario autenticado exitosamente: 99999999 - ADMIN
2025-10-07 15:36:07 [JavaFX Application Thread] INFO  p.c.app.view.LoginController - Usuario autenticado exitosamente: 99999999
2025-10-07 15:36:07 [JavaFX Application Thread] INFO  p.c.app.view.LoginController - Usuario redirigido a pantalla principal: ADMIN
2025-10-07 15:36:09 [JavaFX Application Thread] INFO  p.c.a.v.a.BandejaSolicitudesController - Cache de nombres cargado: 2 clientes, 1 asesores
2025-10-07 15:36:09 [JavaFX Application Thread] INFO  p.c.a.v.a.BandejaSolicitudesController - Cargadas 2 solicitudes pendientes desde la base de datos
2025-10-07 15:36:09 [JavaFX Application Thread] INFO  p.c.a.v.a.BandejaSolicitudesController - Bandeja de solicitudes inicializada correctamente
2025-10-07 15:36:09 [JavaFX Application Thread] INFO  p.c.a.view.admin.AdminMainController - Cargada bandeja de solicitudes
2025-10-07 15:36:21 [JavaFX Application Thread] INFO  p.c.a.v.a.DetallePrestamoController - Detalle de préstamo inicializado correctamente
2025-10-07 15:36:21 [JavaFX Application Thread] INFO  p.c.a.v.a.DetallePrestamoController - Datos del préstamo cargados: ID 6
2025-10-07 15:37:04 [JavaFX Application Thread] INFO  p.c.a.v.a.BandejaSolicitudesController - Cache de nombres cargado: 2 clientes, 1 asesores
2025-10-07 15:37:04 [JavaFX Application Thread] INFO  p.c.a.v.a.BandejaSolicitudesController - Cargadas 2 solicitudes pendientes desde la base de datos
2025-10-07 15:37:04 [JavaFX Application Thread] INFO  p.c.a.v.a.BandejaSolicitudesController - Ventana de detalles abierta para préstamo ID: 6
2025-10-07 15:37:04 [JavaFX Application Thread] INFO  p.c.a.v.a.DetallePrestamoController - Detalle de préstamo inicializado correctamente
2025-10-07 15:37:04 [JavaFX Application Thread] INFO  p.c.a.v.a.DetallePrestamoController - Datos del préstamo cargados: ID 6
2025-10-07 15:37:05 [JavaFX Application Thread] INFO  p.c.a.v.a.BandejaSolicitudesController - Cache de nombres cargado: 2 clientes, 1 asesores
2025-10-07 15:37:05 [JavaFX Application Thread] INFO  p.c.a.v.a.BandejaSolicitudesController - Cargadas 2 solicitudes pendientes desde la base de datos
2025-10-07 15:37:05 [JavaFX Application Thread] INFO  p.c.a.v.a.BandejaSolicitudesController - Ventana de detalles abierta para préstamo ID: 6
2025-10-07 20:14:42 [JavaFX Application Thread] INFO  p.c.a.service.AuthenticationService - Usuario cerró sesión: 99999999
2025-10-07 20:14:42 [JavaFX Application Thread] INFO  p.c.a.view.admin.AdminMainController - Usuario cerró sesión
2025-10-07 20:14:48 [CrediActivaPool housekeeper] WARN  com.zaxxer.hikari.pool.HikariPool - CrediActivaPool - Thread starvation or clock leap detected (housekeeper delta=4h36m21s211ms131µs200ns).
2025-10-07 20:15:01 [JavaFX Application Thread] INFO  p.c.app.dao.impl.UsuarioDAOImpl - Usuario autenticado exitosamente: 11111111
2025-10-07 20:15:01 [JavaFX Application Thread] INFO  p.c.a.service.AuthenticationService - Usuario autenticado exitosamente: 11111111 - CLIENTE
2025-10-07 20:15:01 [JavaFX Application Thread] INFO  p.c.app.view.LoginController - Usuario autenticado exitosamente: 11111111
2025-10-07 20:15:01 [JavaFX Application Thread] ERROR p.c.app.dao.impl.PrestamoDAOImpl - Error al buscar préstamos por cliente y estado: 11111111, ACTIVO
java.sql.SQLException: Column 'cliente_nombre' not found.
	at com.mysql.cj.jdbc.exceptions.SQLError.createSQLException(SQLError.java:130)
	at com.mysql.cj.jdbc.exceptions.SQLError.createSQLException(SQLError.java:98)
	at com.mysql.cj.jdbc.exceptions.SQLError.createSQLException(SQLError.java:90)
	at com.mysql.cj.jdbc.exceptions.SQLError.createSQLException(SQLError.java:64)
	at com.mysql.cj.jdbc.result.ResultSetImpl.findColumn(ResultSetImpl.java:584)
	at com.mysql.cj.jdbc.result.ResultSetImpl.getString(ResultSetImpl.java:896)
	at com.zaxxer.hikari.pool.HikariProxyResultSet.getString(HikariProxyResultSet.java)
	at pe.crediactiva.app.dao.impl.PrestamoDAOImpl.mapResultSetToPrestamo(PrestamoDAOImpl.java:544)
	at pe.crediactiva.app.dao.impl.PrestamoDAOImpl.findByClienteAndEstado(PrestamoDAOImpl.java:497)
	at pe.crediactiva.app.service.PrestamoService.obtenerPrestamosActivosPorCliente(PrestamoService.java:402)
	at pe.crediactiva.app.view.cliente.ClienteMainController.cargarEstadisticasResumen(ClienteMainController.java:198)
	at pe.crediactiva.app.view.cliente.ClienteMainController.initialize(ClienteMainController.java:147)
	at java.base/jdk.internal.reflect.DirectMethodHandleAccessor.invoke(DirectMethodHandleAccessor.java:103)
	at java.base/java.lang.reflect.Method.invoke(Method.java:580)
	at com.sun.javafx.reflect.Trampoline.invoke(MethodUtil.java:72)
	at java.base/jdk.internal.reflect.DirectMethodHandleAccessor.invoke(DirectMethodHandleAccessor.java:103)
	at java.base/java.lang.reflect.Method.invoke(Method.java:580)
	at javafx.base@21.0.1/com.sun.javafx.reflect.MethodUtil.invoke(MethodUtil.java:270)
	at javafx.fxml@21.0.1/com.sun.javafx.fxml.MethodHelper.invoke(MethodHelper.java:84)
	at javafx.fxml@21.0.1/javafx.fxml.FXMLLoader.loadImpl(FXMLLoader.java:2688)
	at javafx.fxml@21.0.1/javafx.fxml.FXMLLoader.loadImpl(FXMLLoader.java:2563)
	at javafx.fxml@21.0.1/javafx.fxml.FXMLLoader.load(FXMLLoader.java:2531)
	at pe.crediactiva.app.view.LoginController.redirectToMainScreen(LoginController.java:140)
	at pe.crediactiva.app.view.LoginController.handleLogin(LoginController.java:99)
	at pe.crediactiva.app.view.LoginController.lambda$initialize$0(LoginController.java:50)
	at javafx.base@21.0.1/com.sun.javafx.event.CompositeEventHandler.dispatchBubblingEvent(CompositeEventHandler.java:86)
	at javafx.base@21.0.1/com.sun.javafx.event.EventHandlerManager.dispatchBubblingEvent(EventHandlerManager.java:232)
	at javafx.base@21.0.1/com.sun.javafx.event.EventHandlerManager.dispatchBubblingEvent(EventHandlerManager.java:189)
	at javafx.base@21.0.1/com.sun.javafx.event.CompositeEventDispatcher.dispatchBubblingEvent(CompositeEventDispatcher.java:59)
	at javafx.base@21.0.1/com.sun.javafx.event.BasicEventDispatcher.dispatchEvent(BasicEventDispatcher.java:58)
	at javafx.base@21.0.1/com.sun.javafx.event.EventDispatchChainImpl.dispatchEvent(EventDispatchChainImpl.java:114)
	at javafx.base@21.0.1/com.sun.javafx.event.BasicEventDispatcher.dispatchEvent(BasicEventDispatcher.java:56)
	at javafx.base@21.0.1/com.sun.javafx.event.EventDispatchChainImpl.dispatchEvent(EventDispatchChainImpl.java:114)
	at javafx.base@21.0.1/com.sun.javafx.event.BasicEventDispatcher.dispatchEvent(BasicEventDispatcher.java:56)
	at javafx.base@21.0.1/com.sun.javafx.event.EventDispatchChainImpl.dispatchEvent(EventDispatchChainImpl.java:114)
	at javafx.base@21.0.1/com.sun.javafx.event.EventUtil.fireEventImpl(EventUtil.java:74)
	at javafx.base@21.0.1/com.sun.javafx.event.EventUtil.fireEvent(EventUtil.java:49)
	at javafx.base@21.0.1/javafx.event.Event.fireEvent(Event.java:198)
	at javafx.graphics@21.0.1/javafx.scene.Node.fireEvent(Node.java:8875)
	at javafx.controls@21.0.1/com.sun.javafx.scene.control.behavior.TextFieldBehavior.fire(TextFieldBehavior.java:161)
	at javafx.controls@21.0.1/com.sun.javafx.scene.control.behavior.TextInputControlBehavior.lambda$keyMapping$62(TextInputControlBehavior.java:344)
	at javafx.controls@21.0.1/com.sun.javafx.scene.control.inputmap.InputMap.handle(InputMap.java:274)
	at javafx.base@21.0.1/com.sun.javafx.event.CompositeEventHandler$NormalEventHandlerRecord.handleBubblingEvent(CompositeEventHandler.java:247)
	at javafx.base@21.0.1/com.sun.javafx.event.CompositeEventHandler.dispatchBubblingEvent(CompositeEventHandler.java:80)
	at javafx.base@21.0.1/com.sun.javafx.event.EventHandlerManager.dispatchBubblingEvent(EventHandlerManager.java:232)
	at javafx.base@21.0.1/com.sun.javafx.event.EventHandlerManager.dispatchBubblingEvent(EventHandlerManager.java:189)
	at javafx.base@21.0.1/com.sun.javafx.event.CompositeEventDispatcher.dispatchBubblingEvent(CompositeEventDispatcher.java:59)
	at javafx.base@21.0.1/com.sun.javafx.event.BasicEventDispatcher.dispatchEvent(BasicEventDispatcher.java:58)
	at javafx.base@21.0.1/com.sun.javafx.event.EventDispatchChainImpl.dispatchEvent(EventDispatchChainImpl.java:114)
	at javafx.base@21.0.1/com.sun.javafx.event.BasicEventDispatcher.dispatchEvent(BasicEventDispatcher.java:56)
	at javafx.base@21.0.1/com.sun.javafx.event.EventDispatchChainImpl.dispatchEvent(EventDispatchChainImpl.java:114)
	at javafx.base@21.0.1/com.sun.javafx.event.BasicEventDispatcher.dispatchEvent(BasicEventDispatcher.java:56)
	at javafx.base@21.0.1/com.sun.javafx.event.EventDispatchChainImpl.dispatchEvent(EventDispatchChainImpl.java:114)
	at javafx.base@21.0.1/com.sun.javafx.event.EventUtil.fireEventImpl(EventUtil.java:74)
	at javafx.base@21.0.1/com.sun.javafx.event.EventUtil.fireEvent(EventUtil.java:54)
	at javafx.base@21.0.1/javafx.event.Event.fireEvent(Event.java:198)
	at javafx.graphics@21.0.1/javafx.scene.Scene.processKeyEvent(Scene.java:2194)
	at javafx.graphics@21.0.1/javafx.scene.Scene$ScenePeerListener.keyEvent(Scene.java:2715)
	at javafx.graphics@21.0.1/com.sun.javafx.tk.quantum.GlassViewEventHandler$KeyEventNotification.run(GlassViewEventHandler.java:218)
	at javafx.graphics@21.0.1/com.sun.javafx.tk.quantum.GlassViewEventHandler$KeyEventNotification.run(GlassViewEventHandler.java:150)
	at java.base/java.security.AccessController.doPrivileged(AccessController.java:400)
	at javafx.graphics@21.0.1/com.sun.javafx.tk.quantum.GlassViewEventHandler.lambda$handleKeyEvent$1(GlassViewEventHandler.java:250)
	at javafx.graphics@21.0.1/com.sun.javafx.tk.quantum.QuantumToolkit.runWithoutRenderLock(QuantumToolkit.java:424)
	at javafx.graphics@21.0.1/com.sun.javafx.tk.quantum.GlassViewEventHandler.handleKeyEvent(GlassViewEventHandler.java:249)
	at javafx.graphics@21.0.1/com.sun.glass.ui.View.handleKeyEvent(View.java:542)
	at javafx.graphics@21.0.1/com.sun.glass.ui.View.notifyKey(View.java:966)
	at javafx.graphics@21.0.1/com.sun.glass.ui.win.WinApplication._runLoop(Native Method)
	at javafx.graphics@21.0.1/com.sun.glass.ui.win.WinApplication.lambda$runLoop$3(WinApplication.java:185)
	at java.base/java.lang.Thread.run(Thread.java:1583)
2025-10-07 20:15:02 [JavaFX Application Thread] INFO  p.c.app.view.LoginController - Usuario redirigido a pantalla principal: CLIENTE
2025-10-07 20:15:15 [JavaFX Application Thread] INFO  p.c.a.v.c.PrestamosClienteController - Cargados 2 préstamos para el cliente 11111111
2025-10-07 20:15:22 [JavaFX Application Thread] ERROR p.c.app.dao.impl.PrestamoDAOImpl - Error al buscar préstamos por cliente y estado: 11111111, ACTIVO
java.sql.SQLException: Column 'cliente_nombre' not found.
	at com.mysql.cj.jdbc.exceptions.SQLError.createSQLException(SQLError.java:130)
	at com.mysql.cj.jdbc.exceptions.SQLError.createSQLException(SQLError.java:98)
	at com.mysql.cj.jdbc.exceptions.SQLError.createSQLException(SQLError.java:90)
	at com.mysql.cj.jdbc.exceptions.SQLError.createSQLException(SQLError.java:64)
	at com.mysql.cj.jdbc.result.ResultSetImpl.findColumn(ResultSetImpl.java:584)
	at com.mysql.cj.jdbc.result.ResultSetImpl.getString(ResultSetImpl.java:896)
	at com.zaxxer.hikari.pool.HikariProxyResultSet.getString(HikariProxyResultSet.java)
	at pe.crediactiva.app.dao.impl.PrestamoDAOImpl.mapResultSetToPrestamo(PrestamoDAOImpl.java:544)
	at pe.crediactiva.app.dao.impl.PrestamoDAOImpl.findByClienteAndEstado(PrestamoDAOImpl.java:497)
	at pe.crediactiva.app.service.PrestamoService.obtenerPrestamosActivosPorCliente(PrestamoService.java:402)
	at pe.crediactiva.app.view.cliente.ClienteMainController.cargarEstadisticasResumen(ClienteMainController.java:198)
	at pe.crediactiva.app.view.cliente.ClienteMainController.initialize(ClienteMainController.java:147)
	at java.base/jdk.internal.reflect.DirectMethodHandleAccessor.invoke(DirectMethodHandleAccessor.java:103)
	at java.base/java.lang.reflect.Method.invoke(Method.java:580)
	at com.sun.javafx.reflect.Trampoline.invoke(MethodUtil.java:72)
	at java.base/jdk.internal.reflect.DirectMethodHandleAccessor.invoke(DirectMethodHandleAccessor.java:103)
	at java.base/java.lang.reflect.Method.invoke(Method.java:580)
	at javafx.base@21.0.1/com.sun.javafx.reflect.MethodUtil.invoke(MethodUtil.java:270)
	at javafx.fxml@21.0.1/com.sun.javafx.fxml.MethodHelper.invoke(MethodHelper.java:84)
	at javafx.fxml@21.0.1/javafx.fxml.FXMLLoader.loadImpl(FXMLLoader.java:2688)
	at javafx.fxml@21.0.1/javafx.fxml.FXMLLoader.loadImpl(FXMLLoader.java:2563)
	at javafx.fxml@21.0.1/javafx.fxml.FXMLLoader.load(FXMLLoader.java:2531)
	at pe.crediactiva.app.view.cliente.PrestamosClienteController.handleVolver(PrestamosClienteController.java:287)
	at java.base/jdk.internal.reflect.DirectMethodHandleAccessor.invoke(DirectMethodHandleAccessor.java:103)
	at java.base/java.lang.reflect.Method.invoke(Method.java:580)
	at com.sun.javafx.reflect.Trampoline.invoke(MethodUtil.java:72)
	at java.base/jdk.internal.reflect.DirectMethodHandleAccessor.invoke(DirectMethodHandleAccessor.java:103)
	at java.base/java.lang.reflect.Method.invoke(Method.java:580)
	at javafx.base@21.0.1/com.sun.javafx.reflect.MethodUtil.invoke(MethodUtil.java:270)
	at javafx.fxml@21.0.1/com.sun.javafx.fxml.MethodHelper.invoke(MethodHelper.java:84)
	at javafx.fxml@21.0.1/javafx.fxml.FXMLLoader$MethodHandler.invoke(FXMLLoader.java:1855)
	at javafx.fxml@21.0.1/javafx.fxml.FXMLLoader$ControllerMethodEventHandler.handle(FXMLLoader.java:1726)
	at javafx.base@21.0.1/com.sun.javafx.event.CompositeEventHandler.dispatchBubblingEvent(CompositeEventHandler.java:86)
	at javafx.base@21.0.1/com.sun.javafx.event.EventHandlerManager.dispatchBubblingEvent(EventHandlerManager.java:232)
	at javafx.base@21.0.1/com.sun.javafx.event.EventHandlerManager.dispatchBubblingEvent(EventHandlerManager.java:189)
	at javafx.base@21.0.1/com.sun.javafx.event.CompositeEventDispatcher.dispatchBubblingEvent(CompositeEventDispatcher.java:59)
	at javafx.base@21.0.1/com.sun.javafx.event.BasicEventDispatcher.dispatchEvent(BasicEventDispatcher.java:58)
	at javafx.base@21.0.1/com.sun.javafx.event.EventDispatchChainImpl.dispatchEvent(EventDispatchChainImpl.java:114)
	at javafx.base@21.0.1/com.sun.javafx.event.BasicEventDispatcher.dispatchEvent(BasicEventDispatcher.java:56)
	at javafx.base@21.0.1/com.sun.javafx.event.EventDispatchChainImpl.dispatchEvent(EventDispatchChainImpl.java:114)
	at javafx.base@21.0.1/com.sun.javafx.event.BasicEventDispatcher.dispatchEvent(BasicEventDispatcher.java:56)
	at javafx.base@21.0.1/com.sun.javafx.event.EventDispatchChainImpl.dispatchEvent(EventDispatchChainImpl.java:114)
	at javafx.base@21.0.1/com.sun.javafx.event.EventUtil.fireEventImpl(EventUtil.java:74)
	at javafx.base@21.0.1/com.sun.javafx.event.EventUtil.fireEvent(EventUtil.java:49)
	at javafx.base@21.0.1/javafx.event.Event.fireEvent(Event.java:198)
	at javafx.graphics@21.0.1/javafx.scene.Node.fireEvent(Node.java:8875)
	at javafx.controls@21.0.1/javafx.scene.control.Button.fire(Button.java:203)
	at javafx.controls@21.0.1/com.sun.javafx.scene.control.behavior.ButtonBehavior.mouseReleased(ButtonBehavior.java:207)
	at javafx.controls@21.0.1/com.sun.javafx.scene.control.inputmap.InputMap.handle(InputMap.java:274)
	at javafx.base@21.0.1/com.sun.javafx.event.CompositeEventHandler$NormalEventHandlerRecord.handleBubblingEvent(CompositeEventHandler.java:247)
	at javafx.base@21.0.1/com.sun.javafx.event.CompositeEventHandler.dispatchBubblingEvent(CompositeEventHandler.java:80)
	at javafx.base@21.0.1/com.sun.javafx.event.EventHandlerManager.dispatchBubblingEvent(EventHandlerManager.java:232)
	at javafx.base@21.0.1/com.sun.javafx.event.EventHandlerManager.dispatchBubblingEvent(EventHandlerManager.java:189)
	at javafx.base@21.0.1/com.sun.javafx.event.CompositeEventDispatcher.dispatchBubblingEvent(CompositeEventDispatcher.java:59)
	at javafx.base@21.0.1/com.sun.javafx.event.BasicEventDispatcher.dispatchEvent(BasicEventDispatcher.java:58)
	at javafx.base@21.0.1/com.sun.javafx.event.EventDispatchChainImpl.dispatchEvent(EventDispatchChainImpl.java:114)
	at javafx.base@21.0.1/com.sun.javafx.event.BasicEventDispatcher.dispatchEvent(BasicEventDispatcher.java:56)
	at javafx.base@21.0.1/com.sun.javafx.event.EventDispatchChainImpl.dispatchEvent(EventDispatchChainImpl.java:114)
	at javafx.base@21.0.1/com.sun.javafx.event.BasicEventDispatcher.dispatchEvent(BasicEventDispatcher.java:56)
	at javafx.base@21.0.1/com.sun.javafx.event.EventDispatchChainImpl.dispatchEvent(EventDispatchChainImpl.java:114)
	at javafx.base@21.0.1/com.sun.javafx.event.EventUtil.fireEventImpl(EventUtil.java:74)
	at javafx.base@21.0.1/com.sun.javafx.event.EventUtil.fireEvent(EventUtil.java:54)
	at javafx.base@21.0.1/javafx.event.Event.fireEvent(Event.java:198)
	at javafx.graphics@21.0.1/javafx.scene.Scene$MouseHandler.process(Scene.java:3984)
	at javafx.graphics@21.0.1/javafx.scene.Scene.processMouseEvent(Scene.java:1890)
	at javafx.graphics@21.0.1/javafx.scene.Scene$ScenePeerListener.mouseEvent(Scene.java:2708)
	at javafx.graphics@21.0.1/com.sun.javafx.tk.quantum.GlassViewEventHandler$MouseEventNotification.run(GlassViewEventHandler.java:411)
	at javafx.graphics@21.0.1/com.sun.javafx.tk.quantum.GlassViewEventHandler$MouseEventNotification.run(GlassViewEventHandler.java:301)
	at java.base/java.security.AccessController.doPrivileged(AccessController.java:400)
	at javafx.graphics@21.0.1/com.sun.javafx.tk.quantum.GlassViewEventHandler.lambda$handleMouseEvent$2(GlassViewEventHandler.java:450)
	at javafx.graphics@21.0.1/com.sun.javafx.tk.quantum.QuantumToolkit.runWithoutRenderLock(QuantumToolkit.java:424)
	at javafx.graphics@21.0.1/com.sun.javafx.tk.quantum.GlassViewEventHandler.handleMouseEvent(GlassViewEventHandler.java:449)
	at javafx.graphics@21.0.1/com.sun.glass.ui.View.handleMouseEvent(View.java:551)
	at javafx.graphics@21.0.1/com.sun.glass.ui.View.notifyMouse(View.java:937)
	at javafx.graphics@21.0.1/com.sun.glass.ui.win.WinApplication._runLoop(Native Method)
	at javafx.graphics@21.0.1/com.sun.glass.ui.win.WinApplication.lambda$runLoop$3(WinApplication.java:185)
	at java.base/java.lang.Thread.run(Thread.java:1583)
2025-10-07 20:15:24 [JavaFX Application Thread] INFO  p.c.a.v.c.CronogramasClienteController - Cargado cronograma con 26 cuotas para préstamo 1
2025-10-07 20:15:24 [JavaFX Application Thread] INFO  p.c.a.v.c.CronogramasClienteController - Cargados 2 préstamos para el cliente 11111111
2025-10-07 20:15:34 [JavaFX Application Thread] ERROR p.c.app.dao.impl.PrestamoDAOImpl - Error al buscar préstamos por cliente y estado: 11111111, ACTIVO
java.sql.SQLException: Column 'cliente_nombre' not found.
	at com.mysql.cj.jdbc.exceptions.SQLError.createSQLException(SQLError.java:130)
	at com.mysql.cj.jdbc.exceptions.SQLError.createSQLException(SQLError.java:98)
	at com.mysql.cj.jdbc.exceptions.SQLError.createSQLException(SQLError.java:90)
	at com.mysql.cj.jdbc.exceptions.SQLError.createSQLException(SQLError.java:64)
	at com.mysql.cj.jdbc.result.ResultSetImpl.findColumn(ResultSetImpl.java:584)
	at com.mysql.cj.jdbc.result.ResultSetImpl.getString(ResultSetImpl.java:896)
	at com.zaxxer.hikari.pool.HikariProxyResultSet.getString(HikariProxyResultSet.java)
	at pe.crediactiva.app.dao.impl.PrestamoDAOImpl.mapResultSetToPrestamo(PrestamoDAOImpl.java:544)
	at pe.crediactiva.app.dao.impl.PrestamoDAOImpl.findByClienteAndEstado(PrestamoDAOImpl.java:497)
	at pe.crediactiva.app.service.PrestamoService.obtenerPrestamosActivosPorCliente(PrestamoService.java:402)
	at pe.crediactiva.app.view.cliente.ClienteMainController.cargarEstadisticasResumen(ClienteMainController.java:198)
	at pe.crediactiva.app.view.cliente.ClienteMainController.initialize(ClienteMainController.java:147)
	at java.base/jdk.internal.reflect.DirectMethodHandleAccessor.invoke(DirectMethodHandleAccessor.java:103)
	at java.base/java.lang.reflect.Method.invoke(Method.java:580)
	at com.sun.javafx.reflect.Trampoline.invoke(MethodUtil.java:72)
	at java.base/jdk.internal.reflect.DirectMethodHandleAccessor.invoke(DirectMethodHandleAccessor.java:103)
	at java.base/java.lang.reflect.Method.invoke(Method.java:580)
	at javafx.base@21.0.1/com.sun.javafx.reflect.MethodUtil.invoke(MethodUtil.java:270)
	at javafx.fxml@21.0.1/com.sun.javafx.fxml.MethodHelper.invoke(MethodHelper.java:84)
	at javafx.fxml@21.0.1/javafx.fxml.FXMLLoader.loadImpl(FXMLLoader.java:2688)
	at javafx.fxml@21.0.1/javafx.fxml.FXMLLoader.loadImpl(FXMLLoader.java:2563)
	at javafx.fxml@21.0.1/javafx.fxml.FXMLLoader.load(FXMLLoader.java:2531)
	at pe.crediactiva.app.view.cliente.CronogramasClienteController.handleVolver(CronogramasClienteController.java:393)
	at java.base/jdk.internal.reflect.DirectMethodHandleAccessor.invoke(DirectMethodHandleAccessor.java:103)
	at java.base/java.lang.reflect.Method.invoke(Method.java:580)
	at com.sun.javafx.reflect.Trampoline.invoke(MethodUtil.java:72)
	at java.base/jdk.internal.reflect.DirectMethodHandleAccessor.invoke(DirectMethodHandleAccessor.java:103)
	at java.base/java.lang.reflect.Method.invoke(Method.java:580)
	at javafx.base@21.0.1/com.sun.javafx.reflect.MethodUtil.invoke(MethodUtil.java:270)
	at javafx.fxml@21.0.1/com.sun.javafx.fxml.MethodHelper.invoke(MethodHelper.java:84)
	at javafx.fxml@21.0.1/javafx.fxml.FXMLLoader$MethodHandler.invoke(FXMLLoader.java:1855)
	at javafx.fxml@21.0.1/javafx.fxml.FXMLLoader$ControllerMethodEventHandler.handle(FXMLLoader.java:1726)
	at javafx.base@21.0.1/com.sun.javafx.event.CompositeEventHandler.dispatchBubblingEvent(CompositeEventHandler.java:86)
	at javafx.base@21.0.1/com.sun.javafx.event.EventHandlerManager.dispatchBubblingEvent(EventHandlerManager.java:232)
	at javafx.base@21.0.1/com.sun.javafx.event.EventHandlerManager.dispatchBubblingEvent(EventHandlerManager.java:189)
	at javafx.base@21.0.1/com.sun.javafx.event.CompositeEventDispatcher.dispatchBubblingEvent(CompositeEventDispatcher.java:59)
	at javafx.base@21.0.1/com.sun.javafx.event.BasicEventDispatcher.dispatchEvent(BasicEventDispatcher.java:58)
	at javafx.base@21.0.1/com.sun.javafx.event.EventDispatchChainImpl.dispatchEvent(EventDispatchChainImpl.java:114)
	at javafx.base@21.0.1/com.sun.javafx.event.BasicEventDispatcher.dispatchEvent(BasicEventDispatcher.java:56)
	at javafx.base@21.0.1/com.sun.javafx.event.EventDispatchChainImpl.dispatchEvent(EventDispatchChainImpl.java:114)
	at javafx.base@21.0.1/com.sun.javafx.event.BasicEventDispatcher.dispatchEvent(BasicEventDispatcher.java:56)
	at javafx.base@21.0.1/com.sun.javafx.event.EventDispatchChainImpl.dispatchEvent(EventDispatchChainImpl.java:114)
	at javafx.base@21.0.1/com.sun.javafx.event.EventUtil.fireEventImpl(EventUtil.java:74)
	at javafx.base@21.0.1/com.sun.javafx.event.EventUtil.fireEvent(EventUtil.java:49)
	at javafx.base@21.0.1/javafx.event.Event.fireEvent(Event.java:198)
	at javafx.graphics@21.0.1/javafx.scene.Node.fireEvent(Node.java:8875)
	at javafx.controls@21.0.1/javafx.scene.control.Button.fire(Button.java:203)
	at javafx.controls@21.0.1/com.sun.javafx.scene.control.behavior.ButtonBehavior.mouseReleased(ButtonBehavior.java:207)
	at javafx.controls@21.0.1/com.sun.javafx.scene.control.inputmap.InputMap.handle(InputMap.java:274)
	at javafx.base@21.0.1/com.sun.javafx.event.CompositeEventHandler$NormalEventHandlerRecord.handleBubblingEvent(CompositeEventHandler.java:247)
	at javafx.base@21.0.1/com.sun.javafx.event.CompositeEventHandler.dispatchBubblingEvent(CompositeEventHandler.java:80)
	at javafx.base@21.0.1/com.sun.javafx.event.EventHandlerManager.dispatchBubblingEvent(EventHandlerManager.java:232)
	at javafx.base@21.0.1/com.sun.javafx.event.EventHandlerManager.dispatchBubblingEvent(EventHandlerManager.java:189)
	at javafx.base@21.0.1/com.sun.javafx.event.CompositeEventDispatcher.dispatchBubblingEvent(CompositeEventDispatcher.java:59)
	at javafx.base@21.0.1/com.sun.javafx.event.BasicEventDispatcher.dispatchEvent(BasicEventDispatcher.java:58)
	at javafx.base@21.0.1/com.sun.javafx.event.EventDispatchChainImpl.dispatchEvent(EventDispatchChainImpl.java:114)
	at javafx.base@21.0.1/com.sun.javafx.event.BasicEventDispatcher.dispatchEvent(BasicEventDispatcher.java:56)
	at javafx.base@21.0.1/com.sun.javafx.event.EventDispatchChainImpl.dispatchEvent(EventDispatchChainImpl.java:114)
	at javafx.base@21.0.1/com.sun.javafx.event.BasicEventDispatcher.dispatchEvent(BasicEventDispatcher.java:56)
	at javafx.base@21.0.1/com.sun.javafx.event.EventDispatchChainImpl.dispatchEvent(EventDispatchChainImpl.java:114)
	at javafx.base@21.0.1/com.sun.javafx.event.EventUtil.fireEventImpl(EventUtil.java:74)
	at javafx.base@21.0.1/com.sun.javafx.event.EventUtil.fireEvent(EventUtil.java:54)
	at javafx.base@21.0.1/javafx.event.Event.fireEvent(Event.java:198)
	at javafx.graphics@21.0.1/javafx.scene.Scene$MouseHandler.process(Scene.java:3984)
	at javafx.graphics@21.0.1/javafx.scene.Scene.processMouseEvent(Scene.java:1890)
	at javafx.graphics@21.0.1/javafx.scene.Scene$ScenePeerListener.mouseEvent(Scene.java:2708)
	at javafx.graphics@21.0.1/com.sun.javafx.tk.quantum.GlassViewEventHandler$MouseEventNotification.run(GlassViewEventHandler.java:411)
	at javafx.graphics@21.0.1/com.sun.javafx.tk.quantum.GlassViewEventHandler$MouseEventNotification.run(GlassViewEventHandler.java:301)
	at java.base/java.security.AccessController.doPrivileged(AccessController.java:400)
	at javafx.graphics@21.0.1/com.sun.javafx.tk.quantum.GlassViewEventHandler.lambda$handleMouseEvent$2(GlassViewEventHandler.java:450)
	at javafx.graphics@21.0.1/com.sun.javafx.tk.quantum.QuantumToolkit.runWithoutRenderLock(QuantumToolkit.java:424)
	at javafx.graphics@21.0.1/com.sun.javafx.tk.quantum.GlassViewEventHandler.handleMouseEvent(GlassViewEventHandler.java:449)
	at javafx.graphics@21.0.1/com.sun.glass.ui.View.handleMouseEvent(View.java:551)
	at javafx.graphics@21.0.1/com.sun.glass.ui.View.notifyMouse(View.java:937)
	at javafx.graphics@21.0.1/com.sun.glass.ui.win.WinApplication._runLoop(Native Method)
	at javafx.graphics@21.0.1/com.sun.glass.ui.win.WinApplication.lambda$runLoop$3(WinApplication.java:185)
	at java.base/java.lang.Thread.run(Thread.java:1583)
2025-10-07 20:15:37 [JavaFX Application Thread] INFO  p.c.a.v.c.SimuladorClienteController - Configurando tabla del cronograma
2025-10-07 20:15:37 [JavaFX Application Thread] INFO  p.c.a.v.c.SimuladorClienteController - Tabla del cronograma configurada correctamente
2025-10-07 20:15:37 [JavaFX Application Thread] INFO  p.c.a.v.c.SimuladorClienteController - Simulador de crédito inicializado correctamente
2025-10-07 20:15:41 [JavaFX Application Thread] INFO  p.c.a.v.c.SimuladorClienteController - Iniciando generación de cronograma con 26 cuotas
2025-10-07 20:15:41 [JavaFX Application Thread] INFO  p.c.a.v.c.SimuladorClienteController - Cronograma generado con 26 cuotas
2025-10-07 20:15:41 [JavaFX Application Thread] INFO  p.c.a.v.c.SimuladorClienteController - Primera cuota: 09/10/2025
2025-10-07 20:15:41 [JavaFX Application Thread] INFO  p.c.a.v.c.SimuladorClienteController - Iniciando generación de cronograma con 26 cuotas
2025-10-07 20:15:41 [JavaFX Application Thread] INFO  p.c.a.v.c.SimuladorClienteController - Cronograma generado con 26 cuotas
2025-10-07 20:15:41 [JavaFX Application Thread] INFO  p.c.a.v.c.SimuladorClienteController - Primera cuota: 09/10/2025
2025-10-07 20:15:41 [JavaFX Application Thread] INFO  p.c.a.v.c.SimuladorClienteController - Iniciando generación de cronograma con 26 cuotas
2025-10-07 20:15:41 [JavaFX Application Thread] INFO  p.c.a.v.c.SimuladorClienteController - Cronograma generado con 26 cuotas
2025-10-07 20:15:41 [JavaFX Application Thread] INFO  p.c.a.v.c.SimuladorClienteController - Primera cuota: 09/10/2025
2025-10-07 20:15:42 [JavaFX Application Thread] INFO  p.c.a.v.c.SimuladorClienteController - Iniciando generación de cronograma con 26 cuotas
2025-10-07 20:15:42 [JavaFX Application Thread] INFO  p.c.a.v.c.SimuladorClienteController - Cronograma generado con 26 cuotas
2025-10-07 20:15:42 [JavaFX Application Thread] INFO  p.c.a.v.c.SimuladorClienteController - Primera cuota: 09/10/2025
2025-10-07 20:15:53 [JavaFX Application Thread] ERROR p.c.app.dao.impl.PrestamoDAOImpl - Error al buscar préstamos por cliente y estado: 11111111, ACTIVO
java.sql.SQLException: Column 'cliente_nombre' not found.
	at com.mysql.cj.jdbc.exceptions.SQLError.createSQLException(SQLError.java:130)
	at com.mysql.cj.jdbc.exceptions.SQLError.createSQLException(SQLError.java:98)
	at com.mysql.cj.jdbc.exceptions.SQLError.createSQLException(SQLError.java:90)
	at com.mysql.cj.jdbc.exceptions.SQLError.createSQLException(SQLError.java:64)
	at com.mysql.cj.jdbc.result.ResultSetImpl.findColumn(ResultSetImpl.java:584)
	at com.mysql.cj.jdbc.result.ResultSetImpl.getString(ResultSetImpl.java:896)
	at com.zaxxer.hikari.pool.HikariProxyResultSet.getString(HikariProxyResultSet.java)
	at pe.crediactiva.app.dao.impl.PrestamoDAOImpl.mapResultSetToPrestamo(PrestamoDAOImpl.java:544)
	at pe.crediactiva.app.dao.impl.PrestamoDAOImpl.findByClienteAndEstado(PrestamoDAOImpl.java:497)
	at pe.crediactiva.app.service.PrestamoService.obtenerPrestamosActivosPorCliente(PrestamoService.java:402)
	at pe.crediactiva.app.view.cliente.ClienteMainController.cargarEstadisticasResumen(ClienteMainController.java:198)
	at pe.crediactiva.app.view.cliente.ClienteMainController.initialize(ClienteMainController.java:147)
	at java.base/jdk.internal.reflect.DirectMethodHandleAccessor.invoke(DirectMethodHandleAccessor.java:103)
	at java.base/java.lang.reflect.Method.invoke(Method.java:580)
	at com.sun.javafx.reflect.Trampoline.invoke(MethodUtil.java:72)
	at java.base/jdk.internal.reflect.DirectMethodHandleAccessor.invoke(DirectMethodHandleAccessor.java:103)
	at java.base/java.lang.reflect.Method.invoke(Method.java:580)
	at javafx.base@21.0.1/com.sun.javafx.reflect.MethodUtil.invoke(MethodUtil.java:270)
	at javafx.fxml@21.0.1/com.sun.javafx.fxml.MethodHelper.invoke(MethodHelper.java:84)
	at javafx.fxml@21.0.1/javafx.fxml.FXMLLoader.loadImpl(FXMLLoader.java:2688)
	at javafx.fxml@21.0.1/javafx.fxml.FXMLLoader.loadImpl(FXMLLoader.java:2563)
	at javafx.fxml@21.0.1/javafx.fxml.FXMLLoader.load(FXMLLoader.java:2531)
	at pe.crediactiva.app.view.cliente.SimuladorClienteController.handleVolver(SimuladorClienteController.java:482)
	at java.base/jdk.internal.reflect.DirectMethodHandleAccessor.invoke(DirectMethodHandleAccessor.java:103)
	at java.base/java.lang.reflect.Method.invoke(Method.java:580)
	at com.sun.javafx.reflect.Trampoline.invoke(MethodUtil.java:72)
	at java.base/jdk.internal.reflect.DirectMethodHandleAccessor.invoke(DirectMethodHandleAccessor.java:103)
	at java.base/java.lang.reflect.Method.invoke(Method.java:580)
	at javafx.base@21.0.1/com.sun.javafx.reflect.MethodUtil.invoke(MethodUtil.java:270)
	at javafx.fxml@21.0.1/com.sun.javafx.fxml.MethodHelper.invoke(MethodHelper.java:84)
	at javafx.fxml@21.0.1/javafx.fxml.FXMLLoader$MethodHandler.invoke(FXMLLoader.java:1855)
	at javafx.fxml@21.0.1/javafx.fxml.FXMLLoader$ControllerMethodEventHandler.handle(FXMLLoader.java:1726)
	at javafx.base@21.0.1/com.sun.javafx.event.CompositeEventHandler.dispatchBubblingEvent(CompositeEventHandler.java:86)
	at javafx.base@21.0.1/com.sun.javafx.event.EventHandlerManager.dispatchBubblingEvent(EventHandlerManager.java:232)
	at javafx.base@21.0.1/com.sun.javafx.event.EventHandlerManager.dispatchBubblingEvent(EventHandlerManager.java:189)
	at javafx.base@21.0.1/com.sun.javafx.event.CompositeEventDispatcher.dispatchBubblingEvent(CompositeEventDispatcher.java:59)
	at javafx.base@21.0.1/com.sun.javafx.event.BasicEventDispatcher.dispatchEvent(BasicEventDispatcher.java:58)
	at javafx.base@21.0.1/com.sun.javafx.event.EventDispatchChainImpl.dispatchEvent(EventDispatchChainImpl.java:114)
	at javafx.base@21.0.1/com.sun.javafx.event.BasicEventDispatcher.dispatchEvent(BasicEventDispatcher.java:56)
	at javafx.base@21.0.1/com.sun.javafx.event.EventDispatchChainImpl.dispatchEvent(EventDispatchChainImpl.java:114)
	at javafx.base@21.0.1/com.sun.javafx.event.BasicEventDispatcher.dispatchEvent(BasicEventDispatcher.java:56)
	at javafx.base@21.0.1/com.sun.javafx.event.EventDispatchChainImpl.dispatchEvent(EventDispatchChainImpl.java:114)
	at javafx.base@21.0.1/com.sun.javafx.event.EventUtil.fireEventImpl(EventUtil.java:74)
	at javafx.base@21.0.1/com.sun.javafx.event.EventUtil.fireEvent(EventUtil.java:49)
	at javafx.base@21.0.1/javafx.event.Event.fireEvent(Event.java:198)
	at javafx.graphics@21.0.1/javafx.scene.Node.fireEvent(Node.java:8875)
	at javafx.controls@21.0.1/javafx.scene.control.Button.fire(Button.java:203)
	at javafx.controls@21.0.1/com.sun.javafx.scene.control.behavior.ButtonBehavior.mouseReleased(ButtonBehavior.java:207)
	at javafx.controls@21.0.1/com.sun.javafx.scene.control.inputmap.InputMap.handle(InputMap.java:274)
	at javafx.base@21.0.1/com.sun.javafx.event.CompositeEventHandler$NormalEventHandlerRecord.handleBubblingEvent(CompositeEventHandler.java:247)
	at javafx.base@21.0.1/com.sun.javafx.event.CompositeEventHandler.dispatchBubblingEvent(CompositeEventHandler.java:80)
	at javafx.base@21.0.1/com.sun.javafx.event.EventHandlerManager.dispatchBubblingEvent(EventHandlerManager.java:232)
	at javafx.base@21.0.1/com.sun.javafx.event.EventHandlerManager.dispatchBubblingEvent(EventHandlerManager.java:189)
	at javafx.base@21.0.1/com.sun.javafx.event.CompositeEventDispatcher.dispatchBubblingEvent(CompositeEventDispatcher.java:59)
	at javafx.base@21.0.1/com.sun.javafx.event.BasicEventDispatcher.dispatchEvent(BasicEventDispatcher.java:58)
	at javafx.base@21.0.1/com.sun.javafx.event.EventDispatchChainImpl.dispatchEvent(EventDispatchChainImpl.java:114)
	at javafx.base@21.0.1/com.sun.javafx.event.BasicEventDispatcher.dispatchEvent(BasicEventDispatcher.java:56)
	at javafx.base@21.0.1/com.sun.javafx.event.EventDispatchChainImpl.dispatchEvent(EventDispatchChainImpl.java:114)
	at javafx.base@21.0.1/com.sun.javafx.event.BasicEventDispatcher.dispatchEvent(BasicEventDispatcher.java:56)
	at javafx.base@21.0.1/com.sun.javafx.event.EventDispatchChainImpl.dispatchEvent(EventDispatchChainImpl.java:114)
	at javafx.base@21.0.1/com.sun.javafx.event.EventUtil.fireEventImpl(EventUtil.java:74)
	at javafx.base@21.0.1/com.sun.javafx.event.EventUtil.fireEvent(EventUtil.java:54)
	at javafx.base@21.0.1/javafx.event.Event.fireEvent(Event.java:198)
	at javafx.graphics@21.0.1/javafx.scene.Scene$MouseHandler.process(Scene.java:3984)
	at javafx.graphics@21.0.1/javafx.scene.Scene.processMouseEvent(Scene.java:1890)
	at javafx.graphics@21.0.1/javafx.scene.Scene$ScenePeerListener.mouseEvent(Scene.java:2708)
	at javafx.graphics@21.0.1/com.sun.javafx.tk.quantum.GlassViewEventHandler$MouseEventNotification.run(GlassViewEventHandler.java:411)
	at javafx.graphics@21.0.1/com.sun.javafx.tk.quantum.GlassViewEventHandler$MouseEventNotification.run(GlassViewEventHandler.java:301)
	at java.base/java.security.AccessController.doPrivileged(AccessController.java:400)
	at javafx.graphics@21.0.1/com.sun.javafx.tk.quantum.GlassViewEventHandler.lambda$handleMouseEvent$2(GlassViewEventHandler.java:450)
	at javafx.graphics@21.0.1/com.sun.javafx.tk.quantum.QuantumToolkit.runWithoutRenderLock(QuantumToolkit.java:424)
	at javafx.graphics@21.0.1/com.sun.javafx.tk.quantum.GlassViewEventHandler.handleMouseEvent(GlassViewEventHandler.java:449)
	at javafx.graphics@21.0.1/com.sun.glass.ui.View.handleMouseEvent(View.java:551)
	at javafx.graphics@21.0.1/com.sun.glass.ui.View.notifyMouse(View.java:937)
	at javafx.graphics@21.0.1/com.sun.glass.ui.win.WinApplication._runLoop(Native Method)
	at javafx.graphics@21.0.1/com.sun.glass.ui.win.WinApplication.lambda$runLoop$3(WinApplication.java:185)
	at java.base/java.lang.Thread.run(Thread.java:1583)
2025-10-07 20:15:58 [JavaFX Application Thread] INFO  p.c.a.v.c.CronogramasClienteController - Cargado cronograma con 26 cuotas para préstamo 1
2025-10-07 20:15:58 [JavaFX Application Thread] INFO  p.c.a.v.c.CronogramasClienteController - Cargados 2 préstamos para el cliente 11111111
2025-10-07 20:16:00 [JavaFX Application Thread] ERROR p.c.app.dao.impl.PrestamoDAOImpl - Error al buscar préstamos por cliente y estado: 11111111, ACTIVO
java.sql.SQLException: Column 'cliente_nombre' not found.
	at com.mysql.cj.jdbc.exceptions.SQLError.createSQLException(SQLError.java:130)
	at com.mysql.cj.jdbc.exceptions.SQLError.createSQLException(SQLError.java:98)
	at com.mysql.cj.jdbc.exceptions.SQLError.createSQLException(SQLError.java:90)
	at com.mysql.cj.jdbc.exceptions.SQLError.createSQLException(SQLError.java:64)
	at com.mysql.cj.jdbc.result.ResultSetImpl.findColumn(ResultSetImpl.java:584)
	at com.mysql.cj.jdbc.result.ResultSetImpl.getString(ResultSetImpl.java:896)
	at com.zaxxer.hikari.pool.HikariProxyResultSet.getString(HikariProxyResultSet.java)
	at pe.crediactiva.app.dao.impl.PrestamoDAOImpl.mapResultSetToPrestamo(PrestamoDAOImpl.java:544)
	at pe.crediactiva.app.dao.impl.PrestamoDAOImpl.findByClienteAndEstado(PrestamoDAOImpl.java:497)
	at pe.crediactiva.app.service.PrestamoService.obtenerPrestamosActivosPorCliente(PrestamoService.java:402)
	at pe.crediactiva.app.view.cliente.ClienteMainController.cargarEstadisticasResumen(ClienteMainController.java:198)
	at pe.crediactiva.app.view.cliente.ClienteMainController.initialize(ClienteMainController.java:147)
	at java.base/jdk.internal.reflect.DirectMethodHandleAccessor.invoke(DirectMethodHandleAccessor.java:103)
	at java.base/java.lang.reflect.Method.invoke(Method.java:580)
	at com.sun.javafx.reflect.Trampoline.invoke(MethodUtil.java:72)
	at java.base/jdk.internal.reflect.DirectMethodHandleAccessor.invoke(DirectMethodHandleAccessor.java:103)
	at java.base/java.lang.reflect.Method.invoke(Method.java:580)
	at javafx.base@21.0.1/com.sun.javafx.reflect.MethodUtil.invoke(MethodUtil.java:270)
	at javafx.fxml@21.0.1/com.sun.javafx.fxml.MethodHelper.invoke(MethodHelper.java:84)
	at javafx.fxml@21.0.1/javafx.fxml.FXMLLoader.loadImpl(FXMLLoader.java:2688)
	at javafx.fxml@21.0.1/javafx.fxml.FXMLLoader.loadImpl(FXMLLoader.java:2563)
	at javafx.fxml@21.0.1/javafx.fxml.FXMLLoader.load(FXMLLoader.java:2531)
	at pe.crediactiva.app.view.cliente.CronogramasClienteController.handleVolver(CronogramasClienteController.java:393)
	at java.base/jdk.internal.reflect.DirectMethodHandleAccessor.invoke(DirectMethodHandleAccessor.java:103)
	at java.base/java.lang.reflect.Method.invoke(Method.java:580)
	at com.sun.javafx.reflect.Trampoline.invoke(MethodUtil.java:72)
	at java.base/jdk.internal.reflect.DirectMethodHandleAccessor.invoke(DirectMethodHandleAccessor.java:103)
	at java.base/java.lang.reflect.Method.invoke(Method.java:580)
	at javafx.base@21.0.1/com.sun.javafx.reflect.MethodUtil.invoke(MethodUtil.java:270)
	at javafx.fxml@21.0.1/com.sun.javafx.fxml.MethodHelper.invoke(MethodHelper.java:84)
	at javafx.fxml@21.0.1/javafx.fxml.FXMLLoader$MethodHandler.invoke(FXMLLoader.java:1855)
	at javafx.fxml@21.0.1/javafx.fxml.FXMLLoader$ControllerMethodEventHandler.handle(FXMLLoader.java:1726)
	at javafx.base@21.0.1/com.sun.javafx.event.CompositeEventHandler.dispatchBubblingEvent(CompositeEventHandler.java:86)
	at javafx.base@21.0.1/com.sun.javafx.event.EventHandlerManager.dispatchBubblingEvent(EventHandlerManager.java:232)
	at javafx.base@21.0.1/com.sun.javafx.event.EventHandlerManager.dispatchBubblingEvent(EventHandlerManager.java:189)
	at javafx.base@21.0.1/com.sun.javafx.event.CompositeEventDispatcher.dispatchBubblingEvent(CompositeEventDispatcher.java:59)
	at javafx.base@21.0.1/com.sun.javafx.event.BasicEventDispatcher.dispatchEvent(BasicEventDispatcher.java:58)
	at javafx.base@21.0.1/com.sun.javafx.event.EventDispatchChainImpl.dispatchEvent(EventDispatchChainImpl.java:114)
	at javafx.base@21.0.1/com.sun.javafx.event.BasicEventDispatcher.dispatchEvent(BasicEventDispatcher.java:56)
	at javafx.base@21.0.1/com.sun.javafx.event.EventDispatchChainImpl.dispatchEvent(EventDispatchChainImpl.java:114)
	at javafx.base@21.0.1/com.sun.javafx.event.BasicEventDispatcher.dispatchEvent(BasicEventDispatcher.java:56)
	at javafx.base@21.0.1/com.sun.javafx.event.EventDispatchChainImpl.dispatchEvent(EventDispatchChainImpl.java:114)
	at javafx.base@21.0.1/com.sun.javafx.event.EventUtil.fireEventImpl(EventUtil.java:74)
	at javafx.base@21.0.1/com.sun.javafx.event.EventUtil.fireEvent(EventUtil.java:49)
	at javafx.base@21.0.1/javafx.event.Event.fireEvent(Event.java:198)
	at javafx.graphics@21.0.1/javafx.scene.Node.fireEvent(Node.java:8875)
	at javafx.controls@21.0.1/javafx.scene.control.Button.fire(Button.java:203)
	at javafx.controls@21.0.1/com.sun.javafx.scene.control.behavior.ButtonBehavior.mouseReleased(ButtonBehavior.java:207)
	at javafx.controls@21.0.1/com.sun.javafx.scene.control.inputmap.InputMap.handle(InputMap.java:274)
	at javafx.base@21.0.1/com.sun.javafx.event.CompositeEventHandler$NormalEventHandlerRecord.handleBubblingEvent(CompositeEventHandler.java:247)
	at javafx.base@21.0.1/com.sun.javafx.event.CompositeEventHandler.dispatchBubblingEvent(CompositeEventHandler.java:80)
	at javafx.base@21.0.1/com.sun.javafx.event.EventHandlerManager.dispatchBubblingEvent(EventHandlerManager.java:232)
	at javafx.base@21.0.1/com.sun.javafx.event.EventHandlerManager.dispatchBubblingEvent(EventHandlerManager.java:189)
	at javafx.base@21.0.1/com.sun.javafx.event.CompositeEventDispatcher.dispatchBubblingEvent(CompositeEventDispatcher.java:59)
	at javafx.base@21.0.1/com.sun.javafx.event.BasicEventDispatcher.dispatchEvent(BasicEventDispatcher.java:58)
	at javafx.base@21.0.1/com.sun.javafx.event.EventDispatchChainImpl.dispatchEvent(EventDispatchChainImpl.java:114)
	at javafx.base@21.0.1/com.sun.javafx.event.BasicEventDispatcher.dispatchEvent(BasicEventDispatcher.java:56)
	at javafx.base@21.0.1/com.sun.javafx.event.EventDispatchChainImpl.dispatchEvent(EventDispatchChainImpl.java:114)
	at javafx.base@21.0.1/com.sun.javafx.event.BasicEventDispatcher.dispatchEvent(BasicEventDispatcher.java:56)
	at javafx.base@21.0.1/com.sun.javafx.event.EventDispatchChainImpl.dispatchEvent(EventDispatchChainImpl.java:114)
	at javafx.base@21.0.1/com.sun.javafx.event.EventUtil.fireEventImpl(EventUtil.java:74)
	at javafx.base@21.0.1/com.sun.javafx.event.EventUtil.fireEvent(EventUtil.java:54)
	at javafx.base@21.0.1/javafx.event.Event.fireEvent(Event.java:198)
	at javafx.graphics@21.0.1/javafx.scene.Scene$MouseHandler.process(Scene.java:3984)
	at javafx.graphics@21.0.1/javafx.scene.Scene.processMouseEvent(Scene.java:1890)
	at javafx.graphics@21.0.1/javafx.scene.Scene$ScenePeerListener.mouseEvent(Scene.java:2708)
	at javafx.graphics@21.0.1/com.sun.javafx.tk.quantum.GlassViewEventHandler$MouseEventNotification.run(GlassViewEventHandler.java:411)
	at javafx.graphics@21.0.1/com.sun.javafx.tk.quantum.GlassViewEventHandler$MouseEventNotification.run(GlassViewEventHandler.java:301)
	at java.base/java.security.AccessController.doPrivileged(AccessController.java:400)
	at javafx.graphics@21.0.1/com.sun.javafx.tk.quantum.GlassViewEventHandler.lambda$handleMouseEvent$2(GlassViewEventHandler.java:450)
	at javafx.graphics@21.0.1/com.sun.javafx.tk.quantum.QuantumToolkit.runWithoutRenderLock(QuantumToolkit.java:424)
	at javafx.graphics@21.0.1/com.sun.javafx.tk.quantum.GlassViewEventHandler.handleMouseEvent(GlassViewEventHandler.java:449)
	at javafx.graphics@21.0.1/com.sun.glass.ui.View.handleMouseEvent(View.java:551)
	at javafx.graphics@21.0.1/com.sun.glass.ui.View.notifyMouse(View.java:937)
	at javafx.graphics@21.0.1/com.sun.glass.ui.win.WinApplication._runLoop(Native Method)
	at javafx.graphics@21.0.1/com.sun.glass.ui.win.WinApplication.lambda$runLoop$3(WinApplication.java:185)
	at java.base/java.lang.Thread.run(Thread.java:1583)
2025-10-07 20:16:01 [JavaFX Application Thread] INFO  p.c.a.v.c.PrestamosClienteController - Cargados 2 préstamos para el cliente 11111111
2025-10-07 20:16:02 [JavaFX Application Thread] ERROR p.c.app.dao.impl.PrestamoDAOImpl - Error al buscar préstamos por cliente y estado: 11111111, ACTIVO
java.sql.SQLException: Column 'cliente_nombre' not found.
	at com.mysql.cj.jdbc.exceptions.SQLError.createSQLException(SQLError.java:130)
	at com.mysql.cj.jdbc.exceptions.SQLError.createSQLException(SQLError.java:98)
	at com.mysql.cj.jdbc.exceptions.SQLError.createSQLException(SQLError.java:90)
	at com.mysql.cj.jdbc.exceptions.SQLError.createSQLException(SQLError.java:64)
	at com.mysql.cj.jdbc.result.ResultSetImpl.findColumn(ResultSetImpl.java:584)
	at com.mysql.cj.jdbc.result.ResultSetImpl.getString(ResultSetImpl.java:896)
	at com.zaxxer.hikari.pool.HikariProxyResultSet.getString(HikariProxyResultSet.java)
	at pe.crediactiva.app.dao.impl.PrestamoDAOImpl.mapResultSetToPrestamo(PrestamoDAOImpl.java:544)
	at pe.crediactiva.app.dao.impl.PrestamoDAOImpl.findByClienteAndEstado(PrestamoDAOImpl.java:497)
	at pe.crediactiva.app.service.PrestamoService.obtenerPrestamosActivosPorCliente(PrestamoService.java:402)
	at pe.crediactiva.app.view.cliente.ClienteMainController.cargarEstadisticasResumen(ClienteMainController.java:198)
	at pe.crediactiva.app.view.cliente.ClienteMainController.initialize(ClienteMainController.java:147)
	at java.base/jdk.internal.reflect.DirectMethodHandleAccessor.invoke(DirectMethodHandleAccessor.java:103)
	at java.base/java.lang.reflect.Method.invoke(Method.java:580)
	at com.sun.javafx.reflect.Trampoline.invoke(MethodUtil.java:72)
	at java.base/jdk.internal.reflect.DirectMethodHandleAccessor.invoke(DirectMethodHandleAccessor.java:103)
	at java.base/java.lang.reflect.Method.invoke(Method.java:580)
	at javafx.base@21.0.1/com.sun.javafx.reflect.MethodUtil.invoke(MethodUtil.java:270)
	at javafx.fxml@21.0.1/com.sun.javafx.fxml.MethodHelper.invoke(MethodHelper.java:84)
	at javafx.fxml@21.0.1/javafx.fxml.FXMLLoader.loadImpl(FXMLLoader.java:2688)
	at javafx.fxml@21.0.1/javafx.fxml.FXMLLoader.loadImpl(FXMLLoader.java:2563)
	at javafx.fxml@21.0.1/javafx.fxml.FXMLLoader.load(FXMLLoader.java:2531)
	at pe.crediactiva.app.view.cliente.PrestamosClienteController.handleVolver(PrestamosClienteController.java:287)
	at java.base/jdk.internal.reflect.DirectMethodHandleAccessor.invoke(DirectMethodHandleAccessor.java:103)
	at java.base/java.lang.reflect.Method.invoke(Method.java:580)
	at com.sun.javafx.reflect.Trampoline.invoke(MethodUtil.java:72)
	at java.base/jdk.internal.reflect.DirectMethodHandleAccessor.invoke(DirectMethodHandleAccessor.java:103)
	at java.base/java.lang.reflect.Method.invoke(Method.java:580)
	at javafx.base@21.0.1/com.sun.javafx.reflect.MethodUtil.invoke(MethodUtil.java:270)
	at javafx.fxml@21.0.1/com.sun.javafx.fxml.MethodHelper.invoke(MethodHelper.java:84)
	at javafx.fxml@21.0.1/javafx.fxml.FXMLLoader$MethodHandler.invoke(FXMLLoader.java:1855)
	at javafx.fxml@21.0.1/javafx.fxml.FXMLLoader$ControllerMethodEventHandler.handle(FXMLLoader.java:1726)
	at javafx.base@21.0.1/com.sun.javafx.event.CompositeEventHandler.dispatchBubblingEvent(CompositeEventHandler.java:86)
	at javafx.base@21.0.1/com.sun.javafx.event.EventHandlerManager.dispatchBubblingEvent(EventHandlerManager.java:232)
	at javafx.base@21.0.1/com.sun.javafx.event.EventHandlerManager.dispatchBubblingEvent(EventHandlerManager.java:189)
	at javafx.base@21.0.1/com.sun.javafx.event.CompositeEventDispatcher.dispatchBubblingEvent(CompositeEventDispatcher.java:59)
	at javafx.base@21.0.1/com.sun.javafx.event.BasicEventDispatcher.dispatchEvent(BasicEventDispatcher.java:58)
	at javafx.base@21.0.1/com.sun.javafx.event.EventDispatchChainImpl.dispatchEvent(EventDispatchChainImpl.java:114)
	at javafx.base@21.0.1/com.sun.javafx.event.BasicEventDispatcher.dispatchEvent(BasicEventDispatcher.java:56)
	at javafx.base@21.0.1/com.sun.javafx.event.EventDispatchChainImpl.dispatchEvent(EventDispatchChainImpl.java:114)
	at javafx.base@21.0.1/com.sun.javafx.event.BasicEventDispatcher.dispatchEvent(BasicEventDispatcher.java:56)
	at javafx.base@21.0.1/com.sun.javafx.event.EventDispatchChainImpl.dispatchEvent(EventDispatchChainImpl.java:114)
	at javafx.base@21.0.1/com.sun.javafx.event.EventUtil.fireEventImpl(EventUtil.java:74)
	at javafx.base@21.0.1/com.sun.javafx.event.EventUtil.fireEvent(EventUtil.java:49)
	at javafx.base@21.0.1/javafx.event.Event.fireEvent(Event.java:198)
	at javafx.graphics@21.0.1/javafx.scene.Node.fireEvent(Node.java:8875)
	at javafx.controls@21.0.1/javafx.scene.control.Button.fire(Button.java:203)
	at javafx.controls@21.0.1/com.sun.javafx.scene.control.behavior.ButtonBehavior.mouseReleased(ButtonBehavior.java:207)
	at javafx.controls@21.0.1/com.sun.javafx.scene.control.inputmap.InputMap.handle(InputMap.java:274)
	at javafx.base@21.0.1/com.sun.javafx.event.CompositeEventHandler$NormalEventHandlerRecord.handleBubblingEvent(CompositeEventHandler.java:247)
	at javafx.base@21.0.1/com.sun.javafx.event.CompositeEventHandler.dispatchBubblingEvent(CompositeEventHandler.java:80)
	at javafx.base@21.0.1/com.sun.javafx.event.EventHandlerManager.dispatchBubblingEvent(EventHandlerManager.java:232)
	at javafx.base@21.0.1/com.sun.javafx.event.EventHandlerManager.dispatchBubblingEvent(EventHandlerManager.java:189)
	at javafx.base@21.0.1/com.sun.javafx.event.CompositeEventDispatcher.dispatchBubblingEvent(CompositeEventDispatcher.java:59)
	at javafx.base@21.0.1/com.sun.javafx.event.BasicEventDispatcher.dispatchEvent(BasicEventDispatcher.java:58)
	at javafx.base@21.0.1/com.sun.javafx.event.EventDispatchChainImpl.dispatchEvent(EventDispatchChainImpl.java:114)
	at javafx.base@21.0.1/com.sun.javafx.event.BasicEventDispatcher.dispatchEvent(BasicEventDispatcher.java:56)
	at javafx.base@21.0.1/com.sun.javafx.event.EventDispatchChainImpl.dispatchEvent(EventDispatchChainImpl.java:114)
	at javafx.base@21.0.1/com.sun.javafx.event.BasicEventDispatcher.dispatchEvent(BasicEventDispatcher.java:56)
	at javafx.base@21.0.1/com.sun.javafx.event.EventDispatchChainImpl.dispatchEvent(EventDispatchChainImpl.java:114)
	at javafx.base@21.0.1/com.sun.javafx.event.EventUtil.fireEventImpl(EventUtil.java:74)
	at javafx.base@21.0.1/com.sun.javafx.event.EventUtil.fireEvent(EventUtil.java:54)
	at javafx.base@21.0.1/javafx.event.Event.fireEvent(Event.java:198)
	at javafx.graphics@21.0.1/javafx.scene.Scene$MouseHandler.process(Scene.java:3984)
	at javafx.graphics@21.0.1/javafx.scene.Scene.processMouseEvent(Scene.java:1890)
	at javafx.graphics@21.0.1/javafx.scene.Scene$ScenePeerListener.mouseEvent(Scene.java:2708)
	at javafx.graphics@21.0.1/com.sun.javafx.tk.quantum.GlassViewEventHandler$MouseEventNotification.run(GlassViewEventHandler.java:411)
	at javafx.graphics@21.0.1/com.sun.javafx.tk.quantum.GlassViewEventHandler$MouseEventNotification.run(GlassViewEventHandler.java:301)
	at java.base/java.security.AccessController.doPrivileged(AccessController.java:400)
	at javafx.graphics@21.0.1/com.sun.javafx.tk.quantum.GlassViewEventHandler.lambda$handleMouseEvent$2(GlassViewEventHandler.java:450)
	at javafx.graphics@21.0.1/com.sun.javafx.tk.quantum.QuantumToolkit.runWithoutRenderLock(QuantumToolkit.java:424)
	at javafx.graphics@21.0.1/com.sun.javafx.tk.quantum.GlassViewEventHandler.handleMouseEvent(GlassViewEventHandler.java:449)
	at javafx.graphics@21.0.1/com.sun.glass.ui.View.handleMouseEvent(View.java:551)
	at javafx.graphics@21.0.1/com.sun.glass.ui.View.notifyMouse(View.java:937)
	at javafx.graphics@21.0.1/com.sun.glass.ui.win.WinApplication._runLoop(Native Method)
	at javafx.graphics@21.0.1/com.sun.glass.ui.win.WinApplication.lambda$runLoop$3(WinApplication.java:185)
	at java.base/java.lang.Thread.run(Thread.java:1583)
2025-10-07 20:16:04 [JavaFX Application Thread] INFO  p.c.a.v.c.HistorialClienteController - Pantalla de historial del cliente inicializada correctamente
2025-10-07 20:16:15 [JavaFX Application Thread] INFO  p.c.a.service.AuthenticationService - Usuario cerró sesión: 11111111
2025-10-07 20:16:15 [JavaFX Application Thread] INFO  p.c.a.v.c.ClienteMainController - Cliente cerró sesión
2025-10-07 20:16:26 [JavaFX Application Thread] INFO  p.c.app.dao.impl.UsuarioDAOImpl - Usuario autenticado exitosamente: 99999999
2025-10-07 20:16:26 [JavaFX Application Thread] INFO  p.c.a.service.AuthenticationService - Usuario autenticado exitosamente: 99999999 - ADMIN
2025-10-07 20:16:26 [JavaFX Application Thread] INFO  p.c.app.view.LoginController - Usuario autenticado exitosamente: 99999999
2025-10-07 20:16:26 [JavaFX Application Thread] INFO  p.c.app.view.LoginController - Usuario redirigido a pantalla principal: ADMIN
2025-10-07 20:16:32 [JavaFX Application Thread] INFO  p.c.a.v.a.BandejaSolicitudesController - Cache de nombres cargado: 2 clientes, 1 asesores
2025-10-07 20:16:32 [JavaFX Application Thread] INFO  p.c.a.v.a.BandejaSolicitudesController - Cargadas 2 solicitudes pendientes desde la base de datos
2025-10-07 20:16:32 [JavaFX Application Thread] INFO  p.c.a.v.a.BandejaSolicitudesController - Bandeja de solicitudes inicializada correctamente
2025-10-07 20:16:32 [JavaFX Application Thread] INFO  p.c.a.view.admin.AdminMainController - Cargada bandeja de solicitudes
2025-10-07 20:16:36 [JavaFX Application Thread] INFO  p.c.a.v.a.DetallePrestamoController - Detalle de préstamo inicializado correctamente
2025-10-07 20:16:36 [JavaFX Application Thread] INFO  p.c.a.v.a.DetallePrestamoController - Datos del préstamo cargados: ID 6
2025-10-07 20:16:42 [JavaFX Application Thread] INFO  p.c.a.v.a.BandejaSolicitudesController - Cache de nombres cargado: 2 clientes, 1 asesores
2025-10-07 20:16:42 [JavaFX Application Thread] INFO  p.c.a.v.a.BandejaSolicitudesController - Cargadas 2 solicitudes pendientes desde la base de datos
2025-10-07 20:16:42 [JavaFX Application Thread] INFO  p.c.a.v.a.BandejaSolicitudesController - Ventana de detalles abierta para préstamo ID: 6
2025-10-07 20:16:42 [JavaFX Application Thread] INFO  p.c.a.v.a.DetallePrestamoController - Detalle de préstamo inicializado correctamente
2025-10-07 20:16:42 [JavaFX Application Thread] INFO  p.c.a.v.a.DetallePrestamoController - Datos del préstamo cargados: ID 6
2025-10-07 20:16:43 [JavaFX Application Thread] INFO  p.c.a.v.a.BandejaSolicitudesController - Cache de nombres cargado: 2 clientes, 1 asesores
2025-10-07 20:16:43 [JavaFX Application Thread] INFO  p.c.a.v.a.BandejaSolicitudesController - Cargadas 2 solicitudes pendientes desde la base de datos
2025-10-07 20:16:43 [JavaFX Application Thread] INFO  p.c.a.v.a.BandejaSolicitudesController - Ventana de detalles abierta para préstamo ID: 6
2025-10-07 21:10:11 [JavaFX Application Thread] INFO  p.c.app.config.DatabaseConfig - Pool de conexiones cerrado correctamente
2025-10-07 21:10:11 [JavaFX Application Thread] INFO  pe.crediactiva.app.Main - Aplicación CrediActiva cerrada
2025-10-07 21:12:33 [main] INFO  pe.crediactiva.app.Main - Iniciando aplicación CrediActiva Desktop v1.0.0
2025-10-07 21:12:33 [JavaFX Application Thread] INFO  pe.crediactiva.app.Main - Icono no encontrado, continuando sin icono
2025-10-07 21:12:33 [JavaFX Application Thread] INFO  p.c.app.config.DatabaseConfig - Propiedades de base de datos cargadas correctamente
2025-10-07 21:12:33 [JavaFX Application Thread] INFO  p.c.app.config.DatabaseConfig - Pool de conexiones HikariCP inicializado correctamente
2025-10-07 21:12:34 [JavaFX Application Thread] INFO  pe.crediactiva.app.Main - Aplicación CrediActiva iniciada correctamente
2025-10-07 21:12:46 [JavaFX Application Thread] INFO  p.c.app.dao.impl.UsuarioDAOImpl - Usuario autenticado exitosamente: 12345678
2025-10-07 21:12:46 [JavaFX Application Thread] INFO  p.c.a.service.AuthenticationService - Usuario autenticado exitosamente: 12345678 - ASESOR
2025-10-07 21:12:46 [JavaFX Application Thread] INFO  p.c.app.view.LoginController - Usuario autenticado exitosamente: 12345678
2025-10-07 21:12:47 [JavaFX Application Thread] INFO  p.c.app.view.LoginController - Usuario redirigido a pantalla principal: ASESOR
2025-10-07 21:12:56 [JavaFX Application Thread] INFO  p.c.a.service.AuthenticationService - Usuario cerró sesión: 12345678
2025-10-07 21:12:56 [JavaFX Application Thread] INFO  p.c.a.v.asesor.AsesorMainController - Asesor cerró sesión
2025-10-07 21:13:09 [JavaFX Application Thread] INFO  p.c.app.dao.impl.UsuarioDAOImpl - Usuario autenticado exitosamente: 99999999
2025-10-07 21:13:09 [JavaFX Application Thread] INFO  p.c.a.service.AuthenticationService - Usuario autenticado exitosamente: 99999999 - ADMIN
2025-10-07 21:13:09 [JavaFX Application Thread] INFO  p.c.app.view.LoginController - Usuario autenticado exitosamente: 99999999
2025-10-07 21:13:09 [JavaFX Application Thread] INFO  p.c.app.view.LoginController - Usuario redirigido a pantalla principal: ADMIN
2025-10-07 21:13:17 [JavaFX Application Thread] ERROR p.c.a.view.admin.AdminMainController - Error al cargar administración de pagos
javafx.fxml.LoadException: GroupBox is not a valid type.
/C:/Users/USER/OneDrive/Escritorio/proyecto_v4.0/target/classes/fxml/admin/AdministrarPagosView.fxml:79

	at javafx.fxml@21.0.1/javafx.fxml.FXMLLoader.constructLoadException(FXMLLoader.java:2718)
	at javafx.fxml@21.0.1/javafx.fxml.FXMLLoader.createElement(FXMLLoader.java:2920)
	at javafx.fxml@21.0.1/javafx.fxml.FXMLLoader.processStartElement(FXMLLoader.java:2850)
	at javafx.fxml@21.0.1/javafx.fxml.FXMLLoader.loadImpl(FXMLLoader.java:2649)
	at javafx.fxml@21.0.1/javafx.fxml.FXMLLoader.loadImpl(FXMLLoader.java:2563)
	at javafx.fxml@21.0.1/javafx.fxml.FXMLLoader.load(FXMLLoader.java:2531)
	at pe.crediactiva.app.view.admin.AdminMainController.handleAdministrarPagos(AdminMainController.java:157)
	at java.base/jdk.internal.reflect.DirectMethodHandleAccessor.invoke(DirectMethodHandleAccessor.java:103)
	at java.base/java.lang.reflect.Method.invoke(Method.java:580)
	at com.sun.javafx.reflect.Trampoline.invoke(MethodUtil.java:72)
	at java.base/jdk.internal.reflect.DirectMethodHandleAccessor.invoke(DirectMethodHandleAccessor.java:103)
	at java.base/java.lang.reflect.Method.invoke(Method.java:580)
	at javafx.base@21.0.1/com.sun.javafx.reflect.MethodUtil.invoke(MethodUtil.java:270)
	at javafx.fxml@21.0.1/com.sun.javafx.fxml.MethodHelper.invoke(MethodHelper.java:84)
	at javafx.fxml@21.0.1/javafx.fxml.FXMLLoader$MethodHandler.invoke(FXMLLoader.java:1855)
	at javafx.fxml@21.0.1/javafx.fxml.FXMLLoader$ControllerMethodEventHandler.handle(FXMLLoader.java:1726)
	at javafx.base@21.0.1/com.sun.javafx.event.CompositeEventHandler.dispatchBubblingEvent(CompositeEventHandler.java:86)
	at javafx.base@21.0.1/com.sun.javafx.event.EventHandlerManager.dispatchBubblingEvent(EventHandlerManager.java:232)
	at javafx.base@21.0.1/com.sun.javafx.event.EventHandlerManager.dispatchBubblingEvent(EventHandlerManager.java:189)
	at javafx.base@21.0.1/com.sun.javafx.event.CompositeEventDispatcher.dispatchBubblingEvent(CompositeEventDispatcher.java:59)
	at javafx.base@21.0.1/com.sun.javafx.event.BasicEventDispatcher.dispatchEvent(BasicEventDispatcher.java:58)
	at javafx.base@21.0.1/com.sun.javafx.event.EventDispatchChainImpl.dispatchEvent(EventDispatchChainImpl.java:114)
	at javafx.base@21.0.1/com.sun.javafx.event.BasicEventDispatcher.dispatchEvent(BasicEventDispatcher.java:56)
	at javafx.base@21.0.1/com.sun.javafx.event.EventDispatchChainImpl.dispatchEvent(EventDispatchChainImpl.java:114)
	at javafx.base@21.0.1/com.sun.javafx.event.BasicEventDispatcher.dispatchEvent(BasicEventDispatcher.java:56)
	at javafx.base@21.0.1/com.sun.javafx.event.EventDispatchChainImpl.dispatchEvent(EventDispatchChainImpl.java:114)
	at javafx.base@21.0.1/com.sun.javafx.event.BasicEventDispatcher.dispatchEvent(BasicEventDispatcher.java:56)
	at javafx.base@21.0.1/com.sun.javafx.event.EventDispatchChainImpl.dispatchEvent(EventDispatchChainImpl.java:114)
	at javafx.base@21.0.1/com.sun.javafx.event.BasicEventDispatcher.dispatchEvent(BasicEventDispatcher.java:56)
	at javafx.base@21.0.1/com.sun.javafx.event.EventDispatchChainImpl.dispatchEvent(EventDispatchChainImpl.java:114)
	at javafx.base@21.0.1/com.sun.javafx.event.EventUtil.fireEventImpl(EventUtil.java:74)
	at javafx.base@21.0.1/com.sun.javafx.event.EventUtil.fireEvent(EventUtil.java:49)
	at javafx.base@21.0.1/javafx.event.Event.fireEvent(Event.java:198)
	at javafx.graphics@21.0.1/javafx.scene.Node.fireEvent(Node.java:8875)
	at javafx.controls@21.0.1/javafx.scene.control.Button.fire(Button.java:203)
	at javafx.controls@21.0.1/com.sun.javafx.scene.control.behavior.ButtonBehavior.mouseReleased(ButtonBehavior.java:207)
	at javafx.controls@21.0.1/com.sun.javafx.scene.control.inputmap.InputMap.handle(InputMap.java:274)
	at javafx.base@21.0.1/com.sun.javafx.event.CompositeEventHandler$NormalEventHandlerRecord.handleBubblingEvent(CompositeEventHandler.java:247)
	at javafx.base@21.0.1/com.sun.javafx.event.CompositeEventHandler.dispatchBubblingEvent(CompositeEventHandler.java:80)
	at javafx.base@21.0.1/com.sun.javafx.event.EventHandlerManager.dispatchBubblingEvent(EventHandlerManager.java:232)
	at javafx.base@21.0.1/com.sun.javafx.event.EventHandlerManager.dispatchBubblingEvent(EventHandlerManager.java:189)
	at javafx.base@21.0.1/com.sun.javafx.event.CompositeEventDispatcher.dispatchBubblingEvent(CompositeEventDispatcher.java:59)
	at javafx.base@21.0.1/com.sun.javafx.event.BasicEventDispatcher.dispatchEvent(BasicEventDispatcher.java:58)
	at javafx.base@21.0.1/com.sun.javafx.event.EventDispatchChainImpl.dispatchEvent(EventDispatchChainImpl.java:114)
	at javafx.base@21.0.1/com.sun.javafx.event.BasicEventDispatcher.dispatchEvent(BasicEventDispatcher.java:56)
	at javafx.base@21.0.1/com.sun.javafx.event.EventDispatchChainImpl.dispatchEvent(EventDispatchChainImpl.java:114)
	at javafx.base@21.0.1/com.sun.javafx.event.BasicEventDispatcher.dispatchEvent(BasicEventDispatcher.java:56)
	at javafx.base@21.0.1/com.sun.javafx.event.EventDispatchChainImpl.dispatchEvent(EventDispatchChainImpl.java:114)
	at javafx.base@21.0.1/com.sun.javafx.event.BasicEventDispatcher.dispatchEvent(BasicEventDispatcher.java:56)
	at javafx.base@21.0.1/com.sun.javafx.event.EventDispatchChainImpl.dispatchEvent(EventDispatchChainImpl.java:114)
	at javafx.base@21.0.1/com.sun.javafx.event.BasicEventDispatcher.dispatchEvent(BasicEventDispatcher.java:56)
	at javafx.base@21.0.1/com.sun.javafx.event.EventDispatchChainImpl.dispatchEvent(EventDispatchChainImpl.java:114)
	at javafx.base@21.0.1/com.sun.javafx.event.EventUtil.fireEventImpl(EventUtil.java:74)
	at javafx.base@21.0.1/com.sun.javafx.event.EventUtil.fireEvent(EventUtil.java:54)
	at javafx.base@21.0.1/javafx.event.Event.fireEvent(Event.java:198)
	at javafx.graphics@21.0.1/javafx.scene.Scene$MouseHandler.process(Scene.java:3984)
	at javafx.graphics@21.0.1/javafx.scene.Scene.processMouseEvent(Scene.java:1890)
	at javafx.graphics@21.0.1/javafx.scene.Scene$ScenePeerListener.mouseEvent(Scene.java:2708)
	at javafx.graphics@21.0.1/com.sun.javafx.tk.quantum.GlassViewEventHandler$MouseEventNotification.run(GlassViewEventHandler.java:411)
	at javafx.graphics@21.0.1/com.sun.javafx.tk.quantum.GlassViewEventHandler$MouseEventNotification.run(GlassViewEventHandler.java:301)
	at java.base/java.security.AccessController.doPrivileged(AccessController.java:400)
	at javafx.graphics@21.0.1/com.sun.javafx.tk.quantum.GlassViewEventHandler.lambda$handleMouseEvent$2(GlassViewEventHandler.java:450)
	at javafx.graphics@21.0.1/com.sun.javafx.tk.quantum.QuantumToolkit.runWithoutRenderLock(QuantumToolkit.java:424)
	at javafx.graphics@21.0.1/com.sun.javafx.tk.quantum.GlassViewEventHandler.handleMouseEvent(GlassViewEventHandler.java:449)
	at javafx.graphics@21.0.1/com.sun.glass.ui.View.handleMouseEvent(View.java:551)
	at javafx.graphics@21.0.1/com.sun.glass.ui.View.notifyMouse(View.java:937)
	at javafx.graphics@21.0.1/com.sun.glass.ui.win.WinApplication._runLoop(Native Method)
	at javafx.graphics@21.0.1/com.sun.glass.ui.win.WinApplication.lambda$runLoop$3(WinApplication.java:185)
	at java.base/java.lang.Thread.run(Thread.java:1583)
2025-10-07 21:13:56 [JavaFX Application Thread] INFO  p.c.app.config.DatabaseConfig - Pool de conexiones cerrado correctamente
2025-10-07 21:13:56 [JavaFX Application Thread] INFO  pe.crediactiva.app.Main - Aplicación CrediActiva cerrada
2025-10-07 21:14:03 [main] INFO  pe.crediactiva.app.Main - Iniciando aplicación CrediActiva Desktop v1.0.0
2025-10-07 21:14:03 [JavaFX Application Thread] INFO  pe.crediactiva.app.Main - Icono no encontrado, continuando sin icono
2025-10-07 21:14:03 [JavaFX Application Thread] INFO  p.c.app.config.DatabaseConfig - Propiedades de base de datos cargadas correctamente
2025-10-07 21:14:03 [JavaFX Application Thread] INFO  p.c.app.config.DatabaseConfig - Pool de conexiones HikariCP inicializado correctamente
2025-10-07 21:14:03 [JavaFX Application Thread] INFO  pe.crediactiva.app.Main - Aplicación CrediActiva iniciada correctamente
2025-10-07 21:14:15 [JavaFX Application Thread] INFO  p.c.app.dao.impl.UsuarioDAOImpl - Usuario autenticado exitosamente: 99999999
2025-10-07 21:14:15 [JavaFX Application Thread] INFO  p.c.a.service.AuthenticationService - Usuario autenticado exitosamente: 99999999 - ADMIN
2025-10-07 21:14:15 [JavaFX Application Thread] INFO  p.c.app.view.LoginController - Usuario autenticado exitosamente: 99999999
2025-10-07 21:14:16 [JavaFX Application Thread] INFO  p.c.app.view.LoginController - Usuario redirigido a pantalla principal: ADMIN
2025-10-07 21:15:21 [main] INFO  pe.crediactiva.app.Main - Iniciando aplicación CrediActiva Desktop v1.0.0
2025-10-07 21:15:21 [JavaFX Application Thread] INFO  pe.crediactiva.app.Main - Icono no encontrado, continuando sin icono
2025-10-07 21:15:21 [JavaFX Application Thread] INFO  p.c.app.config.DatabaseConfig - Propiedades de base de datos cargadas correctamente
2025-10-07 21:15:21 [JavaFX Application Thread] INFO  p.c.app.config.DatabaseConfig - Pool de conexiones HikariCP inicializado correctamente
2025-10-07 21:15:22 [JavaFX Application Thread] INFO  pe.crediactiva.app.Main - Aplicación CrediActiva iniciada correctamente
2025-10-07 21:15:40 [JavaFX Application Thread] INFO  p.c.app.dao.impl.UsuarioDAOImpl - Usuario autenticado exitosamente: 99999999
2025-10-07 21:15:40 [JavaFX Application Thread] INFO  p.c.a.service.AuthenticationService - Usuario autenticado exitosamente: 99999999 - ADMIN
2025-10-07 21:15:40 [JavaFX Application Thread] INFO  p.c.app.view.LoginController - Usuario autenticado exitosamente: 99999999
2025-10-07 21:15:41 [JavaFX Application Thread] INFO  p.c.app.view.LoginController - Usuario redirigido a pantalla principal: ADMIN
2025-10-07 21:15:42 [JavaFX Application Thread] INFO  p.c.app.service.AsesorService - Asesor encontrado: María González
2025-10-07 21:15:42 [JavaFX Application Thread] INFO  p.c.a.v.a.BandejaSolicitudesController - Cache de nombres cargado: 2 clientes, 1 asesores
2025-10-07 21:15:42 [JavaFX Application Thread] INFO  p.c.a.v.a.BandejaSolicitudesController - Cargadas 2 solicitudes pendientes desde la base de datos
2025-10-07 21:15:42 [JavaFX Application Thread] INFO  p.c.a.v.a.BandejaSolicitudesController - Bandeja de solicitudes inicializada correctamente
2025-10-07 21:15:42 [JavaFX Application Thread] INFO  p.c.a.view.admin.AdminMainController - Cargada bandeja de solicitudes
2025-10-07 21:15:46 [JavaFX Application Thread] INFO  p.c.a.v.a.DetallePrestamoController - Detalle de préstamo inicializado correctamente
2025-10-07 21:15:46 [JavaFX Application Thread] INFO  p.c.app.service.AsesorService - Asesor encontrado: María González
2025-10-07 21:15:46 [JavaFX Application Thread] INFO  p.c.a.v.a.DetallePrestamoController - Datos del préstamo cargados: ID 6
2025-10-07 21:15:50 [JavaFX Application Thread] INFO  p.c.a.v.a.BandejaSolicitudesController - Cache de nombres cargado: 2 clientes, 1 asesores
2025-10-07 21:15:50 [JavaFX Application Thread] INFO  p.c.a.v.a.BandejaSolicitudesController - Cargadas 2 solicitudes pendientes desde la base de datos
2025-10-07 21:15:50 [JavaFX Application Thread] INFO  p.c.a.v.a.BandejaSolicitudesController - Ventana de detalles abierta para préstamo ID: 6
2025-10-07 21:15:50 [JavaFX Application Thread] INFO  p.c.a.v.a.DetallePrestamoController - Detalle de préstamo inicializado correctamente
2025-10-07 21:15:50 [JavaFX Application Thread] INFO  p.c.app.service.AsesorService - Asesor encontrado: María González
2025-10-07 21:15:50 [JavaFX Application Thread] INFO  p.c.a.v.a.DetallePrestamoController - Datos del préstamo cargados: ID 6
2025-10-07 21:15:51 [JavaFX Application Thread] INFO  p.c.a.v.a.BandejaSolicitudesController - Cache de nombres cargado: 2 clientes, 1 asesores
2025-10-07 21:15:51 [JavaFX Application Thread] INFO  p.c.a.v.a.BandejaSolicitudesController - Cargadas 2 solicitudes pendientes desde la base de datos
2025-10-07 21:15:51 [JavaFX Application Thread] INFO  p.c.a.v.a.BandejaSolicitudesController - Ventana de detalles abierta para préstamo ID: 6
2025-10-07 21:15:53 [JavaFX Application Thread] INFO  p.c.a.v.a.DetallePrestamoController - Detalle de préstamo inicializado correctamente
2025-10-07 21:15:53 [JavaFX Application Thread] INFO  p.c.app.service.AsesorService - Asesor encontrado: María González
2025-10-07 21:15:53 [JavaFX Application Thread] INFO  p.c.a.v.a.DetallePrestamoController - Datos del préstamo cargados: ID 5
2025-10-07 21:15:54 [JavaFX Application Thread] INFO  p.c.a.v.a.BandejaSolicitudesController - Cache de nombres cargado: 2 clientes, 1 asesores
2025-10-07 21:15:54 [JavaFX Application Thread] INFO  p.c.a.v.a.BandejaSolicitudesController - Cargadas 2 solicitudes pendientes desde la base de datos
2025-10-07 21:15:54 [JavaFX Application Thread] INFO  p.c.a.v.a.BandejaSolicitudesController - Ventana de detalles abierta para préstamo ID: 5
2025-10-07 21:15:54 [JavaFX Application Thread] INFO  p.c.a.v.a.DetallePrestamoController - Detalle de préstamo inicializado correctamente
2025-10-07 21:15:54 [JavaFX Application Thread] INFO  p.c.app.service.AsesorService - Asesor encontrado: María González
2025-10-07 21:15:54 [JavaFX Application Thread] INFO  p.c.a.v.a.DetallePrestamoController - Datos del préstamo cargados: ID 5
2025-10-07 21:15:56 [JavaFX Application Thread] INFO  p.c.a.v.a.BandejaSolicitudesController - Cache de nombres cargado: 2 clientes, 1 asesores
2025-10-07 21:15:56 [JavaFX Application Thread] INFO  p.c.a.v.a.BandejaSolicitudesController - Cargadas 2 solicitudes pendientes desde la base de datos
2025-10-07 21:15:56 [JavaFX Application Thread] INFO  p.c.a.v.a.BandejaSolicitudesController - Ventana de detalles abierta para préstamo ID: 5
2025-10-07 21:15:57 [JavaFX Application Thread] INFO  p.c.a.v.a.DetallePrestamoController - Detalle de préstamo inicializado correctamente
2025-10-07 21:15:57 [JavaFX Application Thread] INFO  p.c.app.service.AsesorService - Asesor encontrado: María González
2025-10-07 21:15:57 [JavaFX Application Thread] INFO  p.c.a.v.a.DetallePrestamoController - Datos del préstamo cargados: ID 6
2025-10-07 21:15:59 [JavaFX Application Thread] INFO  p.c.a.v.a.BandejaSolicitudesController - Cache de nombres cargado: 2 clientes, 1 asesores
2025-10-07 21:15:59 [JavaFX Application Thread] INFO  p.c.a.v.a.BandejaSolicitudesController - Cargadas 2 solicitudes pendientes desde la base de datos
2025-10-07 21:15:59 [JavaFX Application Thread] INFO  p.c.a.v.a.BandejaSolicitudesController - Ventana de detalles abierta para préstamo ID: 6
2025-10-07 21:15:59 [JavaFX Application Thread] INFO  p.c.a.v.a.DetallePrestamoController - Detalle de préstamo inicializado correctamente
2025-10-07 21:15:59 [JavaFX Application Thread] INFO  p.c.app.service.AsesorService - Asesor encontrado: María González
2025-10-07 21:15:59 [JavaFX Application Thread] INFO  p.c.a.v.a.DetallePrestamoController - Datos del préstamo cargados: ID 6
2025-10-07 21:16:01 [JavaFX Application Thread] INFO  p.c.a.v.a.BandejaSolicitudesController - Cache de nombres cargado: 2 clientes, 1 asesores
2025-10-07 21:16:01 [JavaFX Application Thread] INFO  p.c.a.v.a.BandejaSolicitudesController - Cargadas 2 solicitudes pendientes desde la base de datos
2025-10-07 21:16:01 [JavaFX Application Thread] INFO  p.c.a.v.a.BandejaSolicitudesController - Ventana de detalles abierta para préstamo ID: 6
2025-10-07 21:16:05 [JavaFX Application Thread] INFO  p.c.app.config.DatabaseConfig - Pool de conexiones cerrado correctamente
2025-10-07 21:16:05 [JavaFX Application Thread] INFO  pe.crediactiva.app.Main - Aplicación CrediActiva cerrada
2025-10-07 21:16:15 [JavaFX Application Thread] ERROR p.c.a.view.admin.AdminMainController - Error al cargar administración de pagos
javafx.fxml.LoadException: GroupBox is not a valid type.
/C:/Users/USER/OneDrive/Escritorio/proyecto_v4.0/target/classes/fxml/admin/AdministrarPagosView.fxml:79

	at javafx.fxml@21.0.1/javafx.fxml.FXMLLoader.constructLoadException(FXMLLoader.java:2718)
	at javafx.fxml@21.0.1/javafx.fxml.FXMLLoader.createElement(FXMLLoader.java:2920)
	at javafx.fxml@21.0.1/javafx.fxml.FXMLLoader.processStartElement(FXMLLoader.java:2850)
	at javafx.fxml@21.0.1/javafx.fxml.FXMLLoader.loadImpl(FXMLLoader.java:2649)
	at javafx.fxml@21.0.1/javafx.fxml.FXMLLoader.loadImpl(FXMLLoader.java:2563)
	at javafx.fxml@21.0.1/javafx.fxml.FXMLLoader.load(FXMLLoader.java:2531)
	at pe.crediactiva.app.view.admin.AdminMainController.handleAdministrarPagos(AdminMainController.java:157)
	at java.base/jdk.internal.reflect.DirectMethodHandleAccessor.invoke(DirectMethodHandleAccessor.java:103)
	at java.base/java.lang.reflect.Method.invoke(Method.java:580)
	at com.sun.javafx.reflect.Trampoline.invoke(MethodUtil.java:72)
	at java.base/jdk.internal.reflect.DirectMethodHandleAccessor.invoke(DirectMethodHandleAccessor.java:103)
	at java.base/java.lang.reflect.Method.invoke(Method.java:580)
	at javafx.base@21.0.1/com.sun.javafx.reflect.MethodUtil.invoke(MethodUtil.java:270)
	at javafx.fxml@21.0.1/com.sun.javafx.fxml.MethodHelper.invoke(MethodHelper.java:84)
	at javafx.fxml@21.0.1/javafx.fxml.FXMLLoader$MethodHandler.invoke(FXMLLoader.java:1855)
	at javafx.fxml@21.0.1/javafx.fxml.FXMLLoader$ControllerMethodEventHandler.handle(FXMLLoader.java:1726)
	at javafx.base@21.0.1/com.sun.javafx.event.CompositeEventHandler.dispatchBubblingEvent(CompositeEventHandler.java:86)
	at javafx.base@21.0.1/com.sun.javafx.event.EventHandlerManager.dispatchBubblingEvent(EventHandlerManager.java:232)
	at javafx.base@21.0.1/com.sun.javafx.event.EventHandlerManager.dispatchBubblingEvent(EventHandlerManager.java:189)
	at javafx.base@21.0.1/com.sun.javafx.event.CompositeEventDispatcher.dispatchBubblingEvent(CompositeEventDispatcher.java:59)
	at javafx.base@21.0.1/com.sun.javafx.event.BasicEventDispatcher.dispatchEvent(BasicEventDispatcher.java:58)
	at javafx.base@21.0.1/com.sun.javafx.event.EventDispatchChainImpl.dispatchEvent(EventDispatchChainImpl.java:114)
	at javafx.base@21.0.1/com.sun.javafx.event.BasicEventDispatcher.dispatchEvent(BasicEventDispatcher.java:56)
	at javafx.base@21.0.1/com.sun.javafx.event.EventDispatchChainImpl.dispatchEvent(EventDispatchChainImpl.java:114)
	at javafx.base@21.0.1/com.sun.javafx.event.BasicEventDispatcher.dispatchEvent(BasicEventDispatcher.java:56)
	at javafx.base@21.0.1/com.sun.javafx.event.EventDispatchChainImpl.dispatchEvent(EventDispatchChainImpl.java:114)
	at javafx.base@21.0.1/com.sun.javafx.event.BasicEventDispatcher.dispatchEvent(BasicEventDispatcher.java:56)
	at javafx.base@21.0.1/com.sun.javafx.event.EventDispatchChainImpl.dispatchEvent(EventDispatchChainImpl.java:114)
	at javafx.base@21.0.1/com.sun.javafx.event.BasicEventDispatcher.dispatchEvent(BasicEventDispatcher.java:56)
	at javafx.base@21.0.1/com.sun.javafx.event.EventDispatchChainImpl.dispatchEvent(EventDispatchChainImpl.java:114)
	at javafx.base@21.0.1/com.sun.javafx.event.EventUtil.fireEventImpl(EventUtil.java:74)
	at javafx.base@21.0.1/com.sun.javafx.event.EventUtil.fireEvent(EventUtil.java:49)
	at javafx.base@21.0.1/javafx.event.Event.fireEvent(Event.java:198)
	at javafx.graphics@21.0.1/javafx.scene.Node.fireEvent(Node.java:8875)
	at javafx.controls@21.0.1/javafx.scene.control.Button.fire(Button.java:203)
	at javafx.controls@21.0.1/com.sun.javafx.scene.control.behavior.ButtonBehavior.mouseReleased(ButtonBehavior.java:207)
	at javafx.controls@21.0.1/com.sun.javafx.scene.control.inputmap.InputMap.handle(InputMap.java:274)
	at javafx.base@21.0.1/com.sun.javafx.event.CompositeEventHandler$NormalEventHandlerRecord.handleBubblingEvent(CompositeEventHandler.java:247)
	at javafx.base@21.0.1/com.sun.javafx.event.CompositeEventHandler.dispatchBubblingEvent(CompositeEventHandler.java:80)
	at javafx.base@21.0.1/com.sun.javafx.event.EventHandlerManager.dispatchBubblingEvent(EventHandlerManager.java:232)
	at javafx.base@21.0.1/com.sun.javafx.event.EventHandlerManager.dispatchBubblingEvent(EventHandlerManager.java:189)
	at javafx.base@21.0.1/com.sun.javafx.event.CompositeEventDispatcher.dispatchBubblingEvent(CompositeEventDispatcher.java:59)
	at javafx.base@21.0.1/com.sun.javafx.event.BasicEventDispatcher.dispatchEvent(BasicEventDispatcher.java:58)
	at javafx.base@21.0.1/com.sun.javafx.event.EventDispatchChainImpl.dispatchEvent(EventDispatchChainImpl.java:114)
	at javafx.base@21.0.1/com.sun.javafx.event.BasicEventDispatcher.dispatchEvent(BasicEventDispatcher.java:56)
	at javafx.base@21.0.1/com.sun.javafx.event.EventDispatchChainImpl.dispatchEvent(EventDispatchChainImpl.java:114)
	at javafx.base@21.0.1/com.sun.javafx.event.BasicEventDispatcher.dispatchEvent(BasicEventDispatcher.java:56)
	at javafx.base@21.0.1/com.sun.javafx.event.EventDispatchChainImpl.dispatchEvent(EventDispatchChainImpl.java:114)
	at javafx.base@21.0.1/com.sun.javafx.event.BasicEventDispatcher.dispatchEvent(BasicEventDispatcher.java:56)
	at javafx.base@21.0.1/com.sun.javafx.event.EventDispatchChainImpl.dispatchEvent(EventDispatchChainImpl.java:114)
	at javafx.base@21.0.1/com.sun.javafx.event.BasicEventDispatcher.dispatchEvent(BasicEventDispatcher.java:56)
	at javafx.base@21.0.1/com.sun.javafx.event.EventDispatchChainImpl.dispatchEvent(EventDispatchChainImpl.java:114)
	at javafx.base@21.0.1/com.sun.javafx.event.EventUtil.fireEventImpl(EventUtil.java:74)
	at javafx.base@21.0.1/com.sun.javafx.event.EventUtil.fireEvent(EventUtil.java:54)
	at javafx.base@21.0.1/javafx.event.Event.fireEvent(Event.java:198)
	at javafx.graphics@21.0.1/javafx.scene.Scene$MouseHandler.process(Scene.java:3984)
	at javafx.graphics@21.0.1/javafx.scene.Scene.processMouseEvent(Scene.java:1890)
	at javafx.graphics@21.0.1/javafx.scene.Scene$ScenePeerListener.mouseEvent(Scene.java:2708)
	at javafx.graphics@21.0.1/com.sun.javafx.tk.quantum.GlassViewEventHandler$MouseEventNotification.run(GlassViewEventHandler.java:411)
	at javafx.graphics@21.0.1/com.sun.javafx.tk.quantum.GlassViewEventHandler$MouseEventNotification.run(GlassViewEventHandler.java:301)
	at java.base/java.security.AccessController.doPrivileged(AccessController.java:400)
	at javafx.graphics@21.0.1/com.sun.javafx.tk.quantum.GlassViewEventHandler.lambda$handleMouseEvent$2(GlassViewEventHandler.java:450)
	at javafx.graphics@21.0.1/com.sun.javafx.tk.quantum.QuantumToolkit.runWithoutRenderLock(QuantumToolkit.java:424)
	at javafx.graphics@21.0.1/com.sun.javafx.tk.quantum.GlassViewEventHandler.handleMouseEvent(GlassViewEventHandler.java:449)
	at javafx.graphics@21.0.1/com.sun.glass.ui.View.handleMouseEvent(View.java:551)
	at javafx.graphics@21.0.1/com.sun.glass.ui.View.notifyMouse(View.java:937)
	at javafx.graphics@21.0.1/com.sun.glass.ui.win.WinApplication._runLoop(Native Method)
	at javafx.graphics@21.0.1/com.sun.glass.ui.win.WinApplication.lambda$runLoop$3(WinApplication.java:185)
	at java.base/java.lang.Thread.run(Thread.java:1583)
2025-10-07 21:16:19 [JavaFX Application Thread] INFO  p.c.app.config.DatabaseConfig - Pool de conexiones cerrado correctamente
2025-10-07 21:16:19 [JavaFX Application Thread] INFO  pe.crediactiva.app.Main - Aplicación CrediActiva cerrada
2025-10-07 21:16:49 [main] INFO  pe.crediactiva.app.Main - Iniciando aplicación CrediActiva Desktop v1.0.0
2025-10-07 21:16:49 [JavaFX Application Thread] INFO  pe.crediactiva.app.Main - Icono no encontrado, continuando sin icono
2025-10-07 21:16:49 [JavaFX Application Thread] INFO  p.c.app.config.DatabaseConfig - Propiedades de base de datos cargadas correctamente
2025-10-07 21:16:49 [JavaFX Application Thread] INFO  p.c.app.config.DatabaseConfig - Pool de conexiones HikariCP inicializado correctamente
2025-10-07 21:16:49 [JavaFX Application Thread] INFO  pe.crediactiva.app.Main - Aplicación CrediActiva iniciada correctamente
2025-10-07 21:16:59 [JavaFX Application Thread] INFO  p.c.app.dao.impl.UsuarioDAOImpl - Usuario autenticado exitosamente: 99999999
2025-10-07 21:16:59 [JavaFX Application Thread] INFO  p.c.a.service.AuthenticationService - Usuario autenticado exitosamente: 99999999 - ADMIN
2025-10-07 21:16:59 [JavaFX Application Thread] INFO  p.c.app.view.LoginController - Usuario autenticado exitosamente: 99999999
2025-10-07 21:16:59 [JavaFX Application Thread] INFO  p.c.app.view.LoginController - Usuario redirigido a pantalla principal: ADMIN
2025-10-07 21:17:01 [JavaFX Application Thread] INFO  p.c.app.service.AsesorService - Asesor encontrado: María González
2025-10-07 21:17:01 [JavaFX Application Thread] INFO  p.c.a.v.a.BandejaSolicitudesController - Cache de nombres cargado: 2 clientes, 1 asesores
2025-10-07 21:17:01 [JavaFX Application Thread] INFO  p.c.a.v.a.BandejaSolicitudesController - Cargadas 2 solicitudes pendientes desde la base de datos
2025-10-07 21:17:01 [JavaFX Application Thread] INFO  p.c.a.v.a.BandejaSolicitudesController - Bandeja de solicitudes inicializada correctamente
2025-10-07 21:17:01 [JavaFX Application Thread] INFO  p.c.a.view.admin.AdminMainController - Cargada bandeja de solicitudes
2025-10-07 21:17:03 [JavaFX Application Thread] INFO  p.c.a.v.a.DetallePrestamoController - Detalle de préstamo inicializado correctamente
2025-10-07 21:17:03 [JavaFX Application Thread] INFO  p.c.app.service.AsesorService - Asesor encontrado: María González
2025-10-07 21:17:03 [JavaFX Application Thread] INFO  p.c.a.v.a.DetallePrestamoController - Datos del préstamo cargados: ID 6
2025-10-07 21:17:07 [JavaFX Application Thread] INFO  p.c.a.v.a.BandejaSolicitudesController - Cache de nombres cargado: 2 clientes, 1 asesores
2025-10-07 21:17:07 [JavaFX Application Thread] INFO  p.c.a.v.a.BandejaSolicitudesController - Cargadas 2 solicitudes pendientes desde la base de datos
2025-10-07 21:17:07 [JavaFX Application Thread] INFO  p.c.a.v.a.BandejaSolicitudesController - Ventana de detalles abierta para préstamo ID: 6
2025-10-07 21:17:07 [JavaFX Application Thread] INFO  p.c.a.v.a.DetallePrestamoController - Detalle de préstamo inicializado correctamente
2025-10-07 21:17:07 [JavaFX Application Thread] INFO  p.c.app.service.AsesorService - Asesor encontrado: María González
2025-10-07 21:17:07 [JavaFX Application Thread] INFO  p.c.a.v.a.DetallePrestamoController - Datos del préstamo cargados: ID 6
2025-10-07 21:17:09 [JavaFX Application Thread] INFO  p.c.a.v.a.BandejaSolicitudesController - Cache de nombres cargado: 2 clientes, 1 asesores
2025-10-07 21:17:09 [JavaFX Application Thread] INFO  p.c.a.v.a.BandejaSolicitudesController - Cargadas 2 solicitudes pendientes desde la base de datos
2025-10-07 21:17:09 [JavaFX Application Thread] INFO  p.c.a.v.a.BandejaSolicitudesController - Ventana de detalles abierta para préstamo ID: 6
2025-10-07 21:17:48 [JavaFX Application Thread] INFO  p.c.a.v.a.DetallePrestamoController - Detalle de préstamo inicializado correctamente
2025-10-07 21:17:48 [JavaFX Application Thread] INFO  p.c.app.service.AsesorService - Asesor encontrado: María González
2025-10-07 21:17:48 [JavaFX Application Thread] INFO  p.c.a.v.a.DetallePrestamoController - Datos del préstamo cargados: ID 6
2025-10-07 21:17:51 [JavaFX Application Thread] INFO  p.c.a.v.a.BandejaSolicitudesController - Cache de nombres cargado: 2 clientes, 1 asesores
2025-10-07 21:17:51 [JavaFX Application Thread] INFO  p.c.a.v.a.BandejaSolicitudesController - Cargadas 2 solicitudes pendientes desde la base de datos
2025-10-07 21:17:51 [JavaFX Application Thread] INFO  p.c.a.v.a.BandejaSolicitudesController - Ventana de detalles abierta para préstamo ID: 6
2025-10-07 21:17:52 [JavaFX Application Thread] INFO  p.c.a.v.a.DetallePrestamoController - Detalle de préstamo inicializado correctamente
2025-10-07 21:17:52 [JavaFX Application Thread] INFO  p.c.app.service.AsesorService - Asesor encontrado: María González
2025-10-07 21:17:52 [JavaFX Application Thread] INFO  p.c.a.v.a.DetallePrestamoController - Datos del préstamo cargados: ID 6
2025-10-07 21:17:53 [JavaFX Application Thread] INFO  p.c.a.v.a.BandejaSolicitudesController - Cache de nombres cargado: 2 clientes, 1 asesores
2025-10-07 21:17:53 [JavaFX Application Thread] INFO  p.c.a.v.a.BandejaSolicitudesController - Cargadas 2 solicitudes pendientes desde la base de datos
2025-10-07 21:17:53 [JavaFX Application Thread] INFO  p.c.a.v.a.BandejaSolicitudesController - Ventana de detalles abierta para préstamo ID: 6
2025-10-07 21:17:54 [JavaFX Application Thread] INFO  p.c.a.v.a.DetallePrestamoController - Detalle de préstamo inicializado correctamente
2025-10-07 21:17:54 [JavaFX Application Thread] INFO  p.c.app.service.AsesorService - Asesor encontrado: María González
2025-10-07 21:17:54 [JavaFX Application Thread] INFO  p.c.a.v.a.DetallePrestamoController - Datos del préstamo cargados: ID 5
2025-10-07 21:17:56 [JavaFX Application Thread] INFO  p.c.a.v.a.BandejaSolicitudesController - Cache de nombres cargado: 2 clientes, 1 asesores
2025-10-07 21:17:56 [JavaFX Application Thread] INFO  p.c.a.v.a.BandejaSolicitudesController - Cargadas 2 solicitudes pendientes desde la base de datos
2025-10-07 21:17:56 [JavaFX Application Thread] INFO  p.c.a.v.a.BandejaSolicitudesController - Ventana de detalles abierta para préstamo ID: 5
2025-10-07 21:17:56 [JavaFX Application Thread] INFO  p.c.a.v.a.DetallePrestamoController - Detalle de préstamo inicializado correctamente
2025-10-07 21:17:56 [JavaFX Application Thread] INFO  p.c.app.service.AsesorService - Asesor encontrado: María González
2025-10-07 21:17:56 [JavaFX Application Thread] INFO  p.c.a.v.a.DetallePrestamoController - Datos del préstamo cargados: ID 5
2025-10-07 21:17:59 [JavaFX Application Thread] INFO  p.c.a.v.a.BandejaSolicitudesController - Cache de nombres cargado: 2 clientes, 1 asesores
2025-10-07 21:17:59 [JavaFX Application Thread] INFO  p.c.a.v.a.BandejaSolicitudesController - Cargadas 2 solicitudes pendientes desde la base de datos
2025-10-07 21:17:59 [JavaFX Application Thread] INFO  p.c.a.v.a.BandejaSolicitudesController - Ventana de detalles abierta para préstamo ID: 5
2025-10-07 21:18:00 [JavaFX Application Thread] INFO  p.c.a.v.a.DetallePrestamoController - Detalle de préstamo inicializado correctamente
2025-10-07 21:18:00 [JavaFX Application Thread] INFO  p.c.app.service.AsesorService - Asesor encontrado: María González
2025-10-07 21:18:00 [JavaFX Application Thread] INFO  p.c.a.v.a.DetallePrestamoController - Datos del préstamo cargados: ID 6
2025-10-07 21:18:01 [JavaFX Application Thread] INFO  p.c.a.v.a.BandejaSolicitudesController - Cache de nombres cargado: 2 clientes, 1 asesores
2025-10-07 21:18:01 [JavaFX Application Thread] INFO  p.c.a.v.a.BandejaSolicitudesController - Cargadas 2 solicitudes pendientes desde la base de datos
2025-10-07 21:18:01 [JavaFX Application Thread] INFO  p.c.a.v.a.BandejaSolicitudesController - Ventana de detalles abierta para préstamo ID: 6
2025-10-07 21:18:01 [JavaFX Application Thread] INFO  p.c.a.v.a.DetallePrestamoController - Detalle de préstamo inicializado correctamente
2025-10-07 21:18:01 [JavaFX Application Thread] INFO  p.c.app.service.AsesorService - Asesor encontrado: María González
2025-10-07 21:18:01 [JavaFX Application Thread] INFO  p.c.a.v.a.DetallePrestamoController - Datos del préstamo cargados: ID 6
2025-10-07 21:18:06 [JavaFX Application Thread] INFO  p.c.a.v.a.BandejaSolicitudesController - Cache de nombres cargado: 2 clientes, 1 asesores
2025-10-07 21:18:06 [JavaFX Application Thread] INFO  p.c.a.v.a.BandejaSolicitudesController - Cargadas 2 solicitudes pendientes desde la base de datos
2025-10-07 21:18:06 [JavaFX Application Thread] INFO  p.c.a.v.a.BandejaSolicitudesController - Ventana de detalles abierta para préstamo ID: 6
2025-10-07 21:18:06 [JavaFX Application Thread] INFO  p.c.a.v.a.DetallePrestamoController - Detalle de préstamo inicializado correctamente
2025-10-07 21:18:06 [JavaFX Application Thread] INFO  p.c.app.service.AsesorService - Asesor encontrado: María González
2025-10-07 21:18:06 [JavaFX Application Thread] INFO  p.c.a.v.a.DetallePrestamoController - Datos del préstamo cargados: ID 5
2025-10-07 21:18:08 [JavaFX Application Thread] INFO  p.c.a.v.a.BandejaSolicitudesController - Cache de nombres cargado: 2 clientes, 1 asesores
2025-10-07 21:18:08 [JavaFX Application Thread] INFO  p.c.a.v.a.BandejaSolicitudesController - Cargadas 2 solicitudes pendientes desde la base de datos
2025-10-07 21:18:08 [JavaFX Application Thread] INFO  p.c.a.v.a.BandejaSolicitudesController - Ventana de detalles abierta para préstamo ID: 5
2025-10-07 21:18:08 [JavaFX Application Thread] INFO  p.c.a.v.a.DetallePrestamoController - Detalle de préstamo inicializado correctamente
2025-10-07 21:18:08 [JavaFX Application Thread] INFO  p.c.app.service.AsesorService - Asesor encontrado: María González
2025-10-07 21:18:08 [JavaFX Application Thread] INFO  p.c.a.v.a.DetallePrestamoController - Datos del préstamo cargados: ID 5
2025-10-07 21:18:09 [JavaFX Application Thread] INFO  p.c.a.v.a.BandejaSolicitudesController - Cache de nombres cargado: 2 clientes, 1 asesores
2025-10-07 21:18:09 [JavaFX Application Thread] INFO  p.c.a.v.a.BandejaSolicitudesController - Cargadas 2 solicitudes pendientes desde la base de datos
2025-10-07 21:18:09 [JavaFX Application Thread] INFO  p.c.a.v.a.BandejaSolicitudesController - Ventana de detalles abierta para préstamo ID: 5
2025-10-07 21:18:18 [JavaFX Application Thread] INFO  p.c.a.v.a.DetallePrestamoController - Detalle de préstamo inicializado correctamente
2025-10-07 21:18:18 [JavaFX Application Thread] INFO  p.c.app.service.AsesorService - Asesor encontrado: María González
2025-10-07 21:18:18 [JavaFX Application Thread] INFO  p.c.a.v.a.DetallePrestamoController - Datos del préstamo cargados: ID 5
2025-10-07 21:20:11 [JavaFX Application Thread] INFO  p.c.a.v.a.BandejaSolicitudesController - Cache de nombres cargado: 2 clientes, 1 asesores
2025-10-07 21:20:11 [JavaFX Application Thread] INFO  p.c.a.v.a.BandejaSolicitudesController - Cargadas 2 solicitudes pendientes desde la base de datos
2025-10-07 21:20:11 [JavaFX Application Thread] INFO  p.c.a.v.a.BandejaSolicitudesController - Ventana de detalles abierta para préstamo ID: 5
2025-10-07 21:20:12 [JavaFX Application Thread] INFO  p.c.app.config.DatabaseConfig - Pool de conexiones cerrado correctamente
2025-10-07 21:20:12 [JavaFX Application Thread] INFO  pe.crediactiva.app.Main - Aplicación CrediActiva cerrada
2025-10-07 21:20:50 [main] INFO  pe.crediactiva.app.Main - Iniciando aplicación CrediActiva Desktop v1.0.0
2025-10-07 21:20:50 [JavaFX Application Thread] INFO  pe.crediactiva.app.Main - Icono no encontrado, continuando sin icono
2025-10-07 21:20:50 [JavaFX Application Thread] INFO  p.c.app.config.DatabaseConfig - Propiedades de base de datos cargadas correctamente
2025-10-07 21:20:50 [JavaFX Application Thread] INFO  p.c.app.config.DatabaseConfig - Pool de conexiones HikariCP inicializado correctamente
2025-10-07 21:20:51 [JavaFX Application Thread] INFO  pe.crediactiva.app.Main - Aplicación CrediActiva iniciada correctamente
2025-10-07 21:21:02 [JavaFX Application Thread] INFO  p.c.app.dao.impl.UsuarioDAOImpl - Usuario autenticado exitosamente: 99999999
2025-10-07 21:21:02 [JavaFX Application Thread] INFO  p.c.a.service.AuthenticationService - Usuario autenticado exitosamente: 99999999 - ADMIN
2025-10-07 21:21:02 [JavaFX Application Thread] INFO  p.c.app.view.LoginController - Usuario autenticado exitosamente: 99999999
2025-10-07 21:21:02 [JavaFX Application Thread] INFO  p.c.app.view.LoginController - Usuario redirigido a pantalla principal: ADMIN
2025-10-07 21:21:04 [JavaFX Application Thread] INFO  p.c.app.service.AsesorService - Asesor encontrado: María González
2025-10-07 21:21:04 [JavaFX Application Thread] INFO  p.c.a.v.a.BandejaSolicitudesController - Cache de nombres cargado: 2 clientes, 1 asesores
2025-10-07 21:21:04 [JavaFX Application Thread] INFO  p.c.a.v.a.BandejaSolicitudesController - Cargadas 2 solicitudes pendientes desde la base de datos
2025-10-07 21:21:04 [JavaFX Application Thread] INFO  p.c.a.v.a.BandejaSolicitudesController - Bandeja de solicitudes inicializada correctamente
2025-10-07 21:21:04 [JavaFX Application Thread] INFO  p.c.a.view.admin.AdminMainController - Cargada bandeja de solicitudes
2025-10-07 21:21:08 [JavaFX Application Thread] INFO  p.c.a.v.a.DetallePrestamoController - Detalle de préstamo inicializado correctamente
2025-10-07 21:21:08 [JavaFX Application Thread] INFO  p.c.app.service.AsesorService - Asesor encontrado: María González
2025-10-07 21:21:08 [JavaFX Application Thread] INFO  p.c.a.v.a.DetallePrestamoController - Datos del préstamo cargados: ID 6
2025-10-07 21:21:10 [JavaFX Application Thread] INFO  p.c.a.v.a.BandejaSolicitudesController - Ventana de detalles abierta para préstamo ID: 6
2025-10-07 21:21:11 [JavaFX Application Thread] INFO  p.c.a.v.a.DetallePrestamoController - Detalle de préstamo inicializado correctamente
2025-10-07 21:21:11 [JavaFX Application Thread] INFO  p.c.app.service.AsesorService - Asesor encontrado: María González
2025-10-07 21:21:11 [JavaFX Application Thread] INFO  p.c.a.v.a.DetallePrestamoController - Datos del préstamo cargados: ID 5
2025-10-07 21:21:12 [JavaFX Application Thread] INFO  p.c.a.v.a.BandejaSolicitudesController - Ventana de detalles abierta para préstamo ID: 5
2025-10-07 21:21:13 [JavaFX Application Thread] INFO  p.c.a.v.a.DetallePrestamoController - Detalle de préstamo inicializado correctamente
2025-10-07 21:21:13 [JavaFX Application Thread] INFO  p.c.app.service.AsesorService - Asesor encontrado: María González
2025-10-07 21:21:13 [JavaFX Application Thread] INFO  p.c.a.v.a.DetallePrestamoController - Datos del préstamo cargados: ID 6
2025-10-07 21:21:15 [JavaFX Application Thread] INFO  p.c.a.v.a.BandejaSolicitudesController - Ventana de detalles abierta para préstamo ID: 6
2025-10-07 21:21:16 [JavaFX Application Thread] INFO  p.c.a.v.a.DetallePrestamoController - Detalle de préstamo inicializado correctamente
2025-10-07 21:21:16 [JavaFX Application Thread] INFO  p.c.app.service.AsesorService - Asesor encontrado: María González
2025-10-07 21:21:16 [JavaFX Application Thread] INFO  p.c.a.v.a.DetallePrestamoController - Datos del préstamo cargados: ID 5
2025-10-07 21:21:17 [JavaFX Application Thread] INFO  p.c.a.v.a.BandejaSolicitudesController - Ventana de detalles abierta para préstamo ID: 5
2025-10-07 21:21:19 [JavaFX Application Thread] INFO  p.c.a.v.a.DetallePrestamoController - Detalle de préstamo inicializado correctamente
2025-10-07 21:21:19 [JavaFX Application Thread] INFO  p.c.app.service.AsesorService - Asesor encontrado: María González
2025-10-07 21:21:19 [JavaFX Application Thread] INFO  p.c.a.v.a.DetallePrestamoController - Datos del préstamo cargados: ID 6
2025-10-07 21:21:32 [JavaFX Application Thread] INFO  p.c.app.dao.impl.PrestamoDAOImpl - Préstamo actualizado exitosamente: 6
2025-10-07 21:21:33 [JavaFX Application Thread] INFO  p.c.app.service.PrestamoService - Cronograma generado para préstamo: 6 - 26 cuotas
2025-10-07 21:21:33 [JavaFX Application Thread] INFO  p.c.app.dao.impl.ClienteDAOImpl - Saldo de capital actualizado para cliente: 11111111 -> 200.0000
2025-10-07 21:21:33 [JavaFX Application Thread] INFO  p.c.app.service.PrestamoService - Abono de capital registrado: 100.0000 para cliente: 11111111
2025-10-07 21:21:33 [JavaFX Application Thread] INFO  p.c.app.service.PrestamoService - Préstamo aprobado exitosamente: 6
2025-10-07 21:21:33 [JavaFX Application Thread] ERROR p.c.app.dao.impl.AuditoriaDAOImpl - Error al crear auditoría
com.mysql.cj.jdbc.exceptions.MysqlDataTruncation: Data truncation: Invalid JSON text: "Invalid value." at position 0 in value for column 'auditoria.valor_anterior'.
	at com.mysql.cj.jdbc.exceptions.SQLExceptionsMapping.translateException(SQLExceptionsMapping.java:104)
	at com.mysql.cj.jdbc.ClientPreparedStatement.executeInternal(ClientPreparedStatement.java:916)
	at com.mysql.cj.jdbc.ClientPreparedStatement.executeUpdateInternal(ClientPreparedStatement.java:1061)
	at com.mysql.cj.jdbc.ClientPreparedStatement.executeUpdateInternal(ClientPreparedStatement.java:1009)
	at com.mysql.cj.jdbc.ClientPreparedStatement.executeLargeUpdate(ClientPreparedStatement.java:1320)
	at com.mysql.cj.jdbc.ClientPreparedStatement.executeUpdate(ClientPreparedStatement.java:994)
	at com.zaxxer.hikari.pool.ProxyPreparedStatement.executeUpdate(ProxyPreparedStatement.java:61)
	at com.zaxxer.hikari.pool.HikariProxyPreparedStatement.executeUpdate(HikariProxyPreparedStatement.java)
	at pe.crediactiva.app.dao.impl.AuditoriaDAOImpl.create(AuditoriaDAOImpl.java:39)
	at pe.crediactiva.app.service.AuditoriaService.registrarAuditoria(AuditoriaService.java:47)
	at pe.crediactiva.app.service.PrestamoService.aprobarPrestamo(PrestamoService.java:117)
	at pe.crediactiva.app.view.admin.DetallePrestamoController.handleAprobar(DetallePrestamoController.java:240)
	at java.base/jdk.internal.reflect.DirectMethodHandleAccessor.invoke(DirectMethodHandleAccessor.java:103)
	at java.base/java.lang.reflect.Method.invoke(Method.java:580)
	at com.sun.javafx.reflect.Trampoline.invoke(MethodUtil.java:72)
	at java.base/jdk.internal.reflect.DirectMethodHandleAccessor.invoke(DirectMethodHandleAccessor.java:103)
	at java.base/java.lang.reflect.Method.invoke(Method.java:580)
	at javafx.base@21.0.1/com.sun.javafx.reflect.MethodUtil.invoke(MethodUtil.java:270)
	at javafx.fxml@21.0.1/com.sun.javafx.fxml.MethodHelper.invoke(MethodHelper.java:84)
	at javafx.fxml@21.0.1/javafx.fxml.FXMLLoader$MethodHandler.invoke(FXMLLoader.java:1855)
	at javafx.fxml@21.0.1/javafx.fxml.FXMLLoader$ControllerMethodEventHandler.handle(FXMLLoader.java:1726)
	at javafx.base@21.0.1/com.sun.javafx.event.CompositeEventHandler.dispatchBubblingEvent(CompositeEventHandler.java:86)
	at javafx.base@21.0.1/com.sun.javafx.event.EventHandlerManager.dispatchBubblingEvent(EventHandlerManager.java:232)
	at javafx.base@21.0.1/com.sun.javafx.event.EventHandlerManager.dispatchBubblingEvent(EventHandlerManager.java:189)
	at javafx.base@21.0.1/com.sun.javafx.event.CompositeEventDispatcher.dispatchBubblingEvent(CompositeEventDispatcher.java:59)
	at javafx.base@21.0.1/com.sun.javafx.event.BasicEventDispatcher.dispatchEvent(BasicEventDispatcher.java:58)
	at javafx.base@21.0.1/com.sun.javafx.event.EventDispatchChainImpl.dispatchEvent(EventDispatchChainImpl.java:114)
	at javafx.base@21.0.1/com.sun.javafx.event.BasicEventDispatcher.dispatchEvent(BasicEventDispatcher.java:56)
	at javafx.base@21.0.1/com.sun.javafx.event.EventDispatchChainImpl.dispatchEvent(EventDispatchChainImpl.java:114)
	at javafx.base@21.0.1/com.sun.javafx.event.BasicEventDispatcher.dispatchEvent(BasicEventDispatcher.java:56)
	at javafx.base@21.0.1/com.sun.javafx.event.EventDispatchChainImpl.dispatchEvent(EventDispatchChainImpl.java:114)
	at javafx.base@21.0.1/com.sun.javafx.event.EventUtil.fireEventImpl(EventUtil.java:74)
	at javafx.base@21.0.1/com.sun.javafx.event.EventUtil.fireEvent(EventUtil.java:49)
	at javafx.base@21.0.1/javafx.event.Event.fireEvent(Event.java:198)
	at javafx.graphics@21.0.1/javafx.scene.Node.fireEvent(Node.java:8875)
	at javafx.controls@21.0.1/javafx.scene.control.Button.fire(Button.java:203)
	at javafx.controls@21.0.1/com.sun.javafx.scene.control.behavior.ButtonBehavior.mouseReleased(ButtonBehavior.java:207)
	at javafx.controls@21.0.1/com.sun.javafx.scene.control.inputmap.InputMap.handle(InputMap.java:274)
	at javafx.base@21.0.1/com.sun.javafx.event.CompositeEventHandler$NormalEventHandlerRecord.handleBubblingEvent(CompositeEventHandler.java:247)
	at javafx.base@21.0.1/com.sun.javafx.event.CompositeEventHandler.dispatchBubblingEvent(CompositeEventHandler.java:80)
	at javafx.base@21.0.1/com.sun.javafx.event.EventHandlerManager.dispatchBubblingEvent(EventHandlerManager.java:232)
	at javafx.base@21.0.1/com.sun.javafx.event.EventHandlerManager.dispatchBubblingEvent(EventHandlerManager.java:189)
	at javafx.base@21.0.1/com.sun.javafx.event.CompositeEventDispatcher.dispatchBubblingEvent(CompositeEventDispatcher.java:59)
	at javafx.base@21.0.1/com.sun.javafx.event.BasicEventDispatcher.dispatchEvent(BasicEventDispatcher.java:58)
	at javafx.base@21.0.1/com.sun.javafx.event.EventDispatchChainImpl.dispatchEvent(EventDispatchChainImpl.java:114)
	at javafx.base@21.0.1/com.sun.javafx.event.BasicEventDispatcher.dispatchEvent(BasicEventDispatcher.java:56)
	at javafx.base@21.0.1/com.sun.javafx.event.EventDispatchChainImpl.dispatchEvent(EventDispatchChainImpl.java:114)
	at javafx.base@21.0.1/com.sun.javafx.event.BasicEventDispatcher.dispatchEvent(BasicEventDispatcher.java:56)
	at javafx.base@21.0.1/com.sun.javafx.event.EventDispatchChainImpl.dispatchEvent(EventDispatchChainImpl.java:114)
	at javafx.base@21.0.1/com.sun.javafx.event.EventUtil.fireEventImpl(EventUtil.java:74)
	at javafx.base@21.0.1/com.sun.javafx.event.EventUtil.fireEvent(EventUtil.java:49)
	at javafx.base@21.0.1/javafx.event.Event.fireEvent(Event.java:198)
	at javafx.graphics@21.0.1/javafx.scene.Scene$MouseHandler.process(Scene.java:3984)
	at javafx.graphics@21.0.1/javafx.scene.Scene.processMouseEvent(Scene.java:1890)
	at javafx.graphics@21.0.1/javafx.scene.Scene$ScenePeerListener.mouseEvent(Scene.java:2708)
	at javafx.graphics@21.0.1/com.sun.javafx.tk.quantum.GlassViewEventHandler$MouseEventNotification.run(GlassViewEventHandler.java:411)
	at javafx.graphics@21.0.1/com.sun.javafx.tk.quantum.GlassViewEventHandler$MouseEventNotification.run(GlassViewEventHandler.java:301)
	at java.base/java.security.AccessController.doPrivileged(AccessController.java:400)
	at javafx.graphics@21.0.1/com.sun.javafx.tk.quantum.GlassViewEventHandler.lambda$handleMouseEvent$2(GlassViewEventHandler.java:450)
	at javafx.graphics@21.0.1/com.sun.javafx.tk.quantum.QuantumToolkit.runWithoutRenderLock(QuantumToolkit.java:424)
	at javafx.graphics@21.0.1/com.sun.javafx.tk.quantum.GlassViewEventHandler.handleMouseEvent(GlassViewEventHandler.java:449)
	at javafx.graphics@21.0.1/com.sun.glass.ui.View.handleMouseEvent(View.java:551)
	at javafx.graphics@21.0.1/com.sun.glass.ui.View.notifyMouse(View.java:937)
	at javafx.graphics@21.0.1/com.sun.glass.ui.win.WinApplication._enterNestedEventLoopImpl(Native Method)
	at javafx.graphics@21.0.1/com.sun.glass.ui.win.WinApplication._enterNestedEventLoop(WinApplication.java:212)
	at javafx.graphics@21.0.1/com.sun.glass.ui.Application.enterNestedEventLoop(Application.java:515)
	at javafx.graphics@21.0.1/com.sun.glass.ui.EventLoop.enter(EventLoop.java:107)
	at javafx.graphics@21.0.1/com.sun.javafx.tk.quantum.QuantumToolkit.enterNestedEventLoop(QuantumToolkit.java:650)
	at javafx.graphics@21.0.1/javafx.stage.Stage.showAndWait(Stage.java:469)
	at pe.crediactiva.app.view.admin.BandejaSolicitudesController.abrirVentanaDetalles(BandejaSolicitudesController.java:289)
	at pe.crediactiva.app.view.admin.BandejaSolicitudesController.lambda$5(BandejaSolicitudesController.java:159)
	at javafx.base@21.0.1/com.sun.javafx.event.CompositeEventHandler.dispatchBubblingEvent(CompositeEventHandler.java:86)
	at javafx.base@21.0.1/com.sun.javafx.event.EventHandlerManager.dispatchBubblingEvent(EventHandlerManager.java:232)
	at javafx.base@21.0.1/com.sun.javafx.event.EventHandlerManager.dispatchBubblingEvent(EventHandlerManager.java:189)
	at javafx.base@21.0.1/com.sun.javafx.event.CompositeEventDispatcher.dispatchBubblingEvent(CompositeEventDispatcher.java:59)
	at javafx.base@21.0.1/com.sun.javafx.event.BasicEventDispatcher.dispatchEvent(BasicEventDispatcher.java:58)
	at javafx.base@21.0.1/com.sun.javafx.event.EventDispatchChainImpl.dispatchEvent(EventDispatchChainImpl.java:114)
	at javafx.base@21.0.1/com.sun.javafx.event.BasicEventDispatcher.dispatchEvent(BasicEventDispatcher.java:56)
	at javafx.base@21.0.1/com.sun.javafx.event.EventDispatchChainImpl.dispatchEvent(EventDispatchChainImpl.java:114)
	at javafx.base@21.0.1/com.sun.javafx.event.BasicEventDispatcher.dispatchEvent(BasicEventDispatcher.java:56)
	at javafx.base@21.0.1/com.sun.javafx.event.EventDispatchChainImpl.dispatchEvent(EventDispatchChainImpl.java:114)
	at javafx.base@21.0.1/com.sun.javafx.event.BasicEventDispatcher.dispatchEvent(BasicEventDispatcher.java:56)
	at javafx.base@21.0.1/com.sun.javafx.event.EventDispatchChainImpl.dispatchEvent(EventDispatchChainImpl.java:114)
	at javafx.base@21.0.1/com.sun.javafx.event.BasicEventDispatcher.dispatchEvent(BasicEventDispatcher.java:56)
	at javafx.base@21.0.1/com.sun.javafx.event.EventDispatchChainImpl.dispatchEvent(EventDispatchChainImpl.java:114)
	at javafx.base@21.0.1/com.sun.javafx.event.EventUtil.fireEventImpl(EventUtil.java:74)
	at javafx.base@21.0.1/com.sun.javafx.event.EventUtil.fireEvent(EventUtil.java:54)
	at javafx.base@21.0.1/javafx.event.Event.fireEvent(Event.java:198)
	at javafx.graphics@21.0.1/javafx.scene.Scene$ClickGenerator.postProcess(Scene.java:3688)
	at javafx.graphics@21.0.1/javafx.scene.Scene$MouseHandler.process(Scene.java:3993)
	at javafx.graphics@21.0.1/javafx.scene.Scene.processMouseEvent(Scene.java:1890)
	at javafx.graphics@21.0.1/javafx.scene.Scene$ScenePeerListener.mouseEvent(Scene.java:2708)
	at javafx.graphics@21.0.1/com.sun.javafx.tk.quantum.GlassViewEventHandler$MouseEventNotification.run(GlassViewEventHandler.java:411)
	at javafx.graphics@21.0.1/com.sun.javafx.tk.quantum.GlassViewEventHandler$MouseEventNotification.run(GlassViewEventHandler.java:301)
	at java.base/java.security.AccessController.doPrivileged(AccessController.java:400)
	at javafx.graphics@21.0.1/com.sun.javafx.tk.quantum.GlassViewEventHandler.lambda$handleMouseEvent$2(GlassViewEventHandler.java:450)
	at javafx.graphics@21.0.1/com.sun.javafx.tk.quantum.QuantumToolkit.runWithoutRenderLock(QuantumToolkit.java:424)
	at javafx.graphics@21.0.1/com.sun.javafx.tk.quantum.GlassViewEventHandler.handleMouseEvent(GlassViewEventHandler.java:449)
	at javafx.graphics@21.0.1/com.sun.glass.ui.View.handleMouseEvent(View.java:551)
	at javafx.graphics@21.0.1/com.sun.glass.ui.View.notifyMouse(View.java:937)
	at javafx.graphics@21.0.1/com.sun.glass.ui.win.WinApplication._runLoop(Native Method)
	at javafx.graphics@21.0.1/com.sun.glass.ui.win.WinApplication.lambda$runLoop$3(WinApplication.java:185)
	at java.base/java.lang.Thread.run(Thread.java:1583)
2025-10-07 21:21:33 [JavaFX Application Thread] ERROR p.c.app.service.AuditoriaService - Error al registrar auditoría
2025-10-07 21:21:37 [JavaFX Application Thread] INFO  p.c.a.v.a.BandejaSolicitudesController - Ventana de detalles abierta para préstamo ID: 6
2025-10-07 21:21:40 [JavaFX Application Thread] INFO  p.c.a.v.a.BandejaSolicitudesController - Cache de nombres cargado: 2 clientes, 1 asesores
2025-10-07 21:21:40 [JavaFX Application Thread] INFO  p.c.a.v.a.BandejaSolicitudesController - Cargadas 1 solicitudes pendientes desde la base de datos
2025-10-07 21:22:51 [JavaFX Application Thread] INFO  p.c.a.v.a.DetallePrestamoController - Detalle de préstamo inicializado correctamente
2025-10-07 21:22:51 [JavaFX Application Thread] INFO  p.c.app.service.AsesorService - Asesor encontrado: María González
2025-10-07 21:22:51 [JavaFX Application Thread] INFO  p.c.a.v.a.DetallePrestamoController - Datos del préstamo cargados: ID 5
2025-10-07 21:24:05 [JavaFX Application Thread] INFO  p.c.app.dao.impl.PrestamoDAOImpl - Préstamo actualizado exitosamente: 5
2025-10-07 21:24:05 [JavaFX Application Thread] INFO  p.c.app.service.PrestamoService - Cronograma generado para préstamo: 5 - 26 cuotas
2025-10-07 21:24:05 [JavaFX Application Thread] INFO  p.c.app.dao.impl.ClienteDAOImpl - Saldo de capital actualizado para cliente: 85858585 -> 100.0000
2025-10-07 21:24:05 [JavaFX Application Thread] INFO  p.c.app.service.PrestamoService - Abono de capital registrado: 100.0000 para cliente: 85858585
2025-10-07 21:24:05 [JavaFX Application Thread] INFO  p.c.app.service.PrestamoService - Préstamo aprobado exitosamente: 5
2025-10-07 21:24:05 [JavaFX Application Thread] ERROR p.c.app.dao.impl.AuditoriaDAOImpl - Error al crear auditoría
com.mysql.cj.jdbc.exceptions.MysqlDataTruncation: Data truncation: Invalid JSON text: "Invalid value." at position 0 in value for column 'auditoria.valor_anterior'.
	at com.mysql.cj.jdbc.exceptions.SQLExceptionsMapping.translateException(SQLExceptionsMapping.java:104)
	at com.mysql.cj.jdbc.ClientPreparedStatement.executeInternal(ClientPreparedStatement.java:916)
	at com.mysql.cj.jdbc.ClientPreparedStatement.executeUpdateInternal(ClientPreparedStatement.java:1061)
	at com.mysql.cj.jdbc.ClientPreparedStatement.executeUpdateInternal(ClientPreparedStatement.java:1009)
	at com.mysql.cj.jdbc.ClientPreparedStatement.executeLargeUpdate(ClientPreparedStatement.java:1320)
	at com.mysql.cj.jdbc.ClientPreparedStatement.executeUpdate(ClientPreparedStatement.java:994)
	at com.zaxxer.hikari.pool.ProxyPreparedStatement.executeUpdate(ProxyPreparedStatement.java:61)
	at com.zaxxer.hikari.pool.HikariProxyPreparedStatement.executeUpdate(HikariProxyPreparedStatement.java)
	at pe.crediactiva.app.dao.impl.AuditoriaDAOImpl.create(AuditoriaDAOImpl.java:39)
	at pe.crediactiva.app.service.AuditoriaService.registrarAuditoria(AuditoriaService.java:47)
	at pe.crediactiva.app.service.PrestamoService.aprobarPrestamo(PrestamoService.java:117)
	at pe.crediactiva.app.view.admin.DetallePrestamoController.handleAprobar(DetallePrestamoController.java:240)
	at java.base/jdk.internal.reflect.DirectMethodHandleAccessor.invoke(DirectMethodHandleAccessor.java:103)
	at java.base/java.lang.reflect.Method.invoke(Method.java:580)
	at com.sun.javafx.reflect.Trampoline.invoke(MethodUtil.java:72)
	at java.base/jdk.internal.reflect.DirectMethodHandleAccessor.invoke(DirectMethodHandleAccessor.java:103)
	at java.base/java.lang.reflect.Method.invoke(Method.java:580)
	at javafx.base@21.0.1/com.sun.javafx.reflect.MethodUtil.invoke(MethodUtil.java:270)
	at javafx.fxml@21.0.1/com.sun.javafx.fxml.MethodHelper.invoke(MethodHelper.java:84)
	at javafx.fxml@21.0.1/javafx.fxml.FXMLLoader$MethodHandler.invoke(FXMLLoader.java:1855)
	at javafx.fxml@21.0.1/javafx.fxml.FXMLLoader$ControllerMethodEventHandler.handle(FXMLLoader.java:1726)
	at javafx.base@21.0.1/com.sun.javafx.event.CompositeEventHandler.dispatchBubblingEvent(CompositeEventHandler.java:86)
	at javafx.base@21.0.1/com.sun.javafx.event.EventHandlerManager.dispatchBubblingEvent(EventHandlerManager.java:232)
	at javafx.base@21.0.1/com.sun.javafx.event.EventHandlerManager.dispatchBubblingEvent(EventHandlerManager.java:189)
	at javafx.base@21.0.1/com.sun.javafx.event.CompositeEventDispatcher.dispatchBubblingEvent(CompositeEventDispatcher.java:59)
	at javafx.base@21.0.1/com.sun.javafx.event.BasicEventDispatcher.dispatchEvent(BasicEventDispatcher.java:58)
	at javafx.base@21.0.1/com.sun.javafx.event.EventDispatchChainImpl.dispatchEvent(EventDispatchChainImpl.java:114)
	at javafx.base@21.0.1/com.sun.javafx.event.BasicEventDispatcher.dispatchEvent(BasicEventDispatcher.java:56)
	at javafx.base@21.0.1/com.sun.javafx.event.EventDispatchChainImpl.dispatchEvent(EventDispatchChainImpl.java:114)
	at javafx.base@21.0.1/com.sun.javafx.event.BasicEventDispatcher.dispatchEvent(BasicEventDispatcher.java:56)
	at javafx.base@21.0.1/com.sun.javafx.event.EventDispatchChainImpl.dispatchEvent(EventDispatchChainImpl.java:114)
	at javafx.base@21.0.1/com.sun.javafx.event.EventUtil.fireEventImpl(EventUtil.java:74)
	at javafx.base@21.0.1/com.sun.javafx.event.EventUtil.fireEvent(EventUtil.java:49)
	at javafx.base@21.0.1/javafx.event.Event.fireEvent(Event.java:198)
	at javafx.graphics@21.0.1/javafx.scene.Node.fireEvent(Node.java:8875)
	at javafx.controls@21.0.1/javafx.scene.control.Button.fire(Button.java:203)
	at javafx.controls@21.0.1/com.sun.javafx.scene.control.behavior.ButtonBehavior.mouseReleased(ButtonBehavior.java:207)
	at javafx.controls@21.0.1/com.sun.javafx.scene.control.inputmap.InputMap.handle(InputMap.java:274)
	at javafx.base@21.0.1/com.sun.javafx.event.CompositeEventHandler$NormalEventHandlerRecord.handleBubblingEvent(CompositeEventHandler.java:247)
	at javafx.base@21.0.1/com.sun.javafx.event.CompositeEventHandler.dispatchBubblingEvent(CompositeEventHandler.java:80)
	at javafx.base@21.0.1/com.sun.javafx.event.EventHandlerManager.dispatchBubblingEvent(EventHandlerManager.java:232)
	at javafx.base@21.0.1/com.sun.javafx.event.EventHandlerManager.dispatchBubblingEvent(EventHandlerManager.java:189)
	at javafx.base@21.0.1/com.sun.javafx.event.CompositeEventDispatcher.dispatchBubblingEvent(CompositeEventDispatcher.java:59)
	at javafx.base@21.0.1/com.sun.javafx.event.BasicEventDispatcher.dispatchEvent(BasicEventDispatcher.java:58)
	at javafx.base@21.0.1/com.sun.javafx.event.EventDispatchChainImpl.dispatchEvent(EventDispatchChainImpl.java:114)
	at javafx.base@21.0.1/com.sun.javafx.event.BasicEventDispatcher.dispatchEvent(BasicEventDispatcher.java:56)
	at javafx.base@21.0.1/com.sun.javafx.event.EventDispatchChainImpl.dispatchEvent(EventDispatchChainImpl.java:114)
	at javafx.base@21.0.1/com.sun.javafx.event.BasicEventDispatcher.dispatchEvent(BasicEventDispatcher.java:56)
	at javafx.base@21.0.1/com.sun.javafx.event.EventDispatchChainImpl.dispatchEvent(EventDispatchChainImpl.java:114)
	at javafx.base@21.0.1/com.sun.javafx.event.EventUtil.fireEventImpl(EventUtil.java:74)
	at javafx.base@21.0.1/com.sun.javafx.event.EventUtil.fireEvent(EventUtil.java:49)
	at javafx.base@21.0.1/javafx.event.Event.fireEvent(Event.java:198)
	at javafx.graphics@21.0.1/javafx.scene.Scene$MouseHandler.process(Scene.java:3984)
	at javafx.graphics@21.0.1/javafx.scene.Scene.processMouseEvent(Scene.java:1890)
	at javafx.graphics@21.0.1/javafx.scene.Scene$ScenePeerListener.mouseEvent(Scene.java:2708)
	at javafx.graphics@21.0.1/com.sun.javafx.tk.quantum.GlassViewEventHandler$MouseEventNotification.run(GlassViewEventHandler.java:411)
	at javafx.graphics@21.0.1/com.sun.javafx.tk.quantum.GlassViewEventHandler$MouseEventNotification.run(GlassViewEventHandler.java:301)
	at java.base/java.security.AccessController.doPrivileged(AccessController.java:400)
	at javafx.graphics@21.0.1/com.sun.javafx.tk.quantum.GlassViewEventHandler.lambda$handleMouseEvent$2(GlassViewEventHandler.java:450)
	at javafx.graphics@21.0.1/com.sun.javafx.tk.quantum.QuantumToolkit.runWithoutRenderLock(QuantumToolkit.java:424)
	at javafx.graphics@21.0.1/com.sun.javafx.tk.quantum.GlassViewEventHandler.handleMouseEvent(GlassViewEventHandler.java:449)
	at javafx.graphics@21.0.1/com.sun.glass.ui.View.handleMouseEvent(View.java:551)
	at javafx.graphics@21.0.1/com.sun.glass.ui.View.notifyMouse(View.java:937)
	at javafx.graphics@21.0.1/com.sun.glass.ui.win.WinApplication._enterNestedEventLoopImpl(Native Method)
	at javafx.graphics@21.0.1/com.sun.glass.ui.win.WinApplication._enterNestedEventLoop(WinApplication.java:212)
	at javafx.graphics@21.0.1/com.sun.glass.ui.Application.enterNestedEventLoop(Application.java:515)
	at javafx.graphics@21.0.1/com.sun.glass.ui.EventLoop.enter(EventLoop.java:107)
	at javafx.graphics@21.0.1/com.sun.javafx.tk.quantum.QuantumToolkit.enterNestedEventLoop(QuantumToolkit.java:650)
	at javafx.graphics@21.0.1/javafx.stage.Stage.showAndWait(Stage.java:469)
	at pe.crediactiva.app.view.admin.BandejaSolicitudesController.abrirVentanaDetalles(BandejaSolicitudesController.java:289)
	at pe.crediactiva.app.view.admin.BandejaSolicitudesController.lambda$5(BandejaSolicitudesController.java:159)
	at javafx.base@21.0.1/com.sun.javafx.event.CompositeEventHandler.dispatchBubblingEvent(CompositeEventHandler.java:86)
	at javafx.base@21.0.1/com.sun.javafx.event.EventHandlerManager.dispatchBubblingEvent(EventHandlerManager.java:232)
	at javafx.base@21.0.1/com.sun.javafx.event.EventHandlerManager.dispatchBubblingEvent(EventHandlerManager.java:189)
	at javafx.base@21.0.1/com.sun.javafx.event.CompositeEventDispatcher.dispatchBubblingEvent(CompositeEventDispatcher.java:59)
	at javafx.base@21.0.1/com.sun.javafx.event.BasicEventDispatcher.dispatchEvent(BasicEventDispatcher.java:58)
	at javafx.base@21.0.1/com.sun.javafx.event.EventDispatchChainImpl.dispatchEvent(EventDispatchChainImpl.java:114)
	at javafx.base@21.0.1/com.sun.javafx.event.BasicEventDispatcher.dispatchEvent(BasicEventDispatcher.java:56)
	at javafx.base@21.0.1/com.sun.javafx.event.EventDispatchChainImpl.dispatchEvent(EventDispatchChainImpl.java:114)
	at javafx.base@21.0.1/com.sun.javafx.event.BasicEventDispatcher.dispatchEvent(BasicEventDispatcher.java:56)
	at javafx.base@21.0.1/com.sun.javafx.event.EventDispatchChainImpl.dispatchEvent(EventDispatchChainImpl.java:114)
	at javafx.base@21.0.1/com.sun.javafx.event.BasicEventDispatcher.dispatchEvent(BasicEventDispatcher.java:56)
	at javafx.base@21.0.1/com.sun.javafx.event.EventDispatchChainImpl.dispatchEvent(EventDispatchChainImpl.java:114)
	at javafx.base@21.0.1/com.sun.javafx.event.BasicEventDispatcher.dispatchEvent(BasicEventDispatcher.java:56)
	at javafx.base@21.0.1/com.sun.javafx.event.EventDispatchChainImpl.dispatchEvent(EventDispatchChainImpl.java:114)
	at javafx.base@21.0.1/com.sun.javafx.event.EventUtil.fireEventImpl(EventUtil.java:74)
	at javafx.base@21.0.1/com.sun.javafx.event.EventUtil.fireEvent(EventUtil.java:54)
	at javafx.base@21.0.1/javafx.event.Event.fireEvent(Event.java:198)
	at javafx.graphics@21.0.1/javafx.scene.Scene$ClickGenerator.postProcess(Scene.java:3688)
	at javafx.graphics@21.0.1/javafx.scene.Scene$MouseHandler.process(Scene.java:3993)
	at javafx.graphics@21.0.1/javafx.scene.Scene.processMouseEvent(Scene.java:1890)
	at javafx.graphics@21.0.1/javafx.scene.Scene$ScenePeerListener.mouseEvent(Scene.java:2708)
	at javafx.graphics@21.0.1/com.sun.javafx.tk.quantum.GlassViewEventHandler$MouseEventNotification.run(GlassViewEventHandler.java:411)
	at javafx.graphics@21.0.1/com.sun.javafx.tk.quantum.GlassViewEventHandler$MouseEventNotification.run(GlassViewEventHandler.java:301)
	at java.base/java.security.AccessController.doPrivileged(AccessController.java:400)
	at javafx.graphics@21.0.1/com.sun.javafx.tk.quantum.GlassViewEventHandler.lambda$handleMouseEvent$2(GlassViewEventHandler.java:450)
	at javafx.graphics@21.0.1/com.sun.javafx.tk.quantum.QuantumToolkit.runWithoutRenderLock(QuantumToolkit.java:424)
	at javafx.graphics@21.0.1/com.sun.javafx.tk.quantum.GlassViewEventHandler.handleMouseEvent(GlassViewEventHandler.java:449)
	at javafx.graphics@21.0.1/com.sun.glass.ui.View.handleMouseEvent(View.java:551)
	at javafx.graphics@21.0.1/com.sun.glass.ui.View.notifyMouse(View.java:937)
	at javafx.graphics@21.0.1/com.sun.glass.ui.win.WinApplication._runLoop(Native Method)
	at javafx.graphics@21.0.1/com.sun.glass.ui.win.WinApplication.lambda$runLoop$3(WinApplication.java:185)
	at java.base/java.lang.Thread.run(Thread.java:1583)
2025-10-07 21:24:05 [JavaFX Application Thread] ERROR p.c.app.service.AuditoriaService - Error al registrar auditoría
2025-10-07 21:24:07 [JavaFX Application Thread] INFO  p.c.a.v.a.BandejaSolicitudesController - Ventana de detalles abierta para préstamo ID: 5
2025-10-07 21:25:04 [JavaFX Application Thread] INFO  p.c.a.v.a.DetallePrestamoController - Detalle de préstamo inicializado correctamente
2025-10-07 21:25:04 [JavaFX Application Thread] INFO  p.c.app.service.AsesorService - Asesor encontrado: María González
2025-10-07 21:25:04 [JavaFX Application Thread] INFO  p.c.a.v.a.DetallePrestamoController - Datos del préstamo cargados: ID 5
2025-10-07 21:28:48 [JavaFX Application Thread] INFO  p.c.a.v.a.BandejaSolicitudesController - Ventana de detalles abierta para préstamo ID: 5
2025-10-07 21:28:50 [JavaFX Application Thread] INFO  p.c.app.config.DatabaseConfig - Pool de conexiones cerrado correctamente
2025-10-07 21:28:50 [JavaFX Application Thread] INFO  pe.crediactiva.app.Main - Aplicación CrediActiva cerrada
2025-10-07 21:35:39 [main] INFO  pe.crediactiva.app.Main - Iniciando aplicación CrediActiva Desktop v1.0.0
2025-10-07 21:35:39 [JavaFX Application Thread] INFO  pe.crediactiva.app.Main - Icono no encontrado, continuando sin icono
2025-10-07 21:35:39 [JavaFX Application Thread] INFO  p.c.app.config.DatabaseConfig - Propiedades de base de datos cargadas correctamente
2025-10-07 21:35:40 [JavaFX Application Thread] INFO  p.c.app.config.DatabaseConfig - Pool de conexiones HikariCP inicializado correctamente
2025-10-07 21:35:40 [JavaFX Application Thread] INFO  pe.crediactiva.app.Main - Aplicación CrediActiva iniciada correctamente
2025-10-07 21:35:49 [JavaFX Application Thread] INFO  p.c.app.dao.impl.UsuarioDAOImpl - Usuario autenticado exitosamente: 99999999
2025-10-07 21:35:49 [JavaFX Application Thread] INFO  p.c.a.service.AuthenticationService - Usuario autenticado exitosamente: 99999999 - ADMIN
2025-10-07 21:35:49 [JavaFX Application Thread] INFO  p.c.app.view.LoginController - Usuario autenticado exitosamente: 99999999
2025-10-07 21:35:49 [JavaFX Application Thread] INFO  p.c.app.view.LoginController - Usuario redirigido a pantalla principal: ADMIN
2025-10-07 21:35:51 [JavaFX Application Thread] INFO  p.c.a.v.a.BandejaSolicitudesController - Cache de nombres cargado: 0 clientes, 0 asesores
2025-10-07 21:35:51 [JavaFX Application Thread] INFO  p.c.a.v.a.BandejaSolicitudesController - Cargadas 0 solicitudes pendientes desde la base de datos
2025-10-07 21:35:53 [JavaFX Application Thread] INFO  p.c.a.v.a.BandejaSolicitudesController - Bandeja de solicitudes inicializada correctamente
2025-10-07 21:35:53 [JavaFX Application Thread] INFO  p.c.a.view.admin.AdminMainController - Cargada bandeja de solicitudes
2025-10-07 21:35:57 [JavaFX Application Thread] INFO  p.c.a.service.AuthenticationService - Usuario cerró sesión: 99999999
2025-10-07 21:35:57 [JavaFX Application Thread] INFO  p.c.a.view.admin.AdminMainController - Usuario cerró sesión
2025-10-07 21:36:10 [JavaFX Application Thread] INFO  p.c.app.dao.impl.UsuarioDAOImpl - Usuario autenticado exitosamente: 12345678
2025-10-07 21:36:10 [JavaFX Application Thread] INFO  p.c.a.service.AuthenticationService - Usuario autenticado exitosamente: 12345678 - ASESOR
2025-10-07 21:36:10 [JavaFX Application Thread] INFO  p.c.app.view.LoginController - Usuario autenticado exitosamente: 12345678
2025-10-07 21:36:10 [JavaFX Application Thread] INFO  p.c.app.view.LoginController - Usuario redirigido a pantalla principal: ASESOR
2025-10-07 21:36:15 [JavaFX Application Thread] INFO  p.c.a.v.asesor.AsesorMainController - Intentando cargar solicitud de préstamo...
2025-10-07 21:36:15 [JavaFX Application Thread] INFO  p.c.a.v.asesor.AsesorMainController - Cargada solicitud de préstamo exitosamente
2025-10-07 21:36:58 [JavaFX Application Thread] INFO  p.c.a.v.asesor.AsesorMainController - Intentando cargar gestión de clientes...
2025-10-07 21:36:58 [JavaFX Application Thread] INFO  p.c.a.v.asesor.AsesorMainController - Cargados 4 clientes para el asesor 12345678 desde la base de datos
2025-10-07 21:36:58 [JavaFX Application Thread] INFO  p.c.a.v.asesor.AsesorMainController - Cargada gestión de clientes exitosamente
2025-10-07 21:37:40 [JavaFX Application Thread] INFO  p.c.app.dao.impl.ClienteDAOImpl - Cliente creado exitosamente: 32323232 - Miguelon Martinez
2025-10-07 21:37:40 [JavaFX Application Thread] ERROR p.c.app.dao.impl.AuditoriaDAOImpl - Error al crear auditoría
com.mysql.cj.jdbc.exceptions.MysqlDataTruncation: Data truncation: Invalid JSON text: "Invalid value." at position 0 in value for column 'auditoria.valor_nuevo'.
	at com.mysql.cj.jdbc.exceptions.SQLExceptionsMapping.translateException(SQLExceptionsMapping.java:104)
	at com.mysql.cj.jdbc.ClientPreparedStatement.executeInternal(ClientPreparedStatement.java:916)
	at com.mysql.cj.jdbc.ClientPreparedStatement.executeUpdateInternal(ClientPreparedStatement.java:1061)
	at com.mysql.cj.jdbc.ClientPreparedStatement.executeUpdateInternal(ClientPreparedStatement.java:1009)
	at com.mysql.cj.jdbc.ClientPreparedStatement.executeLargeUpdate(ClientPreparedStatement.java:1320)
	at com.mysql.cj.jdbc.ClientPreparedStatement.executeUpdate(ClientPreparedStatement.java:994)
	at com.zaxxer.hikari.pool.ProxyPreparedStatement.executeUpdate(ProxyPreparedStatement.java:61)
	at com.zaxxer.hikari.pool.HikariProxyPreparedStatement.executeUpdate(HikariProxyPreparedStatement.java)
	at pe.crediactiva.app.dao.impl.AuditoriaDAOImpl.create(AuditoriaDAOImpl.java:39)
	at pe.crediactiva.app.service.AuditoriaService.registrarAuditoria(AuditoriaService.java:47)
	at pe.crediactiva.app.service.ClienteService.crearCliente(ClienteService.java:38)
	at pe.crediactiva.app.view.asesor.AsesorMainController.guardarNuevoCliente(AsesorMainController.java:1162)
	at pe.crediactiva.app.view.asesor.AsesorMainController.lambda$crearFormularioNuevoCliente$12(AsesorMainController.java:1100)
	at javafx.base@21.0.1/com.sun.javafx.event.CompositeEventHandler.dispatchBubblingEvent(CompositeEventHandler.java:86)
	at javafx.base@21.0.1/com.sun.javafx.event.EventHandlerManager.dispatchBubblingEvent(EventHandlerManager.java:232)
	at javafx.base@21.0.1/com.sun.javafx.event.EventHandlerManager.dispatchBubblingEvent(EventHandlerManager.java:189)
	at javafx.base@21.0.1/com.sun.javafx.event.CompositeEventDispatcher.dispatchBubblingEvent(CompositeEventDispatcher.java:59)
	at javafx.base@21.0.1/com.sun.javafx.event.BasicEventDispatcher.dispatchEvent(BasicEventDispatcher.java:58)
	at javafx.base@21.0.1/com.sun.javafx.event.EventDispatchChainImpl.dispatchEvent(EventDispatchChainImpl.java:114)
	at javafx.base@21.0.1/com.sun.javafx.event.BasicEventDispatcher.dispatchEvent(BasicEventDispatcher.java:56)
	at javafx.base@21.0.1/com.sun.javafx.event.EventDispatchChainImpl.dispatchEvent(EventDispatchChainImpl.java:114)
	at javafx.base@21.0.1/com.sun.javafx.event.BasicEventDispatcher.dispatchEvent(BasicEventDispatcher.java:56)
	at javafx.base@21.0.1/com.sun.javafx.event.EventDispatchChainImpl.dispatchEvent(EventDispatchChainImpl.java:114)
	at javafx.base@21.0.1/com.sun.javafx.event.EventUtil.fireEventImpl(EventUtil.java:74)
	at javafx.base@21.0.1/com.sun.javafx.event.EventUtil.fireEvent(EventUtil.java:49)
	at javafx.base@21.0.1/javafx.event.Event.fireEvent(Event.java:198)
	at javafx.graphics@21.0.1/javafx.scene.Node.fireEvent(Node.java:8875)
	at javafx.controls@21.0.1/javafx.scene.control.Button.fire(Button.java:203)
	at javafx.controls@21.0.1/com.sun.javafx.scene.control.behavior.ButtonBehavior.mouseReleased(ButtonBehavior.java:207)
	at javafx.controls@21.0.1/com.sun.javafx.scene.control.inputmap.InputMap.handle(InputMap.java:274)
	at javafx.base@21.0.1/com.sun.javafx.event.CompositeEventHandler$NormalEventHandlerRecord.handleBubblingEvent(CompositeEventHandler.java:247)
	at javafx.base@21.0.1/com.sun.javafx.event.CompositeEventHandler.dispatchBubblingEvent(CompositeEventHandler.java:80)
	at javafx.base@21.0.1/com.sun.javafx.event.EventHandlerManager.dispatchBubblingEvent(EventHandlerManager.java:232)
	at javafx.base@21.0.1/com.sun.javafx.event.EventHandlerManager.dispatchBubblingEvent(EventHandlerManager.java:189)
	at javafx.base@21.0.1/com.sun.javafx.event.CompositeEventDispatcher.dispatchBubblingEvent(CompositeEventDispatcher.java:59)
	at javafx.base@21.0.1/com.sun.javafx.event.BasicEventDispatcher.dispatchEvent(BasicEventDispatcher.java:58)
	at javafx.base@21.0.1/com.sun.javafx.event.EventDispatchChainImpl.dispatchEvent(EventDispatchChainImpl.java:114)
	at javafx.base@21.0.1/com.sun.javafx.event.BasicEventDispatcher.dispatchEvent(BasicEventDispatcher.java:56)
	at javafx.base@21.0.1/com.sun.javafx.event.EventDispatchChainImpl.dispatchEvent(EventDispatchChainImpl.java:114)
	at javafx.base@21.0.1/com.sun.javafx.event.BasicEventDispatcher.dispatchEvent(BasicEventDispatcher.java:56)
	at javafx.base@21.0.1/com.sun.javafx.event.EventDispatchChainImpl.dispatchEvent(EventDispatchChainImpl.java:114)
	at javafx.base@21.0.1/com.sun.javafx.event.EventUtil.fireEventImpl(EventUtil.java:74)
	at javafx.base@21.0.1/com.sun.javafx.event.EventUtil.fireEvent(EventUtil.java:49)
	at javafx.base@21.0.1/javafx.event.Event.fireEvent(Event.java:198)
	at javafx.graphics@21.0.1/javafx.scene.Scene$MouseHandler.process(Scene.java:3984)
	at javafx.graphics@21.0.1/javafx.scene.Scene.processMouseEvent(Scene.java:1890)
	at javafx.graphics@21.0.1/javafx.scene.Scene$ScenePeerListener.mouseEvent(Scene.java:2708)
	at javafx.graphics@21.0.1/com.sun.javafx.tk.quantum.GlassViewEventHandler$MouseEventNotification.run(GlassViewEventHandler.java:411)
	at javafx.graphics@21.0.1/com.sun.javafx.tk.quantum.GlassViewEventHandler$MouseEventNotification.run(GlassViewEventHandler.java:301)
	at java.base/java.security.AccessController.doPrivileged(AccessController.java:400)
	at javafx.graphics@21.0.1/com.sun.javafx.tk.quantum.GlassViewEventHandler.lambda$handleMouseEvent$2(GlassViewEventHandler.java:450)
	at javafx.graphics@21.0.1/com.sun.javafx.tk.quantum.QuantumToolkit.runWithoutRenderLock(QuantumToolkit.java:424)
	at javafx.graphics@21.0.1/com.sun.javafx.tk.quantum.GlassViewEventHandler.handleMouseEvent(GlassViewEventHandler.java:449)
	at javafx.graphics@21.0.1/com.sun.glass.ui.View.handleMouseEvent(View.java:551)
	at javafx.graphics@21.0.1/com.sun.glass.ui.View.notifyMouse(View.java:937)
	at javafx.graphics@21.0.1/com.sun.glass.ui.win.WinApplication._enterNestedEventLoopImpl(Native Method)
	at javafx.graphics@21.0.1/com.sun.glass.ui.win.WinApplication._enterNestedEventLoop(WinApplication.java:212)
	at javafx.graphics@21.0.1/com.sun.glass.ui.Application.enterNestedEventLoop(Application.java:515)
	at javafx.graphics@21.0.1/com.sun.glass.ui.EventLoop.enter(EventLoop.java:107)
	at javafx.graphics@21.0.1/com.sun.javafx.tk.quantum.QuantumToolkit.enterNestedEventLoop(QuantumToolkit.java:650)
	at javafx.graphics@21.0.1/javafx.stage.Stage.showAndWait(Stage.java:469)
	at pe.crediactiva.app.view.asesor.AsesorMainController.abrirNuevoCliente(AsesorMainController.java:1008)
	at pe.crediactiva.app.view.asesor.AsesorMainController.lambda$crearGestionClientesView$8(AsesorMainController.java:739)
	at javafx.base@21.0.1/com.sun.javafx.event.CompositeEventHandler.dispatchBubblingEvent(CompositeEventHandler.java:86)
	at javafx.base@21.0.1/com.sun.javafx.event.EventHandlerManager.dispatchBubblingEvent(EventHandlerManager.java:232)
	at javafx.base@21.0.1/com.sun.javafx.event.EventHandlerManager.dispatchBubblingEvent(EventHandlerManager.java:189)
	at javafx.base@21.0.1/com.sun.javafx.event.CompositeEventDispatcher.dispatchBubblingEvent(CompositeEventDispatcher.java:59)
	at javafx.base@21.0.1/com.sun.javafx.event.BasicEventDispatcher.dispatchEvent(BasicEventDispatcher.java:58)
	at javafx.base@21.0.1/com.sun.javafx.event.EventDispatchChainImpl.dispatchEvent(EventDispatchChainImpl.java:114)
	at javafx.base@21.0.1/com.sun.javafx.event.BasicEventDispatcher.dispatchEvent(BasicEventDispatcher.java:56)
	at javafx.base@21.0.1/com.sun.javafx.event.EventDispatchChainImpl.dispatchEvent(EventDispatchChainImpl.java:114)
	at javafx.base@21.0.1/com.sun.javafx.event.BasicEventDispatcher.dispatchEvent(BasicEventDispatcher.java:56)
	at javafx.base@21.0.1/com.sun.javafx.event.EventDispatchChainImpl.dispatchEvent(EventDispatchChainImpl.java:114)
	at javafx.base@21.0.1/com.sun.javafx.event.BasicEventDispatcher.dispatchEvent(BasicEventDispatcher.java:56)
	at javafx.base@21.0.1/com.sun.javafx.event.EventDispatchChainImpl.dispatchEvent(EventDispatchChainImpl.java:114)
	at javafx.base@21.0.1/com.sun.javafx.event.EventUtil.fireEventImpl(EventUtil.java:74)
	at javafx.base@21.0.1/com.sun.javafx.event.EventUtil.fireEvent(EventUtil.java:49)
	at javafx.base@21.0.1/javafx.event.Event.fireEvent(Event.java:198)
	at javafx.graphics@21.0.1/javafx.scene.Node.fireEvent(Node.java:8875)
	at javafx.controls@21.0.1/javafx.scene.control.Button.fire(Button.java:203)
	at javafx.controls@21.0.1/com.sun.javafx.scene.control.behavior.ButtonBehavior.mouseReleased(ButtonBehavior.java:207)
	at javafx.controls@21.0.1/com.sun.javafx.scene.control.inputmap.InputMap.handle(InputMap.java:274)
	at javafx.base@21.0.1/com.sun.javafx.event.CompositeEventHandler$NormalEventHandlerRecord.handleBubblingEvent(CompositeEventHandler.java:247)
	at javafx.base@21.0.1/com.sun.javafx.event.CompositeEventHandler.dispatchBubblingEvent(CompositeEventHandler.java:80)
	at javafx.base@21.0.1/com.sun.javafx.event.EventHandlerManager.dispatchBubblingEvent(EventHandlerManager.java:232)
	at javafx.base@21.0.1/com.sun.javafx.event.EventHandlerManager.dispatchBubblingEvent(EventHandlerManager.java:189)
	at javafx.base@21.0.1/com.sun.javafx.event.CompositeEventDispatcher.dispatchBubblingEvent(CompositeEventDispatcher.java:59)
	at javafx.base@21.0.1/com.sun.javafx.event.BasicEventDispatcher.dispatchEvent(BasicEventDispatcher.java:58)
	at javafx.base@21.0.1/com.sun.javafx.event.EventDispatchChainImpl.dispatchEvent(EventDispatchChainImpl.java:114)
	at javafx.base@21.0.1/com.sun.javafx.event.BasicEventDispatcher.dispatchEvent(BasicEventDispatcher.java:56)
	at javafx.base@21.0.1/com.sun.javafx.event.EventDispatchChainImpl.dispatchEvent(EventDispatchChainImpl.java:114)
	at javafx.base@21.0.1/com.sun.javafx.event.BasicEventDispatcher.dispatchEvent(BasicEventDispatcher.java:56)
	at javafx.base@21.0.1/com.sun.javafx.event.EventDispatchChainImpl.dispatchEvent(EventDispatchChainImpl.java:114)
	at javafx.base@21.0.1/com.sun.javafx.event.BasicEventDispatcher.dispatchEvent(BasicEventDispatcher.java:56)
	at javafx.base@21.0.1/com.sun.javafx.event.EventDispatchChainImpl.dispatchEvent(EventDispatchChainImpl.java:114)
	at javafx.base@21.0.1/com.sun.javafx.event.EventUtil.fireEventImpl(EventUtil.java:74)
	at javafx.base@21.0.1/com.sun.javafx.event.EventUtil.fireEvent(EventUtil.java:54)
	at javafx.base@21.0.1/javafx.event.Event.fireEvent(Event.java:198)
	at javafx.graphics@21.0.1/javafx.scene.Scene$MouseHandler.process(Scene.java:3984)
	at javafx.graphics@21.0.1/javafx.scene.Scene.processMouseEvent(Scene.java:1890)
	at javafx.graphics@21.0.1/javafx.scene.Scene$ScenePeerListener.mouseEvent(Scene.java:2708)
	at javafx.graphics@21.0.1/com.sun.javafx.tk.quantum.GlassViewEventHandler$MouseEventNotification.run(GlassViewEventHandler.java:411)
	at javafx.graphics@21.0.1/com.sun.javafx.tk.quantum.GlassViewEventHandler$MouseEventNotification.run(GlassViewEventHandler.java:301)
	at java.base/java.security.AccessController.doPrivileged(AccessController.java:400)
	at javafx.graphics@21.0.1/com.sun.javafx.tk.quantum.GlassViewEventHandler.lambda$handleMouseEvent$2(GlassViewEventHandler.java:450)
	at javafx.graphics@21.0.1/com.sun.javafx.tk.quantum.QuantumToolkit.runWithoutRenderLock(QuantumToolkit.java:424)
	at javafx.graphics@21.0.1/com.sun.javafx.tk.quantum.GlassViewEventHandler.handleMouseEvent(GlassViewEventHandler.java:449)
	at javafx.graphics@21.0.1/com.sun.glass.ui.View.handleMouseEvent(View.java:551)
	at javafx.graphics@21.0.1/com.sun.glass.ui.View.notifyMouse(View.java:937)
	at javafx.graphics@21.0.1/com.sun.glass.ui.win.WinApplication._runLoop(Native Method)
	at javafx.graphics@21.0.1/com.sun.glass.ui.win.WinApplication.lambda$runLoop$3(WinApplication.java:185)
	at java.base/java.lang.Thread.run(Thread.java:1583)
2025-10-07 21:37:40 [JavaFX Application Thread] ERROR p.c.app.service.AuditoriaService - Error al registrar auditoría
2025-10-07 21:37:44 [JavaFX Application Thread] INFO  p.c.a.v.asesor.AsesorMainController - Intentando cargar solicitud de préstamo...
2025-10-07 21:37:44 [JavaFX Application Thread] INFO  p.c.a.v.asesor.AsesorMainController - Cargada solicitud de préstamo exitosamente
2025-10-07 21:38:09 [JavaFX Application Thread] INFO  p.c.app.dao.impl.PrestamoDAOImpl - Préstamo creado exitosamente: 7
2025-10-07 21:38:09 [JavaFX Application Thread] INFO  p.c.app.service.PrestamoService - Solicitud de préstamo creada: 7
2025-10-07 21:38:09 [JavaFX Application Thread] ERROR p.c.app.dao.impl.AuditoriaDAOImpl - Error al crear auditoría
com.mysql.cj.jdbc.exceptions.MysqlDataTruncation: Data truncation: Invalid JSON text: "Invalid value." at position 0 in value for column 'auditoria.valor_nuevo'.
	at com.mysql.cj.jdbc.exceptions.SQLExceptionsMapping.translateException(SQLExceptionsMapping.java:104)
	at com.mysql.cj.jdbc.ClientPreparedStatement.executeInternal(ClientPreparedStatement.java:916)
	at com.mysql.cj.jdbc.ClientPreparedStatement.executeUpdateInternal(ClientPreparedStatement.java:1061)
	at com.mysql.cj.jdbc.ClientPreparedStatement.executeUpdateInternal(ClientPreparedStatement.java:1009)
	at com.mysql.cj.jdbc.ClientPreparedStatement.executeLargeUpdate(ClientPreparedStatement.java:1320)
	at com.mysql.cj.jdbc.ClientPreparedStatement.executeUpdate(ClientPreparedStatement.java:994)
	at com.zaxxer.hikari.pool.ProxyPreparedStatement.executeUpdate(ProxyPreparedStatement.java:61)
	at com.zaxxer.hikari.pool.HikariProxyPreparedStatement.executeUpdate(HikariProxyPreparedStatement.java)
	at pe.crediactiva.app.dao.impl.AuditoriaDAOImpl.create(AuditoriaDAOImpl.java:39)
	at pe.crediactiva.app.service.AuditoriaService.registrarAuditoria(AuditoriaService.java:47)
	at pe.crediactiva.app.service.PrestamoService.crearSolicitud(PrestamoService.java:62)
	at pe.crediactiva.app.view.asesor.AsesorMainController.solicitarPrestamo(AsesorMainController.java:1312)
	at pe.crediactiva.app.view.asesor.AsesorMainController.lambda$crearSolicitarPrestamoView$10(AsesorMainController.java:846)
	at javafx.base@21.0.1/com.sun.javafx.event.CompositeEventHandler.dispatchBubblingEvent(CompositeEventHandler.java:86)
	at javafx.base@21.0.1/com.sun.javafx.event.EventHandlerManager.dispatchBubblingEvent(EventHandlerManager.java:232)
	at javafx.base@21.0.1/com.sun.javafx.event.EventHandlerManager.dispatchBubblingEvent(EventHandlerManager.java:189)
	at javafx.base@21.0.1/com.sun.javafx.event.CompositeEventDispatcher.dispatchBubblingEvent(CompositeEventDispatcher.java:59)
	at javafx.base@21.0.1/com.sun.javafx.event.BasicEventDispatcher.dispatchEvent(BasicEventDispatcher.java:58)
	at javafx.base@21.0.1/com.sun.javafx.event.EventDispatchChainImpl.dispatchEvent(EventDispatchChainImpl.java:114)
	at javafx.base@21.0.1/com.sun.javafx.event.BasicEventDispatcher.dispatchEvent(BasicEventDispatcher.java:56)
	at javafx.base@21.0.1/com.sun.javafx.event.EventDispatchChainImpl.dispatchEvent(EventDispatchChainImpl.java:114)
	at javafx.base@21.0.1/com.sun.javafx.event.BasicEventDispatcher.dispatchEvent(BasicEventDispatcher.java:56)
	at javafx.base@21.0.1/com.sun.javafx.event.EventDispatchChainImpl.dispatchEvent(EventDispatchChainImpl.java:114)
	at javafx.base@21.0.1/com.sun.javafx.event.BasicEventDispatcher.dispatchEvent(BasicEventDispatcher.java:56)
	at javafx.base@21.0.1/com.sun.javafx.event.EventDispatchChainImpl.dispatchEvent(EventDispatchChainImpl.java:114)
	at javafx.base@21.0.1/com.sun.javafx.event.EventUtil.fireEventImpl(EventUtil.java:74)
	at javafx.base@21.0.1/com.sun.javafx.event.EventUtil.fireEvent(EventUtil.java:49)
	at javafx.base@21.0.1/javafx.event.Event.fireEvent(Event.java:198)
	at javafx.graphics@21.0.1/javafx.scene.Node.fireEvent(Node.java:8875)
	at javafx.controls@21.0.1/javafx.scene.control.Button.fire(Button.java:203)
	at javafx.controls@21.0.1/com.sun.javafx.scene.control.behavior.ButtonBehavior.mouseReleased(ButtonBehavior.java:207)
	at javafx.controls@21.0.1/com.sun.javafx.scene.control.inputmap.InputMap.handle(InputMap.java:274)
	at javafx.base@21.0.1/com.sun.javafx.event.CompositeEventHandler$NormalEventHandlerRecord.handleBubblingEvent(CompositeEventHandler.java:247)
	at javafx.base@21.0.1/com.sun.javafx.event.CompositeEventHandler.dispatchBubblingEvent(CompositeEventHandler.java:80)
	at javafx.base@21.0.1/com.sun.javafx.event.EventHandlerManager.dispatchBubblingEvent(EventHandlerManager.java:232)
	at javafx.base@21.0.1/com.sun.javafx.event.EventHandlerManager.dispatchBubblingEvent(EventHandlerManager.java:189)
	at javafx.base@21.0.1/com.sun.javafx.event.CompositeEventDispatcher.dispatchBubblingEvent(CompositeEventDispatcher.java:59)
	at javafx.base@21.0.1/com.sun.javafx.event.BasicEventDispatcher.dispatchEvent(BasicEventDispatcher.java:58)
	at javafx.base@21.0.1/com.sun.javafx.event.EventDispatchChainImpl.dispatchEvent(EventDispatchChainImpl.java:114)
	at javafx.base@21.0.1/com.sun.javafx.event.BasicEventDispatcher.dispatchEvent(BasicEventDispatcher.java:56)
	at javafx.base@21.0.1/com.sun.javafx.event.EventDispatchChainImpl.dispatchEvent(EventDispatchChainImpl.java:114)
	at javafx.base@21.0.1/com.sun.javafx.event.BasicEventDispatcher.dispatchEvent(BasicEventDispatcher.java:56)
	at javafx.base@21.0.1/com.sun.javafx.event.EventDispatchChainImpl.dispatchEvent(EventDispatchChainImpl.java:114)
	at javafx.base@21.0.1/com.sun.javafx.event.BasicEventDispatcher.dispatchEvent(BasicEventDispatcher.java:56)
	at javafx.base@21.0.1/com.sun.javafx.event.EventDispatchChainImpl.dispatchEvent(EventDispatchChainImpl.java:114)
	at javafx.base@21.0.1/com.sun.javafx.event.EventUtil.fireEventImpl(EventUtil.java:74)
	at javafx.base@21.0.1/com.sun.javafx.event.EventUtil.fireEvent(EventUtil.java:54)
	at javafx.base@21.0.1/javafx.event.Event.fireEvent(Event.java:198)
	at javafx.graphics@21.0.1/javafx.scene.Scene$MouseHandler.process(Scene.java:3984)
	at javafx.graphics@21.0.1/javafx.scene.Scene.processMouseEvent(Scene.java:1890)
	at javafx.graphics@21.0.1/javafx.scene.Scene$ScenePeerListener.mouseEvent(Scene.java:2708)
	at javafx.graphics@21.0.1/com.sun.javafx.tk.quantum.GlassViewEventHandler$MouseEventNotification.run(GlassViewEventHandler.java:411)
	at javafx.graphics@21.0.1/com.sun.javafx.tk.quantum.GlassViewEventHandler$MouseEventNotification.run(GlassViewEventHandler.java:301)
	at java.base/java.security.AccessController.doPrivileged(AccessController.java:400)
	at javafx.graphics@21.0.1/com.sun.javafx.tk.quantum.GlassViewEventHandler.lambda$handleMouseEvent$2(GlassViewEventHandler.java:450)
	at javafx.graphics@21.0.1/com.sun.javafx.tk.quantum.QuantumToolkit.runWithoutRenderLock(QuantumToolkit.java:424)
	at javafx.graphics@21.0.1/com.sun.javafx.tk.quantum.GlassViewEventHandler.handleMouseEvent(GlassViewEventHandler.java:449)
	at javafx.graphics@21.0.1/com.sun.glass.ui.View.handleMouseEvent(View.java:551)
	at javafx.graphics@21.0.1/com.sun.glass.ui.View.notifyMouse(View.java:937)
	at javafx.graphics@21.0.1/com.sun.glass.ui.win.WinApplication._runLoop(Native Method)
	at javafx.graphics@21.0.1/com.sun.glass.ui.win.WinApplication.lambda$runLoop$3(WinApplication.java:185)
	at java.base/java.lang.Thread.run(Thread.java:1583)
2025-10-07 21:38:09 [JavaFX Application Thread] ERROR p.c.app.service.AuditoriaService - Error al registrar auditoría
2025-10-07 21:38:16 [JavaFX Application Thread] INFO  p.c.a.service.AuthenticationService - Usuario cerró sesión: 12345678
2025-10-07 21:38:16 [JavaFX Application Thread] INFO  p.c.a.v.asesor.AsesorMainController - Asesor cerró sesión
2025-10-07 21:38:37 [JavaFX Application Thread] INFO  p.c.app.dao.impl.UsuarioDAOImpl - Usuario autenticado exitosamente: 99999999
2025-10-07 21:38:37 [JavaFX Application Thread] INFO  p.c.a.service.AuthenticationService - Usuario autenticado exitosamente: 99999999 - ADMIN
2025-10-07 21:38:37 [JavaFX Application Thread] INFO  p.c.app.view.LoginController - Usuario autenticado exitosamente: 99999999
2025-10-07 21:38:37 [JavaFX Application Thread] INFO  p.c.app.view.LoginController - Usuario redirigido a pantalla principal: ADMIN
2025-10-07 21:38:38 [JavaFX Application Thread] INFO  p.c.app.service.AsesorService - Asesor encontrado: María González
2025-10-07 21:38:38 [JavaFX Application Thread] INFO  p.c.a.v.a.BandejaSolicitudesController - Cache de nombres cargado: 1 clientes, 1 asesores
2025-10-07 21:38:38 [JavaFX Application Thread] INFO  p.c.a.v.a.BandejaSolicitudesController - Cargadas 1 solicitudes pendientes desde la base de datos
2025-10-07 21:38:38 [JavaFX Application Thread] INFO  p.c.a.v.a.BandejaSolicitudesController - Bandeja de solicitudes inicializada correctamente
2025-10-07 21:38:38 [JavaFX Application Thread] INFO  p.c.a.view.admin.AdminMainController - Cargada bandeja de solicitudes
2025-10-07 21:38:42 [JavaFX Application Thread] INFO  p.c.a.v.a.DetallePrestamoController - Detalle de préstamo inicializado correctamente
2025-10-07 21:38:42 [JavaFX Application Thread] INFO  p.c.app.service.AsesorService - Asesor encontrado: María González
2025-10-07 21:38:42 [JavaFX Application Thread] INFO  p.c.a.v.a.DetallePrestamoController - Datos del préstamo cargados: ID 7
2025-10-07 21:38:59 [JavaFX Application Thread] INFO  p.c.app.dao.impl.PrestamoDAOImpl - Préstamo actualizado exitosamente: 7
2025-10-07 21:38:59 [JavaFX Application Thread] INFO  p.c.app.service.PrestamoService - Cronograma generado para préstamo: 7 - 26 cuotas
2025-10-07 21:38:59 [JavaFX Application Thread] INFO  p.c.app.dao.impl.ClienteDAOImpl - Saldo de capital actualizado para cliente: 32323232 -> 100.0000
2025-10-07 21:38:59 [JavaFX Application Thread] INFO  p.c.app.service.PrestamoService - Abono de capital registrado: 100.0000 para cliente: 32323232
2025-10-07 21:38:59 [JavaFX Application Thread] INFO  p.c.app.service.PrestamoService - Préstamo aprobado exitosamente: 7
2025-10-07 21:38:59 [JavaFX Application Thread] ERROR p.c.app.dao.impl.AuditoriaDAOImpl - Error al crear auditoría
com.mysql.cj.jdbc.exceptions.MysqlDataTruncation: Data truncation: Invalid JSON text: "Invalid value." at position 0 in value for column 'auditoria.valor_anterior'.
	at com.mysql.cj.jdbc.exceptions.SQLExceptionsMapping.translateException(SQLExceptionsMapping.java:104)
	at com.mysql.cj.jdbc.ClientPreparedStatement.executeInternal(ClientPreparedStatement.java:916)
	at com.mysql.cj.jdbc.ClientPreparedStatement.executeUpdateInternal(ClientPreparedStatement.java:1061)
	at com.mysql.cj.jdbc.ClientPreparedStatement.executeUpdateInternal(ClientPreparedStatement.java:1009)
	at com.mysql.cj.jdbc.ClientPreparedStatement.executeLargeUpdate(ClientPreparedStatement.java:1320)
	at com.mysql.cj.jdbc.ClientPreparedStatement.executeUpdate(ClientPreparedStatement.java:994)
	at com.zaxxer.hikari.pool.ProxyPreparedStatement.executeUpdate(ProxyPreparedStatement.java:61)
	at com.zaxxer.hikari.pool.HikariProxyPreparedStatement.executeUpdate(HikariProxyPreparedStatement.java)
	at pe.crediactiva.app.dao.impl.AuditoriaDAOImpl.create(AuditoriaDAOImpl.java:39)
	at pe.crediactiva.app.service.AuditoriaService.registrarAuditoria(AuditoriaService.java:47)
	at pe.crediactiva.app.service.PrestamoService.aprobarPrestamo(PrestamoService.java:117)
	at pe.crediactiva.app.view.admin.DetallePrestamoController.handleAprobar(DetallePrestamoController.java:246)
	at java.base/jdk.internal.reflect.DirectMethodHandleAccessor.invoke(DirectMethodHandleAccessor.java:103)
	at java.base/java.lang.reflect.Method.invoke(Method.java:580)
	at com.sun.javafx.reflect.Trampoline.invoke(MethodUtil.java:72)
	at java.base/jdk.internal.reflect.DirectMethodHandleAccessor.invoke(DirectMethodHandleAccessor.java:103)
	at java.base/java.lang.reflect.Method.invoke(Method.java:580)
	at javafx.base@21.0.1/com.sun.javafx.reflect.MethodUtil.invoke(MethodUtil.java:270)
	at javafx.fxml@21.0.1/com.sun.javafx.fxml.MethodHelper.invoke(MethodHelper.java:84)
	at javafx.fxml@21.0.1/javafx.fxml.FXMLLoader$MethodHandler.invoke(FXMLLoader.java:1855)
	at javafx.fxml@21.0.1/javafx.fxml.FXMLLoader$ControllerMethodEventHandler.handle(FXMLLoader.java:1726)
	at javafx.base@21.0.1/com.sun.javafx.event.CompositeEventHandler.dispatchBubblingEvent(CompositeEventHandler.java:86)
	at javafx.base@21.0.1/com.sun.javafx.event.EventHandlerManager.dispatchBubblingEvent(EventHandlerManager.java:232)
	at javafx.base@21.0.1/com.sun.javafx.event.EventHandlerManager.dispatchBubblingEvent(EventHandlerManager.java:189)
	at javafx.base@21.0.1/com.sun.javafx.event.CompositeEventDispatcher.dispatchBubblingEvent(CompositeEventDispatcher.java:59)
	at javafx.base@21.0.1/com.sun.javafx.event.BasicEventDispatcher.dispatchEvent(BasicEventDispatcher.java:58)
	at javafx.base@21.0.1/com.sun.javafx.event.EventDispatchChainImpl.dispatchEvent(EventDispatchChainImpl.java:114)
	at javafx.base@21.0.1/com.sun.javafx.event.BasicEventDispatcher.dispatchEvent(BasicEventDispatcher.java:56)
	at javafx.base@21.0.1/com.sun.javafx.event.EventDispatchChainImpl.dispatchEvent(EventDispatchChainImpl.java:114)
	at javafx.base@21.0.1/com.sun.javafx.event.BasicEventDispatcher.dispatchEvent(BasicEventDispatcher.java:56)
	at javafx.base@21.0.1/com.sun.javafx.event.EventDispatchChainImpl.dispatchEvent(EventDispatchChainImpl.java:114)
	at javafx.base@21.0.1/com.sun.javafx.event.EventUtil.fireEventImpl(EventUtil.java:74)
	at javafx.base@21.0.1/com.sun.javafx.event.EventUtil.fireEvent(EventUtil.java:49)
	at javafx.base@21.0.1/javafx.event.Event.fireEvent(Event.java:198)
	at javafx.graphics@21.0.1/javafx.scene.Node.fireEvent(Node.java:8875)
	at javafx.controls@21.0.1/javafx.scene.control.Button.fire(Button.java:203)
	at javafx.controls@21.0.1/com.sun.javafx.scene.control.behavior.ButtonBehavior.mouseReleased(ButtonBehavior.java:207)
	at javafx.controls@21.0.1/com.sun.javafx.scene.control.inputmap.InputMap.handle(InputMap.java:274)
	at javafx.base@21.0.1/com.sun.javafx.event.CompositeEventHandler$NormalEventHandlerRecord.handleBubblingEvent(CompositeEventHandler.java:247)
	at javafx.base@21.0.1/com.sun.javafx.event.CompositeEventHandler.dispatchBubblingEvent(CompositeEventHandler.java:80)
	at javafx.base@21.0.1/com.sun.javafx.event.EventHandlerManager.dispatchBubblingEvent(EventHandlerManager.java:232)
	at javafx.base@21.0.1/com.sun.javafx.event.EventHandlerManager.dispatchBubblingEvent(EventHandlerManager.java:189)
	at javafx.base@21.0.1/com.sun.javafx.event.CompositeEventDispatcher.dispatchBubblingEvent(CompositeEventDispatcher.java:59)
	at javafx.base@21.0.1/com.sun.javafx.event.BasicEventDispatcher.dispatchEvent(BasicEventDispatcher.java:58)
	at javafx.base@21.0.1/com.sun.javafx.event.EventDispatchChainImpl.dispatchEvent(EventDispatchChainImpl.java:114)
	at javafx.base@21.0.1/com.sun.javafx.event.BasicEventDispatcher.dispatchEvent(BasicEventDispatcher.java:56)
	at javafx.base@21.0.1/com.sun.javafx.event.EventDispatchChainImpl.dispatchEvent(EventDispatchChainImpl.java:114)
	at javafx.base@21.0.1/com.sun.javafx.event.BasicEventDispatcher.dispatchEvent(BasicEventDispatcher.java:56)
	at javafx.base@21.0.1/com.sun.javafx.event.EventDispatchChainImpl.dispatchEvent(EventDispatchChainImpl.java:114)
	at javafx.base@21.0.1/com.sun.javafx.event.EventUtil.fireEventImpl(EventUtil.java:74)
	at javafx.base@21.0.1/com.sun.javafx.event.EventUtil.fireEvent(EventUtil.java:49)
	at javafx.base@21.0.1/javafx.event.Event.fireEvent(Event.java:198)
	at javafx.graphics@21.0.1/javafx.scene.Scene$MouseHandler.process(Scene.java:3984)
	at javafx.graphics@21.0.1/javafx.scene.Scene.processMouseEvent(Scene.java:1890)
	at javafx.graphics@21.0.1/javafx.scene.Scene$ScenePeerListener.mouseEvent(Scene.java:2708)
	at javafx.graphics@21.0.1/com.sun.javafx.tk.quantum.GlassViewEventHandler$MouseEventNotification.run(GlassViewEventHandler.java:411)
	at javafx.graphics@21.0.1/com.sun.javafx.tk.quantum.GlassViewEventHandler$MouseEventNotification.run(GlassViewEventHandler.java:301)
	at java.base/java.security.AccessController.doPrivileged(AccessController.java:400)
	at javafx.graphics@21.0.1/com.sun.javafx.tk.quantum.GlassViewEventHandler.lambda$handleMouseEvent$2(GlassViewEventHandler.java:450)
	at javafx.graphics@21.0.1/com.sun.javafx.tk.quantum.QuantumToolkit.runWithoutRenderLock(QuantumToolkit.java:424)
	at javafx.graphics@21.0.1/com.sun.javafx.tk.quantum.GlassViewEventHandler.handleMouseEvent(GlassViewEventHandler.java:449)
	at javafx.graphics@21.0.1/com.sun.glass.ui.View.handleMouseEvent(View.java:551)
	at javafx.graphics@21.0.1/com.sun.glass.ui.View.notifyMouse(View.java:937)
	at javafx.graphics@21.0.1/com.sun.glass.ui.win.WinApplication._enterNestedEventLoopImpl(Native Method)
	at javafx.graphics@21.0.1/com.sun.glass.ui.win.WinApplication._enterNestedEventLoop(WinApplication.java:212)
	at javafx.graphics@21.0.1/com.sun.glass.ui.Application.enterNestedEventLoop(Application.java:515)
	at javafx.graphics@21.0.1/com.sun.glass.ui.EventLoop.enter(EventLoop.java:107)
	at javafx.graphics@21.0.1/com.sun.javafx.tk.quantum.QuantumToolkit.enterNestedEventLoop(QuantumToolkit.java:650)
	at javafx.graphics@21.0.1/javafx.stage.Stage.showAndWait(Stage.java:469)
	at pe.crediactiva.app.view.admin.BandejaSolicitudesController.abrirVentanaDetalles(BandejaSolicitudesController.java:289)
	at pe.crediactiva.app.view.admin.BandejaSolicitudesController.lambda$configurarTabla$5(BandejaSolicitudesController.java:159)
	at javafx.base@21.0.1/com.sun.javafx.event.CompositeEventHandler.dispatchBubblingEvent(CompositeEventHandler.java:86)
	at javafx.base@21.0.1/com.sun.javafx.event.EventHandlerManager.dispatchBubblingEvent(EventHandlerManager.java:232)
	at javafx.base@21.0.1/com.sun.javafx.event.EventHandlerManager.dispatchBubblingEvent(EventHandlerManager.java:189)
	at javafx.base@21.0.1/com.sun.javafx.event.CompositeEventDispatcher.dispatchBubblingEvent(CompositeEventDispatcher.java:59)
	at javafx.base@21.0.1/com.sun.javafx.event.BasicEventDispatcher.dispatchEvent(BasicEventDispatcher.java:58)
	at javafx.base@21.0.1/com.sun.javafx.event.EventDispatchChainImpl.dispatchEvent(EventDispatchChainImpl.java:114)
	at javafx.base@21.0.1/com.sun.javafx.event.BasicEventDispatcher.dispatchEvent(BasicEventDispatcher.java:56)
	at javafx.base@21.0.1/com.sun.javafx.event.EventDispatchChainImpl.dispatchEvent(EventDispatchChainImpl.java:114)
	at javafx.base@21.0.1/com.sun.javafx.event.BasicEventDispatcher.dispatchEvent(BasicEventDispatcher.java:56)
	at javafx.base@21.0.1/com.sun.javafx.event.EventDispatchChainImpl.dispatchEvent(EventDispatchChainImpl.java:114)
	at javafx.base@21.0.1/com.sun.javafx.event.BasicEventDispatcher.dispatchEvent(BasicEventDispatcher.java:56)
	at javafx.base@21.0.1/com.sun.javafx.event.EventDispatchChainImpl.dispatchEvent(EventDispatchChainImpl.java:114)
	at javafx.base@21.0.1/com.sun.javafx.event.BasicEventDispatcher.dispatchEvent(BasicEventDispatcher.java:56)
	at javafx.base@21.0.1/com.sun.javafx.event.EventDispatchChainImpl.dispatchEvent(EventDispatchChainImpl.java:114)
	at javafx.base@21.0.1/com.sun.javafx.event.EventUtil.fireEventImpl(EventUtil.java:74)
	at javafx.base@21.0.1/com.sun.javafx.event.EventUtil.fireEvent(EventUtil.java:54)
	at javafx.base@21.0.1/javafx.event.Event.fireEvent(Event.java:198)
	at javafx.graphics@21.0.1/javafx.scene.Scene$ClickGenerator.postProcess(Scene.java:3688)
	at javafx.graphics@21.0.1/javafx.scene.Scene$MouseHandler.process(Scene.java:3993)
	at javafx.graphics@21.0.1/javafx.scene.Scene.processMouseEvent(Scene.java:1890)
	at javafx.graphics@21.0.1/javafx.scene.Scene$ScenePeerListener.mouseEvent(Scene.java:2708)
	at javafx.graphics@21.0.1/com.sun.javafx.tk.quantum.GlassViewEventHandler$MouseEventNotification.run(GlassViewEventHandler.java:411)
	at javafx.graphics@21.0.1/com.sun.javafx.tk.quantum.GlassViewEventHandler$MouseEventNotification.run(GlassViewEventHandler.java:301)
	at java.base/java.security.AccessController.doPrivileged(AccessController.java:400)
	at javafx.graphics@21.0.1/com.sun.javafx.tk.quantum.GlassViewEventHandler.lambda$handleMouseEvent$2(GlassViewEventHandler.java:450)
	at javafx.graphics@21.0.1/com.sun.javafx.tk.quantum.QuantumToolkit.runWithoutRenderLock(QuantumToolkit.java:424)
	at javafx.graphics@21.0.1/com.sun.javafx.tk.quantum.GlassViewEventHandler.handleMouseEvent(GlassViewEventHandler.java:449)
	at javafx.graphics@21.0.1/com.sun.glass.ui.View.handleMouseEvent(View.java:551)
	at javafx.graphics@21.0.1/com.sun.glass.ui.View.notifyMouse(View.java:937)
	at javafx.graphics@21.0.1/com.sun.glass.ui.win.WinApplication._runLoop(Native Method)
	at javafx.graphics@21.0.1/com.sun.glass.ui.win.WinApplication.lambda$runLoop$3(WinApplication.java:185)
	at java.base/java.lang.Thread.run(Thread.java:1583)
2025-10-07 21:38:59 [JavaFX Application Thread] ERROR p.c.app.service.AuditoriaService - Error al registrar auditoría
2025-10-07 21:39:01 [JavaFX Application Thread] INFO  p.c.a.v.a.BandejaSolicitudesController - Ventana de detalles abierta para préstamo ID: 7
2025-10-07 21:40:03 [JavaFX Application Thread] INFO  p.c.a.v.a.BandejaSolicitudesController - Cache de nombres cargado: 1 clientes, 1 asesores
2025-10-07 21:40:03 [JavaFX Application Thread] INFO  p.c.a.v.a.BandejaSolicitudesController - Cargadas 0 solicitudes pendientes desde la base de datos
2025-10-07 21:40:07 [JavaFX Application Thread] INFO  p.c.a.service.AuthenticationService - Usuario cerró sesión: 99999999
2025-10-07 21:40:07 [JavaFX Application Thread] INFO  p.c.a.view.admin.AdminMainController - Usuario cerró sesión
2025-10-07 21:40:21 [JavaFX Application Thread] INFO  p.c.app.dao.impl.UsuarioDAOImpl - Usuario autenticado exitosamente: 11111111
2025-10-07 21:40:21 [JavaFX Application Thread] INFO  p.c.a.service.AuthenticationService - Usuario autenticado exitosamente: 11111111 - CLIENTE
2025-10-07 21:40:21 [JavaFX Application Thread] INFO  p.c.app.view.LoginController - Usuario autenticado exitosamente: 11111111
2025-10-07 21:40:21 [JavaFX Application Thread] ERROR p.c.app.dao.impl.PrestamoDAOImpl - Error al buscar préstamos por cliente y estado: 11111111, ACTIVO
java.sql.SQLException: Column 'cliente_nombre' not found.
	at com.mysql.cj.jdbc.exceptions.SQLError.createSQLException(SQLError.java:130)
	at com.mysql.cj.jdbc.exceptions.SQLError.createSQLException(SQLError.java:98)
	at com.mysql.cj.jdbc.exceptions.SQLError.createSQLException(SQLError.java:90)
	at com.mysql.cj.jdbc.exceptions.SQLError.createSQLException(SQLError.java:64)
	at com.mysql.cj.jdbc.result.ResultSetImpl.findColumn(ResultSetImpl.java:584)
	at com.mysql.cj.jdbc.result.ResultSetImpl.getString(ResultSetImpl.java:896)
	at com.zaxxer.hikari.pool.HikariProxyResultSet.getString(HikariProxyResultSet.java)
	at pe.crediactiva.app.dao.impl.PrestamoDAOImpl.mapResultSetToPrestamo(PrestamoDAOImpl.java:544)
	at pe.crediactiva.app.dao.impl.PrestamoDAOImpl.findByClienteAndEstado(PrestamoDAOImpl.java:497)
	at pe.crediactiva.app.service.PrestamoService.obtenerPrestamosActivosPorCliente(PrestamoService.java:402)
	at pe.crediactiva.app.view.cliente.ClienteMainController.cargarEstadisticasResumen(ClienteMainController.java:198)
	at pe.crediactiva.app.view.cliente.ClienteMainController.initialize(ClienteMainController.java:147)
	at java.base/jdk.internal.reflect.DirectMethodHandleAccessor.invoke(DirectMethodHandleAccessor.java:103)
	at java.base/java.lang.reflect.Method.invoke(Method.java:580)
	at com.sun.javafx.reflect.Trampoline.invoke(MethodUtil.java:72)
	at java.base/jdk.internal.reflect.DirectMethodHandleAccessor.invoke(DirectMethodHandleAccessor.java:103)
	at java.base/java.lang.reflect.Method.invoke(Method.java:580)
	at javafx.base@21.0.1/com.sun.javafx.reflect.MethodUtil.invoke(MethodUtil.java:270)
	at javafx.fxml@21.0.1/com.sun.javafx.fxml.MethodHelper.invoke(MethodHelper.java:84)
	at javafx.fxml@21.0.1/javafx.fxml.FXMLLoader.loadImpl(FXMLLoader.java:2688)
	at javafx.fxml@21.0.1/javafx.fxml.FXMLLoader.loadImpl(FXMLLoader.java:2563)
	at javafx.fxml@21.0.1/javafx.fxml.FXMLLoader.load(FXMLLoader.java:2531)
	at pe.crediactiva.app.view.LoginController.redirectToMainScreen(LoginController.java:140)
	at pe.crediactiva.app.view.LoginController.handleLogin(LoginController.java:99)
	at java.base/jdk.internal.reflect.DirectMethodHandleAccessor.invoke(DirectMethodHandleAccessor.java:103)
	at java.base/java.lang.reflect.Method.invoke(Method.java:580)
	at com.sun.javafx.reflect.Trampoline.invoke(MethodUtil.java:72)
	at java.base/jdk.internal.reflect.DirectMethodHandleAccessor.invoke(DirectMethodHandleAccessor.java:103)
	at java.base/java.lang.reflect.Method.invoke(Method.java:580)
	at javafx.base@21.0.1/com.sun.javafx.reflect.MethodUtil.invoke(MethodUtil.java:270)
	at javafx.fxml@21.0.1/com.sun.javafx.fxml.MethodHelper.invoke(MethodHelper.java:84)
	at javafx.fxml@21.0.1/javafx.fxml.FXMLLoader$MethodHandler.invoke(FXMLLoader.java:1855)
	at javafx.fxml@21.0.1/javafx.fxml.FXMLLoader$ControllerMethodEventHandler.handle(FXMLLoader.java:1726)
	at javafx.base@21.0.1/com.sun.javafx.event.CompositeEventHandler.dispatchBubblingEvent(CompositeEventHandler.java:86)
	at javafx.base@21.0.1/com.sun.javafx.event.EventHandlerManager.dispatchBubblingEvent(EventHandlerManager.java:232)
	at javafx.base@21.0.1/com.sun.javafx.event.EventHandlerManager.dispatchBubblingEvent(EventHandlerManager.java:189)
	at javafx.base@21.0.1/com.sun.javafx.event.CompositeEventDispatcher.dispatchBubblingEvent(CompositeEventDispatcher.java:59)
	at javafx.base@21.0.1/com.sun.javafx.event.BasicEventDispatcher.dispatchEvent(BasicEventDispatcher.java:58)
	at javafx.base@21.0.1/com.sun.javafx.event.EventDispatchChainImpl.dispatchEvent(EventDispatchChainImpl.java:114)
	at javafx.base@21.0.1/com.sun.javafx.event.BasicEventDispatcher.dispatchEvent(BasicEventDispatcher.java:56)
	at javafx.base@21.0.1/com.sun.javafx.event.EventDispatchChainImpl.dispatchEvent(EventDispatchChainImpl.java:114)
	at javafx.base@21.0.1/com.sun.javafx.event.BasicEventDispatcher.dispatchEvent(BasicEventDispatcher.java:56)
	at javafx.base@21.0.1/com.sun.javafx.event.EventDispatchChainImpl.dispatchEvent(EventDispatchChainImpl.java:114)
	at javafx.base@21.0.1/com.sun.javafx.event.EventUtil.fireEventImpl(EventUtil.java:74)
	at javafx.base@21.0.1/com.sun.javafx.event.EventUtil.fireEvent(EventUtil.java:49)
	at javafx.base@21.0.1/javafx.event.Event.fireEvent(Event.java:198)
	at javafx.graphics@21.0.1/javafx.scene.Node.fireEvent(Node.java:8875)
	at javafx.controls@21.0.1/javafx.scene.control.Button.fire(Button.java:203)
	at javafx.controls@21.0.1/com.sun.javafx.scene.control.behavior.ButtonBehavior.mouseReleased(ButtonBehavior.java:207)
	at javafx.controls@21.0.1/com.sun.javafx.scene.control.inputmap.InputMap.handle(InputMap.java:274)
	at javafx.base@21.0.1/com.sun.javafx.event.CompositeEventHandler$NormalEventHandlerRecord.handleBubblingEvent(CompositeEventHandler.java:247)
	at javafx.base@21.0.1/com.sun.javafx.event.CompositeEventHandler.dispatchBubblingEvent(CompositeEventHandler.java:80)
	at javafx.base@21.0.1/com.sun.javafx.event.EventHandlerManager.dispatchBubblingEvent(EventHandlerManager.java:232)
	at javafx.base@21.0.1/com.sun.javafx.event.EventHandlerManager.dispatchBubblingEvent(EventHandlerManager.java:189)
	at javafx.base@21.0.1/com.sun.javafx.event.CompositeEventDispatcher.dispatchBubblingEvent(CompositeEventDispatcher.java:59)
	at javafx.base@21.0.1/com.sun.javafx.event.BasicEventDispatcher.dispatchEvent(BasicEventDispatcher.java:58)
	at javafx.base@21.0.1/com.sun.javafx.event.EventDispatchChainImpl.dispatchEvent(EventDispatchChainImpl.java:114)
	at javafx.base@21.0.1/com.sun.javafx.event.BasicEventDispatcher.dispatchEvent(BasicEventDispatcher.java:56)
	at javafx.base@21.0.1/com.sun.javafx.event.EventDispatchChainImpl.dispatchEvent(EventDispatchChainImpl.java:114)
	at javafx.base@21.0.1/com.sun.javafx.event.BasicEventDispatcher.dispatchEvent(BasicEventDispatcher.java:56)
	at javafx.base@21.0.1/com.sun.javafx.event.EventDispatchChainImpl.dispatchEvent(EventDispatchChainImpl.java:114)
	at javafx.base@21.0.1/com.sun.javafx.event.EventUtil.fireEventImpl(EventUtil.java:74)
	at javafx.base@21.0.1/com.sun.javafx.event.EventUtil.fireEvent(EventUtil.java:54)
	at javafx.base@21.0.1/javafx.event.Event.fireEvent(Event.java:198)
	at javafx.graphics@21.0.1/javafx.scene.Scene$MouseHandler.process(Scene.java:3984)
	at javafx.graphics@21.0.1/javafx.scene.Scene.processMouseEvent(Scene.java:1890)
	at javafx.graphics@21.0.1/javafx.scene.Scene$ScenePeerListener.mouseEvent(Scene.java:2708)
	at javafx.graphics@21.0.1/com.sun.javafx.tk.quantum.GlassViewEventHandler$MouseEventNotification.run(GlassViewEventHandler.java:411)
	at javafx.graphics@21.0.1/com.sun.javafx.tk.quantum.GlassViewEventHandler$MouseEventNotification.run(GlassViewEventHandler.java:301)
	at java.base/java.security.AccessController.doPrivileged(AccessController.java:400)
	at javafx.graphics@21.0.1/com.sun.javafx.tk.quantum.GlassViewEventHandler.lambda$handleMouseEvent$2(GlassViewEventHandler.java:450)
	at javafx.graphics@21.0.1/com.sun.javafx.tk.quantum.QuantumToolkit.runWithoutRenderLock(QuantumToolkit.java:424)
	at javafx.graphics@21.0.1/com.sun.javafx.tk.quantum.GlassViewEventHandler.handleMouseEvent(GlassViewEventHandler.java:449)
	at javafx.graphics@21.0.1/com.sun.glass.ui.View.handleMouseEvent(View.java:551)
	at javafx.graphics@21.0.1/com.sun.glass.ui.View.notifyMouse(View.java:937)
	at javafx.graphics@21.0.1/com.sun.glass.ui.win.WinApplication._runLoop(Native Method)
	at javafx.graphics@21.0.1/com.sun.glass.ui.win.WinApplication.lambda$runLoop$3(WinApplication.java:185)
	at java.base/java.lang.Thread.run(Thread.java:1583)
2025-10-07 21:40:21 [JavaFX Application Thread] INFO  p.c.app.view.LoginController - Usuario redirigido a pantalla principal: CLIENTE
2025-10-07 21:40:24 [JavaFX Application Thread] INFO  p.c.a.v.c.CronogramasClienteController - Cargado cronograma con 26 cuotas para préstamo 6
2025-10-07 21:40:24 [JavaFX Application Thread] INFO  p.c.a.v.c.CronogramasClienteController - Cargados 2 préstamos para el cliente 11111111
2025-10-07 21:40:38 [JavaFX Application Thread] INFO  p.c.a.v.c.CronogramasClienteController - Cargado cronograma con 26 cuotas para préstamo 1
2025-10-07 21:41:34 [JavaFX Application Thread] ERROR p.c.app.dao.impl.PrestamoDAOImpl - Error al buscar préstamos por cliente y estado: 11111111, ACTIVO
java.sql.SQLException: Column 'cliente_nombre' not found.
	at com.mysql.cj.jdbc.exceptions.SQLError.createSQLException(SQLError.java:130)
	at com.mysql.cj.jdbc.exceptions.SQLError.createSQLException(SQLError.java:98)
	at com.mysql.cj.jdbc.exceptions.SQLError.createSQLException(SQLError.java:90)
	at com.mysql.cj.jdbc.exceptions.SQLError.createSQLException(SQLError.java:64)
	at com.mysql.cj.jdbc.result.ResultSetImpl.findColumn(ResultSetImpl.java:584)
	at com.mysql.cj.jdbc.result.ResultSetImpl.getString(ResultSetImpl.java:896)
	at com.zaxxer.hikari.pool.HikariProxyResultSet.getString(HikariProxyResultSet.java)
	at pe.crediactiva.app.dao.impl.PrestamoDAOImpl.mapResultSetToPrestamo(PrestamoDAOImpl.java:544)
	at pe.crediactiva.app.dao.impl.PrestamoDAOImpl.findByClienteAndEstado(PrestamoDAOImpl.java:497)
	at pe.crediactiva.app.service.PrestamoService.obtenerPrestamosActivosPorCliente(PrestamoService.java:402)
	at pe.crediactiva.app.view.cliente.ClienteMainController.cargarEstadisticasResumen(ClienteMainController.java:198)
	at pe.crediactiva.app.view.cliente.ClienteMainController.initialize(ClienteMainController.java:147)
	at java.base/jdk.internal.reflect.DirectMethodHandleAccessor.invoke(DirectMethodHandleAccessor.java:103)
	at java.base/java.lang.reflect.Method.invoke(Method.java:580)
	at com.sun.javafx.reflect.Trampoline.invoke(MethodUtil.java:72)
	at java.base/jdk.internal.reflect.DirectMethodHandleAccessor.invoke(DirectMethodHandleAccessor.java:103)
	at java.base/java.lang.reflect.Method.invoke(Method.java:580)
	at javafx.base@21.0.1/com.sun.javafx.reflect.MethodUtil.invoke(MethodUtil.java:270)
	at javafx.fxml@21.0.1/com.sun.javafx.fxml.MethodHelper.invoke(MethodHelper.java:84)
	at javafx.fxml@21.0.1/javafx.fxml.FXMLLoader.loadImpl(FXMLLoader.java:2688)
	at javafx.fxml@21.0.1/javafx.fxml.FXMLLoader.loadImpl(FXMLLoader.java:2563)
	at javafx.fxml@21.0.1/javafx.fxml.FXMLLoader.load(FXMLLoader.java:2531)
	at pe.crediactiva.app.view.cliente.CronogramasClienteController.handleVolver(CronogramasClienteController.java:393)
	at java.base/jdk.internal.reflect.DirectMethodHandleAccessor.invoke(DirectMethodHandleAccessor.java:103)
	at java.base/java.lang.reflect.Method.invoke(Method.java:580)
	at com.sun.javafx.reflect.Trampoline.invoke(MethodUtil.java:72)
	at java.base/jdk.internal.reflect.DirectMethodHandleAccessor.invoke(DirectMethodHandleAccessor.java:103)
	at java.base/java.lang.reflect.Method.invoke(Method.java:580)
	at javafx.base@21.0.1/com.sun.javafx.reflect.MethodUtil.invoke(MethodUtil.java:270)
	at javafx.fxml@21.0.1/com.sun.javafx.fxml.MethodHelper.invoke(MethodHelper.java:84)
	at javafx.fxml@21.0.1/javafx.fxml.FXMLLoader$MethodHandler.invoke(FXMLLoader.java:1855)
	at javafx.fxml@21.0.1/javafx.fxml.FXMLLoader$ControllerMethodEventHandler.handle(FXMLLoader.java:1726)
	at javafx.base@21.0.1/com.sun.javafx.event.CompositeEventHandler.dispatchBubblingEvent(CompositeEventHandler.java:86)
	at javafx.base@21.0.1/com.sun.javafx.event.EventHandlerManager.dispatchBubblingEvent(EventHandlerManager.java:232)
	at javafx.base@21.0.1/com.sun.javafx.event.EventHandlerManager.dispatchBubblingEvent(EventHandlerManager.java:189)
	at javafx.base@21.0.1/com.sun.javafx.event.CompositeEventDispatcher.dispatchBubblingEvent(CompositeEventDispatcher.java:59)
	at javafx.base@21.0.1/com.sun.javafx.event.BasicEventDispatcher.dispatchEvent(BasicEventDispatcher.java:58)
	at javafx.base@21.0.1/com.sun.javafx.event.EventDispatchChainImpl.dispatchEvent(EventDispatchChainImpl.java:114)
	at javafx.base@21.0.1/com.sun.javafx.event.BasicEventDispatcher.dispatchEvent(BasicEventDispatcher.java:56)
	at javafx.base@21.0.1/com.sun.javafx.event.EventDispatchChainImpl.dispatchEvent(EventDispatchChainImpl.java:114)
	at javafx.base@21.0.1/com.sun.javafx.event.BasicEventDispatcher.dispatchEvent(BasicEventDispatcher.java:56)
	at javafx.base@21.0.1/com.sun.javafx.event.EventDispatchChainImpl.dispatchEvent(EventDispatchChainImpl.java:114)
	at javafx.base@21.0.1/com.sun.javafx.event.EventUtil.fireEventImpl(EventUtil.java:74)
	at javafx.base@21.0.1/com.sun.javafx.event.EventUtil.fireEvent(EventUtil.java:49)
	at javafx.base@21.0.1/javafx.event.Event.fireEvent(Event.java:198)
	at javafx.graphics@21.0.1/javafx.scene.Node.fireEvent(Node.java:8875)
	at javafx.controls@21.0.1/javafx.scene.control.Button.fire(Button.java:203)
	at javafx.controls@21.0.1/com.sun.javafx.scene.control.behavior.ButtonBehavior.mouseReleased(ButtonBehavior.java:207)
	at javafx.controls@21.0.1/com.sun.javafx.scene.control.inputmap.InputMap.handle(InputMap.java:274)
	at javafx.base@21.0.1/com.sun.javafx.event.CompositeEventHandler$NormalEventHandlerRecord.handleBubblingEvent(CompositeEventHandler.java:247)
	at javafx.base@21.0.1/com.sun.javafx.event.CompositeEventHandler.dispatchBubblingEvent(CompositeEventHandler.java:80)
	at javafx.base@21.0.1/com.sun.javafx.event.EventHandlerManager.dispatchBubblingEvent(EventHandlerManager.java:232)
	at javafx.base@21.0.1/com.sun.javafx.event.EventHandlerManager.dispatchBubblingEvent(EventHandlerManager.java:189)
	at javafx.base@21.0.1/com.sun.javafx.event.CompositeEventDispatcher.dispatchBubblingEvent(CompositeEventDispatcher.java:59)
	at javafx.base@21.0.1/com.sun.javafx.event.BasicEventDispatcher.dispatchEvent(BasicEventDispatcher.java:58)
	at javafx.base@21.0.1/com.sun.javafx.event.EventDispatchChainImpl.dispatchEvent(EventDispatchChainImpl.java:114)
	at javafx.base@21.0.1/com.sun.javafx.event.BasicEventDispatcher.dispatchEvent(BasicEventDispatcher.java:56)
	at javafx.base@21.0.1/com.sun.javafx.event.EventDispatchChainImpl.dispatchEvent(EventDispatchChainImpl.java:114)
	at javafx.base@21.0.1/com.sun.javafx.event.BasicEventDispatcher.dispatchEvent(BasicEventDispatcher.java:56)
	at javafx.base@21.0.1/com.sun.javafx.event.EventDispatchChainImpl.dispatchEvent(EventDispatchChainImpl.java:114)
	at javafx.base@21.0.1/com.sun.javafx.event.EventUtil.fireEventImpl(EventUtil.java:74)
	at javafx.base@21.0.1/com.sun.javafx.event.EventUtil.fireEvent(EventUtil.java:54)
	at javafx.base@21.0.1/javafx.event.Event.fireEvent(Event.java:198)
	at javafx.graphics@21.0.1/javafx.scene.Scene$MouseHandler.process(Scene.java:3984)
	at javafx.graphics@21.0.1/javafx.scene.Scene.processMouseEvent(Scene.java:1890)
	at javafx.graphics@21.0.1/javafx.scene.Scene$ScenePeerListener.mouseEvent(Scene.java:2708)
	at javafx.graphics@21.0.1/com.sun.javafx.tk.quantum.GlassViewEventHandler$MouseEventNotification.run(GlassViewEventHandler.java:411)
	at javafx.graphics@21.0.1/com.sun.javafx.tk.quantum.GlassViewEventHandler$MouseEventNotification.run(GlassViewEventHandler.java:301)
	at java.base/java.security.AccessController.doPrivileged(AccessController.java:400)
	at javafx.graphics@21.0.1/com.sun.javafx.tk.quantum.GlassViewEventHandler.lambda$handleMouseEvent$2(GlassViewEventHandler.java:450)
	at javafx.graphics@21.0.1/com.sun.javafx.tk.quantum.QuantumToolkit.runWithoutRenderLock(QuantumToolkit.java:424)
	at javafx.graphics@21.0.1/com.sun.javafx.tk.quantum.GlassViewEventHandler.handleMouseEvent(GlassViewEventHandler.java:449)
	at javafx.graphics@21.0.1/com.sun.glass.ui.View.handleMouseEvent(View.java:551)
	at javafx.graphics@21.0.1/com.sun.glass.ui.View.notifyMouse(View.java:937)
	at javafx.graphics@21.0.1/com.sun.glass.ui.win.WinApplication._runLoop(Native Method)
	at javafx.graphics@21.0.1/com.sun.glass.ui.win.WinApplication.lambda$runLoop$3(WinApplication.java:185)
	at java.base/java.lang.Thread.run(Thread.java:1583)
2025-10-07 21:51:06 [JavaFX Application Thread] INFO  p.c.a.v.c.HistorialClienteController - Pantalla de historial del cliente inicializada correctamente
2025-10-07 21:51:15 [JavaFX Application Thread] ERROR p.c.app.dao.impl.PrestamoDAOImpl - Error al buscar préstamos por cliente y estado: 11111111, ACTIVO
java.sql.SQLException: Column 'cliente_nombre' not found.
	at com.mysql.cj.jdbc.exceptions.SQLError.createSQLException(SQLError.java:130)
	at com.mysql.cj.jdbc.exceptions.SQLError.createSQLException(SQLError.java:98)
	at com.mysql.cj.jdbc.exceptions.SQLError.createSQLException(SQLError.java:90)
	at com.mysql.cj.jdbc.exceptions.SQLError.createSQLException(SQLError.java:64)
	at com.mysql.cj.jdbc.result.ResultSetImpl.findColumn(ResultSetImpl.java:584)
	at com.mysql.cj.jdbc.result.ResultSetImpl.getString(ResultSetImpl.java:896)
	at com.zaxxer.hikari.pool.HikariProxyResultSet.getString(HikariProxyResultSet.java)
	at pe.crediactiva.app.dao.impl.PrestamoDAOImpl.mapResultSetToPrestamo(PrestamoDAOImpl.java:544)
	at pe.crediactiva.app.dao.impl.PrestamoDAOImpl.findByClienteAndEstado(PrestamoDAOImpl.java:497)
	at pe.crediactiva.app.service.PrestamoService.obtenerPrestamosActivosPorCliente(PrestamoService.java:402)
	at pe.crediactiva.app.view.cliente.ClienteMainController.cargarEstadisticasResumen(ClienteMainController.java:198)
	at pe.crediactiva.app.view.cliente.ClienteMainController.initialize(ClienteMainController.java:147)
	at java.base/jdk.internal.reflect.DirectMethodHandleAccessor.invoke(DirectMethodHandleAccessor.java:103)
	at java.base/java.lang.reflect.Method.invoke(Method.java:580)
	at com.sun.javafx.reflect.Trampoline.invoke(MethodUtil.java:72)
	at java.base/jdk.internal.reflect.DirectMethodHandleAccessor.invoke(DirectMethodHandleAccessor.java:103)
	at java.base/java.lang.reflect.Method.invoke(Method.java:580)
	at javafx.base@21.0.1/com.sun.javafx.reflect.MethodUtil.invoke(MethodUtil.java:270)
	at javafx.fxml@21.0.1/com.sun.javafx.fxml.MethodHelper.invoke(MethodHelper.java:84)
	at javafx.fxml@21.0.1/javafx.fxml.FXMLLoader.loadImpl(FXMLLoader.java:2688)
	at javafx.fxml@21.0.1/javafx.fxml.FXMLLoader.loadImpl(FXMLLoader.java:2563)
	at javafx.fxml@21.0.1/javafx.fxml.FXMLLoader.load(FXMLLoader.java:2531)
	at pe.crediactiva.app.view.cliente.HistorialClienteController.handleVolver(HistorialClienteController.java:497)
	at java.base/jdk.internal.reflect.DirectMethodHandleAccessor.invoke(DirectMethodHandleAccessor.java:103)
	at java.base/java.lang.reflect.Method.invoke(Method.java:580)
	at com.sun.javafx.reflect.Trampoline.invoke(MethodUtil.java:72)
	at java.base/jdk.internal.reflect.DirectMethodHandleAccessor.invoke(DirectMethodHandleAccessor.java:103)
	at java.base/java.lang.reflect.Method.invoke(Method.java:580)
	at javafx.base@21.0.1/com.sun.javafx.reflect.MethodUtil.invoke(MethodUtil.java:270)
	at javafx.fxml@21.0.1/com.sun.javafx.fxml.MethodHelper.invoke(MethodHelper.java:84)
	at javafx.fxml@21.0.1/javafx.fxml.FXMLLoader$MethodHandler.invoke(FXMLLoader.java:1855)
	at javafx.fxml@21.0.1/javafx.fxml.FXMLLoader$ControllerMethodEventHandler.handle(FXMLLoader.java:1726)
	at javafx.base@21.0.1/com.sun.javafx.event.CompositeEventHandler.dispatchBubblingEvent(CompositeEventHandler.java:86)
	at javafx.base@21.0.1/com.sun.javafx.event.EventHandlerManager.dispatchBubblingEvent(EventHandlerManager.java:232)
	at javafx.base@21.0.1/com.sun.javafx.event.EventHandlerManager.dispatchBubblingEvent(EventHandlerManager.java:189)
	at javafx.base@21.0.1/com.sun.javafx.event.CompositeEventDispatcher.dispatchBubblingEvent(CompositeEventDispatcher.java:59)
	at javafx.base@21.0.1/com.sun.javafx.event.BasicEventDispatcher.dispatchEvent(BasicEventDispatcher.java:58)
	at javafx.base@21.0.1/com.sun.javafx.event.EventDispatchChainImpl.dispatchEvent(EventDispatchChainImpl.java:114)
	at javafx.base@21.0.1/com.sun.javafx.event.BasicEventDispatcher.dispatchEvent(BasicEventDispatcher.java:56)
	at javafx.base@21.0.1/com.sun.javafx.event.EventDispatchChainImpl.dispatchEvent(EventDispatchChainImpl.java:114)
	at javafx.base@21.0.1/com.sun.javafx.event.BasicEventDispatcher.dispatchEvent(BasicEventDispatcher.java:56)
	at javafx.base@21.0.1/com.sun.javafx.event.EventDispatchChainImpl.dispatchEvent(EventDispatchChainImpl.java:114)
	at javafx.base@21.0.1/com.sun.javafx.event.EventUtil.fireEventImpl(EventUtil.java:74)
	at javafx.base@21.0.1/com.sun.javafx.event.EventUtil.fireEvent(EventUtil.java:49)
	at javafx.base@21.0.1/javafx.event.Event.fireEvent(Event.java:198)
	at javafx.graphics@21.0.1/javafx.scene.Node.fireEvent(Node.java:8875)
	at javafx.controls@21.0.1/javafx.scene.control.Button.fire(Button.java:203)
	at javafx.controls@21.0.1/com.sun.javafx.scene.control.behavior.ButtonBehavior.mouseReleased(ButtonBehavior.java:207)
	at javafx.controls@21.0.1/com.sun.javafx.scene.control.inputmap.InputMap.handle(InputMap.java:274)
	at javafx.base@21.0.1/com.sun.javafx.event.CompositeEventHandler$NormalEventHandlerRecord.handleBubblingEvent(CompositeEventHandler.java:247)
	at javafx.base@21.0.1/com.sun.javafx.event.CompositeEventHandler.dispatchBubblingEvent(CompositeEventHandler.java:80)
	at javafx.base@21.0.1/com.sun.javafx.event.EventHandlerManager.dispatchBubblingEvent(EventHandlerManager.java:232)
	at javafx.base@21.0.1/com.sun.javafx.event.EventHandlerManager.dispatchBubblingEvent(EventHandlerManager.java:189)
	at javafx.base@21.0.1/com.sun.javafx.event.CompositeEventDispatcher.dispatchBubblingEvent(CompositeEventDispatcher.java:59)
	at javafx.base@21.0.1/com.sun.javafx.event.BasicEventDispatcher.dispatchEvent(BasicEventDispatcher.java:58)
	at javafx.base@21.0.1/com.sun.javafx.event.EventDispatchChainImpl.dispatchEvent(EventDispatchChainImpl.java:114)
	at javafx.base@21.0.1/com.sun.javafx.event.BasicEventDispatcher.dispatchEvent(BasicEventDispatcher.java:56)
	at javafx.base@21.0.1/com.sun.javafx.event.EventDispatchChainImpl.dispatchEvent(EventDispatchChainImpl.java:114)
	at javafx.base@21.0.1/com.sun.javafx.event.BasicEventDispatcher.dispatchEvent(BasicEventDispatcher.java:56)
	at javafx.base@21.0.1/com.sun.javafx.event.EventDispatchChainImpl.dispatchEvent(EventDispatchChainImpl.java:114)
	at javafx.base@21.0.1/com.sun.javafx.event.EventUtil.fireEventImpl(EventUtil.java:74)
	at javafx.base@21.0.1/com.sun.javafx.event.EventUtil.fireEvent(EventUtil.java:54)
	at javafx.base@21.0.1/javafx.event.Event.fireEvent(Event.java:198)
	at javafx.graphics@21.0.1/javafx.scene.Scene$MouseHandler.process(Scene.java:3984)
	at javafx.graphics@21.0.1/javafx.scene.Scene.processMouseEvent(Scene.java:1890)
	at javafx.graphics@21.0.1/javafx.scene.Scene$ScenePeerListener.mouseEvent(Scene.java:2708)
	at javafx.graphics@21.0.1/com.sun.javafx.tk.quantum.GlassViewEventHandler$MouseEventNotification.run(GlassViewEventHandler.java:411)
	at javafx.graphics@21.0.1/com.sun.javafx.tk.quantum.GlassViewEventHandler$MouseEventNotification.run(GlassViewEventHandler.java:301)
	at java.base/java.security.AccessController.doPrivileged(AccessController.java:400)
	at javafx.graphics@21.0.1/com.sun.javafx.tk.quantum.GlassViewEventHandler.lambda$handleMouseEvent$2(GlassViewEventHandler.java:450)
	at javafx.graphics@21.0.1/com.sun.javafx.tk.quantum.QuantumToolkit.runWithoutRenderLock(QuantumToolkit.java:424)
	at javafx.graphics@21.0.1/com.sun.javafx.tk.quantum.GlassViewEventHandler.handleMouseEvent(GlassViewEventHandler.java:449)
	at javafx.graphics@21.0.1/com.sun.glass.ui.View.handleMouseEvent(View.java:551)
	at javafx.graphics@21.0.1/com.sun.glass.ui.View.notifyMouse(View.java:937)
	at javafx.graphics@21.0.1/com.sun.glass.ui.win.WinApplication._runLoop(Native Method)
	at javafx.graphics@21.0.1/com.sun.glass.ui.win.WinApplication.lambda$runLoop$3(WinApplication.java:185)
	at java.base/java.lang.Thread.run(Thread.java:1583)
2025-10-07 21:51:26 [JavaFX Application Thread] INFO  p.c.a.v.c.PrestamosClienteController - Cargados 2 préstamos para el cliente 11111111
2025-10-07 21:51:32 [JavaFX Application Thread] ERROR p.c.app.dao.impl.PrestamoDAOImpl - Error al buscar préstamos por cliente y estado: 11111111, ACTIVO
java.sql.SQLException: Column 'cliente_nombre' not found.
	at com.mysql.cj.jdbc.exceptions.SQLError.createSQLException(SQLError.java:130)
	at com.mysql.cj.jdbc.exceptions.SQLError.createSQLException(SQLError.java:98)
	at com.mysql.cj.jdbc.exceptions.SQLError.createSQLException(SQLError.java:90)
	at com.mysql.cj.jdbc.exceptions.SQLError.createSQLException(SQLError.java:64)
	at com.mysql.cj.jdbc.result.ResultSetImpl.findColumn(ResultSetImpl.java:584)
	at com.mysql.cj.jdbc.result.ResultSetImpl.getString(ResultSetImpl.java:896)
	at com.zaxxer.hikari.pool.HikariProxyResultSet.getString(HikariProxyResultSet.java)
	at pe.crediactiva.app.dao.impl.PrestamoDAOImpl.mapResultSetToPrestamo(PrestamoDAOImpl.java:544)
	at pe.crediactiva.app.dao.impl.PrestamoDAOImpl.findByClienteAndEstado(PrestamoDAOImpl.java:497)
	at pe.crediactiva.app.service.PrestamoService.obtenerPrestamosActivosPorCliente(PrestamoService.java:402)
	at pe.crediactiva.app.view.cliente.ClienteMainController.cargarEstadisticasResumen(ClienteMainController.java:198)
	at pe.crediactiva.app.view.cliente.ClienteMainController.initialize(ClienteMainController.java:147)
	at java.base/jdk.internal.reflect.DirectMethodHandleAccessor.invoke(DirectMethodHandleAccessor.java:103)
	at java.base/java.lang.reflect.Method.invoke(Method.java:580)
	at com.sun.javafx.reflect.Trampoline.invoke(MethodUtil.java:72)
	at java.base/jdk.internal.reflect.DirectMethodHandleAccessor.invoke(DirectMethodHandleAccessor.java:103)
	at java.base/java.lang.reflect.Method.invoke(Method.java:580)
	at javafx.base@21.0.1/com.sun.javafx.reflect.MethodUtil.invoke(MethodUtil.java:270)
	at javafx.fxml@21.0.1/com.sun.javafx.fxml.MethodHelper.invoke(MethodHelper.java:84)
	at javafx.fxml@21.0.1/javafx.fxml.FXMLLoader.loadImpl(FXMLLoader.java:2688)
	at javafx.fxml@21.0.1/javafx.fxml.FXMLLoader.loadImpl(FXMLLoader.java:2563)
	at javafx.fxml@21.0.1/javafx.fxml.FXMLLoader.load(FXMLLoader.java:2531)
	at pe.crediactiva.app.view.cliente.PrestamosClienteController.handleVolver(PrestamosClienteController.java:287)
	at java.base/jdk.internal.reflect.DirectMethodHandleAccessor.invoke(DirectMethodHandleAccessor.java:103)
	at java.base/java.lang.reflect.Method.invoke(Method.java:580)
	at com.sun.javafx.reflect.Trampoline.invoke(MethodUtil.java:72)
	at java.base/jdk.internal.reflect.DirectMethodHandleAccessor.invoke(DirectMethodHandleAccessor.java:103)
	at java.base/java.lang.reflect.Method.invoke(Method.java:580)
	at javafx.base@21.0.1/com.sun.javafx.reflect.MethodUtil.invoke(MethodUtil.java:270)
	at javafx.fxml@21.0.1/com.sun.javafx.fxml.MethodHelper.invoke(MethodHelper.java:84)
	at javafx.fxml@21.0.1/javafx.fxml.FXMLLoader$MethodHandler.invoke(FXMLLoader.java:1855)
	at javafx.fxml@21.0.1/javafx.fxml.FXMLLoader$ControllerMethodEventHandler.handle(FXMLLoader.java:1726)
	at javafx.base@21.0.1/com.sun.javafx.event.CompositeEventHandler.dispatchBubblingEvent(CompositeEventHandler.java:86)
	at javafx.base@21.0.1/com.sun.javafx.event.EventHandlerManager.dispatchBubblingEvent(EventHandlerManager.java:232)
	at javafx.base@21.0.1/com.sun.javafx.event.EventHandlerManager.dispatchBubblingEvent(EventHandlerManager.java:189)
	at javafx.base@21.0.1/com.sun.javafx.event.CompositeEventDispatcher.dispatchBubblingEvent(CompositeEventDispatcher.java:59)
	at javafx.base@21.0.1/com.sun.javafx.event.BasicEventDispatcher.dispatchEvent(BasicEventDispatcher.java:58)
	at javafx.base@21.0.1/com.sun.javafx.event.EventDispatchChainImpl.dispatchEvent(EventDispatchChainImpl.java:114)
	at javafx.base@21.0.1/com.sun.javafx.event.BasicEventDispatcher.dispatchEvent(BasicEventDispatcher.java:56)
	at javafx.base@21.0.1/com.sun.javafx.event.EventDispatchChainImpl.dispatchEvent(EventDispatchChainImpl.java:114)
	at javafx.base@21.0.1/com.sun.javafx.event.BasicEventDispatcher.dispatchEvent(BasicEventDispatcher.java:56)
	at javafx.base@21.0.1/com.sun.javafx.event.EventDispatchChainImpl.dispatchEvent(EventDispatchChainImpl.java:114)
	at javafx.base@21.0.1/com.sun.javafx.event.EventUtil.fireEventImpl(EventUtil.java:74)
	at javafx.base@21.0.1/com.sun.javafx.event.EventUtil.fireEvent(EventUtil.java:49)
	at javafx.base@21.0.1/javafx.event.Event.fireEvent(Event.java:198)
	at javafx.graphics@21.0.1/javafx.scene.Node.fireEvent(Node.java:8875)
	at javafx.controls@21.0.1/javafx.scene.control.Button.fire(Button.java:203)
	at javafx.controls@21.0.1/com.sun.javafx.scene.control.behavior.ButtonBehavior.mouseReleased(ButtonBehavior.java:207)
	at javafx.controls@21.0.1/com.sun.javafx.scene.control.inputmap.InputMap.handle(InputMap.java:274)
	at javafx.base@21.0.1/com.sun.javafx.event.CompositeEventHandler$NormalEventHandlerRecord.handleBubblingEvent(CompositeEventHandler.java:247)
	at javafx.base@21.0.1/com.sun.javafx.event.CompositeEventHandler.dispatchBubblingEvent(CompositeEventHandler.java:80)
	at javafx.base@21.0.1/com.sun.javafx.event.EventHandlerManager.dispatchBubblingEvent(EventHandlerManager.java:232)
	at javafx.base@21.0.1/com.sun.javafx.event.EventHandlerManager.dispatchBubblingEvent(EventHandlerManager.java:189)
	at javafx.base@21.0.1/com.sun.javafx.event.CompositeEventDispatcher.dispatchBubblingEvent(CompositeEventDispatcher.java:59)
	at javafx.base@21.0.1/com.sun.javafx.event.BasicEventDispatcher.dispatchEvent(BasicEventDispatcher.java:58)
	at javafx.base@21.0.1/com.sun.javafx.event.EventDispatchChainImpl.dispatchEvent(EventDispatchChainImpl.java:114)
	at javafx.base@21.0.1/com.sun.javafx.event.BasicEventDispatcher.dispatchEvent(BasicEventDispatcher.java:56)
	at javafx.base@21.0.1/com.sun.javafx.event.EventDispatchChainImpl.dispatchEvent(EventDispatchChainImpl.java:114)
	at javafx.base@21.0.1/com.sun.javafx.event.BasicEventDispatcher.dispatchEvent(BasicEventDispatcher.java:56)
	at javafx.base@21.0.1/com.sun.javafx.event.EventDispatchChainImpl.dispatchEvent(EventDispatchChainImpl.java:114)
	at javafx.base@21.0.1/com.sun.javafx.event.EventUtil.fireEventImpl(EventUtil.java:74)
	at javafx.base@21.0.1/com.sun.javafx.event.EventUtil.fireEvent(EventUtil.java:54)
	at javafx.base@21.0.1/javafx.event.Event.fireEvent(Event.java:198)
	at javafx.graphics@21.0.1/javafx.scene.Scene$MouseHandler.process(Scene.java:3984)
	at javafx.graphics@21.0.1/javafx.scene.Scene.processMouseEvent(Scene.java:1890)
	at javafx.graphics@21.0.1/javafx.scene.Scene$ScenePeerListener.mouseEvent(Scene.java:2708)
	at javafx.graphics@21.0.1/com.sun.javafx.tk.quantum.GlassViewEventHandler$MouseEventNotification.run(GlassViewEventHandler.java:411)
	at javafx.graphics@21.0.1/com.sun.javafx.tk.quantum.GlassViewEventHandler$MouseEventNotification.run(GlassViewEventHandler.java:301)
	at java.base/java.security.AccessController.doPrivileged(AccessController.java:400)
	at javafx.graphics@21.0.1/com.sun.javafx.tk.quantum.GlassViewEventHandler.lambda$handleMouseEvent$2(GlassViewEventHandler.java:450)
	at javafx.graphics@21.0.1/com.sun.javafx.tk.quantum.QuantumToolkit.runWithoutRenderLock(QuantumToolkit.java:424)
	at javafx.graphics@21.0.1/com.sun.javafx.tk.quantum.GlassViewEventHandler.handleMouseEvent(GlassViewEventHandler.java:449)
	at javafx.graphics@21.0.1/com.sun.glass.ui.View.handleMouseEvent(View.java:551)
	at javafx.graphics@21.0.1/com.sun.glass.ui.View.notifyMouse(View.java:937)
	at javafx.graphics@21.0.1/com.sun.glass.ui.win.WinApplication._runLoop(Native Method)
	at javafx.graphics@21.0.1/com.sun.glass.ui.win.WinApplication.lambda$runLoop$3(WinApplication.java:185)
	at java.base/java.lang.Thread.run(Thread.java:1583)
2025-10-07 21:51:51 [JavaFX Application Thread] INFO  p.c.a.service.AuthenticationService - Usuario cerró sesión: 11111111
2025-10-07 21:51:51 [JavaFX Application Thread] INFO  p.c.a.v.c.ClienteMainController - Cliente cerró sesión
2025-10-07 21:52:03 [JavaFX Application Thread] INFO  p.c.app.dao.impl.UsuarioDAOImpl - Usuario autenticado exitosamente: 99999999
2025-10-07 21:52:03 [JavaFX Application Thread] INFO  p.c.a.service.AuthenticationService - Usuario autenticado exitosamente: 99999999 - ADMIN
2025-10-07 21:52:03 [JavaFX Application Thread] INFO  p.c.app.view.LoginController - Usuario autenticado exitosamente: 99999999
2025-10-07 21:52:03 [JavaFX Application Thread] INFO  p.c.app.view.LoginController - Usuario redirigido a pantalla principal: ADMIN
2025-10-07 21:53:59 [JavaFX Application Thread] INFO  p.c.a.service.AuthenticationService - Usuario cerró sesión: 99999999
2025-10-07 21:53:59 [JavaFX Application Thread] INFO  p.c.a.view.admin.AdminMainController - Usuario cerró sesión
2025-10-07 21:54:01 [JavaFX Application Thread] INFO  p.c.app.config.DatabaseConfig - Pool de conexiones cerrado correctamente
2025-10-07 21:54:01 [JavaFX Application Thread] INFO  pe.crediactiva.app.Main - Aplicación CrediActiva cerrada
2025-10-07 21:58:51 [main] INFO  pe.crediactiva.app.Main - Iniciando aplicación CrediActiva Desktop v1.0.0
2025-10-07 21:58:51 [JavaFX Application Thread] INFO  pe.crediactiva.app.Main - Icono no encontrado, continuando sin icono
2025-10-07 21:58:51 [JavaFX Application Thread] INFO  p.c.app.config.DatabaseConfig - Propiedades de base de datos cargadas correctamente
2025-10-07 21:58:51 [JavaFX Application Thread] INFO  p.c.app.config.DatabaseConfig - Pool de conexiones HikariCP inicializado correctamente
2025-10-07 21:58:52 [JavaFX Application Thread] INFO  pe.crediactiva.app.Main - Aplicación CrediActiva iniciada correctamente
2025-10-07 21:59:05 [JavaFX Application Thread] INFO  p.c.app.dao.impl.UsuarioDAOImpl - Usuario autenticado exitosamente: 99999999
2025-10-07 21:59:05 [JavaFX Application Thread] INFO  p.c.a.service.AuthenticationService - Usuario autenticado exitosamente: 99999999 - ADMIN
2025-10-07 21:59:05 [JavaFX Application Thread] INFO  p.c.app.view.LoginController - Usuario autenticado exitosamente: 99999999
2025-10-07 21:59:05 [JavaFX Application Thread] INFO  p.c.app.view.LoginController - Usuario redirigido a pantalla principal: ADMIN
2025-10-07 21:59:33 [JavaFX Application Thread] INFO  p.c.a.v.a.BandejaSolicitudesController - Cache de nombres cargado: 0 clientes, 0 asesores
2025-10-07 21:59:33 [JavaFX Application Thread] INFO  p.c.a.v.a.BandejaSolicitudesController - Cargadas 0 solicitudes pendientes desde la base de datos
2025-10-07 21:59:34 [JavaFX Application Thread] INFO  p.c.a.v.a.BandejaSolicitudesController - Bandeja de solicitudes inicializada correctamente
2025-10-07 21:59:34 [JavaFX Application Thread] INFO  p.c.a.view.admin.AdminMainController - Cargada bandeja de solicitudes
2025-10-07 21:59:38 [JavaFX Application Thread] ERROR p.c.a.view.admin.AdminMainController - Error al cargar nueva solicitud
javafx.fxml.LoadException: GroupBox is not a valid type.
/C:/Users/USER/OneDrive/Escritorio/proyecto_v4.0/target/classes/fxml/admin/NuevaSolicitudView.fxml:31

	at javafx.fxml@21.0.1/javafx.fxml.FXMLLoader.constructLoadException(FXMLLoader.java:2718)
	at javafx.fxml@21.0.1/javafx.fxml.FXMLLoader.createElement(FXMLLoader.java:2920)
	at javafx.fxml@21.0.1/javafx.fxml.FXMLLoader.processStartElement(FXMLLoader.java:2850)
	at javafx.fxml@21.0.1/javafx.fxml.FXMLLoader.loadImpl(FXMLLoader.java:2649)
	at javafx.fxml@21.0.1/javafx.fxml.FXMLLoader.loadImpl(FXMLLoader.java:2563)
	at javafx.fxml@21.0.1/javafx.fxml.FXMLLoader.load(FXMLLoader.java:2531)
	at pe.crediactiva.app.view.admin.AdminMainController.handleNuevaSolicitud(AdminMainController.java:162)
	at java.base/jdk.internal.reflect.DirectMethodHandleAccessor.invoke(DirectMethodHandleAccessor.java:103)
	at java.base/java.lang.reflect.Method.invoke(Method.java:580)
	at com.sun.javafx.reflect.Trampoline.invoke(MethodUtil.java:72)
	at java.base/jdk.internal.reflect.DirectMethodHandleAccessor.invoke(DirectMethodHandleAccessor.java:103)
	at java.base/java.lang.reflect.Method.invoke(Method.java:580)
	at javafx.base@21.0.1/com.sun.javafx.reflect.MethodUtil.invoke(MethodUtil.java:270)
	at javafx.fxml@21.0.1/com.sun.javafx.fxml.MethodHelper.invoke(MethodHelper.java:84)
	at javafx.fxml@21.0.1/javafx.fxml.FXMLLoader$MethodHandler.invoke(FXMLLoader.java:1855)
	at javafx.fxml@21.0.1/javafx.fxml.FXMLLoader$ControllerMethodEventHandler.handle(FXMLLoader.java:1726)
	at javafx.base@21.0.1/com.sun.javafx.event.CompositeEventHandler.dispatchBubblingEvent(CompositeEventHandler.java:86)
	at javafx.base@21.0.1/com.sun.javafx.event.EventHandlerManager.dispatchBubblingEvent(EventHandlerManager.java:232)
	at javafx.base@21.0.1/com.sun.javafx.event.EventHandlerManager.dispatchBubblingEvent(EventHandlerManager.java:189)
	at javafx.base@21.0.1/com.sun.javafx.event.CompositeEventDispatcher.dispatchBubblingEvent(CompositeEventDispatcher.java:59)
	at javafx.base@21.0.1/com.sun.javafx.event.BasicEventDispatcher.dispatchEvent(BasicEventDispatcher.java:58)
	at javafx.base@21.0.1/com.sun.javafx.event.EventDispatchChainImpl.dispatchEvent(EventDispatchChainImpl.java:114)
	at javafx.base@21.0.1/com.sun.javafx.event.BasicEventDispatcher.dispatchEvent(BasicEventDispatcher.java:56)
	at javafx.base@21.0.1/com.sun.javafx.event.EventDispatchChainImpl.dispatchEvent(EventDispatchChainImpl.java:114)
	at javafx.base@21.0.1/com.sun.javafx.event.BasicEventDispatcher.dispatchEvent(BasicEventDispatcher.java:56)
	at javafx.base@21.0.1/com.sun.javafx.event.EventDispatchChainImpl.dispatchEvent(EventDispatchChainImpl.java:114)
	at javafx.base@21.0.1/com.sun.javafx.event.BasicEventDispatcher.dispatchEvent(BasicEventDispatcher.java:56)
	at javafx.base@21.0.1/com.sun.javafx.event.EventDispatchChainImpl.dispatchEvent(EventDispatchChainImpl.java:114)
	at javafx.base@21.0.1/com.sun.javafx.event.EventUtil.fireEventImpl(EventUtil.java:74)
	at javafx.base@21.0.1/com.sun.javafx.event.EventUtil.fireEvent(EventUtil.java:49)
	at javafx.base@21.0.1/javafx.event.Event.fireEvent(Event.java:198)
	at javafx.graphics@21.0.1/javafx.scene.Node.fireEvent(Node.java:8875)
	at javafx.controls@21.0.1/javafx.scene.control.Button.fire(Button.java:203)
	at javafx.controls@21.0.1/com.sun.javafx.scene.control.behavior.ButtonBehavior.mouseReleased(ButtonBehavior.java:207)
	at javafx.controls@21.0.1/com.sun.javafx.scene.control.inputmap.InputMap.handle(InputMap.java:274)
	at javafx.base@21.0.1/com.sun.javafx.event.CompositeEventHandler$NormalEventHandlerRecord.handleBubblingEvent(CompositeEventHandler.java:247)
	at javafx.base@21.0.1/com.sun.javafx.event.CompositeEventHandler.dispatchBubblingEvent(CompositeEventHandler.java:80)
	at javafx.base@21.0.1/com.sun.javafx.event.EventHandlerManager.dispatchBubblingEvent(EventHandlerManager.java:232)
	at javafx.base@21.0.1/com.sun.javafx.event.EventHandlerManager.dispatchBubblingEvent(EventHandlerManager.java:189)
	at javafx.base@21.0.1/com.sun.javafx.event.CompositeEventDispatcher.dispatchBubblingEvent(CompositeEventDispatcher.java:59)
	at javafx.base@21.0.1/com.sun.javafx.event.BasicEventDispatcher.dispatchEvent(BasicEventDispatcher.java:58)
	at javafx.base@21.0.1/com.sun.javafx.event.EventDispatchChainImpl.dispatchEvent(EventDispatchChainImpl.java:114)
	at javafx.base@21.0.1/com.sun.javafx.event.BasicEventDispatcher.dispatchEvent(BasicEventDispatcher.java:56)
	at javafx.base@21.0.1/com.sun.javafx.event.EventDispatchChainImpl.dispatchEvent(EventDispatchChainImpl.java:114)
	at javafx.base@21.0.1/com.sun.javafx.event.BasicEventDispatcher.dispatchEvent(BasicEventDispatcher.java:56)
	at javafx.base@21.0.1/com.sun.javafx.event.EventDispatchChainImpl.dispatchEvent(EventDispatchChainImpl.java:114)
	at javafx.base@21.0.1/com.sun.javafx.event.BasicEventDispatcher.dispatchEvent(BasicEventDispatcher.java:56)
	at javafx.base@21.0.1/com.sun.javafx.event.EventDispatchChainImpl.dispatchEvent(EventDispatchChainImpl.java:114)
	at javafx.base@21.0.1/com.sun.javafx.event.EventUtil.fireEventImpl(EventUtil.java:74)
	at javafx.base@21.0.1/com.sun.javafx.event.EventUtil.fireEvent(EventUtil.java:54)
	at javafx.base@21.0.1/javafx.event.Event.fireEvent(Event.java:198)
	at javafx.graphics@21.0.1/javafx.scene.Scene$MouseHandler.process(Scene.java:3984)
	at javafx.graphics@21.0.1/javafx.scene.Scene.processMouseEvent(Scene.java:1890)
	at javafx.graphics@21.0.1/javafx.scene.Scene$ScenePeerListener.mouseEvent(Scene.java:2708)
	at javafx.graphics@21.0.1/com.sun.javafx.tk.quantum.GlassViewEventHandler$MouseEventNotification.run(GlassViewEventHandler.java:411)
	at javafx.graphics@21.0.1/com.sun.javafx.tk.quantum.GlassViewEventHandler$MouseEventNotification.run(GlassViewEventHandler.java:301)
	at java.base/java.security.AccessController.doPrivileged(AccessController.java:400)
	at javafx.graphics@21.0.1/com.sun.javafx.tk.quantum.GlassViewEventHandler.lambda$handleMouseEvent$2(GlassViewEventHandler.java:450)
	at javafx.graphics@21.0.1/com.sun.javafx.tk.quantum.QuantumToolkit.runWithoutRenderLock(QuantumToolkit.java:424)
	at javafx.graphics@21.0.1/com.sun.javafx.tk.quantum.GlassViewEventHandler.handleMouseEvent(GlassViewEventHandler.java:449)
	at javafx.graphics@21.0.1/com.sun.glass.ui.View.handleMouseEvent(View.java:551)
	at javafx.graphics@21.0.1/com.sun.glass.ui.View.notifyMouse(View.java:937)
	at javafx.graphics@21.0.1/com.sun.glass.ui.win.WinApplication._runLoop(Native Method)
	at javafx.graphics@21.0.1/com.sun.glass.ui.win.WinApplication.lambda$runLoop$3(WinApplication.java:185)
	at java.base/java.lang.Thread.run(Thread.java:1583)
2025-10-07 22:00:02 [JavaFX Application Thread] INFO  p.c.a.v.a.BandejaSolicitudesController - Cache de nombres cargado: 0 clientes, 0 asesores
2025-10-07 22:00:02 [JavaFX Application Thread] INFO  p.c.a.v.a.BandejaSolicitudesController - Cargadas 0 solicitudes pendientes desde la base de datos
2025-10-07 22:00:04 [JavaFX Application Thread] INFO  p.c.a.v.a.BandejaSolicitudesController - Bandeja de solicitudes inicializada correctamente
2025-10-07 22:00:04 [JavaFX Application Thread] INFO  p.c.a.view.admin.AdminMainController - Cargada bandeja de solicitudes
2025-10-07 22:00:08 [JavaFX Application Thread] INFO  p.c.a.v.a.BandejaSolicitudesController - Cache de nombres cargado: 0 clientes, 0 asesores
2025-10-07 22:00:08 [JavaFX Application Thread] INFO  p.c.a.v.a.BandejaSolicitudesController - Cargadas 0 solicitudes pendientes desde la base de datos
2025-10-07 22:03:18 [JavaFX Application Thread] INFO  p.c.app.config.DatabaseConfig - Pool de conexiones cerrado correctamente
2025-10-07 22:03:18 [JavaFX Application Thread] INFO  pe.crediactiva.app.Main - Aplicación CrediActiva cerrada
2025-10-07 22:30:59 [main] INFO  pe.crediactiva.app.Main - Iniciando aplicación CrediActiva Desktop v1.0.0
2025-10-07 22:31:00 [JavaFX Application Thread] INFO  pe.crediactiva.app.Main - Icono no encontrado, continuando sin icono
2025-10-07 22:31:00 [JavaFX Application Thread] INFO  p.c.app.config.DatabaseConfig - Propiedades de base de datos cargadas correctamente
2025-10-07 22:31:00 [JavaFX Application Thread] INFO  p.c.app.config.DatabaseConfig - Pool de conexiones HikariCP inicializado correctamente
2025-10-07 22:31:00 [JavaFX Application Thread] INFO  pe.crediactiva.app.Main - Aplicación CrediActiva iniciada correctamente
2025-10-07 22:31:12 [JavaFX Application Thread] INFO  p.c.app.dao.impl.UsuarioDAOImpl - Usuario autenticado exitosamente: 99999999
2025-10-07 22:31:12 [JavaFX Application Thread] INFO  p.c.a.service.AuthenticationService - Usuario autenticado exitosamente: 99999999 - ADMIN
2025-10-07 22:31:12 [JavaFX Application Thread] INFO  p.c.app.view.LoginController - Usuario autenticado exitosamente: 99999999
2025-10-07 22:31:13 [JavaFX Application Thread] INFO  p.c.app.view.LoginController - Usuario redirigido a pantalla principal: ADMIN
2025-10-07 22:33:13 [JavaFX Application Thread] INFO  p.c.a.v.a.BandejaSolicitudesController - Cache de nombres cargado: 0 clientes, 0 asesores
2025-10-07 22:33:13 [JavaFX Application Thread] INFO  p.c.a.v.a.BandejaSolicitudesController - Cargadas 0 solicitudes pendientes desde la base de datos
2025-10-07 22:33:15 [JavaFX Application Thread] INFO  p.c.a.v.a.BandejaSolicitudesController - Bandeja de solicitudes inicializada correctamente
2025-10-07 22:33:15 [JavaFX Application Thread] INFO  p.c.a.view.admin.AdminMainController - Cargada bandeja de solicitudes
2025-10-07 22:33:20 [JavaFX Application Thread] INFO  p.c.a.v.a.BandejaSolicitudesController - Cache de nombres cargado: 0 clientes, 0 asesores
2025-10-07 22:33:20 [JavaFX Application Thread] INFO  p.c.a.v.a.BandejaSolicitudesController - Cargadas 0 solicitudes pendientes desde la base de datos
2025-10-07 22:40:06 [JavaFX Application Thread] INFO  p.c.app.config.DatabaseConfig - Pool de conexiones cerrado correctamente
2025-10-07 22:40:06 [JavaFX Application Thread] INFO  pe.crediactiva.app.Main - Aplicación CrediActiva cerrada
2025-10-07 22:40:26 [main] INFO  pe.crediactiva.app.Main - Iniciando aplicación CrediActiva Desktop v1.0.0
2025-10-07 22:40:26 [JavaFX Application Thread] INFO  pe.crediactiva.app.Main - Icono no encontrado, continuando sin icono
2025-10-07 22:40:26 [JavaFX Application Thread] INFO  p.c.app.config.DatabaseConfig - Propiedades de base de datos cargadas correctamente
2025-10-07 22:40:26 [JavaFX Application Thread] INFO  p.c.app.config.DatabaseConfig - Pool de conexiones HikariCP inicializado correctamente
2025-10-07 22:40:26 [JavaFX Application Thread] INFO  pe.crediactiva.app.Main - Aplicación CrediActiva iniciada correctamente
2025-10-07 22:40:43 [JavaFX Application Thread] INFO  p.c.app.dao.impl.UsuarioDAOImpl - Usuario autenticado exitosamente: 99999999
2025-10-07 22:40:43 [JavaFX Application Thread] INFO  p.c.a.service.AuthenticationService - Usuario autenticado exitosamente: 99999999 - ADMIN
2025-10-07 22:40:43 [JavaFX Application Thread] INFO  p.c.app.view.LoginController - Usuario autenticado exitosamente: 99999999
2025-10-07 22:40:43 [JavaFX Application Thread] INFO  p.c.app.view.LoginController - Usuario redirigido a pantalla principal: ADMIN
2025-10-07 22:40:59 [JavaFX Application Thread] ERROR p.c.a.view.admin.AdminMainController - Error al cargar administración de pagos
javafx.fxml.LoadException: GroupBox is not a valid type.
/C:/Users/USER/OneDrive/Escritorio/proyecto_v4.0/target/classes/fxml/admin/AdministrarPagosView.fxml:79

	at javafx.fxml@21.0.1/javafx.fxml.FXMLLoader.constructLoadException(FXMLLoader.java:2718)
	at javafx.fxml@21.0.1/javafx.fxml.FXMLLoader.createElement(FXMLLoader.java:2920)
	at javafx.fxml@21.0.1/javafx.fxml.FXMLLoader.processStartElement(FXMLLoader.java:2850)
	at javafx.fxml@21.0.1/javafx.fxml.FXMLLoader.loadImpl(FXMLLoader.java:2649)
	at javafx.fxml@21.0.1/javafx.fxml.FXMLLoader.loadImpl(FXMLLoader.java:2563)
	at javafx.fxml@21.0.1/javafx.fxml.FXMLLoader.load(FXMLLoader.java:2531)
	at pe.crediactiva.app.view.admin.AdminMainController.handleAdministrarPagos(AdminMainController.java:187)
	at java.base/jdk.internal.reflect.DirectMethodHandleAccessor.invoke(DirectMethodHandleAccessor.java:103)
	at java.base/java.lang.reflect.Method.invoke(Method.java:580)
	at com.sun.javafx.reflect.Trampoline.invoke(MethodUtil.java:72)
	at java.base/jdk.internal.reflect.DirectMethodHandleAccessor.invoke(DirectMethodHandleAccessor.java:103)
	at java.base/java.lang.reflect.Method.invoke(Method.java:580)
	at javafx.base@21.0.1/com.sun.javafx.reflect.MethodUtil.invoke(MethodUtil.java:270)
	at javafx.fxml@21.0.1/com.sun.javafx.fxml.MethodHelper.invoke(MethodHelper.java:84)
	at javafx.fxml@21.0.1/javafx.fxml.FXMLLoader$MethodHandler.invoke(FXMLLoader.java:1855)
	at javafx.fxml@21.0.1/javafx.fxml.FXMLLoader$ControllerMethodEventHandler.handle(FXMLLoader.java:1726)
	at javafx.base@21.0.1/com.sun.javafx.event.CompositeEventHandler.dispatchBubblingEvent(CompositeEventHandler.java:86)
	at javafx.base@21.0.1/com.sun.javafx.event.EventHandlerManager.dispatchBubblingEvent(EventHandlerManager.java:232)
	at javafx.base@21.0.1/com.sun.javafx.event.EventHandlerManager.dispatchBubblingEvent(EventHandlerManager.java:189)
	at javafx.base@21.0.1/com.sun.javafx.event.CompositeEventDispatcher.dispatchBubblingEvent(CompositeEventDispatcher.java:59)
	at javafx.base@21.0.1/com.sun.javafx.event.BasicEventDispatcher.dispatchEvent(BasicEventDispatcher.java:58)
	at javafx.base@21.0.1/com.sun.javafx.event.EventDispatchChainImpl.dispatchEvent(EventDispatchChainImpl.java:114)
	at javafx.base@21.0.1/com.sun.javafx.event.BasicEventDispatcher.dispatchEvent(BasicEventDispatcher.java:56)
	at javafx.base@21.0.1/com.sun.javafx.event.EventDispatchChainImpl.dispatchEvent(EventDispatchChainImpl.java:114)
	at javafx.base@21.0.1/com.sun.javafx.event.BasicEventDispatcher.dispatchEvent(BasicEventDispatcher.java:56)
	at javafx.base@21.0.1/com.sun.javafx.event.EventDispatchChainImpl.dispatchEvent(EventDispatchChainImpl.java:114)
	at javafx.base@21.0.1/com.sun.javafx.event.BasicEventDispatcher.dispatchEvent(BasicEventDispatcher.java:56)
	at javafx.base@21.0.1/com.sun.javafx.event.EventDispatchChainImpl.dispatchEvent(EventDispatchChainImpl.java:114)
	at javafx.base@21.0.1/com.sun.javafx.event.EventUtil.fireEventImpl(EventUtil.java:74)
	at javafx.base@21.0.1/com.sun.javafx.event.EventUtil.fireEvent(EventUtil.java:49)
	at javafx.base@21.0.1/javafx.event.Event.fireEvent(Event.java:198)
	at javafx.graphics@21.0.1/javafx.scene.Node.fireEvent(Node.java:8875)
	at javafx.controls@21.0.1/javafx.scene.control.Button.fire(Button.java:203)
	at javafx.controls@21.0.1/com.sun.javafx.scene.control.behavior.ButtonBehavior.mouseReleased(ButtonBehavior.java:207)
	at javafx.controls@21.0.1/com.sun.javafx.scene.control.inputmap.InputMap.handle(InputMap.java:274)
	at javafx.base@21.0.1/com.sun.javafx.event.CompositeEventHandler$NormalEventHandlerRecord.handleBubblingEvent(CompositeEventHandler.java:247)
	at javafx.base@21.0.1/com.sun.javafx.event.CompositeEventHandler.dispatchBubblingEvent(CompositeEventHandler.java:80)
	at javafx.base@21.0.1/com.sun.javafx.event.EventHandlerManager.dispatchBubblingEvent(EventHandlerManager.java:232)
	at javafx.base@21.0.1/com.sun.javafx.event.EventHandlerManager.dispatchBubblingEvent(EventHandlerManager.java:189)
	at javafx.base@21.0.1/com.sun.javafx.event.CompositeEventDispatcher.dispatchBubblingEvent(CompositeEventDispatcher.java:59)
	at javafx.base@21.0.1/com.sun.javafx.event.BasicEventDispatcher.dispatchEvent(BasicEventDispatcher.java:58)
	at javafx.base@21.0.1/com.sun.javafx.event.EventDispatchChainImpl.dispatchEvent(EventDispatchChainImpl.java:114)
	at javafx.base@21.0.1/com.sun.javafx.event.BasicEventDispatcher.dispatchEvent(BasicEventDispatcher.java:56)
	at javafx.base@21.0.1/com.sun.javafx.event.EventDispatchChainImpl.dispatchEvent(EventDispatchChainImpl.java:114)
	at javafx.base@21.0.1/com.sun.javafx.event.BasicEventDispatcher.dispatchEvent(BasicEventDispatcher.java:56)
	at javafx.base@21.0.1/com.sun.javafx.event.EventDispatchChainImpl.dispatchEvent(EventDispatchChainImpl.java:114)
	at javafx.base@21.0.1/com.sun.javafx.event.BasicEventDispatcher.dispatchEvent(BasicEventDispatcher.java:56)
	at javafx.base@21.0.1/com.sun.javafx.event.EventDispatchChainImpl.dispatchEvent(EventDispatchChainImpl.java:114)
	at javafx.base@21.0.1/com.sun.javafx.event.EventUtil.fireEventImpl(EventUtil.java:74)
	at javafx.base@21.0.1/com.sun.javafx.event.EventUtil.fireEvent(EventUtil.java:54)
	at javafx.base@21.0.1/javafx.event.Event.fireEvent(Event.java:198)
	at javafx.graphics@21.0.1/javafx.scene.Scene$MouseHandler.process(Scene.java:3984)
	at javafx.graphics@21.0.1/javafx.scene.Scene.processMouseEvent(Scene.java:1890)
	at javafx.graphics@21.0.1/javafx.scene.Scene$ScenePeerListener.mouseEvent(Scene.java:2708)
	at javafx.graphics@21.0.1/com.sun.javafx.tk.quantum.GlassViewEventHandler$MouseEventNotification.run(GlassViewEventHandler.java:411)
	at javafx.graphics@21.0.1/com.sun.javafx.tk.quantum.GlassViewEventHandler$MouseEventNotification.run(GlassViewEventHandler.java:301)
	at java.base/java.security.AccessController.doPrivileged(AccessController.java:400)
	at javafx.graphics@21.0.1/com.sun.javafx.tk.quantum.GlassViewEventHandler.lambda$handleMouseEvent$2(GlassViewEventHandler.java:450)
	at javafx.graphics@21.0.1/com.sun.javafx.tk.quantum.QuantumToolkit.runWithoutRenderLock(QuantumToolkit.java:424)
	at javafx.graphics@21.0.1/com.sun.javafx.tk.quantum.GlassViewEventHandler.handleMouseEvent(GlassViewEventHandler.java:449)
	at javafx.graphics@21.0.1/com.sun.glass.ui.View.handleMouseEvent(View.java:551)
	at javafx.graphics@21.0.1/com.sun.glass.ui.View.notifyMouse(View.java:937)
	at javafx.graphics@21.0.1/com.sun.glass.ui.win.WinApplication._runLoop(Native Method)
	at javafx.graphics@21.0.1/com.sun.glass.ui.win.WinApplication.lambda$runLoop$3(WinApplication.java:185)
	at java.base/java.lang.Thread.run(Thread.java:1583)
2025-10-07 22:41:01 [JavaFX Application Thread] INFO  p.c.a.v.a.BandejaSolicitudesController - Cache de nombres cargado: 0 clientes, 0 asesores
2025-10-07 22:41:01 [JavaFX Application Thread] INFO  p.c.a.v.a.BandejaSolicitudesController - Cargadas 0 solicitudes pendientes desde la base de datos
2025-10-07 22:41:03 [JavaFX Application Thread] INFO  p.c.a.v.a.BandejaSolicitudesController - Bandeja de solicitudes inicializada correctamente
2025-10-07 22:41:03 [JavaFX Application Thread] INFO  p.c.a.view.admin.AdminMainController - Cargada bandeja de solicitudes
2025-10-07 22:41:05 [JavaFX Application Thread] INFO  p.c.a.v.a.BandejaSolicitudesController - Cache de nombres cargado: 0 clientes, 0 asesores
2025-10-07 22:41:05 [JavaFX Application Thread] INFO  p.c.a.v.a.BandejaSolicitudesController - Cargadas 0 solicitudes pendientes desde la base de datos
2025-10-07 22:42:41 [JavaFX Application Thread] INFO  p.c.app.config.DatabaseConfig - Pool de conexiones cerrado correctamente
2025-10-07 22:42:41 [JavaFX Application Thread] INFO  pe.crediactiva.app.Main - Aplicación CrediActiva cerrada
2025-10-07 22:45:37 [main] INFO  pe.crediactiva.app.Main - Iniciando aplicación CrediActiva Desktop v1.0.0
2025-10-07 22:45:37 [JavaFX Application Thread] INFO  pe.crediactiva.app.Main - Icono no encontrado, continuando sin icono
2025-10-07 22:45:37 [JavaFX Application Thread] INFO  p.c.app.config.DatabaseConfig - Propiedades de base de datos cargadas correctamente
2025-10-07 22:45:38 [JavaFX Application Thread] INFO  p.c.app.config.DatabaseConfig - Pool de conexiones HikariCP inicializado correctamente
2025-10-07 22:45:38 [JavaFX Application Thread] INFO  pe.crediactiva.app.Main - Aplicación CrediActiva iniciada correctamente
2025-10-07 22:45:49 [JavaFX Application Thread] INFO  p.c.app.dao.impl.UsuarioDAOImpl - Usuario autenticado exitosamente: 99999999
2025-10-07 22:45:49 [JavaFX Application Thread] INFO  p.c.a.service.AuthenticationService - Usuario autenticado exitosamente: 99999999 - ADMIN
2025-10-07 22:45:49 [JavaFX Application Thread] INFO  p.c.app.view.LoginController - Usuario autenticado exitosamente: 99999999
2025-10-07 22:45:49 [JavaFX Application Thread] INFO  p.c.app.view.LoginController - Usuario redirigido a pantalla principal: ADMIN
2025-10-07 22:45:54 [JavaFX Application Thread] ERROR p.c.a.view.admin.AdminMainController - Error al cargar administración de pagos
javafx.fxml.LoadException: GroupBox is not a valid type.
/C:/Users/USER/OneDrive/Escritorio/proyecto_v4.0/target/classes/fxml/admin/AdministrarPagosView.fxml:79

	at javafx.fxml@21.0.1/javafx.fxml.FXMLLoader.constructLoadException(FXMLLoader.java:2718)
	at javafx.fxml@21.0.1/javafx.fxml.FXMLLoader.createElement(FXMLLoader.java:2920)
	at javafx.fxml@21.0.1/javafx.fxml.FXMLLoader.processStartElement(FXMLLoader.java:2850)
	at javafx.fxml@21.0.1/javafx.fxml.FXMLLoader.loadImpl(FXMLLoader.java:2649)
	at javafx.fxml@21.0.1/javafx.fxml.FXMLLoader.loadImpl(FXMLLoader.java:2563)
	at javafx.fxml@21.0.1/javafx.fxml.FXMLLoader.load(FXMLLoader.java:2531)
	at pe.crediactiva.app.view.admin.AdminMainController.handleAdministrarPagos(AdminMainController.java:190)
	at java.base/jdk.internal.reflect.DirectMethodHandleAccessor.invoke(DirectMethodHandleAccessor.java:103)
	at java.base/java.lang.reflect.Method.invoke(Method.java:580)
	at com.sun.javafx.reflect.Trampoline.invoke(MethodUtil.java:72)
	at java.base/jdk.internal.reflect.DirectMethodHandleAccessor.invoke(DirectMethodHandleAccessor.java:103)
	at java.base/java.lang.reflect.Method.invoke(Method.java:580)
	at javafx.base@21.0.1/com.sun.javafx.reflect.MethodUtil.invoke(MethodUtil.java:270)
	at javafx.fxml@21.0.1/com.sun.javafx.fxml.MethodHelper.invoke(MethodHelper.java:84)
	at javafx.fxml@21.0.1/javafx.fxml.FXMLLoader$MethodHandler.invoke(FXMLLoader.java:1855)
	at javafx.fxml@21.0.1/javafx.fxml.FXMLLoader$ControllerMethodEventHandler.handle(FXMLLoader.java:1726)
	at javafx.base@21.0.1/com.sun.javafx.event.CompositeEventHandler.dispatchBubblingEvent(CompositeEventHandler.java:86)
	at javafx.base@21.0.1/com.sun.javafx.event.EventHandlerManager.dispatchBubblingEvent(EventHandlerManager.java:232)
	at javafx.base@21.0.1/com.sun.javafx.event.EventHandlerManager.dispatchBubblingEvent(EventHandlerManager.java:189)
	at javafx.base@21.0.1/com.sun.javafx.event.CompositeEventDispatcher.dispatchBubblingEvent(CompositeEventDispatcher.java:59)
	at javafx.base@21.0.1/com.sun.javafx.event.BasicEventDispatcher.dispatchEvent(BasicEventDispatcher.java:58)
	at javafx.base@21.0.1/com.sun.javafx.event.EventDispatchChainImpl.dispatchEvent(EventDispatchChainImpl.java:114)
	at javafx.base@21.0.1/com.sun.javafx.event.BasicEventDispatcher.dispatchEvent(BasicEventDispatcher.java:56)
	at javafx.base@21.0.1/com.sun.javafx.event.EventDispatchChainImpl.dispatchEvent(EventDispatchChainImpl.java:114)
	at javafx.base@21.0.1/com.sun.javafx.event.BasicEventDispatcher.dispatchEvent(BasicEventDispatcher.java:56)
	at javafx.base@21.0.1/com.sun.javafx.event.EventDispatchChainImpl.dispatchEvent(EventDispatchChainImpl.java:114)
	at javafx.base@21.0.1/com.sun.javafx.event.BasicEventDispatcher.dispatchEvent(BasicEventDispatcher.java:56)
	at javafx.base@21.0.1/com.sun.javafx.event.EventDispatchChainImpl.dispatchEvent(EventDispatchChainImpl.java:114)
	at javafx.base@21.0.1/com.sun.javafx.event.EventUtil.fireEventImpl(EventUtil.java:74)
	at javafx.base@21.0.1/com.sun.javafx.event.EventUtil.fireEvent(EventUtil.java:49)
	at javafx.base@21.0.1/javafx.event.Event.fireEvent(Event.java:198)
	at javafx.graphics@21.0.1/javafx.scene.Node.fireEvent(Node.java:8875)
	at javafx.controls@21.0.1/javafx.scene.control.Button.fire(Button.java:203)
	at javafx.controls@21.0.1/com.sun.javafx.scene.control.behavior.ButtonBehavior.mouseReleased(ButtonBehavior.java:207)
	at javafx.controls@21.0.1/com.sun.javafx.scene.control.inputmap.InputMap.handle(InputMap.java:274)
	at javafx.base@21.0.1/com.sun.javafx.event.CompositeEventHandler$NormalEventHandlerRecord.handleBubblingEvent(CompositeEventHandler.java:247)
	at javafx.base@21.0.1/com.sun.javafx.event.CompositeEventHandler.dispatchBubblingEvent(CompositeEventHandler.java:80)
	at javafx.base@21.0.1/com.sun.javafx.event.EventHandlerManager.dispatchBubblingEvent(EventHandlerManager.java:232)
	at javafx.base@21.0.1/com.sun.javafx.event.EventHandlerManager.dispatchBubblingEvent(EventHandlerManager.java:189)
	at javafx.base@21.0.1/com.sun.javafx.event.CompositeEventDispatcher.dispatchBubblingEvent(CompositeEventDispatcher.java:59)
	at javafx.base@21.0.1/com.sun.javafx.event.BasicEventDispatcher.dispatchEvent(BasicEventDispatcher.java:58)
	at javafx.base@21.0.1/com.sun.javafx.event.EventDispatchChainImpl.dispatchEvent(EventDispatchChainImpl.java:114)
	at javafx.base@21.0.1/com.sun.javafx.event.BasicEventDispatcher.dispatchEvent(BasicEventDispatcher.java:56)
	at javafx.base@21.0.1/com.sun.javafx.event.EventDispatchChainImpl.dispatchEvent(EventDispatchChainImpl.java:114)
	at javafx.base@21.0.1/com.sun.javafx.event.BasicEventDispatcher.dispatchEvent(BasicEventDispatcher.java:56)
	at javafx.base@21.0.1/com.sun.javafx.event.EventDispatchChainImpl.dispatchEvent(EventDispatchChainImpl.java:114)
	at javafx.base@21.0.1/com.sun.javafx.event.BasicEventDispatcher.dispatchEvent(BasicEventDispatcher.java:56)
	at javafx.base@21.0.1/com.sun.javafx.event.EventDispatchChainImpl.dispatchEvent(EventDispatchChainImpl.java:114)
	at javafx.base@21.0.1/com.sun.javafx.event.EventUtil.fireEventImpl(EventUtil.java:74)
	at javafx.base@21.0.1/com.sun.javafx.event.EventUtil.fireEvent(EventUtil.java:54)
	at javafx.base@21.0.1/javafx.event.Event.fireEvent(Event.java:198)
	at javafx.graphics@21.0.1/javafx.scene.Scene$MouseHandler.process(Scene.java:3984)
	at javafx.graphics@21.0.1/javafx.scene.Scene.processMouseEvent(Scene.java:1890)
	at javafx.graphics@21.0.1/javafx.scene.Scene$ScenePeerListener.mouseEvent(Scene.java:2708)
	at javafx.graphics@21.0.1/com.sun.javafx.tk.quantum.GlassViewEventHandler$MouseEventNotification.run(GlassViewEventHandler.java:411)
	at javafx.graphics@21.0.1/com.sun.javafx.tk.quantum.GlassViewEventHandler$MouseEventNotification.run(GlassViewEventHandler.java:301)
	at java.base/java.security.AccessController.doPrivileged(AccessController.java:400)
	at javafx.graphics@21.0.1/com.sun.javafx.tk.quantum.GlassViewEventHandler.lambda$handleMouseEvent$2(GlassViewEventHandler.java:450)
	at javafx.graphics@21.0.1/com.sun.javafx.tk.quantum.QuantumToolkit.runWithoutRenderLock(QuantumToolkit.java:424)
	at javafx.graphics@21.0.1/com.sun.javafx.tk.quantum.GlassViewEventHandler.handleMouseEvent(GlassViewEventHandler.java:449)
	at javafx.graphics@21.0.1/com.sun.glass.ui.View.handleMouseEvent(View.java:551)
	at javafx.graphics@21.0.1/com.sun.glass.ui.View.notifyMouse(View.java:937)
	at javafx.graphics@21.0.1/com.sun.glass.ui.win.WinApplication._runLoop(Native Method)
	at javafx.graphics@21.0.1/com.sun.glass.ui.win.WinApplication.lambda$runLoop$3(WinApplication.java:185)
	at java.base/java.lang.Thread.run(Thread.java:1583)
2025-10-07 22:45:58 [JavaFX Application Thread] INFO  p.c.a.v.a.BandejaSolicitudesController - Cache de nombres cargado: 0 clientes, 0 asesores
2025-10-07 22:45:58 [JavaFX Application Thread] INFO  p.c.a.v.a.BandejaSolicitudesController - Cargadas 0 solicitudes pendientes desde la base de datos
2025-10-07 22:45:59 [JavaFX Application Thread] INFO  p.c.a.v.a.BandejaSolicitudesController - Bandeja de solicitudes inicializada correctamente
2025-10-07 22:45:59 [JavaFX Application Thread] INFO  p.c.a.view.admin.AdminMainController - Cargada bandeja de solicitudes
2025-10-07 22:46:00 [JavaFX Application Thread] INFO  p.c.a.v.a.BandejaSolicitudesController - Cache de nombres cargado: 0 clientes, 0 asesores
2025-10-07 22:46:00 [JavaFX Application Thread] INFO  p.c.a.v.a.BandejaSolicitudesController - Cargadas 0 solicitudes pendientes desde la base de datos
2025-10-07 22:46:21 [JavaFX Application Thread] INFO  p.c.app.config.DatabaseConfig - Pool de conexiones cerrado correctamente
2025-10-07 22:46:21 [JavaFX Application Thread] INFO  pe.crediactiva.app.Main - Aplicación CrediActiva cerrada
2025-10-07 22:49:07 [main] INFO  pe.crediactiva.app.Main - Iniciando aplicación CrediActiva Desktop v1.0.0
2025-10-07 22:49:07 [JavaFX Application Thread] INFO  pe.crediactiva.app.Main - Icono no encontrado, continuando sin icono
2025-10-07 22:49:07 [JavaFX Application Thread] INFO  p.c.app.config.DatabaseConfig - Propiedades de base de datos cargadas correctamente
2025-10-07 22:49:07 [JavaFX Application Thread] INFO  p.c.app.config.DatabaseConfig - Pool de conexiones HikariCP inicializado correctamente
2025-10-07 22:49:08 [JavaFX Application Thread] INFO  pe.crediactiva.app.Main - Aplicación CrediActiva iniciada correctamente
2025-10-07 22:49:18 [JavaFX Application Thread] INFO  p.c.app.dao.impl.UsuarioDAOImpl - Usuario autenticado exitosamente: 99999999
2025-10-07 22:49:18 [JavaFX Application Thread] INFO  p.c.a.service.AuthenticationService - Usuario autenticado exitosamente: 99999999 - ADMIN
2025-10-07 22:49:18 [JavaFX Application Thread] INFO  p.c.app.view.LoginController - Usuario autenticado exitosamente: 99999999
2025-10-07 22:49:18 [JavaFX Application Thread] INFO  p.c.app.view.LoginController - Usuario redirigido a pantalla principal: ADMIN
2025-10-07 22:55:54 [JavaFX Application Thread] INFO  p.c.a.service.AuthenticationService - Usuario cerró sesión: 99999999
2025-10-07 22:55:54 [JavaFX Application Thread] INFO  p.c.a.view.admin.AdminMainController - Usuario cerró sesión
2025-10-07 22:55:59 [JavaFX Application Thread] INFO  p.c.app.config.DatabaseConfig - Pool de conexiones cerrado correctamente
2025-10-07 22:55:59 [JavaFX Application Thread] INFO  pe.crediactiva.app.Main - Aplicación CrediActiva cerrada
2025-10-07 22:57:45 [main] INFO  pe.crediactiva.app.Main - Iniciando aplicación CrediActiva Desktop v1.0.0
2025-10-07 22:57:45 [JavaFX Application Thread] INFO  pe.crediactiva.app.Main - Icono no encontrado, continuando sin icono
2025-10-07 22:57:45 [JavaFX Application Thread] INFO  p.c.app.config.DatabaseConfig - Propiedades de base de datos cargadas correctamente
2025-10-07 22:57:45 [JavaFX Application Thread] INFO  p.c.app.config.DatabaseConfig - Pool de conexiones HikariCP inicializado correctamente
2025-10-07 22:57:46 [JavaFX Application Thread] INFO  pe.crediactiva.app.Main - Aplicación CrediActiva iniciada correctamente
2025-10-07 22:57:59 [JavaFX Application Thread] INFO  p.c.app.dao.impl.UsuarioDAOImpl - Usuario autenticado exitosamente: 99999999
2025-10-07 22:57:59 [JavaFX Application Thread] INFO  p.c.a.service.AuthenticationService - Usuario autenticado exitosamente: 99999999 - ADMIN
2025-10-07 22:57:59 [JavaFX Application Thread] INFO  p.c.app.view.LoginController - Usuario autenticado exitosamente: 99999999
2025-10-07 22:57:59 [JavaFX Application Thread] INFO  p.c.app.view.LoginController - Usuario redirigido a pantalla principal: ADMIN
2025-10-07 22:58:28 [JavaFX Application Thread] INFO  p.c.a.v.a.BandejaSolicitudesController - Cache de nombres cargado: 0 clientes, 0 asesores
2025-10-07 22:58:28 [JavaFX Application Thread] INFO  p.c.a.v.a.BandejaSolicitudesController - Cargadas 0 solicitudes pendientes desde la base de datos
2025-10-07 22:58:29 [JavaFX Application Thread] INFO  p.c.a.v.a.BandejaSolicitudesController - Bandeja de solicitudes inicializada correctamente
2025-10-07 22:58:29 [JavaFX Application Thread] INFO  p.c.a.view.admin.AdminMainController - Cargada bandeja de solicitudes
2025-10-07 22:58:32 [JavaFX Application Thread] INFO  p.c.a.view.admin.AdminMainController - Volviendo al dashboard administrativo
2025-10-07 22:58:36 [JavaFX Application Thread] INFO  p.c.a.service.AuthenticationService - Usuario cerró sesión: 99999999
2025-10-07 22:58:36 [JavaFX Application Thread] INFO  p.c.a.view.admin.AdminMainController - Usuario cerró sesión
2025-10-07 22:59:01 [JavaFX Application Thread] INFO  p.c.app.dao.impl.UsuarioDAOImpl - Usuario autenticado exitosamente: 12345678
2025-10-07 22:59:01 [JavaFX Application Thread] INFO  p.c.a.service.AuthenticationService - Usuario autenticado exitosamente: 12345678 - ASESOR
2025-10-07 22:59:01 [JavaFX Application Thread] INFO  p.c.app.view.LoginController - Usuario autenticado exitosamente: 12345678
2025-10-07 22:59:01 [JavaFX Application Thread] INFO  p.c.app.view.LoginController - Usuario redirigido a pantalla principal: ASESOR
2025-10-07 22:59:16 [JavaFX Application Thread] ERROR p.c.a.v.asesor.AsesorMainController - Error al cargar nuevo cliente
javafx.fxml.LoadException: String is not a valid type.
/C:/Users/USER/OneDrive/Escritorio/proyecto_v4.0/target/classes/fxml/asesor/NuevoClienteView.fxml:48

	at javafx.fxml@21.0.1/javafx.fxml.FXMLLoader.constructLoadException(FXMLLoader.java:2718)
	at javafx.fxml@21.0.1/javafx.fxml.FXMLLoader.createElement(FXMLLoader.java:2920)
	at javafx.fxml@21.0.1/javafx.fxml.FXMLLoader.processStartElement(FXMLLoader.java:2850)
	at javafx.fxml@21.0.1/javafx.fxml.FXMLLoader.loadImpl(FXMLLoader.java:2649)
	at javafx.fxml@21.0.1/javafx.fxml.FXMLLoader.loadImpl(FXMLLoader.java:2563)
	at javafx.fxml@21.0.1/javafx.fxml.FXMLLoader.load(FXMLLoader.java:2531)
	at pe.crediactiva.app.view.asesor.AsesorMainController.handleNuevoCliente(AsesorMainController.java:518)
	at java.base/jdk.internal.reflect.DirectMethodHandleAccessor.invoke(DirectMethodHandleAccessor.java:103)
	at java.base/java.lang.reflect.Method.invoke(Method.java:580)
	at com.sun.javafx.reflect.Trampoline.invoke(MethodUtil.java:72)
	at java.base/jdk.internal.reflect.DirectMethodHandleAccessor.invoke(DirectMethodHandleAccessor.java:103)
	at java.base/java.lang.reflect.Method.invoke(Method.java:580)
	at javafx.base@21.0.1/com.sun.javafx.reflect.MethodUtil.invoke(MethodUtil.java:270)
	at javafx.fxml@21.0.1/com.sun.javafx.fxml.MethodHelper.invoke(MethodHelper.java:84)
	at javafx.fxml@21.0.1/javafx.fxml.FXMLLoader$MethodHandler.invoke(FXMLLoader.java:1855)
	at javafx.fxml@21.0.1/javafx.fxml.FXMLLoader$ControllerMethodEventHandler.handle(FXMLLoader.java:1726)
	at javafx.base@21.0.1/com.sun.javafx.event.CompositeEventHandler.dispatchBubblingEvent(CompositeEventHandler.java:86)
	at javafx.base@21.0.1/com.sun.javafx.event.EventHandlerManager.dispatchBubblingEvent(EventHandlerManager.java:232)
	at javafx.base@21.0.1/com.sun.javafx.event.EventHandlerManager.dispatchBubblingEvent(EventHandlerManager.java:189)
	at javafx.base@21.0.1/com.sun.javafx.event.CompositeEventDispatcher.dispatchBubblingEvent(CompositeEventDispatcher.java:59)
	at javafx.base@21.0.1/com.sun.javafx.event.BasicEventDispatcher.dispatchEvent(BasicEventDispatcher.java:58)
	at javafx.base@21.0.1/com.sun.javafx.event.EventDispatchChainImpl.dispatchEvent(EventDispatchChainImpl.java:114)
	at javafx.base@21.0.1/com.sun.javafx.event.BasicEventDispatcher.dispatchEvent(BasicEventDispatcher.java:56)
	at javafx.base@21.0.1/com.sun.javafx.event.EventDispatchChainImpl.dispatchEvent(EventDispatchChainImpl.java:114)
	at javafx.base@21.0.1/com.sun.javafx.event.BasicEventDispatcher.dispatchEvent(BasicEventDispatcher.java:56)
	at javafx.base@21.0.1/com.sun.javafx.event.EventDispatchChainImpl.dispatchEvent(EventDispatchChainImpl.java:114)
	at javafx.base@21.0.1/com.sun.javafx.event.BasicEventDispatcher.dispatchEvent(BasicEventDispatcher.java:56)
	at javafx.base@21.0.1/com.sun.javafx.event.EventDispatchChainImpl.dispatchEvent(EventDispatchChainImpl.java:114)
	at javafx.base@21.0.1/com.sun.javafx.event.EventUtil.fireEventImpl(EventUtil.java:74)
	at javafx.base@21.0.1/com.sun.javafx.event.EventUtil.fireEvent(EventUtil.java:49)
	at javafx.base@21.0.1/javafx.event.Event.fireEvent(Event.java:198)
	at javafx.graphics@21.0.1/javafx.scene.Node.fireEvent(Node.java:8875)
	at javafx.controls@21.0.1/javafx.scene.control.Button.fire(Button.java:203)
	at javafx.controls@21.0.1/com.sun.javafx.scene.control.behavior.ButtonBehavior.mouseReleased(ButtonBehavior.java:207)
	at javafx.controls@21.0.1/com.sun.javafx.scene.control.inputmap.InputMap.handle(InputMap.java:274)
	at javafx.base@21.0.1/com.sun.javafx.event.CompositeEventHandler$NormalEventHandlerRecord.handleBubblingEvent(CompositeEventHandler.java:247)
	at javafx.base@21.0.1/com.sun.javafx.event.CompositeEventHandler.dispatchBubblingEvent(CompositeEventHandler.java:80)
	at javafx.base@21.0.1/com.sun.javafx.event.EventHandlerManager.dispatchBubblingEvent(EventHandlerManager.java:232)
	at javafx.base@21.0.1/com.sun.javafx.event.EventHandlerManager.dispatchBubblingEvent(EventHandlerManager.java:189)
	at javafx.base@21.0.1/com.sun.javafx.event.CompositeEventDispatcher.dispatchBubblingEvent(CompositeEventDispatcher.java:59)
	at javafx.base@21.0.1/com.sun.javafx.event.BasicEventDispatcher.dispatchEvent(BasicEventDispatcher.java:58)
	at javafx.base@21.0.1/com.sun.javafx.event.EventDispatchChainImpl.dispatchEvent(EventDispatchChainImpl.java:114)
	at javafx.base@21.0.1/com.sun.javafx.event.BasicEventDispatcher.dispatchEvent(BasicEventDispatcher.java:56)
	at javafx.base@21.0.1/com.sun.javafx.event.EventDispatchChainImpl.dispatchEvent(EventDispatchChainImpl.java:114)
	at javafx.base@21.0.1/com.sun.javafx.event.BasicEventDispatcher.dispatchEvent(BasicEventDispatcher.java:56)
	at javafx.base@21.0.1/com.sun.javafx.event.EventDispatchChainImpl.dispatchEvent(EventDispatchChainImpl.java:114)
	at javafx.base@21.0.1/com.sun.javafx.event.BasicEventDispatcher.dispatchEvent(BasicEventDispatcher.java:56)
	at javafx.base@21.0.1/com.sun.javafx.event.EventDispatchChainImpl.dispatchEvent(EventDispatchChainImpl.java:114)
	at javafx.base@21.0.1/com.sun.javafx.event.EventUtil.fireEventImpl(EventUtil.java:74)
	at javafx.base@21.0.1/com.sun.javafx.event.EventUtil.fireEvent(EventUtil.java:54)
	at javafx.base@21.0.1/javafx.event.Event.fireEvent(Event.java:198)
	at javafx.graphics@21.0.1/javafx.scene.Scene$MouseHandler.process(Scene.java:3984)
	at javafx.graphics@21.0.1/javafx.scene.Scene.processMouseEvent(Scene.java:1890)
	at javafx.graphics@21.0.1/javafx.scene.Scene$ScenePeerListener.mouseEvent(Scene.java:2708)
	at javafx.graphics@21.0.1/com.sun.javafx.tk.quantum.GlassViewEventHandler$MouseEventNotification.run(GlassViewEventHandler.java:411)
	at javafx.graphics@21.0.1/com.sun.javafx.tk.quantum.GlassViewEventHandler$MouseEventNotification.run(GlassViewEventHandler.java:301)
	at java.base/java.security.AccessController.doPrivileged(AccessController.java:400)
	at javafx.graphics@21.0.1/com.sun.javafx.tk.quantum.GlassViewEventHandler.lambda$handleMouseEvent$2(GlassViewEventHandler.java:450)
	at javafx.graphics@21.0.1/com.sun.javafx.tk.quantum.QuantumToolkit.runWithoutRenderLock(QuantumToolkit.java:424)
	at javafx.graphics@21.0.1/com.sun.javafx.tk.quantum.GlassViewEventHandler.handleMouseEvent(GlassViewEventHandler.java:449)
	at javafx.graphics@21.0.1/com.sun.glass.ui.View.handleMouseEvent(View.java:551)
	at javafx.graphics@21.0.1/com.sun.glass.ui.View.notifyMouse(View.java:937)
	at javafx.graphics@21.0.1/com.sun.glass.ui.win.WinApplication._runLoop(Native Method)
	at javafx.graphics@21.0.1/com.sun.glass.ui.win.WinApplication.lambda$runLoop$3(WinApplication.java:185)
	at java.base/java.lang.Thread.run(Thread.java:1583)
2025-10-07 22:59:18 [JavaFX Application Thread] INFO  p.c.a.v.asesor.AsesorMainController - Intentando cargar gestión de clientes...
2025-10-07 22:59:18 [JavaFX Application Thread] INFO  p.c.a.v.asesor.AsesorMainController - Cargados 5 clientes para el asesor 12345678 desde la base de datos
2025-10-07 22:59:18 [JavaFX Application Thread] INFO  p.c.a.v.asesor.AsesorMainController - Cargada gestión de clientes exitosamente
2025-10-07 23:00:21 [JavaFX Application Thread] INFO  p.c.app.dao.impl.ClienteDAOImpl - Cliente creado exitosamente: 23015380 - CARMINA REYNOSO
2025-10-07 23:00:21 [JavaFX Application Thread] ERROR p.c.app.dao.impl.AuditoriaDAOImpl - Error al crear auditoría
com.mysql.cj.jdbc.exceptions.MysqlDataTruncation: Data truncation: Invalid JSON text: "Invalid value." at position 0 in value for column 'auditoria.valor_nuevo'.
	at com.mysql.cj.jdbc.exceptions.SQLExceptionsMapping.translateException(SQLExceptionsMapping.java:104)
	at com.mysql.cj.jdbc.ClientPreparedStatement.executeInternal(ClientPreparedStatement.java:916)
	at com.mysql.cj.jdbc.ClientPreparedStatement.executeUpdateInternal(ClientPreparedStatement.java:1061)
	at com.mysql.cj.jdbc.ClientPreparedStatement.executeUpdateInternal(ClientPreparedStatement.java:1009)
	at com.mysql.cj.jdbc.ClientPreparedStatement.executeLargeUpdate(ClientPreparedStatement.java:1320)
	at com.mysql.cj.jdbc.ClientPreparedStatement.executeUpdate(ClientPreparedStatement.java:994)
	at com.zaxxer.hikari.pool.ProxyPreparedStatement.executeUpdate(ProxyPreparedStatement.java:61)
	at com.zaxxer.hikari.pool.HikariProxyPreparedStatement.executeUpdate(HikariProxyPreparedStatement.java)
	at pe.crediactiva.app.dao.impl.AuditoriaDAOImpl.create(AuditoriaDAOImpl.java:39)
	at pe.crediactiva.app.service.AuditoriaService.registrarAuditoria(AuditoriaService.java:47)
	at pe.crediactiva.app.service.ClienteService.crearCliente(ClienteService.java:38)
	at pe.crediactiva.app.view.asesor.AsesorMainController.guardarNuevoCliente(AsesorMainController.java:1162)
	at pe.crediactiva.app.view.asesor.AsesorMainController.lambda$crearFormularioNuevoCliente$12(AsesorMainController.java:1100)
	at javafx.base@21.0.1/com.sun.javafx.event.CompositeEventHandler.dispatchBubblingEvent(CompositeEventHandler.java:86)
	at javafx.base@21.0.1/com.sun.javafx.event.EventHandlerManager.dispatchBubblingEvent(EventHandlerManager.java:232)
	at javafx.base@21.0.1/com.sun.javafx.event.EventHandlerManager.dispatchBubblingEvent(EventHandlerManager.java:189)
	at javafx.base@21.0.1/com.sun.javafx.event.CompositeEventDispatcher.dispatchBubblingEvent(CompositeEventDispatcher.java:59)
	at javafx.base@21.0.1/com.sun.javafx.event.BasicEventDispatcher.dispatchEvent(BasicEventDispatcher.java:58)
	at javafx.base@21.0.1/com.sun.javafx.event.EventDispatchChainImpl.dispatchEvent(EventDispatchChainImpl.java:114)
	at javafx.base@21.0.1/com.sun.javafx.event.BasicEventDispatcher.dispatchEvent(BasicEventDispatcher.java:56)
	at javafx.base@21.0.1/com.sun.javafx.event.EventDispatchChainImpl.dispatchEvent(EventDispatchChainImpl.java:114)
	at javafx.base@21.0.1/com.sun.javafx.event.BasicEventDispatcher.dispatchEvent(BasicEventDispatcher.java:56)
	at javafx.base@21.0.1/com.sun.javafx.event.EventDispatchChainImpl.dispatchEvent(EventDispatchChainImpl.java:114)
	at javafx.base@21.0.1/com.sun.javafx.event.EventUtil.fireEventImpl(EventUtil.java:74)
	at javafx.base@21.0.1/com.sun.javafx.event.EventUtil.fireEvent(EventUtil.java:49)
	at javafx.base@21.0.1/javafx.event.Event.fireEvent(Event.java:198)
	at javafx.graphics@21.0.1/javafx.scene.Node.fireEvent(Node.java:8875)
	at javafx.controls@21.0.1/javafx.scene.control.Button.fire(Button.java:203)
	at javafx.controls@21.0.1/com.sun.javafx.scene.control.behavior.ButtonBehavior.mouseReleased(ButtonBehavior.java:207)
	at javafx.controls@21.0.1/com.sun.javafx.scene.control.inputmap.InputMap.handle(InputMap.java:274)
	at javafx.base@21.0.1/com.sun.javafx.event.CompositeEventHandler$NormalEventHandlerRecord.handleBubblingEvent(CompositeEventHandler.java:247)
	at javafx.base@21.0.1/com.sun.javafx.event.CompositeEventHandler.dispatchBubblingEvent(CompositeEventHandler.java:80)
	at javafx.base@21.0.1/com.sun.javafx.event.EventHandlerManager.dispatchBubblingEvent(EventHandlerManager.java:232)
	at javafx.base@21.0.1/com.sun.javafx.event.EventHandlerManager.dispatchBubblingEvent(EventHandlerManager.java:189)
	at javafx.base@21.0.1/com.sun.javafx.event.CompositeEventDispatcher.dispatchBubblingEvent(CompositeEventDispatcher.java:59)
	at javafx.base@21.0.1/com.sun.javafx.event.BasicEventDispatcher.dispatchEvent(BasicEventDispatcher.java:58)
	at javafx.base@21.0.1/com.sun.javafx.event.EventDispatchChainImpl.dispatchEvent(EventDispatchChainImpl.java:114)
	at javafx.base@21.0.1/com.sun.javafx.event.BasicEventDispatcher.dispatchEvent(BasicEventDispatcher.java:56)
	at javafx.base@21.0.1/com.sun.javafx.event.EventDispatchChainImpl.dispatchEvent(EventDispatchChainImpl.java:114)
	at javafx.base@21.0.1/com.sun.javafx.event.BasicEventDispatcher.dispatchEvent(BasicEventDispatcher.java:56)
	at javafx.base@21.0.1/com.sun.javafx.event.EventDispatchChainImpl.dispatchEvent(EventDispatchChainImpl.java:114)
	at javafx.base@21.0.1/com.sun.javafx.event.EventUtil.fireEventImpl(EventUtil.java:74)
	at javafx.base@21.0.1/com.sun.javafx.event.EventUtil.fireEvent(EventUtil.java:49)
	at javafx.base@21.0.1/javafx.event.Event.fireEvent(Event.java:198)
	at javafx.graphics@21.0.1/javafx.scene.Scene$MouseHandler.process(Scene.java:3984)
	at javafx.graphics@21.0.1/javafx.scene.Scene.processMouseEvent(Scene.java:1890)
	at javafx.graphics@21.0.1/javafx.scene.Scene$ScenePeerListener.mouseEvent(Scene.java:2708)
	at javafx.graphics@21.0.1/com.sun.javafx.tk.quantum.GlassViewEventHandler$MouseEventNotification.run(GlassViewEventHandler.java:411)
	at javafx.graphics@21.0.1/com.sun.javafx.tk.quantum.GlassViewEventHandler$MouseEventNotification.run(GlassViewEventHandler.java:301)
	at java.base/java.security.AccessController.doPrivileged(AccessController.java:400)
	at javafx.graphics@21.0.1/com.sun.javafx.tk.quantum.GlassViewEventHandler.lambda$handleMouseEvent$2(GlassViewEventHandler.java:450)
	at javafx.graphics@21.0.1/com.sun.javafx.tk.quantum.QuantumToolkit.runWithoutRenderLock(QuantumToolkit.java:424)
	at javafx.graphics@21.0.1/com.sun.javafx.tk.quantum.GlassViewEventHandler.handleMouseEvent(GlassViewEventHandler.java:449)
	at javafx.graphics@21.0.1/com.sun.glass.ui.View.handleMouseEvent(View.java:551)
	at javafx.graphics@21.0.1/com.sun.glass.ui.View.notifyMouse(View.java:937)
	at javafx.graphics@21.0.1/com.sun.glass.ui.win.WinApplication._enterNestedEventLoopImpl(Native Method)
	at javafx.graphics@21.0.1/com.sun.glass.ui.win.WinApplication._enterNestedEventLoop(WinApplication.java:212)
	at javafx.graphics@21.0.1/com.sun.glass.ui.Application.enterNestedEventLoop(Application.java:515)
	at javafx.graphics@21.0.1/com.sun.glass.ui.EventLoop.enter(EventLoop.java:107)
	at javafx.graphics@21.0.1/com.sun.javafx.tk.quantum.QuantumToolkit.enterNestedEventLoop(QuantumToolkit.java:650)
	at javafx.graphics@21.0.1/javafx.stage.Stage.showAndWait(Stage.java:469)
	at pe.crediactiva.app.view.asesor.AsesorMainController.abrirNuevoCliente(AsesorMainController.java:1008)
	at pe.crediactiva.app.view.asesor.AsesorMainController.lambda$crearGestionClientesView$8(AsesorMainController.java:739)
	at javafx.base@21.0.1/com.sun.javafx.event.CompositeEventHandler.dispatchBubblingEvent(CompositeEventHandler.java:86)
	at javafx.base@21.0.1/com.sun.javafx.event.EventHandlerManager.dispatchBubblingEvent(EventHandlerManager.java:232)
	at javafx.base@21.0.1/com.sun.javafx.event.EventHandlerManager.dispatchBubblingEvent(EventHandlerManager.java:189)
	at javafx.base@21.0.1/com.sun.javafx.event.CompositeEventDispatcher.dispatchBubblingEvent(CompositeEventDispatcher.java:59)
	at javafx.base@21.0.1/com.sun.javafx.event.BasicEventDispatcher.dispatchEvent(BasicEventDispatcher.java:58)
	at javafx.base@21.0.1/com.sun.javafx.event.EventDispatchChainImpl.dispatchEvent(EventDispatchChainImpl.java:114)
	at javafx.base@21.0.1/com.sun.javafx.event.BasicEventDispatcher.dispatchEvent(BasicEventDispatcher.java:56)
	at javafx.base@21.0.1/com.sun.javafx.event.EventDispatchChainImpl.dispatchEvent(EventDispatchChainImpl.java:114)
	at javafx.base@21.0.1/com.sun.javafx.event.BasicEventDispatcher.dispatchEvent(BasicEventDispatcher.java:56)
	at javafx.base@21.0.1/com.sun.javafx.event.EventDispatchChainImpl.dispatchEvent(EventDispatchChainImpl.java:114)
	at javafx.base@21.0.1/com.sun.javafx.event.BasicEventDispatcher.dispatchEvent(BasicEventDispatcher.java:56)
	at javafx.base@21.0.1/com.sun.javafx.event.EventDispatchChainImpl.dispatchEvent(EventDispatchChainImpl.java:114)
	at javafx.base@21.0.1/com.sun.javafx.event.EventUtil.fireEventImpl(EventUtil.java:74)
	at javafx.base@21.0.1/com.sun.javafx.event.EventUtil.fireEvent(EventUtil.java:49)
	at javafx.base@21.0.1/javafx.event.Event.fireEvent(Event.java:198)
	at javafx.graphics@21.0.1/javafx.scene.Node.fireEvent(Node.java:8875)
	at javafx.controls@21.0.1/javafx.scene.control.Button.fire(Button.java:203)
	at javafx.controls@21.0.1/com.sun.javafx.scene.control.behavior.ButtonBehavior.mouseReleased(ButtonBehavior.java:207)
	at javafx.controls@21.0.1/com.sun.javafx.scene.control.inputmap.InputMap.handle(InputMap.java:274)
	at javafx.base@21.0.1/com.sun.javafx.event.CompositeEventHandler$NormalEventHandlerRecord.handleBubblingEvent(CompositeEventHandler.java:247)
	at javafx.base@21.0.1/com.sun.javafx.event.CompositeEventHandler.dispatchBubblingEvent(CompositeEventHandler.java:80)
	at javafx.base@21.0.1/com.sun.javafx.event.EventHandlerManager.dispatchBubblingEvent(EventHandlerManager.java:232)
	at javafx.base@21.0.1/com.sun.javafx.event.EventHandlerManager.dispatchBubblingEvent(EventHandlerManager.java:189)
	at javafx.base@21.0.1/com.sun.javafx.event.CompositeEventDispatcher.dispatchBubblingEvent(CompositeEventDispatcher.java:59)
	at javafx.base@21.0.1/com.sun.javafx.event.BasicEventDispatcher.dispatchEvent(BasicEventDispatcher.java:58)
	at javafx.base@21.0.1/com.sun.javafx.event.EventDispatchChainImpl.dispatchEvent(EventDispatchChainImpl.java:114)
	at javafx.base@21.0.1/com.sun.javafx.event.BasicEventDispatcher.dispatchEvent(BasicEventDispatcher.java:56)
	at javafx.base@21.0.1/com.sun.javafx.event.EventDispatchChainImpl.dispatchEvent(EventDispatchChainImpl.java:114)
	at javafx.base@21.0.1/com.sun.javafx.event.BasicEventDispatcher.dispatchEvent(BasicEventDispatcher.java:56)
	at javafx.base@21.0.1/com.sun.javafx.event.EventDispatchChainImpl.dispatchEvent(EventDispatchChainImpl.java:114)
	at javafx.base@21.0.1/com.sun.javafx.event.BasicEventDispatcher.dispatchEvent(BasicEventDispatcher.java:56)
	at javafx.base@21.0.1/com.sun.javafx.event.EventDispatchChainImpl.dispatchEvent(EventDispatchChainImpl.java:114)
	at javafx.base@21.0.1/com.sun.javafx.event.EventUtil.fireEventImpl(EventUtil.java:74)
	at javafx.base@21.0.1/com.sun.javafx.event.EventUtil.fireEvent(EventUtil.java:54)
	at javafx.base@21.0.1/javafx.event.Event.fireEvent(Event.java:198)
	at javafx.graphics@21.0.1/javafx.scene.Scene$MouseHandler.process(Scene.java:3984)
	at javafx.graphics@21.0.1/javafx.scene.Scene.processMouseEvent(Scene.java:1890)
	at javafx.graphics@21.0.1/javafx.scene.Scene$ScenePeerListener.mouseEvent(Scene.java:2708)
	at javafx.graphics@21.0.1/com.sun.javafx.tk.quantum.GlassViewEventHandler$MouseEventNotification.run(GlassViewEventHandler.java:411)
	at javafx.graphics@21.0.1/com.sun.javafx.tk.quantum.GlassViewEventHandler$MouseEventNotification.run(GlassViewEventHandler.java:301)
	at java.base/java.security.AccessController.doPrivileged(AccessController.java:400)
	at javafx.graphics@21.0.1/com.sun.javafx.tk.quantum.GlassViewEventHandler.lambda$handleMouseEvent$2(GlassViewEventHandler.java:450)
	at javafx.graphics@21.0.1/com.sun.javafx.tk.quantum.QuantumToolkit.runWithoutRenderLock(QuantumToolkit.java:424)
	at javafx.graphics@21.0.1/com.sun.javafx.tk.quantum.GlassViewEventHandler.handleMouseEvent(GlassViewEventHandler.java:449)
	at javafx.graphics@21.0.1/com.sun.glass.ui.View.handleMouseEvent(View.java:551)
	at javafx.graphics@21.0.1/com.sun.glass.ui.View.notifyMouse(View.java:937)
	at javafx.graphics@21.0.1/com.sun.glass.ui.win.WinApplication._runLoop(Native Method)
	at javafx.graphics@21.0.1/com.sun.glass.ui.win.WinApplication.lambda$runLoop$3(WinApplication.java:185)
	at java.base/java.lang.Thread.run(Thread.java:1583)
2025-10-07 23:00:21 [JavaFX Application Thread] ERROR p.c.app.service.AuditoriaService - Error al registrar auditoría
2025-10-07 23:01:32 [JavaFX Application Thread] INFO  p.c.a.v.asesor.AsesorMainController - Intentando cargar solicitud de préstamo...
2025-10-07 23:01:32 [JavaFX Application Thread] INFO  p.c.a.v.asesor.AsesorMainController - Cargada solicitud de préstamo exitosamente
2025-10-07 23:02:11 [JavaFX Application Thread] INFO  p.c.app.dao.impl.PrestamoDAOImpl - Préstamo creado exitosamente: 8
2025-10-07 23:02:11 [JavaFX Application Thread] INFO  p.c.app.service.PrestamoService - Solicitud de préstamo creada: 8
2025-10-07 23:02:11 [JavaFX Application Thread] ERROR p.c.app.dao.impl.AuditoriaDAOImpl - Error al crear auditoría
com.mysql.cj.jdbc.exceptions.MysqlDataTruncation: Data truncation: Invalid JSON text: "Invalid value." at position 0 in value for column 'auditoria.valor_nuevo'.
	at com.mysql.cj.jdbc.exceptions.SQLExceptionsMapping.translateException(SQLExceptionsMapping.java:104)
	at com.mysql.cj.jdbc.ClientPreparedStatement.executeInternal(ClientPreparedStatement.java:916)
	at com.mysql.cj.jdbc.ClientPreparedStatement.executeUpdateInternal(ClientPreparedStatement.java:1061)
	at com.mysql.cj.jdbc.ClientPreparedStatement.executeUpdateInternal(ClientPreparedStatement.java:1009)
	at com.mysql.cj.jdbc.ClientPreparedStatement.executeLargeUpdate(ClientPreparedStatement.java:1320)
	at com.mysql.cj.jdbc.ClientPreparedStatement.executeUpdate(ClientPreparedStatement.java:994)
	at com.zaxxer.hikari.pool.ProxyPreparedStatement.executeUpdate(ProxyPreparedStatement.java:61)
	at com.zaxxer.hikari.pool.HikariProxyPreparedStatement.executeUpdate(HikariProxyPreparedStatement.java)
	at pe.crediactiva.app.dao.impl.AuditoriaDAOImpl.create(AuditoriaDAOImpl.java:39)
	at pe.crediactiva.app.service.AuditoriaService.registrarAuditoria(AuditoriaService.java:47)
	at pe.crediactiva.app.service.PrestamoService.crearSolicitud(PrestamoService.java:62)
	at pe.crediactiva.app.view.asesor.AsesorMainController.solicitarPrestamo(AsesorMainController.java:1312)
	at pe.crediactiva.app.view.asesor.AsesorMainController.lambda$crearSolicitarPrestamoView$10(AsesorMainController.java:846)
	at javafx.base@21.0.1/com.sun.javafx.event.CompositeEventHandler.dispatchBubblingEvent(CompositeEventHandler.java:86)
	at javafx.base@21.0.1/com.sun.javafx.event.EventHandlerManager.dispatchBubblingEvent(EventHandlerManager.java:232)
	at javafx.base@21.0.1/com.sun.javafx.event.EventHandlerManager.dispatchBubblingEvent(EventHandlerManager.java:189)
	at javafx.base@21.0.1/com.sun.javafx.event.CompositeEventDispatcher.dispatchBubblingEvent(CompositeEventDispatcher.java:59)
	at javafx.base@21.0.1/com.sun.javafx.event.BasicEventDispatcher.dispatchEvent(BasicEventDispatcher.java:58)
	at javafx.base@21.0.1/com.sun.javafx.event.EventDispatchChainImpl.dispatchEvent(EventDispatchChainImpl.java:114)
	at javafx.base@21.0.1/com.sun.javafx.event.BasicEventDispatcher.dispatchEvent(BasicEventDispatcher.java:56)
	at javafx.base@21.0.1/com.sun.javafx.event.EventDispatchChainImpl.dispatchEvent(EventDispatchChainImpl.java:114)
	at javafx.base@21.0.1/com.sun.javafx.event.BasicEventDispatcher.dispatchEvent(BasicEventDispatcher.java:56)
	at javafx.base@21.0.1/com.sun.javafx.event.EventDispatchChainImpl.dispatchEvent(EventDispatchChainImpl.java:114)
	at javafx.base@21.0.1/com.sun.javafx.event.BasicEventDispatcher.dispatchEvent(BasicEventDispatcher.java:56)
	at javafx.base@21.0.1/com.sun.javafx.event.EventDispatchChainImpl.dispatchEvent(EventDispatchChainImpl.java:114)
	at javafx.base@21.0.1/com.sun.javafx.event.EventUtil.fireEventImpl(EventUtil.java:74)
	at javafx.base@21.0.1/com.sun.javafx.event.EventUtil.fireEvent(EventUtil.java:49)
	at javafx.base@21.0.1/javafx.event.Event.fireEvent(Event.java:198)
	at javafx.graphics@21.0.1/javafx.scene.Node.fireEvent(Node.java:8875)
	at javafx.controls@21.0.1/javafx.scene.control.Button.fire(Button.java:203)
	at javafx.controls@21.0.1/com.sun.javafx.scene.control.behavior.ButtonBehavior.mouseReleased(ButtonBehavior.java:207)
	at javafx.controls@21.0.1/com.sun.javafx.scene.control.inputmap.InputMap.handle(InputMap.java:274)
	at javafx.base@21.0.1/com.sun.javafx.event.CompositeEventHandler$NormalEventHandlerRecord.handleBubblingEvent(CompositeEventHandler.java:247)
	at javafx.base@21.0.1/com.sun.javafx.event.CompositeEventHandler.dispatchBubblingEvent(CompositeEventHandler.java:80)
	at javafx.base@21.0.1/com.sun.javafx.event.EventHandlerManager.dispatchBubblingEvent(EventHandlerManager.java:232)
	at javafx.base@21.0.1/com.sun.javafx.event.EventHandlerManager.dispatchBubblingEvent(EventHandlerManager.java:189)
	at javafx.base@21.0.1/com.sun.javafx.event.CompositeEventDispatcher.dispatchBubblingEvent(CompositeEventDispatcher.java:59)
	at javafx.base@21.0.1/com.sun.javafx.event.BasicEventDispatcher.dispatchEvent(BasicEventDispatcher.java:58)
	at javafx.base@21.0.1/com.sun.javafx.event.EventDispatchChainImpl.dispatchEvent(EventDispatchChainImpl.java:114)
	at javafx.base@21.0.1/com.sun.javafx.event.BasicEventDispatcher.dispatchEvent(BasicEventDispatcher.java:56)
	at javafx.base@21.0.1/com.sun.javafx.event.EventDispatchChainImpl.dispatchEvent(EventDispatchChainImpl.java:114)
	at javafx.base@21.0.1/com.sun.javafx.event.BasicEventDispatcher.dispatchEvent(BasicEventDispatcher.java:56)
	at javafx.base@21.0.1/com.sun.javafx.event.EventDispatchChainImpl.dispatchEvent(EventDispatchChainImpl.java:114)
	at javafx.base@21.0.1/com.sun.javafx.event.BasicEventDispatcher.dispatchEvent(BasicEventDispatcher.java:56)
	at javafx.base@21.0.1/com.sun.javafx.event.EventDispatchChainImpl.dispatchEvent(EventDispatchChainImpl.java:114)
	at javafx.base@21.0.1/com.sun.javafx.event.EventUtil.fireEventImpl(EventUtil.java:74)
	at javafx.base@21.0.1/com.sun.javafx.event.EventUtil.fireEvent(EventUtil.java:54)
	at javafx.base@21.0.1/javafx.event.Event.fireEvent(Event.java:198)
	at javafx.graphics@21.0.1/javafx.scene.Scene$MouseHandler.process(Scene.java:3984)
	at javafx.graphics@21.0.1/javafx.scene.Scene.processMouseEvent(Scene.java:1890)
	at javafx.graphics@21.0.1/javafx.scene.Scene$ScenePeerListener.mouseEvent(Scene.java:2708)
	at javafx.graphics@21.0.1/com.sun.javafx.tk.quantum.GlassViewEventHandler$MouseEventNotification.run(GlassViewEventHandler.java:411)
	at javafx.graphics@21.0.1/com.sun.javafx.tk.quantum.GlassViewEventHandler$MouseEventNotification.run(GlassViewEventHandler.java:301)
	at java.base/java.security.AccessController.doPrivileged(AccessController.java:400)
	at javafx.graphics@21.0.1/com.sun.javafx.tk.quantum.GlassViewEventHandler.lambda$handleMouseEvent$2(GlassViewEventHandler.java:450)
	at javafx.graphics@21.0.1/com.sun.javafx.tk.quantum.QuantumToolkit.runWithoutRenderLock(QuantumToolkit.java:424)
	at javafx.graphics@21.0.1/com.sun.javafx.tk.quantum.GlassViewEventHandler.handleMouseEvent(GlassViewEventHandler.java:449)
	at javafx.graphics@21.0.1/com.sun.glass.ui.View.handleMouseEvent(View.java:551)
	at javafx.graphics@21.0.1/com.sun.glass.ui.View.notifyMouse(View.java:937)
	at javafx.graphics@21.0.1/com.sun.glass.ui.win.WinApplication._runLoop(Native Method)
	at javafx.graphics@21.0.1/com.sun.glass.ui.win.WinApplication.lambda$runLoop$3(WinApplication.java:185)
	at java.base/java.lang.Thread.run(Thread.java:1583)
2025-10-07 23:02:11 [JavaFX Application Thread] ERROR p.c.app.service.AuditoriaService - Error al registrar auditoría
2025-10-07 23:02:18 [JavaFX Application Thread] INFO  p.c.a.service.AuthenticationService - Usuario cerró sesión: 12345678
2025-10-07 23:02:18 [JavaFX Application Thread] INFO  p.c.a.v.asesor.AsesorMainController - Asesor cerró sesión
2025-10-07 23:02:26 [JavaFX Application Thread] INFO  p.c.app.dao.impl.UsuarioDAOImpl - Usuario autenticado exitosamente: 99999999
2025-10-07 23:02:26 [JavaFX Application Thread] INFO  p.c.a.service.AuthenticationService - Usuario autenticado exitosamente: 99999999 - ADMIN
2025-10-07 23:02:26 [JavaFX Application Thread] INFO  p.c.app.view.LoginController - Usuario autenticado exitosamente: 99999999
2025-10-07 23:02:27 [JavaFX Application Thread] INFO  p.c.app.view.LoginController - Usuario redirigido a pantalla principal: ADMIN
2025-10-07 23:02:29 [JavaFX Application Thread] INFO  p.c.app.service.AsesorService - Asesor encontrado: María González
2025-10-07 23:02:29 [JavaFX Application Thread] INFO  p.c.a.v.a.BandejaSolicitudesController - Cache de nombres cargado: 1 clientes, 1 asesores
2025-10-07 23:02:29 [JavaFX Application Thread] INFO  p.c.a.v.a.BandejaSolicitudesController - Cargadas 1 solicitudes pendientes desde la base de datos
2025-10-07 23:02:29 [JavaFX Application Thread] INFO  p.c.a.v.a.BandejaSolicitudesController - Bandeja de solicitudes inicializada correctamente
2025-10-07 23:02:29 [JavaFX Application Thread] INFO  p.c.a.view.admin.AdminMainController - Cargada bandeja de solicitudes
2025-10-07 23:02:33 [JavaFX Application Thread] INFO  p.c.a.v.a.DetallePrestamoController - Detalle de préstamo inicializado correctamente
2025-10-07 23:02:33 [JavaFX Application Thread] INFO  p.c.app.service.AsesorService - Asesor encontrado: María González
2025-10-07 23:02:33 [JavaFX Application Thread] INFO  p.c.a.v.a.DetallePrestamoController - Datos del préstamo cargados: ID 8
2025-10-07 23:02:54 [JavaFX Application Thread] INFO  p.c.app.dao.impl.PrestamoDAOImpl - Préstamo actualizado exitosamente: 8
2025-10-07 23:02:54 [JavaFX Application Thread] INFO  p.c.app.service.PrestamoService - Cronograma generado para préstamo: 8 - 26 cuotas
2025-10-07 23:02:54 [JavaFX Application Thread] INFO  p.c.app.dao.impl.ClienteDAOImpl - Saldo de capital actualizado para cliente: 23015380 -> 150.0000
2025-10-07 23:02:54 [JavaFX Application Thread] INFO  p.c.app.service.PrestamoService - Abono de capital registrado: 150.0000 para cliente: 23015380
2025-10-07 23:02:54 [JavaFX Application Thread] INFO  p.c.app.service.PrestamoService - Préstamo aprobado exitosamente: 8
2025-10-07 23:02:54 [JavaFX Application Thread] ERROR p.c.app.dao.impl.AuditoriaDAOImpl - Error al crear auditoría
com.mysql.cj.jdbc.exceptions.MysqlDataTruncation: Data truncation: Invalid JSON text: "Invalid value." at position 0 in value for column 'auditoria.valor_anterior'.
	at com.mysql.cj.jdbc.exceptions.SQLExceptionsMapping.translateException(SQLExceptionsMapping.java:104)
	at com.mysql.cj.jdbc.ClientPreparedStatement.executeInternal(ClientPreparedStatement.java:916)
	at com.mysql.cj.jdbc.ClientPreparedStatement.executeUpdateInternal(ClientPreparedStatement.java:1061)
	at com.mysql.cj.jdbc.ClientPreparedStatement.executeUpdateInternal(ClientPreparedStatement.java:1009)
	at com.mysql.cj.jdbc.ClientPreparedStatement.executeLargeUpdate(ClientPreparedStatement.java:1320)
	at com.mysql.cj.jdbc.ClientPreparedStatement.executeUpdate(ClientPreparedStatement.java:994)
	at com.zaxxer.hikari.pool.ProxyPreparedStatement.executeUpdate(ProxyPreparedStatement.java:61)
	at com.zaxxer.hikari.pool.HikariProxyPreparedStatement.executeUpdate(HikariProxyPreparedStatement.java)
	at pe.crediactiva.app.dao.impl.AuditoriaDAOImpl.create(AuditoriaDAOImpl.java:39)
	at pe.crediactiva.app.service.AuditoriaService.registrarAuditoria(AuditoriaService.java:47)
	at pe.crediactiva.app.service.PrestamoService.aprobarPrestamo(PrestamoService.java:117)
	at pe.crediactiva.app.view.admin.DetallePrestamoController.handleAprobar(DetallePrestamoController.java:246)
	at java.base/jdk.internal.reflect.DirectMethodHandleAccessor.invoke(DirectMethodHandleAccessor.java:103)
	at java.base/java.lang.reflect.Method.invoke(Method.java:580)
	at com.sun.javafx.reflect.Trampoline.invoke(MethodUtil.java:72)
	at java.base/jdk.internal.reflect.DirectMethodHandleAccessor.invoke(DirectMethodHandleAccessor.java:103)
	at java.base/java.lang.reflect.Method.invoke(Method.java:580)
	at javafx.base@21.0.1/com.sun.javafx.reflect.MethodUtil.invoke(MethodUtil.java:270)
	at javafx.fxml@21.0.1/com.sun.javafx.fxml.MethodHelper.invoke(MethodHelper.java:84)
	at javafx.fxml@21.0.1/javafx.fxml.FXMLLoader$MethodHandler.invoke(FXMLLoader.java:1855)
	at javafx.fxml@21.0.1/javafx.fxml.FXMLLoader$ControllerMethodEventHandler.handle(FXMLLoader.java:1726)
	at javafx.base@21.0.1/com.sun.javafx.event.CompositeEventHandler.dispatchBubblingEvent(CompositeEventHandler.java:86)
	at javafx.base@21.0.1/com.sun.javafx.event.EventHandlerManager.dispatchBubblingEvent(EventHandlerManager.java:232)
	at javafx.base@21.0.1/com.sun.javafx.event.EventHandlerManager.dispatchBubblingEvent(EventHandlerManager.java:189)
	at javafx.base@21.0.1/com.sun.javafx.event.CompositeEventDispatcher.dispatchBubblingEvent(CompositeEventDispatcher.java:59)
	at javafx.base@21.0.1/com.sun.javafx.event.BasicEventDispatcher.dispatchEvent(BasicEventDispatcher.java:58)
	at javafx.base@21.0.1/com.sun.javafx.event.EventDispatchChainImpl.dispatchEvent(EventDispatchChainImpl.java:114)
	at javafx.base@21.0.1/com.sun.javafx.event.BasicEventDispatcher.dispatchEvent(BasicEventDispatcher.java:56)
	at javafx.base@21.0.1/com.sun.javafx.event.EventDispatchChainImpl.dispatchEvent(EventDispatchChainImpl.java:114)
	at javafx.base@21.0.1/com.sun.javafx.event.BasicEventDispatcher.dispatchEvent(BasicEventDispatcher.java:56)
	at javafx.base@21.0.1/com.sun.javafx.event.EventDispatchChainImpl.dispatchEvent(EventDispatchChainImpl.java:114)
	at javafx.base@21.0.1/com.sun.javafx.event.EventUtil.fireEventImpl(EventUtil.java:74)
	at javafx.base@21.0.1/com.sun.javafx.event.EventUtil.fireEvent(EventUtil.java:49)
	at javafx.base@21.0.1/javafx.event.Event.fireEvent(Event.java:198)
	at javafx.graphics@21.0.1/javafx.scene.Node.fireEvent(Node.java:8875)
	at javafx.controls@21.0.1/javafx.scene.control.Button.fire(Button.java:203)
	at javafx.controls@21.0.1/com.sun.javafx.scene.control.behavior.ButtonBehavior.mouseReleased(ButtonBehavior.java:207)
	at javafx.controls@21.0.1/com.sun.javafx.scene.control.inputmap.InputMap.handle(InputMap.java:274)
	at javafx.base@21.0.1/com.sun.javafx.event.CompositeEventHandler$NormalEventHandlerRecord.handleBubblingEvent(CompositeEventHandler.java:247)
	at javafx.base@21.0.1/com.sun.javafx.event.CompositeEventHandler.dispatchBubblingEvent(CompositeEventHandler.java:80)
	at javafx.base@21.0.1/com.sun.javafx.event.EventHandlerManager.dispatchBubblingEvent(EventHandlerManager.java:232)
	at javafx.base@21.0.1/com.sun.javafx.event.EventHandlerManager.dispatchBubblingEvent(EventHandlerManager.java:189)
	at javafx.base@21.0.1/com.sun.javafx.event.CompositeEventDispatcher.dispatchBubblingEvent(CompositeEventDispatcher.java:59)
	at javafx.base@21.0.1/com.sun.javafx.event.BasicEventDispatcher.dispatchEvent(BasicEventDispatcher.java:58)
	at javafx.base@21.0.1/com.sun.javafx.event.EventDispatchChainImpl.dispatchEvent(EventDispatchChainImpl.java:114)
	at javafx.base@21.0.1/com.sun.javafx.event.BasicEventDispatcher.dispatchEvent(BasicEventDispatcher.java:56)
	at javafx.base@21.0.1/com.sun.javafx.event.EventDispatchChainImpl.dispatchEvent(EventDispatchChainImpl.java:114)
	at javafx.base@21.0.1/com.sun.javafx.event.BasicEventDispatcher.dispatchEvent(BasicEventDispatcher.java:56)
	at javafx.base@21.0.1/com.sun.javafx.event.EventDispatchChainImpl.dispatchEvent(EventDispatchChainImpl.java:114)
	at javafx.base@21.0.1/com.sun.javafx.event.EventUtil.fireEventImpl(EventUtil.java:74)
	at javafx.base@21.0.1/com.sun.javafx.event.EventUtil.fireEvent(EventUtil.java:49)
	at javafx.base@21.0.1/javafx.event.Event.fireEvent(Event.java:198)
	at javafx.graphics@21.0.1/javafx.scene.Scene$MouseHandler.process(Scene.java:3984)
	at javafx.graphics@21.0.1/javafx.scene.Scene.processMouseEvent(Scene.java:1890)
	at javafx.graphics@21.0.1/javafx.scene.Scene$ScenePeerListener.mouseEvent(Scene.java:2708)
	at javafx.graphics@21.0.1/com.sun.javafx.tk.quantum.GlassViewEventHandler$MouseEventNotification.run(GlassViewEventHandler.java:411)
	at javafx.graphics@21.0.1/com.sun.javafx.tk.quantum.GlassViewEventHandler$MouseEventNotification.run(GlassViewEventHandler.java:301)
	at java.base/java.security.AccessController.doPrivileged(AccessController.java:400)
	at javafx.graphics@21.0.1/com.sun.javafx.tk.quantum.GlassViewEventHandler.lambda$handleMouseEvent$2(GlassViewEventHandler.java:450)
	at javafx.graphics@21.0.1/com.sun.javafx.tk.quantum.QuantumToolkit.runWithoutRenderLock(QuantumToolkit.java:424)
	at javafx.graphics@21.0.1/com.sun.javafx.tk.quantum.GlassViewEventHandler.handleMouseEvent(GlassViewEventHandler.java:449)
	at javafx.graphics@21.0.1/com.sun.glass.ui.View.handleMouseEvent(View.java:551)
	at javafx.graphics@21.0.1/com.sun.glass.ui.View.notifyMouse(View.java:937)
	at javafx.graphics@21.0.1/com.sun.glass.ui.win.WinApplication._enterNestedEventLoopImpl(Native Method)
	at javafx.graphics@21.0.1/com.sun.glass.ui.win.WinApplication._enterNestedEventLoop(WinApplication.java:212)
	at javafx.graphics@21.0.1/com.sun.glass.ui.Application.enterNestedEventLoop(Application.java:515)
	at javafx.graphics@21.0.1/com.sun.glass.ui.EventLoop.enter(EventLoop.java:107)
	at javafx.graphics@21.0.1/com.sun.javafx.tk.quantum.QuantumToolkit.enterNestedEventLoop(QuantumToolkit.java:650)
	at javafx.graphics@21.0.1/javafx.stage.Stage.showAndWait(Stage.java:469)
	at pe.crediactiva.app.view.admin.BandejaSolicitudesController.abrirVentanaDetalles(BandejaSolicitudesController.java:289)
	at pe.crediactiva.app.view.admin.BandejaSolicitudesController.lambda$configurarTabla$5(BandejaSolicitudesController.java:159)
	at javafx.base@21.0.1/com.sun.javafx.event.CompositeEventHandler.dispatchBubblingEvent(CompositeEventHandler.java:86)
	at javafx.base@21.0.1/com.sun.javafx.event.EventHandlerManager.dispatchBubblingEvent(EventHandlerManager.java:232)
	at javafx.base@21.0.1/com.sun.javafx.event.EventHandlerManager.dispatchBubblingEvent(EventHandlerManager.java:189)
	at javafx.base@21.0.1/com.sun.javafx.event.CompositeEventDispatcher.dispatchBubblingEvent(CompositeEventDispatcher.java:59)
	at javafx.base@21.0.1/com.sun.javafx.event.BasicEventDispatcher.dispatchEvent(BasicEventDispatcher.java:58)
	at javafx.base@21.0.1/com.sun.javafx.event.EventDispatchChainImpl.dispatchEvent(EventDispatchChainImpl.java:114)
	at javafx.base@21.0.1/com.sun.javafx.event.BasicEventDispatcher.dispatchEvent(BasicEventDispatcher.java:56)
	at javafx.base@21.0.1/com.sun.javafx.event.EventDispatchChainImpl.dispatchEvent(EventDispatchChainImpl.java:114)
	at javafx.base@21.0.1/com.sun.javafx.event.BasicEventDispatcher.dispatchEvent(BasicEventDispatcher.java:56)
	at javafx.base@21.0.1/com.sun.javafx.event.EventDispatchChainImpl.dispatchEvent(EventDispatchChainImpl.java:114)
	at javafx.base@21.0.1/com.sun.javafx.event.BasicEventDispatcher.dispatchEvent(BasicEventDispatcher.java:56)
	at javafx.base@21.0.1/com.sun.javafx.event.EventDispatchChainImpl.dispatchEvent(EventDispatchChainImpl.java:114)
	at javafx.base@21.0.1/com.sun.javafx.event.EventUtil.fireEventImpl(EventUtil.java:74)
	at javafx.base@21.0.1/com.sun.javafx.event.EventUtil.fireEvent(EventUtil.java:54)
	at javafx.base@21.0.1/javafx.event.Event.fireEvent(Event.java:198)
	at javafx.graphics@21.0.1/javafx.scene.Scene$ClickGenerator.postProcess(Scene.java:3688)
	at javafx.graphics@21.0.1/javafx.scene.Scene$MouseHandler.process(Scene.java:3993)
	at javafx.graphics@21.0.1/javafx.scene.Scene.processMouseEvent(Scene.java:1890)
	at javafx.graphics@21.0.1/javafx.scene.Scene$ScenePeerListener.mouseEvent(Scene.java:2708)
	at javafx.graphics@21.0.1/com.sun.javafx.tk.quantum.GlassViewEventHandler$MouseEventNotification.run(GlassViewEventHandler.java:411)
	at javafx.graphics@21.0.1/com.sun.javafx.tk.quantum.GlassViewEventHandler$MouseEventNotification.run(GlassViewEventHandler.java:301)
	at java.base/java.security.AccessController.doPrivileged(AccessController.java:400)
	at javafx.graphics@21.0.1/com.sun.javafx.tk.quantum.GlassViewEventHandler.lambda$handleMouseEvent$2(GlassViewEventHandler.java:450)
	at javafx.graphics@21.0.1/com.sun.javafx.tk.quantum.QuantumToolkit.runWithoutRenderLock(QuantumToolkit.java:424)
	at javafx.graphics@21.0.1/com.sun.javafx.tk.quantum.GlassViewEventHandler.handleMouseEvent(GlassViewEventHandler.java:449)
	at javafx.graphics@21.0.1/com.sun.glass.ui.View.handleMouseEvent(View.java:551)
	at javafx.graphics@21.0.1/com.sun.glass.ui.View.notifyMouse(View.java:937)
	at javafx.graphics@21.0.1/com.sun.glass.ui.win.WinApplication._runLoop(Native Method)
	at javafx.graphics@21.0.1/com.sun.glass.ui.win.WinApplication.lambda$runLoop$3(WinApplication.java:185)
	at java.base/java.lang.Thread.run(Thread.java:1583)
2025-10-07 23:02:54 [JavaFX Application Thread] ERROR p.c.app.service.AuditoriaService - Error al registrar auditoría
2025-10-07 23:02:55 [JavaFX Application Thread] INFO  p.c.a.v.a.BandejaSolicitudesController - Ventana de detalles abierta para préstamo ID: 8
2025-10-07 23:09:55 [JavaFX Application Thread] INFO  p.c.a.service.AuthenticationService - Usuario cerró sesión: 99999999
2025-10-07 23:09:55 [JavaFX Application Thread] INFO  p.c.a.view.admin.AdminMainController - Usuario cerró sesión
2025-10-07 23:09:59 [JavaFX Application Thread] INFO  p.c.app.config.DatabaseConfig - Pool de conexiones cerrado correctamente
2025-10-07 23:09:59 [JavaFX Application Thread] INFO  pe.crediactiva.app.Main - Aplicación CrediActiva cerrada
2025-10-07 23:10:08 [main] INFO  pe.crediactiva.app.Main - Iniciando aplicación CrediActiva Desktop v1.0.0
2025-10-07 23:10:08 [JavaFX Application Thread] INFO  pe.crediactiva.app.Main - Icono no encontrado, continuando sin icono
2025-10-07 23:10:08 [JavaFX Application Thread] INFO  p.c.app.config.DatabaseConfig - Propiedades de base de datos cargadas correctamente
2025-10-07 23:10:08 [JavaFX Application Thread] INFO  p.c.app.config.DatabaseConfig - Pool de conexiones HikariCP inicializado correctamente
2025-10-07 23:10:09 [JavaFX Application Thread] INFO  pe.crediactiva.app.Main - Aplicación CrediActiva iniciada correctamente
2025-10-07 23:10:28 [JavaFX Application Thread] INFO  p.c.app.dao.impl.UsuarioDAOImpl - Usuario autenticado exitosamente: 12345678
2025-10-07 23:10:28 [JavaFX Application Thread] INFO  p.c.a.service.AuthenticationService - Usuario autenticado exitosamente: 12345678 - ASESOR
2025-10-07 23:10:28 [JavaFX Application Thread] INFO  p.c.app.view.LoginController - Usuario autenticado exitosamente: 12345678
2025-10-07 23:10:28 [JavaFX Application Thread] INFO  p.c.app.view.LoginController - Usuario redirigido a pantalla principal: ASESOR
2025-10-07 23:10:31 [JavaFX Application Thread] INFO  p.c.a.v.asesor.AsesorMainController - Intentando cargar gestión de clientes...
2025-10-07 23:10:31 [JavaFX Application Thread] INFO  p.c.a.v.asesor.AsesorMainController - Cargados 6 clientes para el asesor 12345678 desde la base de datos
2025-10-07 23:10:31 [JavaFX Application Thread] INFO  p.c.a.v.asesor.AsesorMainController - Cargada gestión de clientes exitosamente
2025-10-07 23:10:54 [JavaFX Application Thread] INFO  p.c.a.v.asesor.AsesorMainController - Intentando cargar solicitud de préstamo...
2025-10-07 23:10:54 [JavaFX Application Thread] INFO  p.c.a.v.asesor.AsesorMainController - Cargada solicitud de préstamo exitosamente
2025-10-07 23:11:41 [JavaFX Application Thread] INFO  p.c.app.dao.impl.PrestamoDAOImpl - Préstamo creado exitosamente: 9
2025-10-07 23:11:41 [JavaFX Application Thread] INFO  p.c.app.service.PrestamoService - Solicitud de préstamo creada: 9
2025-10-07 23:11:41 [JavaFX Application Thread] ERROR p.c.app.dao.impl.AuditoriaDAOImpl - Error al crear auditoría
com.mysql.cj.jdbc.exceptions.MysqlDataTruncation: Data truncation: Invalid JSON text: "Invalid value." at position 0 in value for column 'auditoria.valor_nuevo'.
	at com.mysql.cj.jdbc.exceptions.SQLExceptionsMapping.translateException(SQLExceptionsMapping.java:104)
	at com.mysql.cj.jdbc.ClientPreparedStatement.executeInternal(ClientPreparedStatement.java:916)
	at com.mysql.cj.jdbc.ClientPreparedStatement.executeUpdateInternal(ClientPreparedStatement.java:1061)
	at com.mysql.cj.jdbc.ClientPreparedStatement.executeUpdateInternal(ClientPreparedStatement.java:1009)
	at com.mysql.cj.jdbc.ClientPreparedStatement.executeLargeUpdate(ClientPreparedStatement.java:1320)
	at com.mysql.cj.jdbc.ClientPreparedStatement.executeUpdate(ClientPreparedStatement.java:994)
	at com.zaxxer.hikari.pool.ProxyPreparedStatement.executeUpdate(ProxyPreparedStatement.java:61)
	at com.zaxxer.hikari.pool.HikariProxyPreparedStatement.executeUpdate(HikariProxyPreparedStatement.java)
	at pe.crediactiva.app.dao.impl.AuditoriaDAOImpl.create(AuditoriaDAOImpl.java:39)
	at pe.crediactiva.app.service.AuditoriaService.registrarAuditoria(AuditoriaService.java:47)
	at pe.crediactiva.app.service.PrestamoService.crearSolicitud(PrestamoService.java:62)
	at pe.crediactiva.app.view.asesor.AsesorMainController.solicitarPrestamo(AsesorMainController.java:1337)
	at pe.crediactiva.app.view.asesor.AsesorMainController.lambda$10(AsesorMainController.java:846)
	at javafx.base@21.0.1/com.sun.javafx.event.CompositeEventHandler.dispatchBubblingEvent(CompositeEventHandler.java:86)
	at javafx.base@21.0.1/com.sun.javafx.event.EventHandlerManager.dispatchBubblingEvent(EventHandlerManager.java:232)
	at javafx.base@21.0.1/com.sun.javafx.event.EventHandlerManager.dispatchBubblingEvent(EventHandlerManager.java:189)
	at javafx.base@21.0.1/com.sun.javafx.event.CompositeEventDispatcher.dispatchBubblingEvent(CompositeEventDispatcher.java:59)
	at javafx.base@21.0.1/com.sun.javafx.event.BasicEventDispatcher.dispatchEvent(BasicEventDispatcher.java:58)
	at javafx.base@21.0.1/com.sun.javafx.event.EventDispatchChainImpl.dispatchEvent(EventDispatchChainImpl.java:114)
	at javafx.base@21.0.1/com.sun.javafx.event.BasicEventDispatcher.dispatchEvent(BasicEventDispatcher.java:56)
	at javafx.base@21.0.1/com.sun.javafx.event.EventDispatchChainImpl.dispatchEvent(EventDispatchChainImpl.java:114)
	at javafx.base@21.0.1/com.sun.javafx.event.BasicEventDispatcher.dispatchEvent(BasicEventDispatcher.java:56)
	at javafx.base@21.0.1/com.sun.javafx.event.EventDispatchChainImpl.dispatchEvent(EventDispatchChainImpl.java:114)
	at javafx.base@21.0.1/com.sun.javafx.event.BasicEventDispatcher.dispatchEvent(BasicEventDispatcher.java:56)
	at javafx.base@21.0.1/com.sun.javafx.event.EventDispatchChainImpl.dispatchEvent(EventDispatchChainImpl.java:114)
	at javafx.base@21.0.1/com.sun.javafx.event.EventUtil.fireEventImpl(EventUtil.java:74)
	at javafx.base@21.0.1/com.sun.javafx.event.EventUtil.fireEvent(EventUtil.java:49)
	at javafx.base@21.0.1/javafx.event.Event.fireEvent(Event.java:198)
	at javafx.graphics@21.0.1/javafx.scene.Node.fireEvent(Node.java:8875)
	at javafx.controls@21.0.1/javafx.scene.control.Button.fire(Button.java:203)
	at javafx.controls@21.0.1/com.sun.javafx.scene.control.behavior.ButtonBehavior.mouseReleased(ButtonBehavior.java:207)
	at javafx.controls@21.0.1/com.sun.javafx.scene.control.inputmap.InputMap.handle(InputMap.java:274)
	at javafx.base@21.0.1/com.sun.javafx.event.CompositeEventHandler$NormalEventHandlerRecord.handleBubblingEvent(CompositeEventHandler.java:247)
	at javafx.base@21.0.1/com.sun.javafx.event.CompositeEventHandler.dispatchBubblingEvent(CompositeEventHandler.java:80)
	at javafx.base@21.0.1/com.sun.javafx.event.EventHandlerManager.dispatchBubblingEvent(EventHandlerManager.java:232)
	at javafx.base@21.0.1/com.sun.javafx.event.EventHandlerManager.dispatchBubblingEvent(EventHandlerManager.java:189)
	at javafx.base@21.0.1/com.sun.javafx.event.CompositeEventDispatcher.dispatchBubblingEvent(CompositeEventDispatcher.java:59)
	at javafx.base@21.0.1/com.sun.javafx.event.BasicEventDispatcher.dispatchEvent(BasicEventDispatcher.java:58)
	at javafx.base@21.0.1/com.sun.javafx.event.EventDispatchChainImpl.dispatchEvent(EventDispatchChainImpl.java:114)
	at javafx.base@21.0.1/com.sun.javafx.event.BasicEventDispatcher.dispatchEvent(BasicEventDispatcher.java:56)
	at javafx.base@21.0.1/com.sun.javafx.event.EventDispatchChainImpl.dispatchEvent(EventDispatchChainImpl.java:114)
	at javafx.base@21.0.1/com.sun.javafx.event.BasicEventDispatcher.dispatchEvent(BasicEventDispatcher.java:56)
	at javafx.base@21.0.1/com.sun.javafx.event.EventDispatchChainImpl.dispatchEvent(EventDispatchChainImpl.java:114)
	at javafx.base@21.0.1/com.sun.javafx.event.BasicEventDispatcher.dispatchEvent(BasicEventDispatcher.java:56)
	at javafx.base@21.0.1/com.sun.javafx.event.EventDispatchChainImpl.dispatchEvent(EventDispatchChainImpl.java:114)
	at javafx.base@21.0.1/com.sun.javafx.event.EventUtil.fireEventImpl(EventUtil.java:74)
	at javafx.base@21.0.1/com.sun.javafx.event.EventUtil.fireEvent(EventUtil.java:54)
	at javafx.base@21.0.1/javafx.event.Event.fireEvent(Event.java:198)
	at javafx.graphics@21.0.1/javafx.scene.Scene$MouseHandler.process(Scene.java:3984)
	at javafx.graphics@21.0.1/javafx.scene.Scene.processMouseEvent(Scene.java:1890)
	at javafx.graphics@21.0.1/javafx.scene.Scene$ScenePeerListener.mouseEvent(Scene.java:2708)
	at javafx.graphics@21.0.1/com.sun.javafx.tk.quantum.GlassViewEventHandler$MouseEventNotification.run(GlassViewEventHandler.java:411)
	at javafx.graphics@21.0.1/com.sun.javafx.tk.quantum.GlassViewEventHandler$MouseEventNotification.run(GlassViewEventHandler.java:301)
	at java.base/java.security.AccessController.doPrivileged(AccessController.java:400)
	at javafx.graphics@21.0.1/com.sun.javafx.tk.quantum.GlassViewEventHandler.lambda$handleMouseEvent$2(GlassViewEventHandler.java:450)
	at javafx.graphics@21.0.1/com.sun.javafx.tk.quantum.QuantumToolkit.runWithoutRenderLock(QuantumToolkit.java:424)
	at javafx.graphics@21.0.1/com.sun.javafx.tk.quantum.GlassViewEventHandler.handleMouseEvent(GlassViewEventHandler.java:449)
	at javafx.graphics@21.0.1/com.sun.glass.ui.View.handleMouseEvent(View.java:551)
	at javafx.graphics@21.0.1/com.sun.glass.ui.View.notifyMouse(View.java:937)
	at javafx.graphics@21.0.1/com.sun.glass.ui.win.WinApplication._runLoop(Native Method)
	at javafx.graphics@21.0.1/com.sun.glass.ui.win.WinApplication.lambda$runLoop$3(WinApplication.java:185)
	at java.base/java.lang.Thread.run(Thread.java:1583)
2025-10-07 23:11:41 [JavaFX Application Thread] ERROR p.c.app.service.AuditoriaService - Error al registrar auditoría
2025-10-07 23:11:50 [JavaFX Application Thread] INFO  p.c.a.v.asesor.AsesorMainController - Intentando cargar registro de cobro...
2025-10-07 23:11:50 [JavaFX Application Thread] INFO  p.c.a.v.asesor.AsesorMainController - Cargado registro de cobro exitosamente con scroll
2025-10-07 23:12:31 [JavaFX Application Thread] INFO  p.c.a.d.i.RecaudacionAsesorDAOImpl - Recaudación de asesor registrada: 20
2025-10-07 23:12:31 [JavaFX Application Thread] ERROR p.c.app.dao.impl.AuditoriaDAOImpl - Error al crear auditoría
com.mysql.cj.jdbc.exceptions.MysqlDataTruncation: Data truncation: Invalid JSON text: "Invalid value." at position 0 in value for column 'auditoria.valor_nuevo'.
	at com.mysql.cj.jdbc.exceptions.SQLExceptionsMapping.translateException(SQLExceptionsMapping.java:104)
	at com.mysql.cj.jdbc.ClientPreparedStatement.executeInternal(ClientPreparedStatement.java:916)
	at com.mysql.cj.jdbc.ClientPreparedStatement.executeUpdateInternal(ClientPreparedStatement.java:1061)
	at com.mysql.cj.jdbc.ClientPreparedStatement.executeUpdateInternal(ClientPreparedStatement.java:1009)
	at com.mysql.cj.jdbc.ClientPreparedStatement.executeLargeUpdate(ClientPreparedStatement.java:1320)
	at com.mysql.cj.jdbc.ClientPreparedStatement.executeUpdate(ClientPreparedStatement.java:994)
	at com.zaxxer.hikari.pool.ProxyPreparedStatement.executeUpdate(ProxyPreparedStatement.java:61)
	at com.zaxxer.hikari.pool.HikariProxyPreparedStatement.executeUpdate(HikariProxyPreparedStatement.java)
	at pe.crediactiva.app.dao.impl.AuditoriaDAOImpl.create(AuditoriaDAOImpl.java:39)
	at pe.crediactiva.app.service.AuditoriaService.registrarAuditoria(AuditoriaService.java:47)
	at pe.crediactiva.app.service.RecaudacionService.registrarBorrador(RecaudacionService.java:45)
	at pe.crediactiva.app.view.asesor.AsesorMainController.lambda$35(AsesorMainController.java:2236)
	at javafx.base@21.0.1/com.sun.javafx.event.CompositeEventHandler.dispatchBubblingEvent(CompositeEventHandler.java:86)
	at javafx.base@21.0.1/com.sun.javafx.event.EventHandlerManager.dispatchBubblingEvent(EventHandlerManager.java:232)
	at javafx.base@21.0.1/com.sun.javafx.event.EventHandlerManager.dispatchBubblingEvent(EventHandlerManager.java:189)
	at javafx.base@21.0.1/com.sun.javafx.event.CompositeEventDispatcher.dispatchBubblingEvent(CompositeEventDispatcher.java:59)
	at javafx.base@21.0.1/com.sun.javafx.event.BasicEventDispatcher.dispatchEvent(BasicEventDispatcher.java:58)
	at javafx.base@21.0.1/com.sun.javafx.event.EventDispatchChainImpl.dispatchEvent(EventDispatchChainImpl.java:114)
	at javafx.base@21.0.1/com.sun.javafx.event.BasicEventDispatcher.dispatchEvent(BasicEventDispatcher.java:56)
	at javafx.base@21.0.1/com.sun.javafx.event.EventDispatchChainImpl.dispatchEvent(EventDispatchChainImpl.java:114)
	at javafx.base@21.0.1/com.sun.javafx.event.BasicEventDispatcher.dispatchEvent(BasicEventDispatcher.java:56)
	at javafx.base@21.0.1/com.sun.javafx.event.EventDispatchChainImpl.dispatchEvent(EventDispatchChainImpl.java:114)
	at javafx.base@21.0.1/com.sun.javafx.event.BasicEventDispatcher.dispatchEvent(BasicEventDispatcher.java:56)
	at javafx.base@21.0.1/com.sun.javafx.event.EventDispatchChainImpl.dispatchEvent(EventDispatchChainImpl.java:114)
	at javafx.base@21.0.1/com.sun.javafx.event.BasicEventDispatcher.dispatchEvent(BasicEventDispatcher.java:56)
	at javafx.base@21.0.1/com.sun.javafx.event.EventDispatchChainImpl.dispatchEvent(EventDispatchChainImpl.java:114)
	at javafx.base@21.0.1/com.sun.javafx.event.BasicEventDispatcher.dispatchEvent(BasicEventDispatcher.java:56)
	at javafx.base@21.0.1/com.sun.javafx.event.EventDispatchChainImpl.dispatchEvent(EventDispatchChainImpl.java:114)
	at javafx.base@21.0.1/com.sun.javafx.event.EventUtil.fireEventImpl(EventUtil.java:74)
	at javafx.base@21.0.1/com.sun.javafx.event.EventUtil.fireEvent(EventUtil.java:49)
	at javafx.base@21.0.1/javafx.event.Event.fireEvent(Event.java:198)
	at javafx.graphics@21.0.1/javafx.scene.Node.fireEvent(Node.java:8875)
	at javafx.controls@21.0.1/javafx.scene.control.Button.fire(Button.java:203)
	at javafx.controls@21.0.1/com.sun.javafx.scene.control.behavior.ButtonBehavior.mouseReleased(ButtonBehavior.java:207)
	at javafx.controls@21.0.1/com.sun.javafx.scene.control.inputmap.InputMap.handle(InputMap.java:274)
	at javafx.base@21.0.1/com.sun.javafx.event.CompositeEventHandler$NormalEventHandlerRecord.handleBubblingEvent(CompositeEventHandler.java:247)
	at javafx.base@21.0.1/com.sun.javafx.event.CompositeEventHandler.dispatchBubblingEvent(CompositeEventHandler.java:80)
	at javafx.base@21.0.1/com.sun.javafx.event.EventHandlerManager.dispatchBubblingEvent(EventHandlerManager.java:232)
	at javafx.base@21.0.1/com.sun.javafx.event.EventHandlerManager.dispatchBubblingEvent(EventHandlerManager.java:189)
	at javafx.base@21.0.1/com.sun.javafx.event.CompositeEventDispatcher.dispatchBubblingEvent(CompositeEventDispatcher.java:59)
	at javafx.base@21.0.1/com.sun.javafx.event.BasicEventDispatcher.dispatchEvent(BasicEventDispatcher.java:58)
	at javafx.base@21.0.1/com.sun.javafx.event.EventDispatchChainImpl.dispatchEvent(EventDispatchChainImpl.java:114)
	at javafx.base@21.0.1/com.sun.javafx.event.BasicEventDispatcher.dispatchEvent(BasicEventDispatcher.java:56)
	at javafx.base@21.0.1/com.sun.javafx.event.EventDispatchChainImpl.dispatchEvent(EventDispatchChainImpl.java:114)
	at javafx.base@21.0.1/com.sun.javafx.event.BasicEventDispatcher.dispatchEvent(BasicEventDispatcher.java:56)
	at javafx.base@21.0.1/com.sun.javafx.event.EventDispatchChainImpl.dispatchEvent(EventDispatchChainImpl.java:114)
	at javafx.base@21.0.1/com.sun.javafx.event.BasicEventDispatcher.dispatchEvent(BasicEventDispatcher.java:56)
	at javafx.base@21.0.1/com.sun.javafx.event.EventDispatchChainImpl.dispatchEvent(EventDispatchChainImpl.java:114)
	at javafx.base@21.0.1/com.sun.javafx.event.BasicEventDispatcher.dispatchEvent(BasicEventDispatcher.java:56)
	at javafx.base@21.0.1/com.sun.javafx.event.EventDispatchChainImpl.dispatchEvent(EventDispatchChainImpl.java:114)
	at javafx.base@21.0.1/com.sun.javafx.event.BasicEventDispatcher.dispatchEvent(BasicEventDispatcher.java:56)
	at javafx.base@21.0.1/com.sun.javafx.event.EventDispatchChainImpl.dispatchEvent(EventDispatchChainImpl.java:114)
	at javafx.base@21.0.1/com.sun.javafx.event.EventUtil.fireEventImpl(EventUtil.java:74)
	at javafx.base@21.0.1/com.sun.javafx.event.EventUtil.fireEvent(EventUtil.java:54)
	at javafx.base@21.0.1/javafx.event.Event.fireEvent(Event.java:198)
	at javafx.graphics@21.0.1/javafx.scene.Scene$MouseHandler.process(Scene.java:3984)
	at javafx.graphics@21.0.1/javafx.scene.Scene.processMouseEvent(Scene.java:1890)
	at javafx.graphics@21.0.1/javafx.scene.Scene$ScenePeerListener.mouseEvent(Scene.java:2708)
	at javafx.graphics@21.0.1/com.sun.javafx.tk.quantum.GlassViewEventHandler$MouseEventNotification.run(GlassViewEventHandler.java:411)
	at javafx.graphics@21.0.1/com.sun.javafx.tk.quantum.GlassViewEventHandler$MouseEventNotification.run(GlassViewEventHandler.java:301)
	at java.base/java.security.AccessController.doPrivileged(AccessController.java:400)
	at javafx.graphics@21.0.1/com.sun.javafx.tk.quantum.GlassViewEventHandler.lambda$handleMouseEvent$2(GlassViewEventHandler.java:450)
	at javafx.graphics@21.0.1/com.sun.javafx.tk.quantum.QuantumToolkit.runWithoutRenderLock(QuantumToolkit.java:424)
	at javafx.graphics@21.0.1/com.sun.javafx.tk.quantum.GlassViewEventHandler.handleMouseEvent(GlassViewEventHandler.java:449)
	at javafx.graphics@21.0.1/com.sun.glass.ui.View.handleMouseEvent(View.java:551)
	at javafx.graphics@21.0.1/com.sun.glass.ui.View.notifyMouse(View.java:937)
	at javafx.graphics@21.0.1/com.sun.glass.ui.win.WinApplication._runLoop(Native Method)
	at javafx.graphics@21.0.1/com.sun.glass.ui.win.WinApplication.lambda$runLoop$3(WinApplication.java:185)
	at java.base/java.lang.Thread.run(Thread.java:1583)
2025-10-07 23:12:31 [JavaFX Application Thread] ERROR p.c.app.service.AuditoriaService - Error al registrar auditoría
2025-10-07 23:12:40 [JavaFX Application Thread] INFO  p.c.a.v.asesor.AsesorMainController - Cargados reportes del asesor
2025-10-07 23:13:20 [JavaFX Application Thread] INFO  p.c.a.service.AuthenticationService - Usuario cerró sesión: 12345678
2025-10-07 23:13:20 [JavaFX Application Thread] INFO  p.c.a.v.asesor.AsesorMainController - Asesor cerró sesión
2025-10-07 23:13:29 [JavaFX Application Thread] INFO  p.c.app.dao.impl.UsuarioDAOImpl - Usuario autenticado exitosamente: 99999999
2025-10-07 23:13:29 [JavaFX Application Thread] INFO  p.c.a.service.AuthenticationService - Usuario autenticado exitosamente: 99999999 - ADMIN
2025-10-07 23:13:29 [JavaFX Application Thread] INFO  p.c.app.view.LoginController - Usuario autenticado exitosamente: 99999999
2025-10-07 23:13:29 [JavaFX Application Thread] INFO  p.c.app.view.LoginController - Usuario redirigido a pantalla principal: ADMIN
2025-10-07 23:13:39 [JavaFX Application Thread] INFO  p.c.app.service.AsesorService - Asesor encontrado: María González
2025-10-07 23:13:39 [JavaFX Application Thread] INFO  p.c.a.v.a.BandejaSolicitudesController - Cache de nombres cargado: 1 clientes, 1 asesores
2025-10-07 23:13:39 [JavaFX Application Thread] INFO  p.c.a.v.a.BandejaSolicitudesController - Cargadas 1 solicitudes pendientes desde la base de datos
2025-10-07 23:13:39 [JavaFX Application Thread] INFO  p.c.a.v.a.BandejaSolicitudesController - Bandeja de solicitudes inicializada correctamente
2025-10-07 23:13:39 [JavaFX Application Thread] INFO  p.c.a.view.admin.AdminMainController - Cargada bandeja de solicitudes
2025-10-07 23:13:46 [JavaFX Application Thread] INFO  p.c.a.v.a.DetallePrestamoController - Detalle de préstamo inicializado correctamente
2025-10-07 23:13:46 [JavaFX Application Thread] INFO  p.c.app.service.AsesorService - Asesor encontrado: María González
2025-10-07 23:13:46 [JavaFX Application Thread] INFO  p.c.a.v.a.DetallePrestamoController - Datos del préstamo cargados: ID 9
2025-10-07 23:15:11 [JavaFX Application Thread] INFO  p.c.app.dao.impl.PrestamoDAOImpl - Préstamo actualizado exitosamente: 9
2025-10-07 23:15:11 [JavaFX Application Thread] INFO  p.c.app.service.PrestamoService - Cronograma generado para préstamo: 9 - 8 cuotas de 1475.00 cada una
2025-10-07 23:15:11 [JavaFX Application Thread] INFO  p.c.app.dao.impl.ClienteDAOImpl - Saldo de capital actualizado para cliente: 11111111 -> 1200.0000
2025-10-07 23:15:11 [JavaFX Application Thread] INFO  p.c.app.service.PrestamoService - Abono de capital registrado: 1000.0000 para cliente: 11111111
2025-10-07 23:15:11 [JavaFX Application Thread] INFO  p.c.app.service.PrestamoService - Préstamo aprobado exitosamente: 9
2025-10-07 23:15:11 [JavaFX Application Thread] ERROR p.c.app.dao.impl.AuditoriaDAOImpl - Error al crear auditoría
com.mysql.cj.jdbc.exceptions.MysqlDataTruncation: Data truncation: Invalid JSON text: "Invalid value." at position 0 in value for column 'auditoria.valor_anterior'.
	at com.mysql.cj.jdbc.exceptions.SQLExceptionsMapping.translateException(SQLExceptionsMapping.java:104)
	at com.mysql.cj.jdbc.ClientPreparedStatement.executeInternal(ClientPreparedStatement.java:916)
	at com.mysql.cj.jdbc.ClientPreparedStatement.executeUpdateInternal(ClientPreparedStatement.java:1061)
	at com.mysql.cj.jdbc.ClientPreparedStatement.executeUpdateInternal(ClientPreparedStatement.java:1009)
	at com.mysql.cj.jdbc.ClientPreparedStatement.executeLargeUpdate(ClientPreparedStatement.java:1320)
	at com.mysql.cj.jdbc.ClientPreparedStatement.executeUpdate(ClientPreparedStatement.java:994)
	at com.zaxxer.hikari.pool.ProxyPreparedStatement.executeUpdate(ProxyPreparedStatement.java:61)
	at com.zaxxer.hikari.pool.HikariProxyPreparedStatement.executeUpdate(HikariProxyPreparedStatement.java)
	at pe.crediactiva.app.dao.impl.AuditoriaDAOImpl.create(AuditoriaDAOImpl.java:39)
	at pe.crediactiva.app.service.AuditoriaService.registrarAuditoria(AuditoriaService.java:47)
	at pe.crediactiva.app.service.PrestamoService.aprobarPrestamo(PrestamoService.java:117)
	at pe.crediactiva.app.view.admin.DetallePrestamoController.handleAprobar(DetallePrestamoController.java:246)
	at java.base/jdk.internal.reflect.DirectMethodHandleAccessor.invoke(DirectMethodHandleAccessor.java:103)
	at java.base/java.lang.reflect.Method.invoke(Method.java:580)
	at com.sun.javafx.reflect.Trampoline.invoke(MethodUtil.java:72)
	at java.base/jdk.internal.reflect.DirectMethodHandleAccessor.invoke(DirectMethodHandleAccessor.java:103)
	at java.base/java.lang.reflect.Method.invoke(Method.java:580)
	at javafx.base@21.0.1/com.sun.javafx.reflect.MethodUtil.invoke(MethodUtil.java:270)
	at javafx.fxml@21.0.1/com.sun.javafx.fxml.MethodHelper.invoke(MethodHelper.java:84)
	at javafx.fxml@21.0.1/javafx.fxml.FXMLLoader$MethodHandler.invoke(FXMLLoader.java:1855)
	at javafx.fxml@21.0.1/javafx.fxml.FXMLLoader$ControllerMethodEventHandler.handle(FXMLLoader.java:1726)
	at javafx.base@21.0.1/com.sun.javafx.event.CompositeEventHandler.dispatchBubblingEvent(CompositeEventHandler.java:86)
	at javafx.base@21.0.1/com.sun.javafx.event.EventHandlerManager.dispatchBubblingEvent(EventHandlerManager.java:232)
	at javafx.base@21.0.1/com.sun.javafx.event.EventHandlerManager.dispatchBubblingEvent(EventHandlerManager.java:189)
	at javafx.base@21.0.1/com.sun.javafx.event.CompositeEventDispatcher.dispatchBubblingEvent(CompositeEventDispatcher.java:59)
	at javafx.base@21.0.1/com.sun.javafx.event.BasicEventDispatcher.dispatchEvent(BasicEventDispatcher.java:58)
	at javafx.base@21.0.1/com.sun.javafx.event.EventDispatchChainImpl.dispatchEvent(EventDispatchChainImpl.java:114)
	at javafx.base@21.0.1/com.sun.javafx.event.BasicEventDispatcher.dispatchEvent(BasicEventDispatcher.java:56)
	at javafx.base@21.0.1/com.sun.javafx.event.EventDispatchChainImpl.dispatchEvent(EventDispatchChainImpl.java:114)
	at javafx.base@21.0.1/com.sun.javafx.event.BasicEventDispatcher.dispatchEvent(BasicEventDispatcher.java:56)
	at javafx.base@21.0.1/com.sun.javafx.event.EventDispatchChainImpl.dispatchEvent(EventDispatchChainImpl.java:114)
	at javafx.base@21.0.1/com.sun.javafx.event.EventUtil.fireEventImpl(EventUtil.java:74)
	at javafx.base@21.0.1/com.sun.javafx.event.EventUtil.fireEvent(EventUtil.java:49)
	at javafx.base@21.0.1/javafx.event.Event.fireEvent(Event.java:198)
	at javafx.graphics@21.0.1/javafx.scene.Node.fireEvent(Node.java:8875)
	at javafx.controls@21.0.1/javafx.scene.control.Button.fire(Button.java:203)
	at javafx.controls@21.0.1/com.sun.javafx.scene.control.behavior.ButtonBehavior.mouseReleased(ButtonBehavior.java:207)
	at javafx.controls@21.0.1/com.sun.javafx.scene.control.inputmap.InputMap.handle(InputMap.java:274)
	at javafx.base@21.0.1/com.sun.javafx.event.CompositeEventHandler$NormalEventHandlerRecord.handleBubblingEvent(CompositeEventHandler.java:247)
	at javafx.base@21.0.1/com.sun.javafx.event.CompositeEventHandler.dispatchBubblingEvent(CompositeEventHandler.java:80)
	at javafx.base@21.0.1/com.sun.javafx.event.EventHandlerManager.dispatchBubblingEvent(EventHandlerManager.java:232)
	at javafx.base@21.0.1/com.sun.javafx.event.EventHandlerManager.dispatchBubblingEvent(EventHandlerManager.java:189)
	at javafx.base@21.0.1/com.sun.javafx.event.CompositeEventDispatcher.dispatchBubblingEvent(CompositeEventDispatcher.java:59)
	at javafx.base@21.0.1/com.sun.javafx.event.BasicEventDispatcher.dispatchEvent(BasicEventDispatcher.java:58)
	at javafx.base@21.0.1/com.sun.javafx.event.EventDispatchChainImpl.dispatchEvent(EventDispatchChainImpl.java:114)
	at javafx.base@21.0.1/com.sun.javafx.event.BasicEventDispatcher.dispatchEvent(BasicEventDispatcher.java:56)
	at javafx.base@21.0.1/com.sun.javafx.event.EventDispatchChainImpl.dispatchEvent(EventDispatchChainImpl.java:114)
	at javafx.base@21.0.1/com.sun.javafx.event.BasicEventDispatcher.dispatchEvent(BasicEventDispatcher.java:56)
	at javafx.base@21.0.1/com.sun.javafx.event.EventDispatchChainImpl.dispatchEvent(EventDispatchChainImpl.java:114)
	at javafx.base@21.0.1/com.sun.javafx.event.EventUtil.fireEventImpl(EventUtil.java:74)
	at javafx.base@21.0.1/com.sun.javafx.event.EventUtil.fireEvent(EventUtil.java:49)
	at javafx.base@21.0.1/javafx.event.Event.fireEvent(Event.java:198)
	at javafx.graphics@21.0.1/javafx.scene.Scene$MouseHandler.process(Scene.java:3984)
	at javafx.graphics@21.0.1/javafx.scene.Scene.processMouseEvent(Scene.java:1890)
	at javafx.graphics@21.0.1/javafx.scene.Scene$ScenePeerListener.mouseEvent(Scene.java:2708)
	at javafx.graphics@21.0.1/com.sun.javafx.tk.quantum.GlassViewEventHandler$MouseEventNotification.run(GlassViewEventHandler.java:411)
	at javafx.graphics@21.0.1/com.sun.javafx.tk.quantum.GlassViewEventHandler$MouseEventNotification.run(GlassViewEventHandler.java:301)
	at java.base/java.security.AccessController.doPrivileged(AccessController.java:400)
	at javafx.graphics@21.0.1/com.sun.javafx.tk.quantum.GlassViewEventHandler.lambda$handleMouseEvent$2(GlassViewEventHandler.java:450)
	at javafx.graphics@21.0.1/com.sun.javafx.tk.quantum.QuantumToolkit.runWithoutRenderLock(QuantumToolkit.java:424)
	at javafx.graphics@21.0.1/com.sun.javafx.tk.quantum.GlassViewEventHandler.handleMouseEvent(GlassViewEventHandler.java:449)
	at javafx.graphics@21.0.1/com.sun.glass.ui.View.handleMouseEvent(View.java:551)
	at javafx.graphics@21.0.1/com.sun.glass.ui.View.notifyMouse(View.java:937)
	at javafx.graphics@21.0.1/com.sun.glass.ui.win.WinApplication._enterNestedEventLoopImpl(Native Method)
	at javafx.graphics@21.0.1/com.sun.glass.ui.win.WinApplication._enterNestedEventLoop(WinApplication.java:212)
	at javafx.graphics@21.0.1/com.sun.glass.ui.Application.enterNestedEventLoop(Application.java:515)
	at javafx.graphics@21.0.1/com.sun.glass.ui.EventLoop.enter(EventLoop.java:107)
	at javafx.graphics@21.0.1/com.sun.javafx.tk.quantum.QuantumToolkit.enterNestedEventLoop(QuantumToolkit.java:650)
	at javafx.graphics@21.0.1/javafx.stage.Stage.showAndWait(Stage.java:469)
	at pe.crediactiva.app.view.admin.BandejaSolicitudesController.abrirVentanaDetalles(BandejaSolicitudesController.java:289)
	at pe.crediactiva.app.view.admin.BandejaSolicitudesController.lambda$configurarTabla$5(BandejaSolicitudesController.java:159)
	at javafx.base@21.0.1/com.sun.javafx.event.CompositeEventHandler.dispatchBubblingEvent(CompositeEventHandler.java:86)
	at javafx.base@21.0.1/com.sun.javafx.event.EventHandlerManager.dispatchBubblingEvent(EventHandlerManager.java:232)
	at javafx.base@21.0.1/com.sun.javafx.event.EventHandlerManager.dispatchBubblingEvent(EventHandlerManager.java:189)
	at javafx.base@21.0.1/com.sun.javafx.event.CompositeEventDispatcher.dispatchBubblingEvent(CompositeEventDispatcher.java:59)
	at javafx.base@21.0.1/com.sun.javafx.event.BasicEventDispatcher.dispatchEvent(BasicEventDispatcher.java:58)
	at javafx.base@21.0.1/com.sun.javafx.event.EventDispatchChainImpl.dispatchEvent(EventDispatchChainImpl.java:114)
	at javafx.base@21.0.1/com.sun.javafx.event.BasicEventDispatcher.dispatchEvent(BasicEventDispatcher.java:56)
	at javafx.base@21.0.1/com.sun.javafx.event.EventDispatchChainImpl.dispatchEvent(EventDispatchChainImpl.java:114)
	at javafx.base@21.0.1/com.sun.javafx.event.BasicEventDispatcher.dispatchEvent(BasicEventDispatcher.java:56)
	at javafx.base@21.0.1/com.sun.javafx.event.EventDispatchChainImpl.dispatchEvent(EventDispatchChainImpl.java:114)
	at javafx.base@21.0.1/com.sun.javafx.event.BasicEventDispatcher.dispatchEvent(BasicEventDispatcher.java:56)
	at javafx.base@21.0.1/com.sun.javafx.event.EventDispatchChainImpl.dispatchEvent(EventDispatchChainImpl.java:114)
	at javafx.base@21.0.1/com.sun.javafx.event.EventUtil.fireEventImpl(EventUtil.java:74)
	at javafx.base@21.0.1/com.sun.javafx.event.EventUtil.fireEvent(EventUtil.java:54)
	at javafx.base@21.0.1/javafx.event.Event.fireEvent(Event.java:198)
	at javafx.graphics@21.0.1/javafx.scene.Scene$ClickGenerator.postProcess(Scene.java:3688)
	at javafx.graphics@21.0.1/javafx.scene.Scene$MouseHandler.process(Scene.java:3993)
	at javafx.graphics@21.0.1/javafx.scene.Scene.processMouseEvent(Scene.java:1890)
	at javafx.graphics@21.0.1/javafx.scene.Scene$ScenePeerListener.mouseEvent(Scene.java:2708)
	at javafx.graphics@21.0.1/com.sun.javafx.tk.quantum.GlassViewEventHandler$MouseEventNotification.run(GlassViewEventHandler.java:411)
	at javafx.graphics@21.0.1/com.sun.javafx.tk.quantum.GlassViewEventHandler$MouseEventNotification.run(GlassViewEventHandler.java:301)
	at java.base/java.security.AccessController.doPrivileged(AccessController.java:400)
	at javafx.graphics@21.0.1/com.sun.javafx.tk.quantum.GlassViewEventHandler.lambda$handleMouseEvent$2(GlassViewEventHandler.java:450)
	at javafx.graphics@21.0.1/com.sun.javafx.tk.quantum.QuantumToolkit.runWithoutRenderLock(QuantumToolkit.java:424)
	at javafx.graphics@21.0.1/com.sun.javafx.tk.quantum.GlassViewEventHandler.handleMouseEvent(GlassViewEventHandler.java:449)
	at javafx.graphics@21.0.1/com.sun.glass.ui.View.handleMouseEvent(View.java:551)
	at javafx.graphics@21.0.1/com.sun.glass.ui.View.notifyMouse(View.java:937)
	at javafx.graphics@21.0.1/com.sun.glass.ui.win.WinApplication._runLoop(Native Method)
	at javafx.graphics@21.0.1/com.sun.glass.ui.win.WinApplication.lambda$runLoop$3(WinApplication.java:185)
	at java.base/java.lang.Thread.run(Thread.java:1583)
2025-10-07 23:15:11 [JavaFX Application Thread] ERROR p.c.app.service.AuditoriaService - Error al registrar auditoría
2025-10-07 23:15:12 [JavaFX Application Thread] INFO  p.c.a.v.a.BandejaSolicitudesController - Ventana de detalles abierta para préstamo ID: 9
2025-10-07 23:16:02 [JavaFX Application Thread] INFO  p.c.a.v.a.DetallePrestamoController - Detalle de préstamo inicializado correctamente
2025-10-07 23:16:02 [JavaFX Application Thread] INFO  p.c.app.service.AsesorService - Asesor encontrado: María González
2025-10-07 23:16:02 [JavaFX Application Thread] INFO  p.c.a.v.a.DetallePrestamoController - Datos del préstamo cargados: ID 9
2025-10-07 23:16:04 [JavaFX Application Thread] INFO  p.c.a.v.a.BandejaSolicitudesController - Ventana de detalles abierta para préstamo ID: 9
2025-10-07 23:16:24 [JavaFX Application Thread] INFO  p.c.a.v.a.DetallePrestamoController - Detalle de préstamo inicializado correctamente
2025-10-07 23:16:24 [JavaFX Application Thread] INFO  p.c.app.service.AsesorService - Asesor encontrado: María González
2025-10-07 23:16:24 [JavaFX Application Thread] INFO  p.c.a.v.a.DetallePrestamoController - Datos del préstamo cargados: ID 9
2025-10-07 23:21:13 [JavaFX Application Thread] INFO  p.c.a.v.a.BandejaSolicitudesController - Ventana de detalles abierta para préstamo ID: 9
2025-10-07 23:21:14 [JavaFX Application Thread] INFO  p.c.app.config.DatabaseConfig - Pool de conexiones cerrado correctamente
2025-10-07 23:21:14 [JavaFX Application Thread] INFO  pe.crediactiva.app.Main - Aplicación CrediActiva cerrada
2025-10-07 23:21:25 [main] INFO  pe.crediactiva.app.Main - Iniciando aplicación CrediActiva Desktop v1.0.0
2025-10-07 23:21:25 [JavaFX Application Thread] INFO  pe.crediactiva.app.Main - Icono no encontrado, continuando sin icono
2025-10-07 23:21:25 [JavaFX Application Thread] INFO  p.c.app.config.DatabaseConfig - Propiedades de base de datos cargadas correctamente
2025-10-07 23:21:25 [JavaFX Application Thread] INFO  p.c.app.config.DatabaseConfig - Pool de conexiones HikariCP inicializado correctamente
2025-10-07 23:21:26 [JavaFX Application Thread] INFO  pe.crediactiva.app.Main - Aplicación CrediActiva iniciada correctamente
2025-10-07 23:22:08 [JavaFX Application Thread] INFO  p.c.app.dao.impl.UsuarioDAOImpl - Usuario autenticado exitosamente: 12345678
2025-10-07 23:22:08 [JavaFX Application Thread] INFO  p.c.a.service.AuthenticationService - Usuario autenticado exitosamente: 12345678 - ASESOR
2025-10-07 23:22:08 [JavaFX Application Thread] INFO  p.c.app.view.LoginController - Usuario autenticado exitosamente: 12345678
2025-10-07 23:22:08 [JavaFX Application Thread] INFO  p.c.app.view.LoginController - Usuario redirigido a pantalla principal: ASESOR
2025-10-07 23:22:10 [JavaFX Application Thread] INFO  p.c.a.v.asesor.AsesorMainController - Intentando cargar solicitud de préstamo...
2025-10-07 23:22:10 [JavaFX Application Thread] INFO  p.c.a.v.asesor.AsesorMainController - Cargada solicitud de préstamo exitosamente
2025-10-07 23:23:10 [JavaFX Application Thread] INFO  p.c.app.dao.impl.PrestamoDAOImpl - Préstamo creado exitosamente: 10
2025-10-07 23:23:10 [JavaFX Application Thread] INFO  p.c.app.service.PrestamoService - Solicitud de préstamo creada: 10
2025-10-07 23:23:10 [JavaFX Application Thread] ERROR p.c.app.dao.impl.AuditoriaDAOImpl - Error al crear auditoría
com.mysql.cj.jdbc.exceptions.MysqlDataTruncation: Data truncation: Invalid JSON text: "Invalid value." at position 0 in value for column 'auditoria.valor_nuevo'.
	at com.mysql.cj.jdbc.exceptions.SQLExceptionsMapping.translateException(SQLExceptionsMapping.java:104)
	at com.mysql.cj.jdbc.ClientPreparedStatement.executeInternal(ClientPreparedStatement.java:916)
	at com.mysql.cj.jdbc.ClientPreparedStatement.executeUpdateInternal(ClientPreparedStatement.java:1061)
	at com.mysql.cj.jdbc.ClientPreparedStatement.executeUpdateInternal(ClientPreparedStatement.java:1009)
	at com.mysql.cj.jdbc.ClientPreparedStatement.executeLargeUpdate(ClientPreparedStatement.java:1320)
	at com.mysql.cj.jdbc.ClientPreparedStatement.executeUpdate(ClientPreparedStatement.java:994)
	at com.zaxxer.hikari.pool.ProxyPreparedStatement.executeUpdate(ProxyPreparedStatement.java:61)
	at com.zaxxer.hikari.pool.HikariProxyPreparedStatement.executeUpdate(HikariProxyPreparedStatement.java)
	at pe.crediactiva.app.dao.impl.AuditoriaDAOImpl.create(AuditoriaDAOImpl.java:39)
	at pe.crediactiva.app.service.AuditoriaService.registrarAuditoria(AuditoriaService.java:47)
	at pe.crediactiva.app.service.PrestamoService.crearSolicitud(PrestamoService.java:62)
	at pe.crediactiva.app.view.asesor.AsesorMainController.solicitarPrestamo(AsesorMainController.java:1337)
	at pe.crediactiva.app.view.asesor.AsesorMainController.lambda$crearSolicitarPrestamoView$10(AsesorMainController.java:846)
	at javafx.base@21.0.1/com.sun.javafx.event.CompositeEventHandler.dispatchBubblingEvent(CompositeEventHandler.java:86)
	at javafx.base@21.0.1/com.sun.javafx.event.EventHandlerManager.dispatchBubblingEvent(EventHandlerManager.java:232)
	at javafx.base@21.0.1/com.sun.javafx.event.EventHandlerManager.dispatchBubblingEvent(EventHandlerManager.java:189)
	at javafx.base@21.0.1/com.sun.javafx.event.CompositeEventDispatcher.dispatchBubblingEvent(CompositeEventDispatcher.java:59)
	at javafx.base@21.0.1/com.sun.javafx.event.BasicEventDispatcher.dispatchEvent(BasicEventDispatcher.java:58)
	at javafx.base@21.0.1/com.sun.javafx.event.EventDispatchChainImpl.dispatchEvent(EventDispatchChainImpl.java:114)
	at javafx.base@21.0.1/com.sun.javafx.event.BasicEventDispatcher.dispatchEvent(BasicEventDispatcher.java:56)
	at javafx.base@21.0.1/com.sun.javafx.event.EventDispatchChainImpl.dispatchEvent(EventDispatchChainImpl.java:114)
	at javafx.base@21.0.1/com.sun.javafx.event.BasicEventDispatcher.dispatchEvent(BasicEventDispatcher.java:56)
	at javafx.base@21.0.1/com.sun.javafx.event.EventDispatchChainImpl.dispatchEvent(EventDispatchChainImpl.java:114)
	at javafx.base@21.0.1/com.sun.javafx.event.BasicEventDispatcher.dispatchEvent(BasicEventDispatcher.java:56)
	at javafx.base@21.0.1/com.sun.javafx.event.EventDispatchChainImpl.dispatchEvent(EventDispatchChainImpl.java:114)
	at javafx.base@21.0.1/com.sun.javafx.event.EventUtil.fireEventImpl(EventUtil.java:74)
	at javafx.base@21.0.1/com.sun.javafx.event.EventUtil.fireEvent(EventUtil.java:49)
	at javafx.base@21.0.1/javafx.event.Event.fireEvent(Event.java:198)
	at javafx.graphics@21.0.1/javafx.scene.Node.fireEvent(Node.java:8875)
	at javafx.controls@21.0.1/javafx.scene.control.Button.fire(Button.java:203)
	at javafx.controls@21.0.1/com.sun.javafx.scene.control.behavior.ButtonBehavior.mouseReleased(ButtonBehavior.java:207)
	at javafx.controls@21.0.1/com.sun.javafx.scene.control.inputmap.InputMap.handle(InputMap.java:274)
	at javafx.base@21.0.1/com.sun.javafx.event.CompositeEventHandler$NormalEventHandlerRecord.handleBubblingEvent(CompositeEventHandler.java:247)
	at javafx.base@21.0.1/com.sun.javafx.event.CompositeEventHandler.dispatchBubblingEvent(CompositeEventHandler.java:80)
	at javafx.base@21.0.1/com.sun.javafx.event.EventHandlerManager.dispatchBubblingEvent(EventHandlerManager.java:232)
	at javafx.base@21.0.1/com.sun.javafx.event.EventHandlerManager.dispatchBubblingEvent(EventHandlerManager.java:189)
	at javafx.base@21.0.1/com.sun.javafx.event.CompositeEventDispatcher.dispatchBubblingEvent(CompositeEventDispatcher.java:59)
	at javafx.base@21.0.1/com.sun.javafx.event.BasicEventDispatcher.dispatchEvent(BasicEventDispatcher.java:58)
	at javafx.base@21.0.1/com.sun.javafx.event.EventDispatchChainImpl.dispatchEvent(EventDispatchChainImpl.java:114)
	at javafx.base@21.0.1/com.sun.javafx.event.BasicEventDispatcher.dispatchEvent(BasicEventDispatcher.java:56)
	at javafx.base@21.0.1/com.sun.javafx.event.EventDispatchChainImpl.dispatchEvent(EventDispatchChainImpl.java:114)
	at javafx.base@21.0.1/com.sun.javafx.event.BasicEventDispatcher.dispatchEvent(BasicEventDispatcher.java:56)
	at javafx.base@21.0.1/com.sun.javafx.event.EventDispatchChainImpl.dispatchEvent(EventDispatchChainImpl.java:114)
	at javafx.base@21.0.1/com.sun.javafx.event.BasicEventDispatcher.dispatchEvent(BasicEventDispatcher.java:56)
	at javafx.base@21.0.1/com.sun.javafx.event.EventDispatchChainImpl.dispatchEvent(EventDispatchChainImpl.java:114)
	at javafx.base@21.0.1/com.sun.javafx.event.EventUtil.fireEventImpl(EventUtil.java:74)
	at javafx.base@21.0.1/com.sun.javafx.event.EventUtil.fireEvent(EventUtil.java:54)
	at javafx.base@21.0.1/javafx.event.Event.fireEvent(Event.java:198)
	at javafx.graphics@21.0.1/javafx.scene.Scene$MouseHandler.process(Scene.java:3984)
	at javafx.graphics@21.0.1/javafx.scene.Scene.processMouseEvent(Scene.java:1890)
	at javafx.graphics@21.0.1/javafx.scene.Scene$ScenePeerListener.mouseEvent(Scene.java:2708)
	at javafx.graphics@21.0.1/com.sun.javafx.tk.quantum.GlassViewEventHandler$MouseEventNotification.run(GlassViewEventHandler.java:411)
	at javafx.graphics@21.0.1/com.sun.javafx.tk.quantum.GlassViewEventHandler$MouseEventNotification.run(GlassViewEventHandler.java:301)
	at java.base/java.security.AccessController.doPrivileged(AccessController.java:400)
	at javafx.graphics@21.0.1/com.sun.javafx.tk.quantum.GlassViewEventHandler.lambda$handleMouseEvent$2(GlassViewEventHandler.java:450)
	at javafx.graphics@21.0.1/com.sun.javafx.tk.quantum.QuantumToolkit.runWithoutRenderLock(QuantumToolkit.java:424)
	at javafx.graphics@21.0.1/com.sun.javafx.tk.quantum.GlassViewEventHandler.handleMouseEvent(GlassViewEventHandler.java:449)
	at javafx.graphics@21.0.1/com.sun.glass.ui.View.handleMouseEvent(View.java:551)
	at javafx.graphics@21.0.1/com.sun.glass.ui.View.notifyMouse(View.java:937)
	at javafx.graphics@21.0.1/com.sun.glass.ui.win.WinApplication._runLoop(Native Method)
	at javafx.graphics@21.0.1/com.sun.glass.ui.win.WinApplication.lambda$runLoop$3(WinApplication.java:185)
	at java.base/java.lang.Thread.run(Thread.java:1583)
2025-10-07 23:23:10 [JavaFX Application Thread] ERROR p.c.app.service.AuditoriaService - Error al registrar auditoría
2025-10-07 23:23:21 [JavaFX Application Thread] INFO  p.c.a.service.AuthenticationService - Usuario cerró sesión: 12345678
2025-10-07 23:23:21 [JavaFX Application Thread] INFO  p.c.a.v.asesor.AsesorMainController - Asesor cerró sesión
2025-10-07 23:23:34 [JavaFX Application Thread] INFO  p.c.app.dao.impl.UsuarioDAOImpl - Usuario autenticado exitosamente: 99999999
2025-10-07 23:23:34 [JavaFX Application Thread] INFO  p.c.a.service.AuthenticationService - Usuario autenticado exitosamente: 99999999 - ADMIN
2025-10-07 23:23:34 [JavaFX Application Thread] INFO  p.c.app.view.LoginController - Usuario autenticado exitosamente: 99999999
2025-10-07 23:23:34 [JavaFX Application Thread] INFO  p.c.app.view.LoginController - Usuario redirigido a pantalla principal: ADMIN
2025-10-07 23:23:37 [JavaFX Application Thread] INFO  p.c.app.service.AsesorService - Asesor encontrado: María González
2025-10-07 23:23:37 [JavaFX Application Thread] INFO  p.c.a.v.a.BandejaSolicitudesController - Cache de nombres cargado: 1 clientes, 1 asesores
2025-10-07 23:23:37 [JavaFX Application Thread] INFO  p.c.a.v.a.BandejaSolicitudesController - Cargadas 1 solicitudes pendientes desde la base de datos
2025-10-07 23:23:37 [JavaFX Application Thread] INFO  p.c.a.v.a.BandejaSolicitudesController - Bandeja de solicitudes inicializada correctamente
2025-10-07 23:23:37 [JavaFX Application Thread] INFO  p.c.a.view.admin.AdminMainController - Cargada bandeja de solicitudes
2025-10-07 23:23:39 [JavaFX Application Thread] INFO  p.c.a.v.a.DetallePrestamoController - Detalle de préstamo inicializado correctamente
2025-10-07 23:23:39 [JavaFX Application Thread] INFO  p.c.app.service.AsesorService - Asesor encontrado: María González
2025-10-07 23:23:39 [JavaFX Application Thread] INFO  p.c.a.v.a.DetallePrestamoController - Datos del préstamo cargados: ID 10
2025-10-07 23:23:41 [JavaFX Application Thread] INFO  p.c.a.v.a.BandejaSolicitudesController - Cache de nombres cargado: 1 clientes, 1 asesores
2025-10-07 23:23:41 [JavaFX Application Thread] INFO  p.c.a.v.a.BandejaSolicitudesController - Cargadas 1 solicitudes pendientes desde la base de datos
2025-10-07 23:23:45 [JavaFX Application Thread] INFO  p.c.a.v.a.BandejaSolicitudesController - Ventana de detalles abierta para préstamo ID: 10
2025-10-07 23:23:47 [JavaFX Application Thread] INFO  p.c.a.v.a.DetallePrestamoController - Detalle de préstamo inicializado correctamente
2025-10-07 23:23:47 [JavaFX Application Thread] INFO  p.c.app.service.AsesorService - Asesor encontrado: María González
2025-10-07 23:23:47 [JavaFX Application Thread] INFO  p.c.a.v.a.DetallePrestamoController - Datos del préstamo cargados: ID 10
2025-10-07 23:25:25 [JavaFX Application Thread] INFO  p.c.app.dao.impl.PrestamoDAOImpl - Préstamo actualizado exitosamente: 10
2025-10-07 23:25:25 [JavaFX Application Thread] INFO  p.c.app.service.PrestamoService - Cronograma generado para préstamo: 10 - 3 cuotas de 786.67 cada una
2025-10-07 23:25:25 [JavaFX Application Thread] INFO  p.c.app.dao.impl.ClienteDAOImpl - Saldo de capital actualizado para cliente: 11111111 -> 1400.0000
2025-10-07 23:25:25 [JavaFX Application Thread] INFO  p.c.app.service.PrestamoService - Abono de capital registrado: 200.0000 para cliente: 11111111
2025-10-07 23:25:25 [JavaFX Application Thread] INFO  p.c.app.service.PrestamoService - Préstamo aprobado exitosamente: 10
2025-10-07 23:25:25 [JavaFX Application Thread] ERROR p.c.app.dao.impl.AuditoriaDAOImpl - Error al crear auditoría
com.mysql.cj.jdbc.exceptions.MysqlDataTruncation: Data truncation: Invalid JSON text: "Invalid value." at position 0 in value for column 'auditoria.valor_anterior'.
	at com.mysql.cj.jdbc.exceptions.SQLExceptionsMapping.translateException(SQLExceptionsMapping.java:104)
	at com.mysql.cj.jdbc.ClientPreparedStatement.executeInternal(ClientPreparedStatement.java:916)
	at com.mysql.cj.jdbc.ClientPreparedStatement.executeUpdateInternal(ClientPreparedStatement.java:1061)
	at com.mysql.cj.jdbc.ClientPreparedStatement.executeUpdateInternal(ClientPreparedStatement.java:1009)
	at com.mysql.cj.jdbc.ClientPreparedStatement.executeLargeUpdate(ClientPreparedStatement.java:1320)
	at com.mysql.cj.jdbc.ClientPreparedStatement.executeUpdate(ClientPreparedStatement.java:994)
	at com.zaxxer.hikari.pool.ProxyPreparedStatement.executeUpdate(ProxyPreparedStatement.java:61)
	at com.zaxxer.hikari.pool.HikariProxyPreparedStatement.executeUpdate(HikariProxyPreparedStatement.java)
	at pe.crediactiva.app.dao.impl.AuditoriaDAOImpl.create(AuditoriaDAOImpl.java:39)
	at pe.crediactiva.app.service.AuditoriaService.registrarAuditoria(AuditoriaService.java:47)
	at pe.crediactiva.app.service.PrestamoService.aprobarPrestamo(PrestamoService.java:117)
	at pe.crediactiva.app.view.admin.DetallePrestamoController.handleAprobar(DetallePrestamoController.java:252)
	at java.base/jdk.internal.reflect.DirectMethodHandleAccessor.invoke(DirectMethodHandleAccessor.java:103)
	at java.base/java.lang.reflect.Method.invoke(Method.java:580)
	at com.sun.javafx.reflect.Trampoline.invoke(MethodUtil.java:72)
	at java.base/jdk.internal.reflect.DirectMethodHandleAccessor.invoke(DirectMethodHandleAccessor.java:103)
	at java.base/java.lang.reflect.Method.invoke(Method.java:580)
	at javafx.base@21.0.1/com.sun.javafx.reflect.MethodUtil.invoke(MethodUtil.java:270)
	at javafx.fxml@21.0.1/com.sun.javafx.fxml.MethodHelper.invoke(MethodHelper.java:84)
	at javafx.fxml@21.0.1/javafx.fxml.FXMLLoader$MethodHandler.invoke(FXMLLoader.java:1855)
	at javafx.fxml@21.0.1/javafx.fxml.FXMLLoader$ControllerMethodEventHandler.handle(FXMLLoader.java:1726)
	at javafx.base@21.0.1/com.sun.javafx.event.CompositeEventHandler.dispatchBubblingEvent(CompositeEventHandler.java:86)
	at javafx.base@21.0.1/com.sun.javafx.event.EventHandlerManager.dispatchBubblingEvent(EventHandlerManager.java:232)
	at javafx.base@21.0.1/com.sun.javafx.event.EventHandlerManager.dispatchBubblingEvent(EventHandlerManager.java:189)
	at javafx.base@21.0.1/com.sun.javafx.event.CompositeEventDispatcher.dispatchBubblingEvent(CompositeEventDispatcher.java:59)
	at javafx.base@21.0.1/com.sun.javafx.event.BasicEventDispatcher.dispatchEvent(BasicEventDispatcher.java:58)
	at javafx.base@21.0.1/com.sun.javafx.event.EventDispatchChainImpl.dispatchEvent(EventDispatchChainImpl.java:114)
	at javafx.base@21.0.1/com.sun.javafx.event.BasicEventDispatcher.dispatchEvent(BasicEventDispatcher.java:56)
	at javafx.base@21.0.1/com.sun.javafx.event.EventDispatchChainImpl.dispatchEvent(EventDispatchChainImpl.java:114)
	at javafx.base@21.0.1/com.sun.javafx.event.BasicEventDispatcher.dispatchEvent(BasicEventDispatcher.java:56)
	at javafx.base@21.0.1/com.sun.javafx.event.EventDispatchChainImpl.dispatchEvent(EventDispatchChainImpl.java:114)
	at javafx.base@21.0.1/com.sun.javafx.event.EventUtil.fireEventImpl(EventUtil.java:74)
	at javafx.base@21.0.1/com.sun.javafx.event.EventUtil.fireEvent(EventUtil.java:49)
	at javafx.base@21.0.1/javafx.event.Event.fireEvent(Event.java:198)
	at javafx.graphics@21.0.1/javafx.scene.Node.fireEvent(Node.java:8875)
	at javafx.controls@21.0.1/javafx.scene.control.Button.fire(Button.java:203)
	at javafx.controls@21.0.1/com.sun.javafx.scene.control.behavior.ButtonBehavior.mouseReleased(ButtonBehavior.java:207)
	at javafx.controls@21.0.1/com.sun.javafx.scene.control.inputmap.InputMap.handle(InputMap.java:274)
	at javafx.base@21.0.1/com.sun.javafx.event.CompositeEventHandler$NormalEventHandlerRecord.handleBubblingEvent(CompositeEventHandler.java:247)
	at javafx.base@21.0.1/com.sun.javafx.event.CompositeEventHandler.dispatchBubblingEvent(CompositeEventHandler.java:80)
	at javafx.base@21.0.1/com.sun.javafx.event.EventHandlerManager.dispatchBubblingEvent(EventHandlerManager.java:232)
	at javafx.base@21.0.1/com.sun.javafx.event.EventHandlerManager.dispatchBubblingEvent(EventHandlerManager.java:189)
	at javafx.base@21.0.1/com.sun.javafx.event.CompositeEventDispatcher.dispatchBubblingEvent(CompositeEventDispatcher.java:59)
	at javafx.base@21.0.1/com.sun.javafx.event.BasicEventDispatcher.dispatchEvent(BasicEventDispatcher.java:58)
	at javafx.base@21.0.1/com.sun.javafx.event.EventDispatchChainImpl.dispatchEvent(EventDispatchChainImpl.java:114)
	at javafx.base@21.0.1/com.sun.javafx.event.BasicEventDispatcher.dispatchEvent(BasicEventDispatcher.java:56)
	at javafx.base@21.0.1/com.sun.javafx.event.EventDispatchChainImpl.dispatchEvent(EventDispatchChainImpl.java:114)
	at javafx.base@21.0.1/com.sun.javafx.event.BasicEventDispatcher.dispatchEvent(BasicEventDispatcher.java:56)
	at javafx.base@21.0.1/com.sun.javafx.event.EventDispatchChainImpl.dispatchEvent(EventDispatchChainImpl.java:114)
	at javafx.base@21.0.1/com.sun.javafx.event.EventUtil.fireEventImpl(EventUtil.java:74)
	at javafx.base@21.0.1/com.sun.javafx.event.EventUtil.fireEvent(EventUtil.java:49)
	at javafx.base@21.0.1/javafx.event.Event.fireEvent(Event.java:198)
	at javafx.graphics@21.0.1/javafx.scene.Scene$MouseHandler.process(Scene.java:3984)
	at javafx.graphics@21.0.1/javafx.scene.Scene.processMouseEvent(Scene.java:1890)
	at javafx.graphics@21.0.1/javafx.scene.Scene$ScenePeerListener.mouseEvent(Scene.java:2708)
	at javafx.graphics@21.0.1/com.sun.javafx.tk.quantum.GlassViewEventHandler$MouseEventNotification.run(GlassViewEventHandler.java:411)
	at javafx.graphics@21.0.1/com.sun.javafx.tk.quantum.GlassViewEventHandler$MouseEventNotification.run(GlassViewEventHandler.java:301)
	at java.base/java.security.AccessController.doPrivileged(AccessController.java:400)
	at javafx.graphics@21.0.1/com.sun.javafx.tk.quantum.GlassViewEventHandler.lambda$handleMouseEvent$2(GlassViewEventHandler.java:450)
	at javafx.graphics@21.0.1/com.sun.javafx.tk.quantum.QuantumToolkit.runWithoutRenderLock(QuantumToolkit.java:424)
	at javafx.graphics@21.0.1/com.sun.javafx.tk.quantum.GlassViewEventHandler.handleMouseEvent(GlassViewEventHandler.java:449)
	at javafx.graphics@21.0.1/com.sun.glass.ui.View.handleMouseEvent(View.java:551)
	at javafx.graphics@21.0.1/com.sun.glass.ui.View.notifyMouse(View.java:937)
	at javafx.graphics@21.0.1/com.sun.glass.ui.win.WinApplication._enterNestedEventLoopImpl(Native Method)
	at javafx.graphics@21.0.1/com.sun.glass.ui.win.WinApplication._enterNestedEventLoop(WinApplication.java:212)
	at javafx.graphics@21.0.1/com.sun.glass.ui.Application.enterNestedEventLoop(Application.java:515)
	at javafx.graphics@21.0.1/com.sun.glass.ui.EventLoop.enter(EventLoop.java:107)
	at javafx.graphics@21.0.1/com.sun.javafx.tk.quantum.QuantumToolkit.enterNestedEventLoop(QuantumToolkit.java:650)
	at javafx.graphics@21.0.1/javafx.stage.Stage.showAndWait(Stage.java:469)
	at pe.crediactiva.app.view.admin.BandejaSolicitudesController.abrirVentanaDetalles(BandejaSolicitudesController.java:290)
	at pe.crediactiva.app.view.admin.BandejaSolicitudesController.lambda$5(BandejaSolicitudesController.java:159)
	at javafx.base@21.0.1/com.sun.javafx.event.CompositeEventHandler.dispatchBubblingEvent(CompositeEventHandler.java:86)
	at javafx.base@21.0.1/com.sun.javafx.event.EventHandlerManager.dispatchBubblingEvent(EventHandlerManager.java:232)
	at javafx.base@21.0.1/com.sun.javafx.event.EventHandlerManager.dispatchBubblingEvent(EventHandlerManager.java:189)
	at javafx.base@21.0.1/com.sun.javafx.event.CompositeEventDispatcher.dispatchBubblingEvent(CompositeEventDispatcher.java:59)
	at javafx.base@21.0.1/com.sun.javafx.event.BasicEventDispatcher.dispatchEvent(BasicEventDispatcher.java:58)
	at javafx.base@21.0.1/com.sun.javafx.event.EventDispatchChainImpl.dispatchEvent(EventDispatchChainImpl.java:114)
	at javafx.base@21.0.1/com.sun.javafx.event.BasicEventDispatcher.dispatchEvent(BasicEventDispatcher.java:56)
	at javafx.base@21.0.1/com.sun.javafx.event.EventDispatchChainImpl.dispatchEvent(EventDispatchChainImpl.java:114)
	at javafx.base@21.0.1/com.sun.javafx.event.BasicEventDispatcher.dispatchEvent(BasicEventDispatcher.java:56)
	at javafx.base@21.0.1/com.sun.javafx.event.EventDispatchChainImpl.dispatchEvent(EventDispatchChainImpl.java:114)
	at javafx.base@21.0.1/com.sun.javafx.event.BasicEventDispatcher.dispatchEvent(BasicEventDispatcher.java:56)
	at javafx.base@21.0.1/com.sun.javafx.event.EventDispatchChainImpl.dispatchEvent(EventDispatchChainImpl.java:114)
	at javafx.base@21.0.1/com.sun.javafx.event.EventUtil.fireEventImpl(EventUtil.java:74)
	at javafx.base@21.0.1/com.sun.javafx.event.EventUtil.fireEvent(EventUtil.java:54)
	at javafx.base@21.0.1/javafx.event.Event.fireEvent(Event.java:198)
	at javafx.graphics@21.0.1/javafx.scene.Scene$ClickGenerator.postProcess(Scene.java:3688)
	at javafx.graphics@21.0.1/javafx.scene.Scene$MouseHandler.process(Scene.java:3993)
	at javafx.graphics@21.0.1/javafx.scene.Scene.processMouseEvent(Scene.java:1890)
	at javafx.graphics@21.0.1/javafx.scene.Scene$ScenePeerListener.mouseEvent(Scene.java:2708)
	at javafx.graphics@21.0.1/com.sun.javafx.tk.quantum.GlassViewEventHandler$MouseEventNotification.run(GlassViewEventHandler.java:411)
	at javafx.graphics@21.0.1/com.sun.javafx.tk.quantum.GlassViewEventHandler$MouseEventNotification.run(GlassViewEventHandler.java:301)
	at java.base/java.security.AccessController.doPrivileged(AccessController.java:400)
	at javafx.graphics@21.0.1/com.sun.javafx.tk.quantum.GlassViewEventHandler.lambda$handleMouseEvent$2(GlassViewEventHandler.java:450)
	at javafx.graphics@21.0.1/com.sun.javafx.tk.quantum.QuantumToolkit.runWithoutRenderLock(QuantumToolkit.java:424)
	at javafx.graphics@21.0.1/com.sun.javafx.tk.quantum.GlassViewEventHandler.handleMouseEvent(GlassViewEventHandler.java:449)
	at javafx.graphics@21.0.1/com.sun.glass.ui.View.handleMouseEvent(View.java:551)
	at javafx.graphics@21.0.1/com.sun.glass.ui.View.notifyMouse(View.java:937)
	at javafx.graphics@21.0.1/com.sun.glass.ui.win.WinApplication._runLoop(Native Method)
	at javafx.graphics@21.0.1/com.sun.glass.ui.win.WinApplication.lambda$runLoop$3(WinApplication.java:185)
	at java.base/java.lang.Thread.run(Thread.java:1583)
2025-10-07 23:25:25 [JavaFX Application Thread] ERROR p.c.app.service.AuditoriaService - Error al registrar auditoría
2025-10-07 23:25:27 [JavaFX Application Thread] INFO  p.c.a.v.a.BandejaSolicitudesController - Cache de nombres cargado: 1 clientes, 1 asesores
2025-10-07 23:25:27 [JavaFX Application Thread] INFO  p.c.a.v.a.BandejaSolicitudesController - Cargadas 0 solicitudes pendientes desde la base de datos
2025-10-07 23:25:33 [JavaFX Application Thread] INFO  p.c.a.v.a.BandejaSolicitudesController - Ventana de detalles abierta para préstamo ID: 10
2025-10-07 23:26:47 [JavaFX Application Thread] INFO  p.c.app.config.DatabaseConfig - Pool de conexiones cerrado correctamente
2025-10-07 23:26:47 [JavaFX Application Thread] INFO  pe.crediactiva.app.Main - Aplicación CrediActiva cerrada
