2025-10-05 18:55:42 [main] INFO  pe.crediactiva.app.Main - Iniciando aplicación CrediActiva Desktop v1.0.0
2025-10-05 18:55:42 [JavaFX Application Thread] WARN  pe.crediactiva.app.Main - No se pudo cargar el icono de la aplicación
java.lang.NullPointerException: Input stream must not be null
	at javafx.graphics@21.0.1/javafx.scene.image.Image.validateInputStream(Image.java:1140)
	at javafx.graphics@21.0.1/javafx.scene.image.Image.<init>(Image.java:707)
	at pe.crediactiva.app.Main.start(Main.java:31)
	at javafx.graphics@21.0.1/com.sun.javafx.application.LauncherImpl.lambda$launchApplication1$9(LauncherImpl.java:839)
	at javafx.graphics@21.0.1/com.sun.javafx.application.PlatformImpl.lambda$runAndWait$12(PlatformImpl.java:483)
	at javafx.graphics@21.0.1/com.sun.javafx.application.PlatformImpl.lambda$runLater$10(PlatformImpl.java:456)
	at java.base/java.security.AccessController.doPrivileged(AccessController.java:400)
	at javafx.graphics@21.0.1/com.sun.javafx.application.PlatformImpl.lambda$runLater$11(PlatformImpl.java:455)
	at javafx.graphics@21.0.1/com.sun.glass.ui.InvokeLaterDispatcher$Future.run(InvokeLaterDispatcher.java:95)
	at javafx.graphics@21.0.1/com.sun.glass.ui.win.WinApplication._runLoop(Native Method)
	at javafx.graphics@21.0.1/com.sun.glass.ui.win.WinApplication.lambda$runLoop$3(WinApplication.java:185)
	at java.base/java.lang.Thread.run(Thread.java:1583)
2025-10-05 18:55:42 [JavaFX Application Thread] INFO  p.c.app.config.DatabaseConfig - Propiedades de base de datos cargadas correctamente
2025-10-05 18:55:42 [JavaFX Application Thread] INFO  p.c.app.config.DatabaseConfig - Pool de conexiones HikariCP inicializado correctamente
2025-10-05 18:55:42 [JavaFX Application Thread] ERROR pe.crediactiva.app.Main - Error al cargar la interfaz de usuario
javafx.fxml.LoadException: ImageView is not a valid type.
/C:/Users/USER/OneDrive/Escritorio/proyecto_v4.0/target/classes/fxml/LoginView.fxml:13

	at javafx.fxml@21.0.1/javafx.fxml.FXMLLoader.constructLoadException(FXMLLoader.java:2718)
	at javafx.fxml@21.0.1/javafx.fxml.FXMLLoader.createElement(FXMLLoader.java:2920)
	at javafx.fxml@21.0.1/javafx.fxml.FXMLLoader.processStartElement(FXMLLoader.java:2850)
	at javafx.fxml@21.0.1/javafx.fxml.FXMLLoader.loadImpl(FXMLLoader.java:2649)
	at javafx.fxml@21.0.1/javafx.fxml.FXMLLoader.loadImpl(FXMLLoader.java:2563)
	at javafx.fxml@21.0.1/javafx.fxml.FXMLLoader.load(FXMLLoader.java:2531)
	at pe.crediactiva.app.Main.start(Main.java:45)
	at javafx.graphics@21.0.1/com.sun.javafx.application.LauncherImpl.lambda$launchApplication1$9(LauncherImpl.java:839)
	at javafx.graphics@21.0.1/com.sun.javafx.application.PlatformImpl.lambda$runAndWait$12(PlatformImpl.java:483)
	at javafx.graphics@21.0.1/com.sun.javafx.application.PlatformImpl.lambda$runLater$10(PlatformImpl.java:456)
	at java.base/java.security.AccessController.doPrivileged(AccessController.java:400)
	at javafx.graphics@21.0.1/com.sun.javafx.application.PlatformImpl.lambda$runLater$11(PlatformImpl.java:455)
	at javafx.graphics@21.0.1/com.sun.glass.ui.InvokeLaterDispatcher$Future.run(InvokeLaterDispatcher.java:95)
	at javafx.graphics@21.0.1/com.sun.glass.ui.win.WinApplication._runLoop(Native Method)
	at javafx.graphics@21.0.1/com.sun.glass.ui.win.WinApplication.lambda$runLoop$3(WinApplication.java:185)
	at java.base/java.lang.Thread.run(Thread.java:1583)
2025-10-05 18:59:35 [main] INFO  pe.crediactiva.app.Main - Iniciando aplicación CrediActiva Desktop v1.0.0
2025-10-05 18:59:35 [JavaFX Application Thread] WARN  pe.crediactiva.app.Main - No se pudo cargar el icono de la aplicación
java.lang.NullPointerException: Input stream must not be null
	at javafx.graphics@21.0.1/javafx.scene.image.Image.validateInputStream(Image.java:1140)
	at javafx.graphics@21.0.1/javafx.scene.image.Image.<init>(Image.java:707)
	at pe.crediactiva.app.Main.start(Main.java:31)
	at javafx.graphics@21.0.1/com.sun.javafx.application.LauncherImpl.lambda$launchApplication1$9(LauncherImpl.java:839)
	at javafx.graphics@21.0.1/com.sun.javafx.application.PlatformImpl.lambda$runAndWait$12(PlatformImpl.java:483)
	at javafx.graphics@21.0.1/com.sun.javafx.application.PlatformImpl.lambda$runLater$10(PlatformImpl.java:456)
	at java.base/java.security.AccessController.doPrivileged(AccessController.java:400)
	at javafx.graphics@21.0.1/com.sun.javafx.application.PlatformImpl.lambda$runLater$11(PlatformImpl.java:455)
	at javafx.graphics@21.0.1/com.sun.glass.ui.InvokeLaterDispatcher$Future.run(InvokeLaterDispatcher.java:95)
	at javafx.graphics@21.0.1/com.sun.glass.ui.win.WinApplication._runLoop(Native Method)
	at javafx.graphics@21.0.1/com.sun.glass.ui.win.WinApplication.lambda$runLoop$3(WinApplication.java:185)
	at java.base/java.lang.Thread.run(Thread.java:1583)
2025-10-05 18:59:35 [JavaFX Application Thread] INFO  p.c.app.config.DatabaseConfig - Propiedades de base de datos cargadas correctamente
2025-10-05 18:59:35 [JavaFX Application Thread] INFO  p.c.app.config.DatabaseConfig - Pool de conexiones HikariCP inicializado correctamente
2025-10-05 18:59:35 [JavaFX Application Thread] ERROR pe.crediactiva.app.Main - Error al cargar la interfaz de usuario
javafx.fxml.LoadException: ImageView is not a valid type.
/C:/Users/USER/OneDrive/Escritorio/proyecto_v4.0/target/classes/fxml/LoginView.fxml:13

	at javafx.fxml@21.0.1/javafx.fxml.FXMLLoader.constructLoadException(FXMLLoader.java:2718)
	at javafx.fxml@21.0.1/javafx.fxml.FXMLLoader.createElement(FXMLLoader.java:2920)
	at javafx.fxml@21.0.1/javafx.fxml.FXMLLoader.processStartElement(FXMLLoader.java:2850)
	at javafx.fxml@21.0.1/javafx.fxml.FXMLLoader.loadImpl(FXMLLoader.java:2649)
	at javafx.fxml@21.0.1/javafx.fxml.FXMLLoader.loadImpl(FXMLLoader.java:2563)
	at javafx.fxml@21.0.1/javafx.fxml.FXMLLoader.load(FXMLLoader.java:2531)
	at pe.crediactiva.app.Main.start(Main.java:45)
	at javafx.graphics@21.0.1/com.sun.javafx.application.LauncherImpl.lambda$launchApplication1$9(LauncherImpl.java:839)
	at javafx.graphics@21.0.1/com.sun.javafx.application.PlatformImpl.lambda$runAndWait$12(PlatformImpl.java:483)
	at javafx.graphics@21.0.1/com.sun.javafx.application.PlatformImpl.lambda$runLater$10(PlatformImpl.java:456)
	at java.base/java.security.AccessController.doPrivileged(AccessController.java:400)
	at javafx.graphics@21.0.1/com.sun.javafx.application.PlatformImpl.lambda$runLater$11(PlatformImpl.java:455)
	at javafx.graphics@21.0.1/com.sun.glass.ui.InvokeLaterDispatcher$Future.run(InvokeLaterDispatcher.java:95)
	at javafx.graphics@21.0.1/com.sun.glass.ui.win.WinApplication._runLoop(Native Method)
	at javafx.graphics@21.0.1/com.sun.glass.ui.win.WinApplication.lambda$runLoop$3(WinApplication.java:185)
	at java.base/java.lang.Thread.run(Thread.java:1583)
2025-10-05 19:00:59 [main] INFO  pe.crediactiva.app.Main - Iniciando aplicación CrediActiva Desktop v1.0.0
2025-10-05 19:00:59 [JavaFX Application Thread] WARN  pe.crediactiva.app.Main - No se pudo cargar el icono de la aplicación
java.lang.NullPointerException: Input stream must not be null
	at javafx.graphics@21.0.1/javafx.scene.image.Image.validateInputStream(Image.java:1140)
	at javafx.graphics@21.0.1/javafx.scene.image.Image.<init>(Image.java:707)
	at pe.crediactiva.app.Main.start(Main.java:31)
	at javafx.graphics@21.0.1/com.sun.javafx.application.LauncherImpl.lambda$launchApplication1$9(LauncherImpl.java:839)
	at javafx.graphics@21.0.1/com.sun.javafx.application.PlatformImpl.lambda$runAndWait$12(PlatformImpl.java:483)
	at javafx.graphics@21.0.1/com.sun.javafx.application.PlatformImpl.lambda$runLater$10(PlatformImpl.java:456)
	at java.base/java.security.AccessController.doPrivileged(AccessController.java:400)
	at javafx.graphics@21.0.1/com.sun.javafx.application.PlatformImpl.lambda$runLater$11(PlatformImpl.java:455)
	at javafx.graphics@21.0.1/com.sun.glass.ui.InvokeLaterDispatcher$Future.run(InvokeLaterDispatcher.java:95)
	at javafx.graphics@21.0.1/com.sun.glass.ui.win.WinApplication._runLoop(Native Method)
	at javafx.graphics@21.0.1/com.sun.glass.ui.win.WinApplication.lambda$runLoop$3(WinApplication.java:185)
	at java.base/java.lang.Thread.run(Thread.java:1583)
2025-10-05 19:00:59 [JavaFX Application Thread] INFO  p.c.app.config.DatabaseConfig - Propiedades de base de datos cargadas correctamente
2025-10-05 19:00:59 [JavaFX Application Thread] INFO  p.c.app.config.DatabaseConfig - Pool de conexiones HikariCP inicializado correctamente
2025-10-05 19:00:59 [JavaFX Application Thread] ERROR pe.crediactiva.app.Main - Error al cargar la interfaz de usuario
javafx.fxml.LoadException: ImageView is not a valid type.
/C:/Users/USER/OneDrive/Escritorio/proyecto_v4.0/target/classes/fxml/LoginView.fxml:13

	at javafx.fxml@21.0.1/javafx.fxml.FXMLLoader.constructLoadException(FXMLLoader.java:2718)
	at javafx.fxml@21.0.1/javafx.fxml.FXMLLoader.createElement(FXMLLoader.java:2920)
	at javafx.fxml@21.0.1/javafx.fxml.FXMLLoader.processStartElement(FXMLLoader.java:2850)
	at javafx.fxml@21.0.1/javafx.fxml.FXMLLoader.loadImpl(FXMLLoader.java:2649)
	at javafx.fxml@21.0.1/javafx.fxml.FXMLLoader.loadImpl(FXMLLoader.java:2563)
	at javafx.fxml@21.0.1/javafx.fxml.FXMLLoader.load(FXMLLoader.java:2531)
	at pe.crediactiva.app.Main.start(Main.java:45)
	at javafx.graphics@21.0.1/com.sun.javafx.application.LauncherImpl.lambda$launchApplication1$9(LauncherImpl.java:839)
	at javafx.graphics@21.0.1/com.sun.javafx.application.PlatformImpl.lambda$runAndWait$12(PlatformImpl.java:483)
	at javafx.graphics@21.0.1/com.sun.javafx.application.PlatformImpl.lambda$runLater$10(PlatformImpl.java:456)
	at java.base/java.security.AccessController.doPrivileged(AccessController.java:400)
	at javafx.graphics@21.0.1/com.sun.javafx.application.PlatformImpl.lambda$runLater$11(PlatformImpl.java:455)
	at javafx.graphics@21.0.1/com.sun.glass.ui.InvokeLaterDispatcher$Future.run(InvokeLaterDispatcher.java:95)
	at javafx.graphics@21.0.1/com.sun.glass.ui.win.WinApplication._runLoop(Native Method)
	at javafx.graphics@21.0.1/com.sun.glass.ui.win.WinApplication.lambda$runLoop$3(WinApplication.java:185)
	at java.base/java.lang.Thread.run(Thread.java:1583)
2025-10-05 19:03:35 [main] INFO  pe.crediactiva.app.Main - Iniciando aplicación CrediActiva Desktop v1.0.0
2025-10-05 19:03:35 [JavaFX Application Thread] INFO  pe.crediactiva.app.Main - Icono no encontrado, continuando sin icono
2025-10-05 19:03:35 [JavaFX Application Thread] INFO  p.c.app.config.DatabaseConfig - Propiedades de base de datos cargadas correctamente
2025-10-05 19:03:35 [JavaFX Application Thread] INFO  p.c.app.config.DatabaseConfig - Pool de conexiones HikariCP inicializado correctamente
2025-10-05 19:03:36 [JavaFX Application Thread] INFO  pe.crediactiva.app.Main - Aplicación CrediActiva iniciada correctamente
2025-10-05 19:04:01 [JavaFX Application Thread] INFO  p.c.app.dao.impl.UsuarioDAOImpl - Usuario autenticado exitosamente: 99999999
2025-10-05 19:04:01 [JavaFX Application Thread] INFO  p.c.a.service.AuthenticationService - Usuario autenticado exitosamente: 99999999 - ADMIN
2025-10-05 19:04:01 [JavaFX Application Thread] INFO  p.c.app.view.LoginController - Usuario autenticado exitosamente: 99999999
2025-10-05 19:04:02 [JavaFX Application Thread] INFO  p.c.app.view.LoginController - Usuario redirigido a pantalla principal: ADMIN
2025-10-05 19:04:05 [JavaFX Application Thread] ERROR p.c.a.view.admin.AdminMainController - Error al cargar bandeja de solicitudes
javafx.fxml.LoadException: Font is not a valid type.
/C:/Users/USER/OneDrive/Escritorio/proyecto_v4.0/target/classes/fxml/admin/BandejaSolicitudesView.fxml:16

	at javafx.fxml@21.0.1/javafx.fxml.FXMLLoader.constructLoadException(FXMLLoader.java:2718)
	at javafx.fxml@21.0.1/javafx.fxml.FXMLLoader.createElement(FXMLLoader.java:2920)
	at javafx.fxml@21.0.1/javafx.fxml.FXMLLoader.processStartElement(FXMLLoader.java:2850)
	at javafx.fxml@21.0.1/javafx.fxml.FXMLLoader.loadImpl(FXMLLoader.java:2649)
	at javafx.fxml@21.0.1/javafx.fxml.FXMLLoader.loadImpl(FXMLLoader.java:2563)
	at javafx.fxml@21.0.1/javafx.fxml.FXMLLoader.load(FXMLLoader.java:2531)
	at pe.crediactiva.app.view.admin.AdminMainController.handleBandejaSolicitudes(AdminMainController.java:112)
	at java.base/jdk.internal.reflect.DirectMethodHandleAccessor.invoke(DirectMethodHandleAccessor.java:103)
	at java.base/java.lang.reflect.Method.invoke(Method.java:580)
	at com.sun.javafx.reflect.Trampoline.invoke(MethodUtil.java:72)
	at java.base/jdk.internal.reflect.DirectMethodHandleAccessor.invoke(DirectMethodHandleAccessor.java:103)
	at java.base/java.lang.reflect.Method.invoke(Method.java:580)
	at javafx.base@21.0.1/com.sun.javafx.reflect.MethodUtil.invoke(MethodUtil.java:270)
	at javafx.fxml@21.0.1/com.sun.javafx.fxml.MethodHelper.invoke(MethodHelper.java:84)
	at javafx.fxml@21.0.1/javafx.fxml.FXMLLoader$MethodHandler.invoke(FXMLLoader.java:1855)
	at javafx.fxml@21.0.1/javafx.fxml.FXMLLoader$ControllerMethodEventHandler.handle(FXMLLoader.java:1726)
	at javafx.base@21.0.1/com.sun.javafx.event.CompositeEventHandler.dispatchBubblingEvent(CompositeEventHandler.java:86)
	at javafx.base@21.0.1/com.sun.javafx.event.EventHandlerManager.dispatchBubblingEvent(EventHandlerManager.java:232)
	at javafx.base@21.0.1/com.sun.javafx.event.EventHandlerManager.dispatchBubblingEvent(EventHandlerManager.java:189)
	at javafx.base@21.0.1/com.sun.javafx.event.CompositeEventDispatcher.dispatchBubblingEvent(CompositeEventDispatcher.java:59)
	at javafx.base@21.0.1/com.sun.javafx.event.BasicEventDispatcher.dispatchEvent(BasicEventDispatcher.java:58)
	at javafx.base@21.0.1/com.sun.javafx.event.EventDispatchChainImpl.dispatchEvent(EventDispatchChainImpl.java:114)
	at javafx.base@21.0.1/com.sun.javafx.event.BasicEventDispatcher.dispatchEvent(BasicEventDispatcher.java:56)
	at javafx.base@21.0.1/com.sun.javafx.event.EventDispatchChainImpl.dispatchEvent(EventDispatchChainImpl.java:114)
	at javafx.base@21.0.1/com.sun.javafx.event.BasicEventDispatcher.dispatchEvent(BasicEventDispatcher.java:56)
	at javafx.base@21.0.1/com.sun.javafx.event.EventDispatchChainImpl.dispatchEvent(EventDispatchChainImpl.java:114)
	at javafx.base@21.0.1/com.sun.javafx.event.BasicEventDispatcher.dispatchEvent(BasicEventDispatcher.java:56)
	at javafx.base@21.0.1/com.sun.javafx.event.EventDispatchChainImpl.dispatchEvent(EventDispatchChainImpl.java:114)
	at javafx.base@21.0.1/com.sun.javafx.event.BasicEventDispatcher.dispatchEvent(BasicEventDispatcher.java:56)
	at javafx.base@21.0.1/com.sun.javafx.event.EventDispatchChainImpl.dispatchEvent(EventDispatchChainImpl.java:114)
	at javafx.base@21.0.1/com.sun.javafx.event.EventUtil.fireEventImpl(EventUtil.java:74)
	at javafx.base@21.0.1/com.sun.javafx.event.EventUtil.fireEvent(EventUtil.java:49)
	at javafx.base@21.0.1/javafx.event.Event.fireEvent(Event.java:198)
	at javafx.graphics@21.0.1/javafx.scene.Node.fireEvent(Node.java:8875)
	at javafx.controls@21.0.1/javafx.scene.control.Button.fire(Button.java:203)
	at javafx.controls@21.0.1/com.sun.javafx.scene.control.behavior.ButtonBehavior.mouseReleased(ButtonBehavior.java:207)
	at javafx.controls@21.0.1/com.sun.javafx.scene.control.inputmap.InputMap.handle(InputMap.java:274)
	at javafx.base@21.0.1/com.sun.javafx.event.CompositeEventHandler$NormalEventHandlerRecord.handleBubblingEvent(CompositeEventHandler.java:247)
	at javafx.base@21.0.1/com.sun.javafx.event.CompositeEventHandler.dispatchBubblingEvent(CompositeEventHandler.java:80)
	at javafx.base@21.0.1/com.sun.javafx.event.EventHandlerManager.dispatchBubblingEvent(EventHandlerManager.java:232)
	at javafx.base@21.0.1/com.sun.javafx.event.EventHandlerManager.dispatchBubblingEvent(EventHandlerManager.java:189)
	at javafx.base@21.0.1/com.sun.javafx.event.CompositeEventDispatcher.dispatchBubblingEvent(CompositeEventDispatcher.java:59)
	at javafx.base@21.0.1/com.sun.javafx.event.BasicEventDispatcher.dispatchEvent(BasicEventDispatcher.java:58)
	at javafx.base@21.0.1/com.sun.javafx.event.EventDispatchChainImpl.dispatchEvent(EventDispatchChainImpl.java:114)
	at javafx.base@21.0.1/com.sun.javafx.event.BasicEventDispatcher.dispatchEvent(BasicEventDispatcher.java:56)
	at javafx.base@21.0.1/com.sun.javafx.event.EventDispatchChainImpl.dispatchEvent(EventDispatchChainImpl.java:114)
	at javafx.base@21.0.1/com.sun.javafx.event.BasicEventDispatcher.dispatchEvent(BasicEventDispatcher.java:56)
	at javafx.base@21.0.1/com.sun.javafx.event.EventDispatchChainImpl.dispatchEvent(EventDispatchChainImpl.java:114)
	at javafx.base@21.0.1/com.sun.javafx.event.BasicEventDispatcher.dispatchEvent(BasicEventDispatcher.java:56)
	at javafx.base@21.0.1/com.sun.javafx.event.EventDispatchChainImpl.dispatchEvent(EventDispatchChainImpl.java:114)
	at javafx.base@21.0.1/com.sun.javafx.event.BasicEventDispatcher.dispatchEvent(BasicEventDispatcher.java:56)
	at javafx.base@21.0.1/com.sun.javafx.event.EventDispatchChainImpl.dispatchEvent(EventDispatchChainImpl.java:114)
	at javafx.base@21.0.1/com.sun.javafx.event.EventUtil.fireEventImpl(EventUtil.java:74)
	at javafx.base@21.0.1/com.sun.javafx.event.EventUtil.fireEvent(EventUtil.java:54)
	at javafx.base@21.0.1/javafx.event.Event.fireEvent(Event.java:198)
	at javafx.graphics@21.0.1/javafx.scene.Scene$MouseHandler.process(Scene.java:3984)
	at javafx.graphics@21.0.1/javafx.scene.Scene.processMouseEvent(Scene.java:1890)
	at javafx.graphics@21.0.1/javafx.scene.Scene$ScenePeerListener.mouseEvent(Scene.java:2708)
	at javafx.graphics@21.0.1/com.sun.javafx.tk.quantum.GlassViewEventHandler$MouseEventNotification.run(GlassViewEventHandler.java:411)
	at javafx.graphics@21.0.1/com.sun.javafx.tk.quantum.GlassViewEventHandler$MouseEventNotification.run(GlassViewEventHandler.java:301)
	at java.base/java.security.AccessController.doPrivileged(AccessController.java:400)
	at javafx.graphics@21.0.1/com.sun.javafx.tk.quantum.GlassViewEventHandler.lambda$handleMouseEvent$2(GlassViewEventHandler.java:450)
	at javafx.graphics@21.0.1/com.sun.javafx.tk.quantum.QuantumToolkit.runWithoutRenderLock(QuantumToolkit.java:424)
	at javafx.graphics@21.0.1/com.sun.javafx.tk.quantum.GlassViewEventHandler.handleMouseEvent(GlassViewEventHandler.java:449)
	at javafx.graphics@21.0.1/com.sun.glass.ui.View.handleMouseEvent(View.java:551)
	at javafx.graphics@21.0.1/com.sun.glass.ui.View.notifyMouse(View.java:937)
	at javafx.graphics@21.0.1/com.sun.glass.ui.win.WinApplication._runLoop(Native Method)
	at javafx.graphics@21.0.1/com.sun.glass.ui.win.WinApplication.lambda$runLoop$3(WinApplication.java:185)
	at java.base/java.lang.Thread.run(Thread.java:1583)
2025-10-05 19:04:07 [JavaFX Application Thread] ERROR p.c.a.view.admin.AdminMainController - Error al cargar administración de pagos
javafx.fxml.LoadException: Font is not a valid type.
/C:/Users/USER/OneDrive/Escritorio/proyecto_v4.0/target/classes/fxml/admin/AdministrarPagosView.fxml:16

	at javafx.fxml@21.0.1/javafx.fxml.FXMLLoader.constructLoadException(FXMLLoader.java:2718)
	at javafx.fxml@21.0.1/javafx.fxml.FXMLLoader.createElement(FXMLLoader.java:2920)
	at javafx.fxml@21.0.1/javafx.fxml.FXMLLoader.processStartElement(FXMLLoader.java:2850)
	at javafx.fxml@21.0.1/javafx.fxml.FXMLLoader.loadImpl(FXMLLoader.java:2649)
	at javafx.fxml@21.0.1/javafx.fxml.FXMLLoader.loadImpl(FXMLLoader.java:2563)
	at javafx.fxml@21.0.1/javafx.fxml.FXMLLoader.load(FXMLLoader.java:2531)
	at pe.crediactiva.app.view.admin.AdminMainController.handleAdministrarPagos(AdminMainController.java:154)
	at java.base/jdk.internal.reflect.DirectMethodHandleAccessor.invoke(DirectMethodHandleAccessor.java:103)
	at java.base/java.lang.reflect.Method.invoke(Method.java:580)
	at com.sun.javafx.reflect.Trampoline.invoke(MethodUtil.java:72)
	at java.base/jdk.internal.reflect.DirectMethodHandleAccessor.invoke(DirectMethodHandleAccessor.java:103)
	at java.base/java.lang.reflect.Method.invoke(Method.java:580)
	at javafx.base@21.0.1/com.sun.javafx.reflect.MethodUtil.invoke(MethodUtil.java:270)
	at javafx.fxml@21.0.1/com.sun.javafx.fxml.MethodHelper.invoke(MethodHelper.java:84)
	at javafx.fxml@21.0.1/javafx.fxml.FXMLLoader$MethodHandler.invoke(FXMLLoader.java:1855)
	at javafx.fxml@21.0.1/javafx.fxml.FXMLLoader$ControllerMethodEventHandler.handle(FXMLLoader.java:1726)
	at javafx.base@21.0.1/com.sun.javafx.event.CompositeEventHandler.dispatchBubblingEvent(CompositeEventHandler.java:86)
	at javafx.base@21.0.1/com.sun.javafx.event.EventHandlerManager.dispatchBubblingEvent(EventHandlerManager.java:232)
	at javafx.base@21.0.1/com.sun.javafx.event.EventHandlerManager.dispatchBubblingEvent(EventHandlerManager.java:189)
	at javafx.base@21.0.1/com.sun.javafx.event.CompositeEventDispatcher.dispatchBubblingEvent(CompositeEventDispatcher.java:59)
	at javafx.base@21.0.1/com.sun.javafx.event.BasicEventDispatcher.dispatchEvent(BasicEventDispatcher.java:58)
	at javafx.base@21.0.1/com.sun.javafx.event.EventDispatchChainImpl.dispatchEvent(EventDispatchChainImpl.java:114)
	at javafx.base@21.0.1/com.sun.javafx.event.BasicEventDispatcher.dispatchEvent(BasicEventDispatcher.java:56)
	at javafx.base@21.0.1/com.sun.javafx.event.EventDispatchChainImpl.dispatchEvent(EventDispatchChainImpl.java:114)
	at javafx.base@21.0.1/com.sun.javafx.event.BasicEventDispatcher.dispatchEvent(BasicEventDispatcher.java:56)
	at javafx.base@21.0.1/com.sun.javafx.event.EventDispatchChainImpl.dispatchEvent(EventDispatchChainImpl.java:114)
	at javafx.base@21.0.1/com.sun.javafx.event.BasicEventDispatcher.dispatchEvent(BasicEventDispatcher.java:56)
	at javafx.base@21.0.1/com.sun.javafx.event.EventDispatchChainImpl.dispatchEvent(EventDispatchChainImpl.java:114)
	at javafx.base@21.0.1/com.sun.javafx.event.BasicEventDispatcher.dispatchEvent(BasicEventDispatcher.java:56)
	at javafx.base@21.0.1/com.sun.javafx.event.EventDispatchChainImpl.dispatchEvent(EventDispatchChainImpl.java:114)
	at javafx.base@21.0.1/com.sun.javafx.event.EventUtil.fireEventImpl(EventUtil.java:74)
	at javafx.base@21.0.1/com.sun.javafx.event.EventUtil.fireEvent(EventUtil.java:49)
	at javafx.base@21.0.1/javafx.event.Event.fireEvent(Event.java:198)
	at javafx.graphics@21.0.1/javafx.scene.Node.fireEvent(Node.java:8875)
	at javafx.controls@21.0.1/javafx.scene.control.Button.fire(Button.java:203)
	at javafx.controls@21.0.1/com.sun.javafx.scene.control.behavior.ButtonBehavior.mouseReleased(ButtonBehavior.java:207)
	at javafx.controls@21.0.1/com.sun.javafx.scene.control.inputmap.InputMap.handle(InputMap.java:274)
	at javafx.base@21.0.1/com.sun.javafx.event.CompositeEventHandler$NormalEventHandlerRecord.handleBubblingEvent(CompositeEventHandler.java:247)
	at javafx.base@21.0.1/com.sun.javafx.event.CompositeEventHandler.dispatchBubblingEvent(CompositeEventHandler.java:80)
	at javafx.base@21.0.1/com.sun.javafx.event.EventHandlerManager.dispatchBubblingEvent(EventHandlerManager.java:232)
	at javafx.base@21.0.1/com.sun.javafx.event.EventHandlerManager.dispatchBubblingEvent(EventHandlerManager.java:189)
	at javafx.base@21.0.1/com.sun.javafx.event.CompositeEventDispatcher.dispatchBubblingEvent(CompositeEventDispatcher.java:59)
	at javafx.base@21.0.1/com.sun.javafx.event.BasicEventDispatcher.dispatchEvent(BasicEventDispatcher.java:58)
	at javafx.base@21.0.1/com.sun.javafx.event.EventDispatchChainImpl.dispatchEvent(EventDispatchChainImpl.java:114)
	at javafx.base@21.0.1/com.sun.javafx.event.BasicEventDispatcher.dispatchEvent(BasicEventDispatcher.java:56)
	at javafx.base@21.0.1/com.sun.javafx.event.EventDispatchChainImpl.dispatchEvent(EventDispatchChainImpl.java:114)
	at javafx.base@21.0.1/com.sun.javafx.event.BasicEventDispatcher.dispatchEvent(BasicEventDispatcher.java:56)
	at javafx.base@21.0.1/com.sun.javafx.event.EventDispatchChainImpl.dispatchEvent(EventDispatchChainImpl.java:114)
	at javafx.base@21.0.1/com.sun.javafx.event.BasicEventDispatcher.dispatchEvent(BasicEventDispatcher.java:56)
	at javafx.base@21.0.1/com.sun.javafx.event.EventDispatchChainImpl.dispatchEvent(EventDispatchChainImpl.java:114)
	at javafx.base@21.0.1/com.sun.javafx.event.BasicEventDispatcher.dispatchEvent(BasicEventDispatcher.java:56)
	at javafx.base@21.0.1/com.sun.javafx.event.EventDispatchChainImpl.dispatchEvent(EventDispatchChainImpl.java:114)
	at javafx.base@21.0.1/com.sun.javafx.event.EventUtil.fireEventImpl(EventUtil.java:74)
	at javafx.base@21.0.1/com.sun.javafx.event.EventUtil.fireEvent(EventUtil.java:54)
	at javafx.base@21.0.1/javafx.event.Event.fireEvent(Event.java:198)
	at javafx.graphics@21.0.1/javafx.scene.Scene$MouseHandler.process(Scene.java:3984)
	at javafx.graphics@21.0.1/javafx.scene.Scene.processMouseEvent(Scene.java:1890)
	at javafx.graphics@21.0.1/javafx.scene.Scene$ScenePeerListener.mouseEvent(Scene.java:2708)
	at javafx.graphics@21.0.1/com.sun.javafx.tk.quantum.GlassViewEventHandler$MouseEventNotification.run(GlassViewEventHandler.java:411)
	at javafx.graphics@21.0.1/com.sun.javafx.tk.quantum.GlassViewEventHandler$MouseEventNotification.run(GlassViewEventHandler.java:301)
	at java.base/java.security.AccessController.doPrivileged(AccessController.java:400)
	at javafx.graphics@21.0.1/com.sun.javafx.tk.quantum.GlassViewEventHandler.lambda$handleMouseEvent$2(GlassViewEventHandler.java:450)
	at javafx.graphics@21.0.1/com.sun.javafx.tk.quantum.QuantumToolkit.runWithoutRenderLock(QuantumToolkit.java:424)
	at javafx.graphics@21.0.1/com.sun.javafx.tk.quantum.GlassViewEventHandler.handleMouseEvent(GlassViewEventHandler.java:449)
	at javafx.graphics@21.0.1/com.sun.glass.ui.View.handleMouseEvent(View.java:551)
	at javafx.graphics@21.0.1/com.sun.glass.ui.View.notifyMouse(View.java:937)
	at javafx.graphics@21.0.1/com.sun.glass.ui.win.WinApplication._runLoop(Native Method)
	at javafx.graphics@21.0.1/com.sun.glass.ui.win.WinApplication.lambda$runLoop$3(WinApplication.java:185)
	at java.base/java.lang.Thread.run(Thread.java:1583)
2025-10-05 19:04:16 [JavaFX Application Thread] ERROR p.c.a.view.admin.AdminMainController - Error al cargar bandeja de solicitudes
javafx.fxml.LoadException: Font is not a valid type.
/C:/Users/USER/OneDrive/Escritorio/proyecto_v4.0/target/classes/fxml/admin/BandejaSolicitudesView.fxml:16

	at javafx.fxml@21.0.1/javafx.fxml.FXMLLoader.constructLoadException(FXMLLoader.java:2718)
	at javafx.fxml@21.0.1/javafx.fxml.FXMLLoader.createElement(FXMLLoader.java:2920)
	at javafx.fxml@21.0.1/javafx.fxml.FXMLLoader.processStartElement(FXMLLoader.java:2850)
	at javafx.fxml@21.0.1/javafx.fxml.FXMLLoader.loadImpl(FXMLLoader.java:2649)
	at javafx.fxml@21.0.1/javafx.fxml.FXMLLoader.loadImpl(FXMLLoader.java:2563)
	at javafx.fxml@21.0.1/javafx.fxml.FXMLLoader.load(FXMLLoader.java:2531)
	at pe.crediactiva.app.view.admin.AdminMainController.handleBandejaSolicitudes(AdminMainController.java:112)
	at java.base/jdk.internal.reflect.DirectMethodHandleAccessor.invoke(DirectMethodHandleAccessor.java:103)
	at java.base/java.lang.reflect.Method.invoke(Method.java:580)
	at com.sun.javafx.reflect.Trampoline.invoke(MethodUtil.java:72)
	at java.base/jdk.internal.reflect.DirectMethodHandleAccessor.invoke(DirectMethodHandleAccessor.java:103)
	at java.base/java.lang.reflect.Method.invoke(Method.java:580)
	at javafx.base@21.0.1/com.sun.javafx.reflect.MethodUtil.invoke(MethodUtil.java:270)
	at javafx.fxml@21.0.1/com.sun.javafx.fxml.MethodHelper.invoke(MethodHelper.java:84)
	at javafx.fxml@21.0.1/javafx.fxml.FXMLLoader$MethodHandler.invoke(FXMLLoader.java:1855)
	at javafx.fxml@21.0.1/javafx.fxml.FXMLLoader$ControllerMethodEventHandler.handle(FXMLLoader.java:1726)
	at javafx.base@21.0.1/com.sun.javafx.event.CompositeEventHandler.dispatchBubblingEvent(CompositeEventHandler.java:86)
	at javafx.base@21.0.1/com.sun.javafx.event.EventHandlerManager.dispatchBubblingEvent(EventHandlerManager.java:232)
	at javafx.base@21.0.1/com.sun.javafx.event.EventHandlerManager.dispatchBubblingEvent(EventHandlerManager.java:189)
	at javafx.base@21.0.1/com.sun.javafx.event.CompositeEventDispatcher.dispatchBubblingEvent(CompositeEventDispatcher.java:59)
	at javafx.base@21.0.1/com.sun.javafx.event.BasicEventDispatcher.dispatchEvent(BasicEventDispatcher.java:58)
	at javafx.base@21.0.1/com.sun.javafx.event.EventDispatchChainImpl.dispatchEvent(EventDispatchChainImpl.java:114)
	at javafx.base@21.0.1/com.sun.javafx.event.BasicEventDispatcher.dispatchEvent(BasicEventDispatcher.java:56)
	at javafx.base@21.0.1/com.sun.javafx.event.EventDispatchChainImpl.dispatchEvent(EventDispatchChainImpl.java:114)
	at javafx.base@21.0.1/com.sun.javafx.event.BasicEventDispatcher.dispatchEvent(BasicEventDispatcher.java:56)
	at javafx.base@21.0.1/com.sun.javafx.event.EventDispatchChainImpl.dispatchEvent(EventDispatchChainImpl.java:114)
	at javafx.base@21.0.1/com.sun.javafx.event.BasicEventDispatcher.dispatchEvent(BasicEventDispatcher.java:56)
	at javafx.base@21.0.1/com.sun.javafx.event.EventDispatchChainImpl.dispatchEvent(EventDispatchChainImpl.java:114)
	at javafx.base@21.0.1/com.sun.javafx.event.BasicEventDispatcher.dispatchEvent(BasicEventDispatcher.java:56)
	at javafx.base@21.0.1/com.sun.javafx.event.EventDispatchChainImpl.dispatchEvent(EventDispatchChainImpl.java:114)
	at javafx.base@21.0.1/com.sun.javafx.event.EventUtil.fireEventImpl(EventUtil.java:74)
	at javafx.base@21.0.1/com.sun.javafx.event.EventUtil.fireEvent(EventUtil.java:49)
	at javafx.base@21.0.1/javafx.event.Event.fireEvent(Event.java:198)
	at javafx.graphics@21.0.1/javafx.scene.Node.fireEvent(Node.java:8875)
	at javafx.controls@21.0.1/javafx.scene.control.Button.fire(Button.java:203)
	at javafx.controls@21.0.1/com.sun.javafx.scene.control.behavior.ButtonBehavior.mouseReleased(ButtonBehavior.java:207)
	at javafx.controls@21.0.1/com.sun.javafx.scene.control.inputmap.InputMap.handle(InputMap.java:274)
	at javafx.base@21.0.1/com.sun.javafx.event.CompositeEventHandler$NormalEventHandlerRecord.handleBubblingEvent(CompositeEventHandler.java:247)
	at javafx.base@21.0.1/com.sun.javafx.event.CompositeEventHandler.dispatchBubblingEvent(CompositeEventHandler.java:80)
	at javafx.base@21.0.1/com.sun.javafx.event.EventHandlerManager.dispatchBubblingEvent(EventHandlerManager.java:232)
	at javafx.base@21.0.1/com.sun.javafx.event.EventHandlerManager.dispatchBubblingEvent(EventHandlerManager.java:189)
	at javafx.base@21.0.1/com.sun.javafx.event.CompositeEventDispatcher.dispatchBubblingEvent(CompositeEventDispatcher.java:59)
	at javafx.base@21.0.1/com.sun.javafx.event.BasicEventDispatcher.dispatchEvent(BasicEventDispatcher.java:58)
	at javafx.base@21.0.1/com.sun.javafx.event.EventDispatchChainImpl.dispatchEvent(EventDispatchChainImpl.java:114)
	at javafx.base@21.0.1/com.sun.javafx.event.BasicEventDispatcher.dispatchEvent(BasicEventDispatcher.java:56)
	at javafx.base@21.0.1/com.sun.javafx.event.EventDispatchChainImpl.dispatchEvent(EventDispatchChainImpl.java:114)
	at javafx.base@21.0.1/com.sun.javafx.event.BasicEventDispatcher.dispatchEvent(BasicEventDispatcher.java:56)
	at javafx.base@21.0.1/com.sun.javafx.event.EventDispatchChainImpl.dispatchEvent(EventDispatchChainImpl.java:114)
	at javafx.base@21.0.1/com.sun.javafx.event.BasicEventDispatcher.dispatchEvent(BasicEventDispatcher.java:56)
	at javafx.base@21.0.1/com.sun.javafx.event.EventDispatchChainImpl.dispatchEvent(EventDispatchChainImpl.java:114)
	at javafx.base@21.0.1/com.sun.javafx.event.BasicEventDispatcher.dispatchEvent(BasicEventDispatcher.java:56)
	at javafx.base@21.0.1/com.sun.javafx.event.EventDispatchChainImpl.dispatchEvent(EventDispatchChainImpl.java:114)
	at javafx.base@21.0.1/com.sun.javafx.event.EventUtil.fireEventImpl(EventUtil.java:74)
	at javafx.base@21.0.1/com.sun.javafx.event.EventUtil.fireEvent(EventUtil.java:54)
	at javafx.base@21.0.1/javafx.event.Event.fireEvent(Event.java:198)
	at javafx.graphics@21.0.1/javafx.scene.Scene$MouseHandler.process(Scene.java:3984)
	at javafx.graphics@21.0.1/javafx.scene.Scene.processMouseEvent(Scene.java:1890)
	at javafx.graphics@21.0.1/javafx.scene.Scene$ScenePeerListener.mouseEvent(Scene.java:2708)
	at javafx.graphics@21.0.1/com.sun.javafx.tk.quantum.GlassViewEventHandler$MouseEventNotification.run(GlassViewEventHandler.java:411)
	at javafx.graphics@21.0.1/com.sun.javafx.tk.quantum.GlassViewEventHandler$MouseEventNotification.run(GlassViewEventHandler.java:301)
	at java.base/java.security.AccessController.doPrivileged(AccessController.java:400)
	at javafx.graphics@21.0.1/com.sun.javafx.tk.quantum.GlassViewEventHandler.lambda$handleMouseEvent$2(GlassViewEventHandler.java:450)
	at javafx.graphics@21.0.1/com.sun.javafx.tk.quantum.QuantumToolkit.runWithoutRenderLock(QuantumToolkit.java:424)
	at javafx.graphics@21.0.1/com.sun.javafx.tk.quantum.GlassViewEventHandler.handleMouseEvent(GlassViewEventHandler.java:449)
	at javafx.graphics@21.0.1/com.sun.glass.ui.View.handleMouseEvent(View.java:551)
	at javafx.graphics@21.0.1/com.sun.glass.ui.View.notifyMouse(View.java:937)
	at javafx.graphics@21.0.1/com.sun.glass.ui.win.WinApplication._runLoop(Native Method)
	at javafx.graphics@21.0.1/com.sun.glass.ui.win.WinApplication.lambda$runLoop$3(WinApplication.java:185)
	at java.base/java.lang.Thread.run(Thread.java:1583)
2025-10-05 19:04:21 [JavaFX Application Thread] ERROR p.c.a.view.admin.AdminMainController - Error al cargar bandeja de solicitudes
javafx.fxml.LoadException: Font is not a valid type.
/C:/Users/USER/OneDrive/Escritorio/proyecto_v4.0/target/classes/fxml/admin/BandejaSolicitudesView.fxml:16

	at javafx.fxml@21.0.1/javafx.fxml.FXMLLoader.constructLoadException(FXMLLoader.java:2718)
	at javafx.fxml@21.0.1/javafx.fxml.FXMLLoader.createElement(FXMLLoader.java:2920)
	at javafx.fxml@21.0.1/javafx.fxml.FXMLLoader.processStartElement(FXMLLoader.java:2850)
	at javafx.fxml@21.0.1/javafx.fxml.FXMLLoader.loadImpl(FXMLLoader.java:2649)
	at javafx.fxml@21.0.1/javafx.fxml.FXMLLoader.loadImpl(FXMLLoader.java:2563)
	at javafx.fxml@21.0.1/javafx.fxml.FXMLLoader.load(FXMLLoader.java:2531)
	at pe.crediactiva.app.view.admin.AdminMainController.handleBandejaSolicitudes(AdminMainController.java:112)
	at java.base/jdk.internal.reflect.DirectMethodHandleAccessor.invoke(DirectMethodHandleAccessor.java:103)
	at java.base/java.lang.reflect.Method.invoke(Method.java:580)
	at com.sun.javafx.reflect.Trampoline.invoke(MethodUtil.java:72)
	at java.base/jdk.internal.reflect.DirectMethodHandleAccessor.invoke(DirectMethodHandleAccessor.java:103)
	at java.base/java.lang.reflect.Method.invoke(Method.java:580)
	at javafx.base@21.0.1/com.sun.javafx.reflect.MethodUtil.invoke(MethodUtil.java:270)
	at javafx.fxml@21.0.1/com.sun.javafx.fxml.MethodHelper.invoke(MethodHelper.java:84)
	at javafx.fxml@21.0.1/javafx.fxml.FXMLLoader$MethodHandler.invoke(FXMLLoader.java:1855)
	at javafx.fxml@21.0.1/javafx.fxml.FXMLLoader$ControllerMethodEventHandler.handle(FXMLLoader.java:1726)
	at javafx.base@21.0.1/com.sun.javafx.event.CompositeEventHandler.dispatchBubblingEvent(CompositeEventHandler.java:86)
	at javafx.base@21.0.1/com.sun.javafx.event.EventHandlerManager.dispatchBubblingEvent(EventHandlerManager.java:232)
	at javafx.base@21.0.1/com.sun.javafx.event.EventHandlerManager.dispatchBubblingEvent(EventHandlerManager.java:189)
	at javafx.base@21.0.1/com.sun.javafx.event.BasicEventDispatcher.dispatchEvent(BasicEventDispatcher.java:58)
	at javafx.base@21.0.1/com.sun.javafx.event.EventDispatchChainImpl.dispatchEvent(EventDispatchChainImpl.java:114)
	at javafx.base@21.0.1/com.sun.javafx.event.EventUtil.fireEventImpl(EventUtil.java:74)
	at javafx.base@21.0.1/com.sun.javafx.event.EventUtil.fireEvent(EventUtil.java:49)
	at javafx.base@21.0.1/javafx.event.Event.fireEvent(Event.java:198)
	at javafx.controls@21.0.1/javafx.scene.control.MenuItem.fire(MenuItem.java:459)
	at javafx.controls@21.0.1/com.sun.javafx.scene.control.ContextMenuContent$MenuItemContainer.doSelect(ContextMenuContent.java:1415)
	at javafx.controls@21.0.1/com.sun.javafx.scene.control.ContextMenuContent$MenuItemContainer.lambda$createChildren$12(ContextMenuContent.java:1368)
	at javafx.base@21.0.1/com.sun.javafx.event.CompositeEventHandler$NormalEventHandlerRecord.handleBubblingEvent(CompositeEventHandler.java:247)
	at javafx.base@21.0.1/com.sun.javafx.event.CompositeEventHandler.dispatchBubblingEvent(CompositeEventHandler.java:80)
	at javafx.base@21.0.1/com.sun.javafx.event.EventHandlerManager.dispatchBubblingEvent(EventHandlerManager.java:232)
	at javafx.base@21.0.1/com.sun.javafx.event.EventHandlerManager.dispatchBubblingEvent(EventHandlerManager.java:189)
	at javafx.base@21.0.1/com.sun.javafx.event.CompositeEventDispatcher.dispatchBubblingEvent(CompositeEventDispatcher.java:59)
	at javafx.base@21.0.1/com.sun.javafx.event.BasicEventDispatcher.dispatchEvent(BasicEventDispatcher.java:58)
	at javafx.base@21.0.1/com.sun.javafx.event.EventDispatchChainImpl.dispatchEvent(EventDispatchChainImpl.java:114)
	at javafx.base@21.0.1/com.sun.javafx.event.BasicEventDispatcher.dispatchEvent(BasicEventDispatcher.java:56)
	at javafx.base@21.0.1/com.sun.javafx.event.EventDispatchChainImpl.dispatchEvent(EventDispatchChainImpl.java:114)
	at javafx.base@21.0.1/com.sun.javafx.event.BasicEventDispatcher.dispatchEvent(BasicEventDispatcher.java:56)
	at javafx.base@21.0.1/com.sun.javafx.event.EventDispatchChainImpl.dispatchEvent(EventDispatchChainImpl.java:114)
	at javafx.base@21.0.1/com.sun.javafx.event.BasicEventDispatcher.dispatchEvent(BasicEventDispatcher.java:56)
	at javafx.base@21.0.1/com.sun.javafx.event.EventDispatchChainImpl.dispatchEvent(EventDispatchChainImpl.java:114)
	at javafx.base@21.0.1/com.sun.javafx.event.EventUtil.fireEventImpl(EventUtil.java:74)
	at javafx.base@21.0.1/com.sun.javafx.event.EventUtil.fireEvent(EventUtil.java:54)
	at javafx.base@21.0.1/javafx.event.Event.fireEvent(Event.java:198)
	at javafx.graphics@21.0.1/javafx.scene.Scene$MouseHandler.process(Scene.java:3984)
	at javafx.graphics@21.0.1/javafx.scene.Scene.processMouseEvent(Scene.java:1890)
	at javafx.graphics@21.0.1/javafx.scene.Scene$ScenePeerListener.mouseEvent(Scene.java:2708)
	at javafx.graphics@21.0.1/com.sun.javafx.tk.quantum.GlassViewEventHandler$MouseEventNotification.run(GlassViewEventHandler.java:411)
	at javafx.graphics@21.0.1/com.sun.javafx.tk.quantum.GlassViewEventHandler$MouseEventNotification.run(GlassViewEventHandler.java:301)
	at java.base/java.security.AccessController.doPrivileged(AccessController.java:400)
	at javafx.graphics@21.0.1/com.sun.javafx.tk.quantum.GlassViewEventHandler.lambda$handleMouseEvent$2(GlassViewEventHandler.java:450)
	at javafx.graphics@21.0.1/com.sun.javafx.tk.quantum.QuantumToolkit.runWithoutRenderLock(QuantumToolkit.java:424)
	at javafx.graphics@21.0.1/com.sun.javafx.tk.quantum.GlassViewEventHandler.handleMouseEvent(GlassViewEventHandler.java:449)
	at javafx.graphics@21.0.1/com.sun.glass.ui.View.handleMouseEvent(View.java:551)
	at javafx.graphics@21.0.1/com.sun.glass.ui.View.notifyMouse(View.java:937)
	at javafx.graphics@21.0.1/com.sun.glass.ui.win.WinApplication._runLoop(Native Method)
	at javafx.graphics@21.0.1/com.sun.glass.ui.win.WinApplication.lambda$runLoop$3(WinApplication.java:185)
	at java.base/java.lang.Thread.run(Thread.java:1583)
2025-10-05 19:04:25 [JavaFX Application Thread] ERROR p.c.a.view.admin.AdminMainController - Error al cargar administración de pagos
javafx.fxml.LoadException: Font is not a valid type.
/C:/Users/USER/OneDrive/Escritorio/proyecto_v4.0/target/classes/fxml/admin/AdministrarPagosView.fxml:16

	at javafx.fxml@21.0.1/javafx.fxml.FXMLLoader.constructLoadException(FXMLLoader.java:2718)
	at javafx.fxml@21.0.1/javafx.fxml.FXMLLoader.createElement(FXMLLoader.java:2920)
	at javafx.fxml@21.0.1/javafx.fxml.FXMLLoader.processStartElement(FXMLLoader.java:2850)
	at javafx.fxml@21.0.1/javafx.fxml.FXMLLoader.loadImpl(FXMLLoader.java:2649)
	at javafx.fxml@21.0.1/javafx.fxml.FXMLLoader.loadImpl(FXMLLoader.java:2563)
	at javafx.fxml@21.0.1/javafx.fxml.FXMLLoader.load(FXMLLoader.java:2531)
	at pe.crediactiva.app.view.admin.AdminMainController.handleAdministrarPagos(AdminMainController.java:154)
	at java.base/jdk.internal.reflect.DirectMethodHandleAccessor.invoke(DirectMethodHandleAccessor.java:103)
	at java.base/java.lang.reflect.Method.invoke(Method.java:580)
	at com.sun.javafx.reflect.Trampoline.invoke(MethodUtil.java:72)
	at java.base/jdk.internal.reflect.DirectMethodHandleAccessor.invoke(DirectMethodHandleAccessor.java:103)
	at java.base/java.lang.reflect.Method.invoke(Method.java:580)
	at javafx.base@21.0.1/com.sun.javafx.reflect.MethodUtil.invoke(MethodUtil.java:270)
	at javafx.fxml@21.0.1/com.sun.javafx.fxml.MethodHelper.invoke(MethodHelper.java:84)
	at javafx.fxml@21.0.1/javafx.fxml.FXMLLoader$MethodHandler.invoke(FXMLLoader.java:1855)
	at javafx.fxml@21.0.1/javafx.fxml.FXMLLoader$ControllerMethodEventHandler.handle(FXMLLoader.java:1726)
	at javafx.base@21.0.1/com.sun.javafx.event.CompositeEventHandler.dispatchBubblingEvent(CompositeEventHandler.java:86)
	at javafx.base@21.0.1/com.sun.javafx.event.EventHandlerManager.dispatchBubblingEvent(EventHandlerManager.java:232)
	at javafx.base@21.0.1/com.sun.javafx.event.EventHandlerManager.dispatchBubblingEvent(EventHandlerManager.java:189)
	at javafx.base@21.0.1/com.sun.javafx.event.BasicEventDispatcher.dispatchEvent(BasicEventDispatcher.java:58)
	at javafx.base@21.0.1/com.sun.javafx.event.EventDispatchChainImpl.dispatchEvent(EventDispatchChainImpl.java:114)
	at javafx.base@21.0.1/com.sun.javafx.event.EventUtil.fireEventImpl(EventUtil.java:74)
	at javafx.base@21.0.1/com.sun.javafx.event.EventUtil.fireEvent(EventUtil.java:49)
	at javafx.base@21.0.1/javafx.event.Event.fireEvent(Event.java:198)
	at javafx.controls@21.0.1/javafx.scene.control.MenuItem.fire(MenuItem.java:459)
	at javafx.controls@21.0.1/com.sun.javafx.scene.control.ContextMenuContent$MenuItemContainer.doSelect(ContextMenuContent.java:1415)
	at javafx.controls@21.0.1/com.sun.javafx.scene.control.ContextMenuContent$MenuItemContainer.lambda$createChildren$12(ContextMenuContent.java:1368)
	at javafx.base@21.0.1/com.sun.javafx.event.CompositeEventHandler$NormalEventHandlerRecord.handleBubblingEvent(CompositeEventHandler.java:247)
	at javafx.base@21.0.1/com.sun.javafx.event.CompositeEventHandler.dispatchBubblingEvent(CompositeEventHandler.java:80)
	at javafx.base@21.0.1/com.sun.javafx.event.EventHandlerManager.dispatchBubblingEvent(EventHandlerManager.java:232)
	at javafx.base@21.0.1/com.sun.javafx.event.EventHandlerManager.dispatchBubblingEvent(EventHandlerManager.java:189)
	at javafx.base@21.0.1/com.sun.javafx.event.CompositeEventDispatcher.dispatchBubblingEvent(CompositeEventDispatcher.java:59)
	at javafx.base@21.0.1/com.sun.javafx.event.BasicEventDispatcher.dispatchEvent(BasicEventDispatcher.java:58)
	at javafx.base@21.0.1/com.sun.javafx.event.EventDispatchChainImpl.dispatchEvent(EventDispatchChainImpl.java:114)
	at javafx.base@21.0.1/com.sun.javafx.event.BasicEventDispatcher.dispatchEvent(BasicEventDispatcher.java:56)
	at javafx.base@21.0.1/com.sun.javafx.event.EventDispatchChainImpl.dispatchEvent(EventDispatchChainImpl.java:114)
	at javafx.base@21.0.1/com.sun.javafx.event.BasicEventDispatcher.dispatchEvent(BasicEventDispatcher.java:56)
	at javafx.base@21.0.1/com.sun.javafx.event.EventDispatchChainImpl.dispatchEvent(EventDispatchChainImpl.java:114)
	at javafx.base@21.0.1/com.sun.javafx.event.BasicEventDispatcher.dispatchEvent(BasicEventDispatcher.java:56)
	at javafx.base@21.0.1/com.sun.javafx.event.EventDispatchChainImpl.dispatchEvent(EventDispatchChainImpl.java:114)
	at javafx.base@21.0.1/com.sun.javafx.event.EventUtil.fireEventImpl(EventUtil.java:74)
	at javafx.base@21.0.1/com.sun.javafx.event.EventUtil.fireEvent(EventUtil.java:54)
	at javafx.base@21.0.1/javafx.event.Event.fireEvent(Event.java:198)
	at javafx.graphics@21.0.1/javafx.scene.Scene$MouseHandler.process(Scene.java:3984)
	at javafx.graphics@21.0.1/javafx.scene.Scene.processMouseEvent(Scene.java:1890)
	at javafx.graphics@21.0.1/javafx.scene.Scene$ScenePeerListener.mouseEvent(Scene.java:2708)
	at javafx.graphics@21.0.1/com.sun.javafx.tk.quantum.GlassViewEventHandler$MouseEventNotification.run(GlassViewEventHandler.java:411)
	at javafx.graphics@21.0.1/com.sun.javafx.tk.quantum.GlassViewEventHandler$MouseEventNotification.run(GlassViewEventHandler.java:301)
	at java.base/java.security.AccessController.doPrivileged(AccessController.java:400)
	at javafx.graphics@21.0.1/com.sun.javafx.tk.quantum.GlassViewEventHandler.lambda$handleMouseEvent$2(GlassViewEventHandler.java:450)
	at javafx.graphics@21.0.1/com.sun.javafx.tk.quantum.QuantumToolkit.runWithoutRenderLock(QuantumToolkit.java:424)
	at javafx.graphics@21.0.1/com.sun.javafx.tk.quantum.GlassViewEventHandler.handleMouseEvent(GlassViewEventHandler.java:449)
	at javafx.graphics@21.0.1/com.sun.glass.ui.View.handleMouseEvent(View.java:551)
	at javafx.graphics@21.0.1/com.sun.glass.ui.View.notifyMouse(View.java:937)
	at javafx.graphics@21.0.1/com.sun.glass.ui.win.WinApplication._runLoop(Native Method)
	at javafx.graphics@21.0.1/com.sun.glass.ui.win.WinApplication.lambda$runLoop$3(WinApplication.java:185)
	at java.base/java.lang.Thread.run(Thread.java:1583)
2025-10-05 19:04:41 [JavaFX Application Thread] INFO  p.c.a.service.AuthenticationService - Usuario cerró sesión: 99999999
2025-10-05 19:04:42 [JavaFX Application Thread] INFO  p.c.a.view.admin.AdminMainController - Usuario cerró sesión
2025-10-05 19:04:53 [JavaFX Application Thread] INFO  p.c.app.dao.impl.UsuarioDAOImpl - Usuario autenticado exitosamente: 12345678
2025-10-05 19:04:53 [JavaFX Application Thread] INFO  p.c.a.service.AuthenticationService - Usuario autenticado exitosamente: 12345678 - ASESOR
2025-10-05 19:04:53 [JavaFX Application Thread] INFO  p.c.app.view.LoginController - Usuario autenticado exitosamente: 12345678
2025-10-05 19:04:53 [JavaFX Application Thread] ERROR p.c.app.view.LoginController - Error al cargar la pantalla principal
javafx.fxml.LoadException: Font is not a valid type.
/C:/Users/USER/OneDrive/Escritorio/proyecto_v4.0/target/classes/fxml/asesor/AsesorMainView.fxml:16

	at javafx.fxml@21.0.1/javafx.fxml.FXMLLoader.constructLoadException(FXMLLoader.java:2718)
	at javafx.fxml@21.0.1/javafx.fxml.FXMLLoader.createElement(FXMLLoader.java:2920)
	at javafx.fxml@21.0.1/javafx.fxml.FXMLLoader.processStartElement(FXMLLoader.java:2850)
	at javafx.fxml@21.0.1/javafx.fxml.FXMLLoader.loadImpl(FXMLLoader.java:2649)
	at javafx.fxml@21.0.1/javafx.fxml.FXMLLoader.loadImpl(FXMLLoader.java:2563)
	at javafx.fxml@21.0.1/javafx.fxml.FXMLLoader.load(FXMLLoader.java:2531)
	at pe.crediactiva.app.view.LoginController.redirectToMainScreen(LoginController.java:137)
	at pe.crediactiva.app.view.LoginController.handleLogin(LoginController.java:96)
	at java.base/jdk.internal.reflect.DirectMethodHandleAccessor.invoke(DirectMethodHandleAccessor.java:103)
	at java.base/java.lang.reflect.Method.invoke(Method.java:580)
	at com.sun.javafx.reflect.Trampoline.invoke(MethodUtil.java:72)
	at java.base/jdk.internal.reflect.DirectMethodHandleAccessor.invoke(DirectMethodHandleAccessor.java:103)
	at java.base/java.lang.reflect.Method.invoke(Method.java:580)
	at javafx.base@21.0.1/com.sun.javafx.reflect.MethodUtil.invoke(MethodUtil.java:270)
	at javafx.fxml@21.0.1/com.sun.javafx.fxml.MethodHelper.invoke(MethodHelper.java:84)
	at javafx.fxml@21.0.1/javafx.fxml.FXMLLoader$MethodHandler.invoke(FXMLLoader.java:1855)
	at javafx.fxml@21.0.1/javafx.fxml.FXMLLoader$ControllerMethodEventHandler.handle(FXMLLoader.java:1726)
	at javafx.base@21.0.1/com.sun.javafx.event.CompositeEventHandler.dispatchBubblingEvent(CompositeEventHandler.java:86)
	at javafx.base@21.0.1/com.sun.javafx.event.EventHandlerManager.dispatchBubblingEvent(EventHandlerManager.java:232)
	at javafx.base@21.0.1/com.sun.javafx.event.EventHandlerManager.dispatchBubblingEvent(EventHandlerManager.java:189)
	at javafx.base@21.0.1/com.sun.javafx.event.CompositeEventDispatcher.dispatchBubblingEvent(CompositeEventDispatcher.java:59)
	at javafx.base@21.0.1/com.sun.javafx.event.BasicEventDispatcher.dispatchEvent(BasicEventDispatcher.java:58)
	at javafx.base@21.0.1/com.sun.javafx.event.EventDispatchChainImpl.dispatchEvent(EventDispatchChainImpl.java:114)
	at javafx.base@21.0.1/com.sun.javafx.event.BasicEventDispatcher.dispatchEvent(BasicEventDispatcher.java:56)
	at javafx.base@21.0.1/com.sun.javafx.event.EventDispatchChainImpl.dispatchEvent(EventDispatchChainImpl.java:114)
	at javafx.base@21.0.1/com.sun.javafx.event.BasicEventDispatcher.dispatchEvent(BasicEventDispatcher.java:56)
	at javafx.base@21.0.1/com.sun.javafx.event.EventDispatchChainImpl.dispatchEvent(EventDispatchChainImpl.java:114)
	at javafx.base@21.0.1/com.sun.javafx.event.EventUtil.fireEventImpl(EventUtil.java:74)
	at javafx.base@21.0.1/com.sun.javafx.event.EventUtil.fireEvent(EventUtil.java:49)
	at javafx.base@21.0.1/javafx.event.Event.fireEvent(Event.java:198)
	at javafx.graphics@21.0.1/javafx.scene.Node.fireEvent(Node.java:8875)
	at javafx.controls@21.0.1/javafx.scene.control.Button.fire(Button.java:203)
	at javafx.controls@21.0.1/com.sun.javafx.scene.control.behavior.ButtonBehavior.mouseReleased(ButtonBehavior.java:207)
	at javafx.controls@21.0.1/com.sun.javafx.scene.control.inputmap.InputMap.handle(InputMap.java:274)
	at javafx.base@21.0.1/com.sun.javafx.event.CompositeEventHandler$NormalEventHandlerRecord.handleBubblingEvent(CompositeEventHandler.java:247)
	at javafx.base@21.0.1/com.sun.javafx.event.CompositeEventHandler.dispatchBubblingEvent(CompositeEventHandler.java:80)
	at javafx.base@21.0.1/com.sun.javafx.event.EventHandlerManager.dispatchBubblingEvent(EventHandlerManager.java:232)
	at javafx.base@21.0.1/com.sun.javafx.event.EventHandlerManager.dispatchBubblingEvent(EventHandlerManager.java:189)
	at javafx.base@21.0.1/com.sun.javafx.event.CompositeEventDispatcher.dispatchBubblingEvent(CompositeEventDispatcher.java:59)
	at javafx.base@21.0.1/com.sun.javafx.event.BasicEventDispatcher.dispatchEvent(BasicEventDispatcher.java:58)
	at javafx.base@21.0.1/com.sun.javafx.event.EventDispatchChainImpl.dispatchEvent(EventDispatchChainImpl.java:114)
	at javafx.base@21.0.1/com.sun.javafx.event.BasicEventDispatcher.dispatchEvent(BasicEventDispatcher.java:56)
	at javafx.base@21.0.1/com.sun.javafx.event.EventDispatchChainImpl.dispatchEvent(EventDispatchChainImpl.java:114)
	at javafx.base@21.0.1/com.sun.javafx.event.BasicEventDispatcher.dispatchEvent(BasicEventDispatcher.java:56)
	at javafx.base@21.0.1/com.sun.javafx.event.EventDispatchChainImpl.dispatchEvent(EventDispatchChainImpl.java:114)
	at javafx.base@21.0.1/com.sun.javafx.event.EventUtil.fireEventImpl(EventUtil.java:74)
	at javafx.base@21.0.1/com.sun.javafx.event.EventUtil.fireEvent(EventUtil.java:54)
	at javafx.base@21.0.1/javafx.event.Event.fireEvent(Event.java:198)
	at javafx.graphics@21.0.1/javafx.scene.Scene$MouseHandler.process(Scene.java:3984)
	at javafx.graphics@21.0.1/javafx.scene.Scene.processMouseEvent(Scene.java:1890)
	at javafx.graphics@21.0.1/javafx.scene.Scene$ScenePeerListener.mouseEvent(Scene.java:2708)
	at javafx.graphics@21.0.1/com.sun.javafx.tk.quantum.GlassViewEventHandler$MouseEventNotification.run(GlassViewEventHandler.java:411)
	at javafx.graphics@21.0.1/com.sun.javafx.tk.quantum.GlassViewEventHandler$MouseEventNotification.run(GlassViewEventHandler.java:301)
	at java.base/java.security.AccessController.doPrivileged(AccessController.java:400)
	at javafx.graphics@21.0.1/com.sun.javafx.tk.quantum.GlassViewEventHandler.lambda$handleMouseEvent$2(GlassViewEventHandler.java:450)
	at javafx.graphics@21.0.1/com.sun.javafx.tk.quantum.QuantumToolkit.runWithoutRenderLock(QuantumToolkit.java:424)
	at javafx.graphics@21.0.1/com.sun.javafx.tk.quantum.GlassViewEventHandler.handleMouseEvent(GlassViewEventHandler.java:449)
	at javafx.graphics@21.0.1/com.sun.glass.ui.View.handleMouseEvent(View.java:551)
	at javafx.graphics@21.0.1/com.sun.glass.ui.View.notifyMouse(View.java:937)
	at javafx.graphics@21.0.1/com.sun.glass.ui.win.WinApplication._runLoop(Native Method)
	at javafx.graphics@21.0.1/com.sun.glass.ui.win.WinApplication.lambda$runLoop$3(WinApplication.java:185)
	at java.base/java.lang.Thread.run(Thread.java:1583)
2025-10-05 19:05:03 [JavaFX Application Thread] INFO  p.c.app.dao.impl.UsuarioDAOImpl - Usuario autenticado exitosamente: 12345678
2025-10-05 19:05:03 [JavaFX Application Thread] INFO  p.c.a.service.AuthenticationService - Usuario autenticado exitosamente: 12345678 - ASESOR
2025-10-05 19:05:03 [JavaFX Application Thread] INFO  p.c.app.view.LoginController - Usuario autenticado exitosamente: 12345678
2025-10-05 19:05:03 [JavaFX Application Thread] ERROR p.c.app.view.LoginController - Error al cargar la pantalla principal
javafx.fxml.LoadException: Font is not a valid type.
/C:/Users/USER/OneDrive/Escritorio/proyecto_v4.0/target/classes/fxml/asesor/AsesorMainView.fxml:16

	at javafx.fxml@21.0.1/javafx.fxml.FXMLLoader.constructLoadException(FXMLLoader.java:2718)
	at javafx.fxml@21.0.1/javafx.fxml.FXMLLoader.createElement(FXMLLoader.java:2920)
	at javafx.fxml@21.0.1/javafx.fxml.FXMLLoader.processStartElement(FXMLLoader.java:2850)
	at javafx.fxml@21.0.1/javafx.fxml.FXMLLoader.loadImpl(FXMLLoader.java:2649)
	at javafx.fxml@21.0.1/javafx.fxml.FXMLLoader.loadImpl(FXMLLoader.java:2563)
	at javafx.fxml@21.0.1/javafx.fxml.FXMLLoader.load(FXMLLoader.java:2531)
	at pe.crediactiva.app.view.LoginController.redirectToMainScreen(LoginController.java:137)
	at pe.crediactiva.app.view.LoginController.handleLogin(LoginController.java:96)
	at java.base/jdk.internal.reflect.DirectMethodHandleAccessor.invoke(DirectMethodHandleAccessor.java:103)
	at java.base/java.lang.reflect.Method.invoke(Method.java:580)
	at com.sun.javafx.reflect.Trampoline.invoke(MethodUtil.java:72)
	at java.base/jdk.internal.reflect.DirectMethodHandleAccessor.invoke(DirectMethodHandleAccessor.java:103)
	at java.base/java.lang.reflect.Method.invoke(Method.java:580)
	at javafx.base@21.0.1/com.sun.javafx.reflect.MethodUtil.invoke(MethodUtil.java:270)
	at javafx.fxml@21.0.1/com.sun.javafx.fxml.MethodHelper.invoke(MethodHelper.java:84)
	at javafx.fxml@21.0.1/javafx.fxml.FXMLLoader$MethodHandler.invoke(FXMLLoader.java:1855)
	at javafx.fxml@21.0.1/javafx.fxml.FXMLLoader$ControllerMethodEventHandler.handle(FXMLLoader.java:1726)
	at javafx.base@21.0.1/com.sun.javafx.event.CompositeEventHandler.dispatchBubblingEvent(CompositeEventHandler.java:86)
	at javafx.base@21.0.1/com.sun.javafx.event.EventHandlerManager.dispatchBubblingEvent(EventHandlerManager.java:232)
	at javafx.base@21.0.1/com.sun.javafx.event.EventHandlerManager.dispatchBubblingEvent(EventHandlerManager.java:189)
	at javafx.base@21.0.1/com.sun.javafx.event.CompositeEventDispatcher.dispatchBubblingEvent(CompositeEventDispatcher.java:59)
	at javafx.base@21.0.1/com.sun.javafx.event.BasicEventDispatcher.dispatchEvent(BasicEventDispatcher.java:58)
	at javafx.base@21.0.1/com.sun.javafx.event.EventDispatchChainImpl.dispatchEvent(EventDispatchChainImpl.java:114)
	at javafx.base@21.0.1/com.sun.javafx.event.BasicEventDispatcher.dispatchEvent(BasicEventDispatcher.java:56)
	at javafx.base@21.0.1/com.sun.javafx.event.EventDispatchChainImpl.dispatchEvent(EventDispatchChainImpl.java:114)
	at javafx.base@21.0.1/com.sun.javafx.event.BasicEventDispatcher.dispatchEvent(BasicEventDispatcher.java:56)
	at javafx.base@21.0.1/com.sun.javafx.event.EventDispatchChainImpl.dispatchEvent(EventDispatchChainImpl.java:114)
	at javafx.base@21.0.1/com.sun.javafx.event.EventUtil.fireEventImpl(EventUtil.java:74)
	at javafx.base@21.0.1/com.sun.javafx.event.EventUtil.fireEvent(EventUtil.java:49)
	at javafx.base@21.0.1/javafx.event.Event.fireEvent(Event.java:198)
	at javafx.graphics@21.0.1/javafx.scene.Node.fireEvent(Node.java:8875)
	at javafx.controls@21.0.1/javafx.scene.control.Button.fire(Button.java:203)
	at javafx.controls@21.0.1/com.sun.javafx.scene.control.behavior.ButtonBehavior.mouseReleased(ButtonBehavior.java:207)
	at javafx.controls@21.0.1/com.sun.javafx.scene.control.inputmap.InputMap.handle(InputMap.java:274)
	at javafx.base@21.0.1/com.sun.javafx.event.CompositeEventHandler$NormalEventHandlerRecord.handleBubblingEvent(CompositeEventHandler.java:247)
	at javafx.base@21.0.1/com.sun.javafx.event.CompositeEventHandler.dispatchBubblingEvent(CompositeEventHandler.java:80)
	at javafx.base@21.0.1/com.sun.javafx.event.EventHandlerManager.dispatchBubblingEvent(EventHandlerManager.java:232)
	at javafx.base@21.0.1/com.sun.javafx.event.EventHandlerManager.dispatchBubblingEvent(EventHandlerManager.java:189)
	at javafx.base@21.0.1/com.sun.javafx.event.CompositeEventDispatcher.dispatchBubblingEvent(CompositeEventDispatcher.java:59)
	at javafx.base@21.0.1/com.sun.javafx.event.BasicEventDispatcher.dispatchEvent(BasicEventDispatcher.java:58)
	at javafx.base@21.0.1/com.sun.javafx.event.EventDispatchChainImpl.dispatchEvent(EventDispatchChainImpl.java:114)
	at javafx.base@21.0.1/com.sun.javafx.event.BasicEventDispatcher.dispatchEvent(BasicEventDispatcher.java:56)
	at javafx.base@21.0.1/com.sun.javafx.event.EventDispatchChainImpl.dispatchEvent(EventDispatchChainImpl.java:114)
	at javafx.base@21.0.1/com.sun.javafx.event.BasicEventDispatcher.dispatchEvent(BasicEventDispatcher.java:56)
	at javafx.base@21.0.1/com.sun.javafx.event.EventDispatchChainImpl.dispatchEvent(EventDispatchChainImpl.java:114)
	at javafx.base@21.0.1/com.sun.javafx.event.EventUtil.fireEventImpl(EventUtil.java:74)
	at javafx.base@21.0.1/com.sun.javafx.event.EventUtil.fireEvent(EventUtil.java:54)
	at javafx.base@21.0.1/javafx.event.Event.fireEvent(Event.java:198)
	at javafx.graphics@21.0.1/javafx.scene.Scene$MouseHandler.process(Scene.java:3984)
	at javafx.graphics@21.0.1/javafx.scene.Scene.processMouseEvent(Scene.java:1890)
	at javafx.graphics@21.0.1/javafx.scene.Scene$ScenePeerListener.mouseEvent(Scene.java:2708)
	at javafx.graphics@21.0.1/com.sun.javafx.tk.quantum.GlassViewEventHandler$MouseEventNotification.run(GlassViewEventHandler.java:411)
	at javafx.graphics@21.0.1/com.sun.javafx.tk.quantum.GlassViewEventHandler$MouseEventNotification.run(GlassViewEventHandler.java:301)
	at java.base/java.security.AccessController.doPrivileged(AccessController.java:400)
	at javafx.graphics@21.0.1/com.sun.javafx.tk.quantum.GlassViewEventHandler.lambda$handleMouseEvent$2(GlassViewEventHandler.java:450)
	at javafx.graphics@21.0.1/com.sun.javafx.tk.quantum.QuantumToolkit.runWithoutRenderLock(QuantumToolkit.java:424)
	at javafx.graphics@21.0.1/com.sun.javafx.tk.quantum.GlassViewEventHandler.handleMouseEvent(GlassViewEventHandler.java:449)
	at javafx.graphics@21.0.1/com.sun.glass.ui.View.handleMouseEvent(View.java:551)
	at javafx.graphics@21.0.1/com.sun.glass.ui.View.notifyMouse(View.java:937)
	at javafx.graphics@21.0.1/com.sun.glass.ui.win.WinApplication._runLoop(Native Method)
	at javafx.graphics@21.0.1/com.sun.glass.ui.win.WinApplication.lambda$runLoop$3(WinApplication.java:185)
	at java.base/java.lang.Thread.run(Thread.java:1583)
2025-10-05 19:05:14 [JavaFX Application Thread] INFO  p.c.app.dao.impl.UsuarioDAOImpl - Usuario autenticado exitosamente: 11111111
2025-10-05 19:05:14 [JavaFX Application Thread] INFO  p.c.a.service.AuthenticationService - Usuario autenticado exitosamente: 11111111 - CLIENTE
2025-10-05 19:05:14 [JavaFX Application Thread] INFO  p.c.app.view.LoginController - Usuario autenticado exitosamente: 11111111
2025-10-05 19:05:14 [JavaFX Application Thread] ERROR p.c.app.view.LoginController - Error al cargar la pantalla principal
javafx.fxml.LoadException: Font is not a valid type.
/C:/Users/USER/OneDrive/Escritorio/proyecto_v4.0/target/classes/fxml/cliente/ClienteMainView.fxml:16

	at javafx.fxml@21.0.1/javafx.fxml.FXMLLoader.constructLoadException(FXMLLoader.java:2718)
	at javafx.fxml@21.0.1/javafx.fxml.FXMLLoader.createElement(FXMLLoader.java:2920)
	at javafx.fxml@21.0.1/javafx.fxml.FXMLLoader.processStartElement(FXMLLoader.java:2850)
	at javafx.fxml@21.0.1/javafx.fxml.FXMLLoader.loadImpl(FXMLLoader.java:2649)
	at javafx.fxml@21.0.1/javafx.fxml.FXMLLoader.loadImpl(FXMLLoader.java:2563)
	at javafx.fxml@21.0.1/javafx.fxml.FXMLLoader.load(FXMLLoader.java:2531)
	at pe.crediactiva.app.view.LoginController.redirectToMainScreen(LoginController.java:137)
	at pe.crediactiva.app.view.LoginController.handleLogin(LoginController.java:96)
	at java.base/jdk.internal.reflect.DirectMethodHandleAccessor.invoke(DirectMethodHandleAccessor.java:103)
	at java.base/java.lang.reflect.Method.invoke(Method.java:580)
	at com.sun.javafx.reflect.Trampoline.invoke(MethodUtil.java:72)
	at java.base/jdk.internal.reflect.DirectMethodHandleAccessor.invoke(DirectMethodHandleAccessor.java:103)
	at java.base/java.lang.reflect.Method.invoke(Method.java:580)
	at javafx.base@21.0.1/com.sun.javafx.reflect.MethodUtil.invoke(MethodUtil.java:270)
	at javafx.fxml@21.0.1/com.sun.javafx.fxml.MethodHelper.invoke(MethodHelper.java:84)
	at javafx.fxml@21.0.1/javafx.fxml.FXMLLoader$MethodHandler.invoke(FXMLLoader.java:1855)
	at javafx.fxml@21.0.1/javafx.fxml.FXMLLoader$ControllerMethodEventHandler.handle(FXMLLoader.java:1726)
	at javafx.base@21.0.1/com.sun.javafx.event.CompositeEventHandler.dispatchBubblingEvent(CompositeEventHandler.java:86)
	at javafx.base@21.0.1/com.sun.javafx.event.EventHandlerManager.dispatchBubblingEvent(EventHandlerManager.java:232)
	at javafx.base@21.0.1/com.sun.javafx.event.EventHandlerManager.dispatchBubblingEvent(EventHandlerManager.java:189)
	at javafx.base@21.0.1/com.sun.javafx.event.CompositeEventDispatcher.dispatchBubblingEvent(CompositeEventDispatcher.java:59)
	at javafx.base@21.0.1/com.sun.javafx.event.BasicEventDispatcher.dispatchEvent(BasicEventDispatcher.java:58)
	at javafx.base@21.0.1/com.sun.javafx.event.EventDispatchChainImpl.dispatchEvent(EventDispatchChainImpl.java:114)
	at javafx.base@21.0.1/com.sun.javafx.event.BasicEventDispatcher.dispatchEvent(BasicEventDispatcher.java:56)
	at javafx.base@21.0.1/com.sun.javafx.event.EventDispatchChainImpl.dispatchEvent(EventDispatchChainImpl.java:114)
	at javafx.base@21.0.1/com.sun.javafx.event.BasicEventDispatcher.dispatchEvent(BasicEventDispatcher.java:56)
	at javafx.base@21.0.1/com.sun.javafx.event.EventDispatchChainImpl.dispatchEvent(EventDispatchChainImpl.java:114)
	at javafx.base@21.0.1/com.sun.javafx.event.EventUtil.fireEventImpl(EventUtil.java:74)
	at javafx.base@21.0.1/com.sun.javafx.event.EventUtil.fireEvent(EventUtil.java:49)
	at javafx.base@21.0.1/javafx.event.Event.fireEvent(Event.java:198)
	at javafx.graphics@21.0.1/javafx.scene.Node.fireEvent(Node.java:8875)
	at javafx.controls@21.0.1/javafx.scene.control.Button.fire(Button.java:203)
	at javafx.controls@21.0.1/com.sun.javafx.scene.control.behavior.ButtonBehavior.mouseReleased(ButtonBehavior.java:207)
	at javafx.controls@21.0.1/com.sun.javafx.scene.control.inputmap.InputMap.handle(InputMap.java:274)
	at javafx.base@21.0.1/com.sun.javafx.event.CompositeEventHandler$NormalEventHandlerRecord.handleBubblingEvent(CompositeEventHandler.java:247)
	at javafx.base@21.0.1/com.sun.javafx.event.CompositeEventHandler.dispatchBubblingEvent(CompositeEventHandler.java:80)
	at javafx.base@21.0.1/com.sun.javafx.event.EventHandlerManager.dispatchBubblingEvent(EventHandlerManager.java:232)
	at javafx.base@21.0.1/com.sun.javafx.event.EventHandlerManager.dispatchBubblingEvent(EventHandlerManager.java:189)
	at javafx.base@21.0.1/com.sun.javafx.event.CompositeEventDispatcher.dispatchBubblingEvent(CompositeEventDispatcher.java:59)
	at javafx.base@21.0.1/com.sun.javafx.event.BasicEventDispatcher.dispatchEvent(BasicEventDispatcher.java:58)
	at javafx.base@21.0.1/com.sun.javafx.event.EventDispatchChainImpl.dispatchEvent(EventDispatchChainImpl.java:114)
	at javafx.base@21.0.1/com.sun.javafx.event.BasicEventDispatcher.dispatchEvent(BasicEventDispatcher.java:56)
	at javafx.base@21.0.1/com.sun.javafx.event.EventDispatchChainImpl.dispatchEvent(EventDispatchChainImpl.java:114)
	at javafx.base@21.0.1/com.sun.javafx.event.BasicEventDispatcher.dispatchEvent(BasicEventDispatcher.java:56)
	at javafx.base@21.0.1/com.sun.javafx.event.EventDispatchChainImpl.dispatchEvent(EventDispatchChainImpl.java:114)
	at javafx.base@21.0.1/com.sun.javafx.event.EventUtil.fireEventImpl(EventUtil.java:74)
	at javafx.base@21.0.1/com.sun.javafx.event.EventUtil.fireEvent(EventUtil.java:54)
	at javafx.base@21.0.1/javafx.event.Event.fireEvent(Event.java:198)
	at javafx.graphics@21.0.1/javafx.scene.Scene$MouseHandler.process(Scene.java:3984)
	at javafx.graphics@21.0.1/javafx.scene.Scene.processMouseEvent(Scene.java:1890)
	at javafx.graphics@21.0.1/javafx.scene.Scene$ScenePeerListener.mouseEvent(Scene.java:2708)
	at javafx.graphics@21.0.1/com.sun.javafx.tk.quantum.GlassViewEventHandler$MouseEventNotification.run(GlassViewEventHandler.java:411)
	at javafx.graphics@21.0.1/com.sun.javafx.tk.quantum.GlassViewEventHandler$MouseEventNotification.run(GlassViewEventHandler.java:301)
	at java.base/java.security.AccessController.doPrivileged(AccessController.java:400)
	at javafx.graphics@21.0.1/com.sun.javafx.tk.quantum.GlassViewEventHandler.lambda$handleMouseEvent$2(GlassViewEventHandler.java:450)
	at javafx.graphics@21.0.1/com.sun.javafx.tk.quantum.QuantumToolkit.runWithoutRenderLock(QuantumToolkit.java:424)
	at javafx.graphics@21.0.1/com.sun.javafx.tk.quantum.GlassViewEventHandler.handleMouseEvent(GlassViewEventHandler.java:449)
	at javafx.graphics@21.0.1/com.sun.glass.ui.View.handleMouseEvent(View.java:551)
	at javafx.graphics@21.0.1/com.sun.glass.ui.View.notifyMouse(View.java:937)
	at javafx.graphics@21.0.1/com.sun.glass.ui.win.WinApplication._runLoop(Native Method)
	at javafx.graphics@21.0.1/com.sun.glass.ui.win.WinApplication.lambda$runLoop$3(WinApplication.java:185)
	at java.base/java.lang.Thread.run(Thread.java:1583)
2025-10-05 19:06:41 [JavaFX Application Thread] INFO  p.c.app.config.DatabaseConfig - Pool de conexiones cerrado correctamente
2025-10-05 19:06:41 [JavaFX Application Thread] INFO  pe.crediactiva.app.Main - Aplicación CrediActiva cerrada
2025-10-05 19:07:55 [main] INFO  pe.crediactiva.app.Main - Iniciando aplicación CrediActiva Desktop v1.0.0
2025-10-05 19:07:55 [JavaFX Application Thread] INFO  pe.crediactiva.app.Main - Icono no encontrado, continuando sin icono
2025-10-05 19:07:55 [JavaFX Application Thread] INFO  p.c.app.config.DatabaseConfig - Propiedades de base de datos cargadas correctamente
2025-10-05 19:07:55 [JavaFX Application Thread] INFO  p.c.app.config.DatabaseConfig - Pool de conexiones HikariCP inicializado correctamente
2025-10-05 19:07:56 [JavaFX Application Thread] INFO  pe.crediactiva.app.Main - Aplicación CrediActiva iniciada correctamente
2025-10-05 19:08:08 [JavaFX Application Thread] INFO  p.c.app.dao.impl.UsuarioDAOImpl - Usuario autenticado exitosamente: 11111111
2025-10-05 19:08:08 [JavaFX Application Thread] INFO  p.c.a.service.AuthenticationService - Usuario autenticado exitosamente: 11111111 - CLIENTE
2025-10-05 19:08:08 [JavaFX Application Thread] INFO  p.c.app.view.LoginController - Usuario autenticado exitosamente: 11111111
2025-10-05 19:08:08 [JavaFX Application Thread] ERROR p.c.app.view.LoginController - Error al cargar la pantalla principal
javafx.fxml.LoadException: GroupBox is not a valid type.
/C:/Users/USER/OneDrive/Escritorio/proyecto_v4.0/target/classes/fxml/cliente/ClienteMainView.fxml:68

	at javafx.fxml@21.0.1/javafx.fxml.FXMLLoader.constructLoadException(FXMLLoader.java:2718)
	at javafx.fxml@21.0.1/javafx.fxml.FXMLLoader.createElement(FXMLLoader.java:2920)
	at javafx.fxml@21.0.1/javafx.fxml.FXMLLoader.processStartElement(FXMLLoader.java:2850)
	at javafx.fxml@21.0.1/javafx.fxml.FXMLLoader.loadImpl(FXMLLoader.java:2649)
	at javafx.fxml@21.0.1/javafx.fxml.FXMLLoader.loadImpl(FXMLLoader.java:2563)
	at javafx.fxml@21.0.1/javafx.fxml.FXMLLoader.load(FXMLLoader.java:2531)
	at pe.crediactiva.app.view.LoginController.redirectToMainScreen(LoginController.java:137)
	at pe.crediactiva.app.view.LoginController.handleLogin(LoginController.java:96)
	at java.base/jdk.internal.reflect.DirectMethodHandleAccessor.invoke(DirectMethodHandleAccessor.java:103)
	at java.base/java.lang.reflect.Method.invoke(Method.java:580)
	at com.sun.javafx.reflect.Trampoline.invoke(MethodUtil.java:72)
	at java.base/jdk.internal.reflect.DirectMethodHandleAccessor.invoke(DirectMethodHandleAccessor.java:103)
	at java.base/java.lang.reflect.Method.invoke(Method.java:580)
	at javafx.base@21.0.1/com.sun.javafx.reflect.MethodUtil.invoke(MethodUtil.java:270)
	at javafx.fxml@21.0.1/com.sun.javafx.fxml.MethodHelper.invoke(MethodHelper.java:84)
	at javafx.fxml@21.0.1/javafx.fxml.FXMLLoader$MethodHandler.invoke(FXMLLoader.java:1855)
	at javafx.fxml@21.0.1/javafx.fxml.FXMLLoader$ControllerMethodEventHandler.handle(FXMLLoader.java:1726)
	at javafx.base@21.0.1/com.sun.javafx.event.CompositeEventHandler.dispatchBubblingEvent(CompositeEventHandler.java:86)
	at javafx.base@21.0.1/com.sun.javafx.event.EventHandlerManager.dispatchBubblingEvent(EventHandlerManager.java:232)
	at javafx.base@21.0.1/com.sun.javafx.event.EventHandlerManager.dispatchBubblingEvent(EventHandlerManager.java:189)
	at javafx.base@21.0.1/com.sun.javafx.event.CompositeEventDispatcher.dispatchBubblingEvent(CompositeEventDispatcher.java:59)
	at javafx.base@21.0.1/com.sun.javafx.event.BasicEventDispatcher.dispatchEvent(BasicEventDispatcher.java:58)
	at javafx.base@21.0.1/com.sun.javafx.event.EventDispatchChainImpl.dispatchEvent(EventDispatchChainImpl.java:114)
	at javafx.base@21.0.1/com.sun.javafx.event.BasicEventDispatcher.dispatchEvent(BasicEventDispatcher.java:56)
	at javafx.base@21.0.1/com.sun.javafx.event.EventDispatchChainImpl.dispatchEvent(EventDispatchChainImpl.java:114)
	at javafx.base@21.0.1/com.sun.javafx.event.BasicEventDispatcher.dispatchEvent(BasicEventDispatcher.java:56)
	at javafx.base@21.0.1/com.sun.javafx.event.EventDispatchChainImpl.dispatchEvent(EventDispatchChainImpl.java:114)
	at javafx.base@21.0.1/com.sun.javafx.event.EventUtil.fireEventImpl(EventUtil.java:74)
	at javafx.base@21.0.1/com.sun.javafx.event.EventUtil.fireEvent(EventUtil.java:49)
	at javafx.base@21.0.1/javafx.event.Event.fireEvent(Event.java:198)
	at javafx.graphics@21.0.1/javafx.scene.Node.fireEvent(Node.java:8875)
	at javafx.controls@21.0.1/javafx.scene.control.Button.fire(Button.java:203)
	at javafx.controls@21.0.1/com.sun.javafx.scene.control.behavior.ButtonBehavior.mouseReleased(ButtonBehavior.java:207)
	at javafx.controls@21.0.1/com.sun.javafx.scene.control.inputmap.InputMap.handle(InputMap.java:274)
	at javafx.base@21.0.1/com.sun.javafx.event.CompositeEventHandler$NormalEventHandlerRecord.handleBubblingEvent(CompositeEventHandler.java:247)
	at javafx.base@21.0.1/com.sun.javafx.event.CompositeEventHandler.dispatchBubblingEvent(CompositeEventHandler.java:80)
	at javafx.base@21.0.1/com.sun.javafx.event.EventHandlerManager.dispatchBubblingEvent(EventHandlerManager.java:232)
	at javafx.base@21.0.1/com.sun.javafx.event.EventHandlerManager.dispatchBubblingEvent(EventHandlerManager.java:189)
	at javafx.base@21.0.1/com.sun.javafx.event.CompositeEventDispatcher.dispatchBubblingEvent(CompositeEventDispatcher.java:59)
	at javafx.base@21.0.1/com.sun.javafx.event.BasicEventDispatcher.dispatchEvent(BasicEventDispatcher.java:58)
	at javafx.base@21.0.1/com.sun.javafx.event.EventDispatchChainImpl.dispatchEvent(EventDispatchChainImpl.java:114)
	at javafx.base@21.0.1/com.sun.javafx.event.BasicEventDispatcher.dispatchEvent(BasicEventDispatcher.java:56)
	at javafx.base@21.0.1/com.sun.javafx.event.EventDispatchChainImpl.dispatchEvent(EventDispatchChainImpl.java:114)
	at javafx.base@21.0.1/com.sun.javafx.event.BasicEventDispatcher.dispatchEvent(BasicEventDispatcher.java:56)
	at javafx.base@21.0.1/com.sun.javafx.event.EventDispatchChainImpl.dispatchEvent(EventDispatchChainImpl.java:114)
	at javafx.base@21.0.1/com.sun.javafx.event.EventUtil.fireEventImpl(EventUtil.java:74)
	at javafx.base@21.0.1/com.sun.javafx.event.EventUtil.fireEvent(EventUtil.java:54)
	at javafx.base@21.0.1/javafx.event.Event.fireEvent(Event.java:198)
	at javafx.graphics@21.0.1/javafx.scene.Scene$MouseHandler.process(Scene.java:3984)
	at javafx.graphics@21.0.1/javafx.scene.Scene.processMouseEvent(Scene.java:1890)
	at javafx.graphics@21.0.1/javafx.scene.Scene$ScenePeerListener.mouseEvent(Scene.java:2708)
	at javafx.graphics@21.0.1/com.sun.javafx.tk.quantum.GlassViewEventHandler$MouseEventNotification.run(GlassViewEventHandler.java:411)
	at javafx.graphics@21.0.1/com.sun.javafx.tk.quantum.GlassViewEventHandler$MouseEventNotification.run(GlassViewEventHandler.java:301)
	at java.base/java.security.AccessController.doPrivileged(AccessController.java:400)
	at javafx.graphics@21.0.1/com.sun.javafx.tk.quantum.GlassViewEventHandler.lambda$handleMouseEvent$2(GlassViewEventHandler.java:450)
	at javafx.graphics@21.0.1/com.sun.javafx.tk.quantum.QuantumToolkit.runWithoutRenderLock(QuantumToolkit.java:424)
	at javafx.graphics@21.0.1/com.sun.javafx.tk.quantum.GlassViewEventHandler.handleMouseEvent(GlassViewEventHandler.java:449)
	at javafx.graphics@21.0.1/com.sun.glass.ui.View.handleMouseEvent(View.java:551)
	at javafx.graphics@21.0.1/com.sun.glass.ui.View.notifyMouse(View.java:937)
	at javafx.graphics@21.0.1/com.sun.glass.ui.win.WinApplication._runLoop(Native Method)
	at javafx.graphics@21.0.1/com.sun.glass.ui.win.WinApplication.lambda$runLoop$3(WinApplication.java:185)
	at java.base/java.lang.Thread.run(Thread.java:1583)
2025-10-05 19:08:34 [JavaFX Application Thread] INFO  p.c.app.config.DatabaseConfig - Pool de conexiones cerrado correctamente
2025-10-05 19:08:34 [JavaFX Application Thread] INFO  pe.crediactiva.app.Main - Aplicación CrediActiva cerrada
2025-10-05 19:10:07 [main] INFO  pe.crediactiva.app.Main - Iniciando aplicación CrediActiva Desktop v1.0.0
2025-10-05 19:10:07 [JavaFX Application Thread] INFO  pe.crediactiva.app.Main - Icono no encontrado, continuando sin icono
2025-10-05 19:10:07 [JavaFX Application Thread] INFO  p.c.app.config.DatabaseConfig - Propiedades de base de datos cargadas correctamente
2025-10-05 19:10:08 [JavaFX Application Thread] INFO  p.c.app.config.DatabaseConfig - Pool de conexiones HikariCP inicializado correctamente
2025-10-05 19:10:08 [JavaFX Application Thread] INFO  pe.crediactiva.app.Main - Aplicación CrediActiva iniciada correctamente
2025-10-05 19:10:28 [JavaFX Application Thread] INFO  p.c.app.dao.impl.UsuarioDAOImpl - Usuario autenticado exitosamente: 11111111
2025-10-05 19:10:28 [JavaFX Application Thread] INFO  p.c.a.service.AuthenticationService - Usuario autenticado exitosamente: 11111111 - CLIENTE
2025-10-05 19:10:28 [JavaFX Application Thread] INFO  p.c.app.view.LoginController - Usuario autenticado exitosamente: 11111111
2025-10-05 19:10:28 [JavaFX Application Thread] ERROR p.c.app.view.LoginController - Error al cargar la pantalla principal
javafx.fxml.LoadException: GroupBox is not a valid type.
/C:/Users/USER/OneDrive/Escritorio/proyecto_v4.0/target/classes/fxml/cliente/ClienteMainView.fxml:68

	at javafx.fxml@21.0.1/javafx.fxml.FXMLLoader.constructLoadException(FXMLLoader.java:2718)
	at javafx.fxml@21.0.1/javafx.fxml.FXMLLoader.createElement(FXMLLoader.java:2920)
	at javafx.fxml@21.0.1/javafx.fxml.FXMLLoader.processStartElement(FXMLLoader.java:2850)
	at javafx.fxml@21.0.1/javafx.fxml.FXMLLoader.loadImpl(FXMLLoader.java:2649)
	at javafx.fxml@21.0.1/javafx.fxml.FXMLLoader.loadImpl(FXMLLoader.java:2563)
	at javafx.fxml@21.0.1/javafx.fxml.FXMLLoader.load(FXMLLoader.java:2531)
	at pe.crediactiva.app.view.LoginController.redirectToMainScreen(LoginController.java:137)
	at pe.crediactiva.app.view.LoginController.handleLogin(LoginController.java:96)
	at java.base/jdk.internal.reflect.DirectMethodHandleAccessor.invoke(DirectMethodHandleAccessor.java:103)
	at java.base/java.lang.reflect.Method.invoke(Method.java:580)
	at com.sun.javafx.reflect.Trampoline.invoke(MethodUtil.java:72)
	at java.base/jdk.internal.reflect.DirectMethodHandleAccessor.invoke(DirectMethodHandleAccessor.java:103)
	at java.base/java.lang.reflect.Method.invoke(Method.java:580)
	at javafx.base@21.0.1/com.sun.javafx.reflect.MethodUtil.invoke(MethodUtil.java:270)
	at javafx.fxml@21.0.1/com.sun.javafx.fxml.MethodHelper.invoke(MethodHelper.java:84)
	at javafx.fxml@21.0.1/javafx.fxml.FXMLLoader$MethodHandler.invoke(FXMLLoader.java:1855)
	at javafx.fxml@21.0.1/javafx.fxml.FXMLLoader$ControllerMethodEventHandler.handle(FXMLLoader.java:1726)
	at javafx.base@21.0.1/com.sun.javafx.event.CompositeEventHandler.dispatchBubblingEvent(CompositeEventHandler.java:86)
	at javafx.base@21.0.1/com.sun.javafx.event.EventHandlerManager.dispatchBubblingEvent(EventHandlerManager.java:232)
	at javafx.base@21.0.1/com.sun.javafx.event.EventHandlerManager.dispatchBubblingEvent(EventHandlerManager.java:189)
	at javafx.base@21.0.1/com.sun.javafx.event.CompositeEventDispatcher.dispatchBubblingEvent(CompositeEventDispatcher.java:59)
	at javafx.base@21.0.1/com.sun.javafx.event.BasicEventDispatcher.dispatchEvent(BasicEventDispatcher.java:58)
	at javafx.base@21.0.1/com.sun.javafx.event.EventDispatchChainImpl.dispatchEvent(EventDispatchChainImpl.java:114)
	at javafx.base@21.0.1/com.sun.javafx.event.BasicEventDispatcher.dispatchEvent(BasicEventDispatcher.java:56)
	at javafx.base@21.0.1/com.sun.javafx.event.EventDispatchChainImpl.dispatchEvent(EventDispatchChainImpl.java:114)
	at javafx.base@21.0.1/com.sun.javafx.event.BasicEventDispatcher.dispatchEvent(BasicEventDispatcher.java:56)
	at javafx.base@21.0.1/com.sun.javafx.event.EventDispatchChainImpl.dispatchEvent(EventDispatchChainImpl.java:114)
	at javafx.base@21.0.1/com.sun.javafx.event.EventUtil.fireEventImpl(EventUtil.java:74)
	at javafx.base@21.0.1/com.sun.javafx.event.EventUtil.fireEvent(EventUtil.java:49)
	at javafx.base@21.0.1/javafx.event.Event.fireEvent(Event.java:198)
	at javafx.graphics@21.0.1/javafx.scene.Node.fireEvent(Node.java:8875)
	at javafx.controls@21.0.1/javafx.scene.control.Button.fire(Button.java:203)
	at javafx.controls@21.0.1/com.sun.javafx.scene.control.behavior.ButtonBehavior.mouseReleased(ButtonBehavior.java:207)
	at javafx.controls@21.0.1/com.sun.javafx.scene.control.inputmap.InputMap.handle(InputMap.java:274)
	at javafx.base@21.0.1/com.sun.javafx.event.CompositeEventHandler$NormalEventHandlerRecord.handleBubblingEvent(CompositeEventHandler.java:247)
	at javafx.base@21.0.1/com.sun.javafx.event.CompositeEventHandler.dispatchBubblingEvent(CompositeEventHandler.java:80)
	at javafx.base@21.0.1/com.sun.javafx.event.EventHandlerManager.dispatchBubblingEvent(EventHandlerManager.java:232)
	at javafx.base@21.0.1/com.sun.javafx.event.EventHandlerManager.dispatchBubblingEvent(EventHandlerManager.java:189)
	at javafx.base@21.0.1/com.sun.javafx.event.CompositeEventDispatcher.dispatchBubblingEvent(CompositeEventDispatcher.java:59)
	at javafx.base@21.0.1/com.sun.javafx.event.BasicEventDispatcher.dispatchEvent(BasicEventDispatcher.java:58)
	at javafx.base@21.0.1/com.sun.javafx.event.EventDispatchChainImpl.dispatchEvent(EventDispatchChainImpl.java:114)
	at javafx.base@21.0.1/com.sun.javafx.event.BasicEventDispatcher.dispatchEvent(BasicEventDispatcher.java:56)
	at javafx.base@21.0.1/com.sun.javafx.event.EventDispatchChainImpl.dispatchEvent(EventDispatchChainImpl.java:114)
	at javafx.base@21.0.1/com.sun.javafx.event.BasicEventDispatcher.dispatchEvent(BasicEventDispatcher.java:56)
	at javafx.base@21.0.1/com.sun.javafx.event.EventDispatchChainImpl.dispatchEvent(EventDispatchChainImpl.java:114)
	at javafx.base@21.0.1/com.sun.javafx.event.EventUtil.fireEventImpl(EventUtil.java:74)
	at javafx.base@21.0.1/com.sun.javafx.event.EventUtil.fireEvent(EventUtil.java:54)
	at javafx.base@21.0.1/javafx.event.Event.fireEvent(Event.java:198)
	at javafx.graphics@21.0.1/javafx.scene.Scene$MouseHandler.process(Scene.java:3984)
	at javafx.graphics@21.0.1/javafx.scene.Scene.processMouseEvent(Scene.java:1890)
	at javafx.graphics@21.0.1/javafx.scene.Scene$ScenePeerListener.mouseEvent(Scene.java:2708)
	at javafx.graphics@21.0.1/com.sun.javafx.tk.quantum.GlassViewEventHandler$MouseEventNotification.run(GlassViewEventHandler.java:411)
	at javafx.graphics@21.0.1/com.sun.javafx.tk.quantum.GlassViewEventHandler$MouseEventNotification.run(GlassViewEventHandler.java:301)
	at java.base/java.security.AccessController.doPrivileged(AccessController.java:400)
	at javafx.graphics@21.0.1/com.sun.javafx.tk.quantum.GlassViewEventHandler.lambda$handleMouseEvent$2(GlassViewEventHandler.java:450)
	at javafx.graphics@21.0.1/com.sun.javafx.tk.quantum.QuantumToolkit.runWithoutRenderLock(QuantumToolkit.java:424)
	at javafx.graphics@21.0.1/com.sun.javafx.tk.quantum.GlassViewEventHandler.handleMouseEvent(GlassViewEventHandler.java:449)
	at javafx.graphics@21.0.1/com.sun.glass.ui.View.handleMouseEvent(View.java:551)
	at javafx.graphics@21.0.1/com.sun.glass.ui.View.notifyMouse(View.java:937)
	at javafx.graphics@21.0.1/com.sun.glass.ui.win.WinApplication._runLoop(Native Method)
	at javafx.graphics@21.0.1/com.sun.glass.ui.win.WinApplication.lambda$runLoop$3(WinApplication.java:185)
	at java.base/java.lang.Thread.run(Thread.java:1583)
2025-10-05 19:12:21 [main] INFO  pe.crediactiva.app.Main - Iniciando aplicación CrediActiva Desktop v1.0.0
2025-10-05 19:12:21 [JavaFX Application Thread] INFO  pe.crediactiva.app.Main - Icono no encontrado, continuando sin icono
2025-10-05 19:12:21 [JavaFX Application Thread] INFO  p.c.app.config.DatabaseConfig - Propiedades de base de datos cargadas correctamente
2025-10-05 19:12:21 [JavaFX Application Thread] INFO  p.c.app.config.DatabaseConfig - Pool de conexiones HikariCP inicializado correctamente
2025-10-05 19:12:22 [JavaFX Application Thread] INFO  pe.crediactiva.app.Main - Aplicación CrediActiva iniciada correctamente
2025-10-05 19:12:35 [JavaFX Application Thread] INFO  p.c.app.dao.impl.UsuarioDAOImpl - Usuario autenticado exitosamente: 11111111
2025-10-05 19:12:35 [JavaFX Application Thread] INFO  p.c.a.service.AuthenticationService - Usuario autenticado exitosamente: 11111111 - CLIENTE
2025-10-05 19:12:35 [JavaFX Application Thread] INFO  p.c.app.view.LoginController - Usuario autenticado exitosamente: 11111111
2025-10-05 19:12:35 [JavaFX Application Thread] ERROR p.c.app.view.LoginController - Error al cargar la pantalla principal
javafx.fxml.LoadException: GroupBox is not a valid type.
/C:/Users/USER/OneDrive/Escritorio/proyecto_v4.0/target/classes/fxml/cliente/ClienteMainView.fxml:68

	at javafx.fxml@21.0.1/javafx.fxml.FXMLLoader.constructLoadException(FXMLLoader.java:2718)
	at javafx.fxml@21.0.1/javafx.fxml.FXMLLoader.createElement(FXMLLoader.java:2920)
	at javafx.fxml@21.0.1/javafx.fxml.FXMLLoader.processStartElement(FXMLLoader.java:2850)
	at javafx.fxml@21.0.1/javafx.fxml.FXMLLoader.loadImpl(FXMLLoader.java:2649)
	at javafx.fxml@21.0.1/javafx.fxml.FXMLLoader.loadImpl(FXMLLoader.java:2563)
	at javafx.fxml@21.0.1/javafx.fxml.FXMLLoader.load(FXMLLoader.java:2531)
	at pe.crediactiva.app.view.LoginController.redirectToMainScreen(LoginController.java:137)
	at pe.crediactiva.app.view.LoginController.handleLogin(LoginController.java:96)
	at pe.crediactiva.app.view.LoginController.lambda$initialize$0(LoginController.java:50)
	at javafx.base@21.0.1/com.sun.javafx.event.CompositeEventHandler.dispatchBubblingEvent(CompositeEventHandler.java:86)
	at javafx.base@21.0.1/com.sun.javafx.event.EventHandlerManager.dispatchBubblingEvent(EventHandlerManager.java:232)
	at javafx.base@21.0.1/com.sun.javafx.event.EventHandlerManager.dispatchBubblingEvent(EventHandlerManager.java:189)
	at javafx.base@21.0.1/com.sun.javafx.event.CompositeEventDispatcher.dispatchBubblingEvent(CompositeEventDispatcher.java:59)
	at javafx.base@21.0.1/com.sun.javafx.event.BasicEventDispatcher.dispatchEvent(BasicEventDispatcher.java:58)
	at javafx.base@21.0.1/com.sun.javafx.event.EventDispatchChainImpl.dispatchEvent(EventDispatchChainImpl.java:114)
	at javafx.base@21.0.1/com.sun.javafx.event.BasicEventDispatcher.dispatchEvent(BasicEventDispatcher.java:56)
	at javafx.base@21.0.1/com.sun.javafx.event.EventDispatchChainImpl.dispatchEvent(EventDispatchChainImpl.java:114)
	at javafx.base@21.0.1/com.sun.javafx.event.BasicEventDispatcher.dispatchEvent(BasicEventDispatcher.java:56)
	at javafx.base@21.0.1/com.sun.javafx.event.EventDispatchChainImpl.dispatchEvent(EventDispatchChainImpl.java:114)
	at javafx.base@21.0.1/com.sun.javafx.event.EventUtil.fireEventImpl(EventUtil.java:74)
	at javafx.base@21.0.1/com.sun.javafx.event.EventUtil.fireEvent(EventUtil.java:49)
	at javafx.base@21.0.1/javafx.event.Event.fireEvent(Event.java:198)
	at javafx.graphics@21.0.1/javafx.scene.Node.fireEvent(Node.java:8875)
	at javafx.controls@21.0.1/com.sun.javafx.scene.control.behavior.TextFieldBehavior.fire(TextFieldBehavior.java:161)
	at javafx.controls@21.0.1/com.sun.javafx.scene.control.behavior.TextInputControlBehavior.lambda$keyMapping$62(TextInputControlBehavior.java:344)
	at javafx.controls@21.0.1/com.sun.javafx.scene.control.inputmap.InputMap.handle(InputMap.java:274)
	at javafx.base@21.0.1/com.sun.javafx.event.CompositeEventHandler$NormalEventHandlerRecord.handleBubblingEvent(CompositeEventHandler.java:247)
	at javafx.base@21.0.1/com.sun.javafx.event.CompositeEventHandler.dispatchBubblingEvent(CompositeEventHandler.java:80)
	at javafx.base@21.0.1/com.sun.javafx.event.EventHandlerManager.dispatchBubblingEvent(EventHandlerManager.java:232)
	at javafx.base@21.0.1/com.sun.javafx.event.EventHandlerManager.dispatchBubblingEvent(EventHandlerManager.java:189)
	at javafx.base@21.0.1/com.sun.javafx.event.CompositeEventDispatcher.dispatchBubblingEvent(CompositeEventDispatcher.java:59)
	at javafx.base@21.0.1/com.sun.javafx.event.BasicEventDispatcher.dispatchEvent(BasicEventDispatcher.java:58)
	at javafx.base@21.0.1/com.sun.javafx.event.EventDispatchChainImpl.dispatchEvent(EventDispatchChainImpl.java:114)
	at javafx.base@21.0.1/com.sun.javafx.event.BasicEventDispatcher.dispatchEvent(BasicEventDispatcher.java:56)
	at javafx.base@21.0.1/com.sun.javafx.event.EventDispatchChainImpl.dispatchEvent(EventDispatchChainImpl.java:114)
	at javafx.base@21.0.1/com.sun.javafx.event.BasicEventDispatcher.dispatchEvent(BasicEventDispatcher.java:56)
	at javafx.base@21.0.1/com.sun.javafx.event.EventDispatchChainImpl.dispatchEvent(EventDispatchChainImpl.java:114)
	at javafx.base@21.0.1/com.sun.javafx.event.EventUtil.fireEventImpl(EventUtil.java:74)
	at javafx.base@21.0.1/com.sun.javafx.event.EventUtil.fireEvent(EventUtil.java:54)
	at javafx.base@21.0.1/javafx.event.Event.fireEvent(Event.java:198)
	at javafx.graphics@21.0.1/javafx.scene.Scene.processKeyEvent(Scene.java:2194)
	at javafx.graphics@21.0.1/javafx.scene.Scene$ScenePeerListener.keyEvent(Scene.java:2715)
	at javafx.graphics@21.0.1/com.sun.javafx.tk.quantum.GlassViewEventHandler$KeyEventNotification.run(GlassViewEventHandler.java:218)
	at javafx.graphics@21.0.1/com.sun.javafx.tk.quantum.GlassViewEventHandler$KeyEventNotification.run(GlassViewEventHandler.java:150)
	at java.base/java.security.AccessController.doPrivileged(AccessController.java:400)
	at javafx.graphics@21.0.1/com.sun.javafx.tk.quantum.GlassViewEventHandler.lambda$handleKeyEvent$1(GlassViewEventHandler.java:250)
	at javafx.graphics@21.0.1/com.sun.javafx.tk.quantum.QuantumToolkit.runWithoutRenderLock(QuantumToolkit.java:424)
	at javafx.graphics@21.0.1/com.sun.javafx.tk.quantum.GlassViewEventHandler.handleKeyEvent(GlassViewEventHandler.java:249)
	at javafx.graphics@21.0.1/com.sun.glass.ui.View.handleKeyEvent(View.java:542)
	at javafx.graphics@21.0.1/com.sun.glass.ui.View.notifyKey(View.java:966)
	at javafx.graphics@21.0.1/com.sun.glass.ui.win.WinApplication._runLoop(Native Method)
	at javafx.graphics@21.0.1/com.sun.glass.ui.win.WinApplication.lambda$runLoop$3(WinApplication.java:185)
	at java.base/java.lang.Thread.run(Thread.java:1583)
2025-10-05 19:12:46 [JavaFX Application Thread] INFO  p.c.app.dao.impl.UsuarioDAOImpl - Usuario autenticado exitosamente: 99999999
2025-10-05 19:12:46 [JavaFX Application Thread] INFO  p.c.a.service.AuthenticationService - Usuario autenticado exitosamente: 99999999 - ADMIN
2025-10-05 19:12:46 [JavaFX Application Thread] INFO  p.c.app.view.LoginController - Usuario autenticado exitosamente: 99999999
2025-10-05 19:12:46 [JavaFX Application Thread] INFO  p.c.app.view.LoginController - Usuario redirigido a pantalla principal: ADMIN
2025-10-05 19:12:50 [JavaFX Application Thread] INFO  p.c.app.config.DatabaseConfig - Pool de conexiones cerrado correctamente
2025-10-05 19:12:50 [JavaFX Application Thread] INFO  pe.crediactiva.app.Main - Aplicación CrediActiva cerrada
2025-10-05 19:13:35 [JavaFX Application Thread] INFO  p.c.app.config.DatabaseConfig - Pool de conexiones cerrado correctamente
2025-10-05 19:13:35 [JavaFX Application Thread] INFO  pe.crediactiva.app.Main - Aplicación CrediActiva cerrada
2025-10-05 19:15:03 [main] INFO  pe.crediactiva.app.Main - Iniciando aplicación CrediActiva Desktop v1.0.0
2025-10-05 19:15:03 [JavaFX Application Thread] INFO  pe.crediactiva.app.Main - Icono no encontrado, continuando sin icono
2025-10-05 19:15:03 [JavaFX Application Thread] INFO  p.c.app.config.DatabaseConfig - Propiedades de base de datos cargadas correctamente
2025-10-05 19:15:03 [JavaFX Application Thread] INFO  p.c.app.config.DatabaseConfig - Pool de conexiones HikariCP inicializado correctamente
2025-10-05 19:15:04 [JavaFX Application Thread] INFO  pe.crediactiva.app.Main - Aplicación CrediActiva iniciada correctamente
2025-10-05 19:15:16 [JavaFX Application Thread] INFO  p.c.app.dao.impl.UsuarioDAOImpl - Usuario autenticado exitosamente: 11111111
2025-10-05 19:15:16 [JavaFX Application Thread] INFO  p.c.a.service.AuthenticationService - Usuario autenticado exitosamente: 11111111 - CLIENTE
2025-10-05 19:15:16 [JavaFX Application Thread] INFO  p.c.app.view.LoginController - Usuario autenticado exitosamente: 11111111
2025-10-05 19:15:16 [JavaFX Application Thread] ERROR p.c.app.view.LoginController - Error al cargar la pantalla principal
javafx.fxml.LoadException: GroupBox is not a valid type.
/C:/Users/USER/OneDrive/Escritorio/proyecto_v4.0/target/classes/fxml/cliente/ClienteMainView.fxml:68

	at javafx.fxml@21.0.1/javafx.fxml.FXMLLoader.constructLoadException(FXMLLoader.java:2718)
	at javafx.fxml@21.0.1/javafx.fxml.FXMLLoader.createElement(FXMLLoader.java:2920)
	at javafx.fxml@21.0.1/javafx.fxml.FXMLLoader.processStartElement(FXMLLoader.java:2850)
	at javafx.fxml@21.0.1/javafx.fxml.FXMLLoader.loadImpl(FXMLLoader.java:2649)
	at javafx.fxml@21.0.1/javafx.fxml.FXMLLoader.loadImpl(FXMLLoader.java:2563)
	at javafx.fxml@21.0.1/javafx.fxml.FXMLLoader.load(FXMLLoader.java:2531)
	at pe.crediactiva.app.view.LoginController.redirectToMainScreen(LoginController.java:137)
	at pe.crediactiva.app.view.LoginController.handleLogin(LoginController.java:96)
	at java.base/jdk.internal.reflect.DirectMethodHandleAccessor.invoke(DirectMethodHandleAccessor.java:103)
	at java.base/java.lang.reflect.Method.invoke(Method.java:580)
	at com.sun.javafx.reflect.Trampoline.invoke(MethodUtil.java:72)
	at java.base/jdk.internal.reflect.DirectMethodHandleAccessor.invoke(DirectMethodHandleAccessor.java:103)
	at java.base/java.lang.reflect.Method.invoke(Method.java:580)
	at javafx.base@21.0.1/com.sun.javafx.reflect.MethodUtil.invoke(MethodUtil.java:270)
	at javafx.fxml@21.0.1/com.sun.javafx.fxml.MethodHelper.invoke(MethodHelper.java:84)
	at javafx.fxml@21.0.1/javafx.fxml.FXMLLoader$MethodHandler.invoke(FXMLLoader.java:1855)
	at javafx.fxml@21.0.1/javafx.fxml.FXMLLoader$ControllerMethodEventHandler.handle(FXMLLoader.java:1726)
	at javafx.base@21.0.1/com.sun.javafx.event.CompositeEventHandler.dispatchBubblingEvent(CompositeEventHandler.java:86)
	at javafx.base@21.0.1/com.sun.javafx.event.EventHandlerManager.dispatchBubblingEvent(EventHandlerManager.java:232)
	at javafx.base@21.0.1/com.sun.javafx.event.EventHandlerManager.dispatchBubblingEvent(EventHandlerManager.java:189)
	at javafx.base@21.0.1/com.sun.javafx.event.CompositeEventDispatcher.dispatchBubblingEvent(CompositeEventDispatcher.java:59)
	at javafx.base@21.0.1/com.sun.javafx.event.BasicEventDispatcher.dispatchEvent(BasicEventDispatcher.java:58)
	at javafx.base@21.0.1/com.sun.javafx.event.EventDispatchChainImpl.dispatchEvent(EventDispatchChainImpl.java:114)
	at javafx.base@21.0.1/com.sun.javafx.event.BasicEventDispatcher.dispatchEvent(BasicEventDispatcher.java:56)
	at javafx.base@21.0.1/com.sun.javafx.event.EventDispatchChainImpl.dispatchEvent(EventDispatchChainImpl.java:114)
	at javafx.base@21.0.1/com.sun.javafx.event.BasicEventDispatcher.dispatchEvent(BasicEventDispatcher.java:56)
	at javafx.base@21.0.1/com.sun.javafx.event.EventDispatchChainImpl.dispatchEvent(EventDispatchChainImpl.java:114)
	at javafx.base@21.0.1/com.sun.javafx.event.EventUtil.fireEventImpl(EventUtil.java:74)
	at javafx.base@21.0.1/com.sun.javafx.event.EventUtil.fireEvent(EventUtil.java:49)
	at javafx.base@21.0.1/javafx.event.Event.fireEvent(Event.java:198)
	at javafx.graphics@21.0.1/javafx.scene.Node.fireEvent(Node.java:8875)
	at javafx.controls@21.0.1/javafx.scene.control.Button.fire(Button.java:203)
	at javafx.controls@21.0.1/com.sun.javafx.scene.control.behavior.ButtonBehavior.mouseReleased(ButtonBehavior.java:207)
	at javafx.controls@21.0.1/com.sun.javafx.scene.control.inputmap.InputMap.handle(InputMap.java:274)
	at javafx.base@21.0.1/com.sun.javafx.event.CompositeEventHandler$NormalEventHandlerRecord.handleBubblingEvent(CompositeEventHandler.java:247)
	at javafx.base@21.0.1/com.sun.javafx.event.CompositeEventHandler.dispatchBubblingEvent(CompositeEventHandler.java:80)
	at javafx.base@21.0.1/com.sun.javafx.event.EventHandlerManager.dispatchBubblingEvent(EventHandlerManager.java:232)
	at javafx.base@21.0.1/com.sun.javafx.event.EventHandlerManager.dispatchBubblingEvent(EventHandlerManager.java:189)
	at javafx.base@21.0.1/com.sun.javafx.event.CompositeEventDispatcher.dispatchBubblingEvent(CompositeEventDispatcher.java:59)
	at javafx.base@21.0.1/com.sun.javafx.event.BasicEventDispatcher.dispatchEvent(BasicEventDispatcher.java:58)
	at javafx.base@21.0.1/com.sun.javafx.event.EventDispatchChainImpl.dispatchEvent(EventDispatchChainImpl.java:114)
	at javafx.base@21.0.1/com.sun.javafx.event.BasicEventDispatcher.dispatchEvent(BasicEventDispatcher.java:56)
	at javafx.base@21.0.1/com.sun.javafx.event.EventDispatchChainImpl.dispatchEvent(EventDispatchChainImpl.java:114)
	at javafx.base@21.0.1/com.sun.javafx.event.BasicEventDispatcher.dispatchEvent(BasicEventDispatcher.java:56)
	at javafx.base@21.0.1/com.sun.javafx.event.EventDispatchChainImpl.dispatchEvent(EventDispatchChainImpl.java:114)
	at javafx.base@21.0.1/com.sun.javafx.event.EventUtil.fireEventImpl(EventUtil.java:74)
	at javafx.base@21.0.1/com.sun.javafx.event.EventUtil.fireEvent(EventUtil.java:54)
	at javafx.base@21.0.1/javafx.event.Event.fireEvent(Event.java:198)
	at javafx.graphics@21.0.1/javafx.scene.Scene$MouseHandler.process(Scene.java:3984)
	at javafx.graphics@21.0.1/javafx.scene.Scene.processMouseEvent(Scene.java:1890)
	at javafx.graphics@21.0.1/javafx.scene.Scene$ScenePeerListener.mouseEvent(Scene.java:2708)
	at javafx.graphics@21.0.1/com.sun.javafx.tk.quantum.GlassViewEventHandler$MouseEventNotification.run(GlassViewEventHandler.java:411)
	at javafx.graphics@21.0.1/com.sun.javafx.tk.quantum.GlassViewEventHandler$MouseEventNotification.run(GlassViewEventHandler.java:301)
	at java.base/java.security.AccessController.doPrivileged(AccessController.java:400)
	at javafx.graphics@21.0.1/com.sun.javafx.tk.quantum.GlassViewEventHandler.lambda$handleMouseEvent$2(GlassViewEventHandler.java:450)
	at javafx.graphics@21.0.1/com.sun.javafx.tk.quantum.QuantumToolkit.runWithoutRenderLock(QuantumToolkit.java:424)
	at javafx.graphics@21.0.1/com.sun.javafx.tk.quantum.GlassViewEventHandler.handleMouseEvent(GlassViewEventHandler.java:449)
	at javafx.graphics@21.0.1/com.sun.glass.ui.View.handleMouseEvent(View.java:551)
	at javafx.graphics@21.0.1/com.sun.glass.ui.View.notifyMouse(View.java:937)
	at javafx.graphics@21.0.1/com.sun.glass.ui.win.WinApplication._runLoop(Native Method)
	at javafx.graphics@21.0.1/com.sun.glass.ui.win.WinApplication.lambda$runLoop$3(WinApplication.java:185)
	at java.base/java.lang.Thread.run(Thread.java:1583)
2025-10-05 19:15:24 [JavaFX Application Thread] INFO  p.c.app.config.DatabaseConfig - Pool de conexiones cerrado correctamente
2025-10-05 19:15:24 [JavaFX Application Thread] INFO  pe.crediactiva.app.Main - Aplicación CrediActiva cerrada
2025-10-05 19:16:19 [main] INFO  pe.crediactiva.app.Main - Iniciando aplicación CrediActiva Desktop v1.0.0
2025-10-05 19:16:19 [JavaFX Application Thread] INFO  pe.crediactiva.app.Main - Icono no encontrado, continuando sin icono
2025-10-05 19:16:19 [JavaFX Application Thread] INFO  p.c.app.config.DatabaseConfig - Propiedades de base de datos cargadas correctamente
2025-10-05 19:16:20 [JavaFX Application Thread] INFO  p.c.app.config.DatabaseConfig - Pool de conexiones HikariCP inicializado correctamente
2025-10-05 19:16:20 [JavaFX Application Thread] INFO  pe.crediactiva.app.Main - Aplicación CrediActiva iniciada correctamente
2025-10-05 19:16:36 [JavaFX Application Thread] INFO  p.c.app.dao.impl.UsuarioDAOImpl - Usuario autenticado exitosamente: 11111111
2025-10-05 19:16:36 [JavaFX Application Thread] INFO  p.c.a.service.AuthenticationService - Usuario autenticado exitosamente: 11111111 - CLIENTE
2025-10-05 19:16:36 [JavaFX Application Thread] INFO  p.c.app.view.LoginController - Usuario autenticado exitosamente: 11111111
2025-10-05 19:16:36 [JavaFX Application Thread] ERROR p.c.app.view.LoginController - Error al cargar la pantalla principal
javafx.fxml.LoadException: GroupBox is not a valid type.
/C:/Users/USER/OneDrive/Escritorio/proyecto_v4.0/target/classes/fxml/cliente/ClienteMainView.fxml:68

	at javafx.fxml@21.0.1/javafx.fxml.FXMLLoader.constructLoadException(FXMLLoader.java:2718)
	at javafx.fxml@21.0.1/javafx.fxml.FXMLLoader.createElement(FXMLLoader.java:2920)
	at javafx.fxml@21.0.1/javafx.fxml.FXMLLoader.processStartElement(FXMLLoader.java:2850)
	at javafx.fxml@21.0.1/javafx.fxml.FXMLLoader.loadImpl(FXMLLoader.java:2649)
	at javafx.fxml@21.0.1/javafx.fxml.FXMLLoader.loadImpl(FXMLLoader.java:2563)
	at javafx.fxml@21.0.1/javafx.fxml.FXMLLoader.load(FXMLLoader.java:2531)
	at pe.crediactiva.app.view.LoginController.redirectToMainScreen(LoginController.java:137)
	at pe.crediactiva.app.view.LoginController.handleLogin(LoginController.java:96)
	at java.base/jdk.internal.reflect.DirectMethodHandleAccessor.invoke(DirectMethodHandleAccessor.java:103)
	at java.base/java.lang.reflect.Method.invoke(Method.java:580)
	at com.sun.javafx.reflect.Trampoline.invoke(MethodUtil.java:72)
	at java.base/jdk.internal.reflect.DirectMethodHandleAccessor.invoke(DirectMethodHandleAccessor.java:103)
	at java.base/java.lang.reflect.Method.invoke(Method.java:580)
	at javafx.base@21.0.1/com.sun.javafx.reflect.MethodUtil.invoke(MethodUtil.java:270)
	at javafx.fxml@21.0.1/com.sun.javafx.fxml.MethodHelper.invoke(MethodHelper.java:84)
	at javafx.fxml@21.0.1/javafx.fxml.FXMLLoader$MethodHandler.invoke(FXMLLoader.java:1855)
	at javafx.fxml@21.0.1/javafx.fxml.FXMLLoader$ControllerMethodEventHandler.handle(FXMLLoader.java:1726)
	at javafx.base@21.0.1/com.sun.javafx.event.CompositeEventHandler.dispatchBubblingEvent(CompositeEventHandler.java:86)
	at javafx.base@21.0.1/com.sun.javafx.event.EventHandlerManager.dispatchBubblingEvent(EventHandlerManager.java:232)
	at javafx.base@21.0.1/com.sun.javafx.event.EventHandlerManager.dispatchBubblingEvent(EventHandlerManager.java:189)
	at javafx.base@21.0.1/com.sun.javafx.event.CompositeEventDispatcher.dispatchBubblingEvent(CompositeEventDispatcher.java:59)
	at javafx.base@21.0.1/com.sun.javafx.event.BasicEventDispatcher.dispatchEvent(BasicEventDispatcher.java:58)
	at javafx.base@21.0.1/com.sun.javafx.event.EventDispatchChainImpl.dispatchEvent(EventDispatchChainImpl.java:114)
	at javafx.base@21.0.1/com.sun.javafx.event.BasicEventDispatcher.dispatchEvent(BasicEventDispatcher.java:56)
	at javafx.base@21.0.1/com.sun.javafx.event.EventDispatchChainImpl.dispatchEvent(EventDispatchChainImpl.java:114)
	at javafx.base@21.0.1/com.sun.javafx.event.BasicEventDispatcher.dispatchEvent(BasicEventDispatcher.java:56)
	at javafx.base@21.0.1/com.sun.javafx.event.EventDispatchChainImpl.dispatchEvent(EventDispatchChainImpl.java:114)
	at javafx.base@21.0.1/com.sun.javafx.event.EventUtil.fireEventImpl(EventUtil.java:74)
	at javafx.base@21.0.1/com.sun.javafx.event.EventUtil.fireEvent(EventUtil.java:49)
	at javafx.base@21.0.1/javafx.event.Event.fireEvent(Event.java:198)
	at javafx.graphics@21.0.1/javafx.scene.Node.fireEvent(Node.java:8875)
	at javafx.controls@21.0.1/javafx.scene.control.Button.fire(Button.java:203)
	at javafx.controls@21.0.1/com.sun.javafx.scene.control.behavior.ButtonBehavior.mouseReleased(ButtonBehavior.java:207)
	at javafx.controls@21.0.1/com.sun.javafx.scene.control.inputmap.InputMap.handle(InputMap.java:274)
	at javafx.base@21.0.1/com.sun.javafx.event.CompositeEventHandler$NormalEventHandlerRecord.handleBubblingEvent(CompositeEventHandler.java:247)
	at javafx.base@21.0.1/com.sun.javafx.event.CompositeEventHandler.dispatchBubblingEvent(CompositeEventHandler.java:80)
	at javafx.base@21.0.1/com.sun.javafx.event.EventHandlerManager.dispatchBubblingEvent(EventHandlerManager.java:232)
	at javafx.base@21.0.1/com.sun.javafx.event.EventHandlerManager.dispatchBubblingEvent(EventHandlerManager.java:189)
	at javafx.base@21.0.1/com.sun.javafx.event.CompositeEventDispatcher.dispatchBubblingEvent(CompositeEventDispatcher.java:59)
	at javafx.base@21.0.1/com.sun.javafx.event.BasicEventDispatcher.dispatchEvent(BasicEventDispatcher.java:58)
	at javafx.base@21.0.1/com.sun.javafx.event.EventDispatchChainImpl.dispatchEvent(EventDispatchChainImpl.java:114)
	at javafx.base@21.0.1/com.sun.javafx.event.BasicEventDispatcher.dispatchEvent(BasicEventDispatcher.java:56)
	at javafx.base@21.0.1/com.sun.javafx.event.EventDispatchChainImpl.dispatchEvent(EventDispatchChainImpl.java:114)
	at javafx.base@21.0.1/com.sun.javafx.event.BasicEventDispatcher.dispatchEvent(BasicEventDispatcher.java:56)
	at javafx.base@21.0.1/com.sun.javafx.event.EventDispatchChainImpl.dispatchEvent(EventDispatchChainImpl.java:114)
	at javafx.base@21.0.1/com.sun.javafx.event.EventUtil.fireEventImpl(EventUtil.java:74)
	at javafx.base@21.0.1/com.sun.javafx.event.EventUtil.fireEvent(EventUtil.java:54)
	at javafx.base@21.0.1/javafx.event.Event.fireEvent(Event.java:198)
	at javafx.graphics@21.0.1/javafx.scene.Scene$MouseHandler.process(Scene.java:3984)
	at javafx.graphics@21.0.1/javafx.scene.Scene.processMouseEvent(Scene.java:1890)
	at javafx.graphics@21.0.1/javafx.scene.Scene$ScenePeerListener.mouseEvent(Scene.java:2708)
	at javafx.graphics@21.0.1/com.sun.javafx.tk.quantum.GlassViewEventHandler$MouseEventNotification.run(GlassViewEventHandler.java:411)
	at javafx.graphics@21.0.1/com.sun.javafx.tk.quantum.GlassViewEventHandler$MouseEventNotification.run(GlassViewEventHandler.java:301)
	at java.base/java.security.AccessController.doPrivileged(AccessController.java:400)
	at javafx.graphics@21.0.1/com.sun.javafx.tk.quantum.GlassViewEventHandler.lambda$handleMouseEvent$2(GlassViewEventHandler.java:450)
	at javafx.graphics@21.0.1/com.sun.javafx.tk.quantum.QuantumToolkit.runWithoutRenderLock(QuantumToolkit.java:424)
	at javafx.graphics@21.0.1/com.sun.javafx.tk.quantum.GlassViewEventHandler.handleMouseEvent(GlassViewEventHandler.java:449)
	at javafx.graphics@21.0.1/com.sun.glass.ui.View.handleMouseEvent(View.java:551)
	at javafx.graphics@21.0.1/com.sun.glass.ui.View.notifyMouse(View.java:937)
	at javafx.graphics@21.0.1/com.sun.glass.ui.win.WinApplication._runLoop(Native Method)
	at javafx.graphics@21.0.1/com.sun.glass.ui.win.WinApplication.lambda$runLoop$3(WinApplication.java:185)
	at java.base/java.lang.Thread.run(Thread.java:1583)
2025-10-05 19:16:38 [JavaFX Application Thread] INFO  p.c.app.config.DatabaseConfig - Pool de conexiones cerrado correctamente
2025-10-05 19:16:38 [JavaFX Application Thread] INFO  pe.crediactiva.app.Main - Aplicación CrediActiva cerrada
2025-10-05 19:17:02 [main] INFO  pe.crediactiva.app.Main - Iniciando aplicación CrediActiva Desktop v1.0.0
2025-10-05 19:17:02 [JavaFX Application Thread] INFO  pe.crediactiva.app.Main - Icono no encontrado, continuando sin icono
2025-10-05 19:17:02 [JavaFX Application Thread] INFO  p.c.app.config.DatabaseConfig - Propiedades de base de datos cargadas correctamente
2025-10-05 19:17:02 [JavaFX Application Thread] INFO  p.c.app.config.DatabaseConfig - Pool de conexiones HikariCP inicializado correctamente
2025-10-05 19:17:03 [JavaFX Application Thread] INFO  pe.crediactiva.app.Main - Aplicación CrediActiva iniciada correctamente
2025-10-05 19:17:14 [JavaFX Application Thread] INFO  p.c.app.dao.impl.UsuarioDAOImpl - Usuario autenticado exitosamente: 11111111
2025-10-05 19:17:14 [JavaFX Application Thread] INFO  p.c.a.service.AuthenticationService - Usuario autenticado exitosamente: 11111111 - CLIENTE
2025-10-05 19:17:14 [JavaFX Application Thread] INFO  p.c.app.view.LoginController - Usuario autenticado exitosamente: 11111111
2025-10-05 19:17:14 [JavaFX Application Thread] ERROR p.c.app.view.LoginController - Error al cargar la pantalla principal
javafx.fxml.LoadException: GroupBox is not a valid type.
/C:/Users/USER/OneDrive/Escritorio/proyecto_v4.0/target/classes/fxml/cliente/ClienteMainView.fxml:68

	at javafx.fxml@21.0.1/javafx.fxml.FXMLLoader.constructLoadException(FXMLLoader.java:2718)
	at javafx.fxml@21.0.1/javafx.fxml.FXMLLoader.createElement(FXMLLoader.java:2920)
	at javafx.fxml@21.0.1/javafx.fxml.FXMLLoader.processStartElement(FXMLLoader.java:2850)
	at javafx.fxml@21.0.1/javafx.fxml.FXMLLoader.loadImpl(FXMLLoader.java:2649)
	at javafx.fxml@21.0.1/javafx.fxml.FXMLLoader.loadImpl(FXMLLoader.java:2563)
	at javafx.fxml@21.0.1/javafx.fxml.FXMLLoader.load(FXMLLoader.java:2531)
	at pe.crediactiva.app.view.LoginController.redirectToMainScreen(LoginController.java:137)
	at pe.crediactiva.app.view.LoginController.handleLogin(LoginController.java:96)
	at pe.crediactiva.app.view.LoginController.lambda$initialize$0(LoginController.java:50)
	at javafx.base@21.0.1/com.sun.javafx.event.CompositeEventHandler.dispatchBubblingEvent(CompositeEventHandler.java:86)
	at javafx.base@21.0.1/com.sun.javafx.event.EventHandlerManager.dispatchBubblingEvent(EventHandlerManager.java:232)
	at javafx.base@21.0.1/com.sun.javafx.event.EventHandlerManager.dispatchBubblingEvent(EventHandlerManager.java:189)
	at javafx.base@21.0.1/com.sun.javafx.event.CompositeEventDispatcher.dispatchBubblingEvent(CompositeEventDispatcher.java:59)
	at javafx.base@21.0.1/com.sun.javafx.event.BasicEventDispatcher.dispatchEvent(BasicEventDispatcher.java:58)
	at javafx.base@21.0.1/com.sun.javafx.event.EventDispatchChainImpl.dispatchEvent(EventDispatchChainImpl.java:114)
	at javafx.base@21.0.1/com.sun.javafx.event.BasicEventDispatcher.dispatchEvent(BasicEventDispatcher.java:56)
	at javafx.base@21.0.1/com.sun.javafx.event.EventDispatchChainImpl.dispatchEvent(EventDispatchChainImpl.java:114)
	at javafx.base@21.0.1/com.sun.javafx.event.BasicEventDispatcher.dispatchEvent(BasicEventDispatcher.java:56)
	at javafx.base@21.0.1/com.sun.javafx.event.EventDispatchChainImpl.dispatchEvent(EventDispatchChainImpl.java:114)
	at javafx.base@21.0.1/com.sun.javafx.event.EventUtil.fireEventImpl(EventUtil.java:74)
	at javafx.base@21.0.1/com.sun.javafx.event.EventUtil.fireEvent(EventUtil.java:49)
	at javafx.base@21.0.1/javafx.event.Event.fireEvent(Event.java:198)
	at javafx.graphics@21.0.1/javafx.scene.Node.fireEvent(Node.java:8875)
	at javafx.controls@21.0.1/com.sun.javafx.scene.control.behavior.TextFieldBehavior.fire(TextFieldBehavior.java:161)
	at javafx.controls@21.0.1/com.sun.javafx.scene.control.behavior.TextInputControlBehavior.lambda$keyMapping$62(TextInputControlBehavior.java:344)
	at javafx.controls@21.0.1/com.sun.javafx.scene.control.inputmap.InputMap.handle(InputMap.java:274)
	at javafx.base@21.0.1/com.sun.javafx.event.CompositeEventHandler$NormalEventHandlerRecord.handleBubblingEvent(CompositeEventHandler.java:247)
	at javafx.base@21.0.1/com.sun.javafx.event.CompositeEventHandler.dispatchBubblingEvent(CompositeEventHandler.java:80)
	at javafx.base@21.0.1/com.sun.javafx.event.EventHandlerManager.dispatchBubblingEvent(EventHandlerManager.java:232)
	at javafx.base@21.0.1/com.sun.javafx.event.EventHandlerManager.dispatchBubblingEvent(EventHandlerManager.java:189)
	at javafx.base@21.0.1/com.sun.javafx.event.CompositeEventDispatcher.dispatchBubblingEvent(CompositeEventDispatcher.java:59)
	at javafx.base@21.0.1/com.sun.javafx.event.BasicEventDispatcher.dispatchEvent(BasicEventDispatcher.java:58)
	at javafx.base@21.0.1/com.sun.javafx.event.EventDispatchChainImpl.dispatchEvent(EventDispatchChainImpl.java:114)
	at javafx.base@21.0.1/com.sun.javafx.event.BasicEventDispatcher.dispatchEvent(BasicEventDispatcher.java:56)
	at javafx.base@21.0.1/com.sun.javafx.event.EventDispatchChainImpl.dispatchEvent(EventDispatchChainImpl.java:114)
	at javafx.base@21.0.1/com.sun.javafx.event.BasicEventDispatcher.dispatchEvent(BasicEventDispatcher.java:56)
	at javafx.base@21.0.1/com.sun.javafx.event.EventDispatchChainImpl.dispatchEvent(EventDispatchChainImpl.java:114)
	at javafx.base@21.0.1/com.sun.javafx.event.EventUtil.fireEventImpl(EventUtil.java:74)
	at javafx.base@21.0.1/com.sun.javafx.event.EventUtil.fireEvent(EventUtil.java:54)
	at javafx.base@21.0.1/javafx.event.Event.fireEvent(Event.java:198)
	at javafx.graphics@21.0.1/javafx.scene.Scene.processKeyEvent(Scene.java:2194)
	at javafx.graphics@21.0.1/javafx.scene.Scene$ScenePeerListener.keyEvent(Scene.java:2715)
	at javafx.graphics@21.0.1/com.sun.javafx.tk.quantum.GlassViewEventHandler$KeyEventNotification.run(GlassViewEventHandler.java:218)
	at javafx.graphics@21.0.1/com.sun.javafx.tk.quantum.GlassViewEventHandler$KeyEventNotification.run(GlassViewEventHandler.java:150)
	at java.base/java.security.AccessController.doPrivileged(AccessController.java:400)
	at javafx.graphics@21.0.1/com.sun.javafx.tk.quantum.GlassViewEventHandler.lambda$handleKeyEvent$1(GlassViewEventHandler.java:250)
	at javafx.graphics@21.0.1/com.sun.javafx.tk.quantum.QuantumToolkit.runWithoutRenderLock(QuantumToolkit.java:424)
	at javafx.graphics@21.0.1/com.sun.javafx.tk.quantum.GlassViewEventHandler.handleKeyEvent(GlassViewEventHandler.java:249)
	at javafx.graphics@21.0.1/com.sun.glass.ui.View.handleKeyEvent(View.java:542)
	at javafx.graphics@21.0.1/com.sun.glass.ui.View.notifyKey(View.java:966)
	at javafx.graphics@21.0.1/com.sun.glass.ui.win.WinApplication._runLoop(Native Method)
	at javafx.graphics@21.0.1/com.sun.glass.ui.win.WinApplication.lambda$runLoop$3(WinApplication.java:185)
	at java.base/java.lang.Thread.run(Thread.java:1583)
2025-10-05 19:17:26 [JavaFX Application Thread] INFO  p.c.app.dao.impl.UsuarioDAOImpl - Usuario autenticado exitosamente: 12345678
2025-10-05 19:17:26 [JavaFX Application Thread] INFO  p.c.a.service.AuthenticationService - Usuario autenticado exitosamente: 12345678 - ASESOR
2025-10-05 19:17:26 [JavaFX Application Thread] INFO  p.c.app.view.LoginController - Usuario autenticado exitosamente: 12345678
2025-10-05 19:17:26 [JavaFX Application Thread] ERROR p.c.app.view.LoginController - Error al cargar la pantalla principal
javafx.fxml.LoadException: GroupBox is not a valid type.
/C:/Users/USER/OneDrive/Escritorio/proyecto_v4.0/target/classes/fxml/asesor/AsesorMainView.fxml:139

	at javafx.fxml@21.0.1/javafx.fxml.FXMLLoader.constructLoadException(FXMLLoader.java:2718)
	at javafx.fxml@21.0.1/javafx.fxml.FXMLLoader.createElement(FXMLLoader.java:2920)
	at javafx.fxml@21.0.1/javafx.fxml.FXMLLoader.processStartElement(FXMLLoader.java:2850)
	at javafx.fxml@21.0.1/javafx.fxml.FXMLLoader.loadImpl(FXMLLoader.java:2649)
	at javafx.fxml@21.0.1/javafx.fxml.FXMLLoader.loadImpl(FXMLLoader.java:2563)
	at javafx.fxml@21.0.1/javafx.fxml.FXMLLoader.load(FXMLLoader.java:2531)
	at pe.crediactiva.app.view.LoginController.redirectToMainScreen(LoginController.java:137)
	at pe.crediactiva.app.view.LoginController.handleLogin(LoginController.java:96)
	at java.base/jdk.internal.reflect.DirectMethodHandleAccessor.invoke(DirectMethodHandleAccessor.java:103)
	at java.base/java.lang.reflect.Method.invoke(Method.java:580)
	at com.sun.javafx.reflect.Trampoline.invoke(MethodUtil.java:72)
	at java.base/jdk.internal.reflect.DirectMethodHandleAccessor.invoke(DirectMethodHandleAccessor.java:103)
	at java.base/java.lang.reflect.Method.invoke(Method.java:580)
	at javafx.base@21.0.1/com.sun.javafx.reflect.MethodUtil.invoke(MethodUtil.java:270)
	at javafx.fxml@21.0.1/com.sun.javafx.fxml.MethodHelper.invoke(MethodHelper.java:84)
	at javafx.fxml@21.0.1/javafx.fxml.FXMLLoader$MethodHandler.invoke(FXMLLoader.java:1855)
	at javafx.fxml@21.0.1/javafx.fxml.FXMLLoader$ControllerMethodEventHandler.handle(FXMLLoader.java:1726)
	at javafx.base@21.0.1/com.sun.javafx.event.CompositeEventHandler.dispatchBubblingEvent(CompositeEventHandler.java:86)
	at javafx.base@21.0.1/com.sun.javafx.event.EventHandlerManager.dispatchBubblingEvent(EventHandlerManager.java:232)
	at javafx.base@21.0.1/com.sun.javafx.event.EventHandlerManager.dispatchBubblingEvent(EventHandlerManager.java:189)
	at javafx.base@21.0.1/com.sun.javafx.event.CompositeEventDispatcher.dispatchBubblingEvent(CompositeEventDispatcher.java:59)
	at javafx.base@21.0.1/com.sun.javafx.event.BasicEventDispatcher.dispatchEvent(BasicEventDispatcher.java:58)
	at javafx.base@21.0.1/com.sun.javafx.event.EventDispatchChainImpl.dispatchEvent(EventDispatchChainImpl.java:114)
	at javafx.base@21.0.1/com.sun.javafx.event.BasicEventDispatcher.dispatchEvent(BasicEventDispatcher.java:56)
	at javafx.base@21.0.1/com.sun.javafx.event.EventDispatchChainImpl.dispatchEvent(EventDispatchChainImpl.java:114)
	at javafx.base@21.0.1/com.sun.javafx.event.BasicEventDispatcher.dispatchEvent(BasicEventDispatcher.java:56)
	at javafx.base@21.0.1/com.sun.javafx.event.EventDispatchChainImpl.dispatchEvent(EventDispatchChainImpl.java:114)
	at javafx.base@21.0.1/com.sun.javafx.event.EventUtil.fireEventImpl(EventUtil.java:74)
	at javafx.base@21.0.1/com.sun.javafx.event.EventUtil.fireEvent(EventUtil.java:49)
	at javafx.base@21.0.1/javafx.event.Event.fireEvent(Event.java:198)
	at javafx.graphics@21.0.1/javafx.scene.Node.fireEvent(Node.java:8875)
	at javafx.controls@21.0.1/javafx.scene.control.Button.fire(Button.java:203)
	at javafx.controls@21.0.1/com.sun.javafx.scene.control.behavior.ButtonBehavior.mouseReleased(ButtonBehavior.java:207)
	at javafx.controls@21.0.1/com.sun.javafx.scene.control.inputmap.InputMap.handle(InputMap.java:274)
	at javafx.base@21.0.1/com.sun.javafx.event.CompositeEventHandler$NormalEventHandlerRecord.handleBubblingEvent(CompositeEventHandler.java:247)
	at javafx.base@21.0.1/com.sun.javafx.event.CompositeEventHandler.dispatchBubblingEvent(CompositeEventHandler.java:80)
	at javafx.base@21.0.1/com.sun.javafx.event.EventHandlerManager.dispatchBubblingEvent(EventHandlerManager.java:232)
	at javafx.base@21.0.1/com.sun.javafx.event.EventHandlerManager.dispatchBubblingEvent(EventHandlerManager.java:189)
	at javafx.base@21.0.1/com.sun.javafx.event.CompositeEventDispatcher.dispatchBubblingEvent(CompositeEventDispatcher.java:59)
	at javafx.base@21.0.1/com.sun.javafx.event.BasicEventDispatcher.dispatchEvent(BasicEventDispatcher.java:58)
	at javafx.base@21.0.1/com.sun.javafx.event.EventDispatchChainImpl.dispatchEvent(EventDispatchChainImpl.java:114)
	at javafx.base@21.0.1/com.sun.javafx.event.BasicEventDispatcher.dispatchEvent(BasicEventDispatcher.java:56)
	at javafx.base@21.0.1/com.sun.javafx.event.EventDispatchChainImpl.dispatchEvent(EventDispatchChainImpl.java:114)
	at javafx.base@21.0.1/com.sun.javafx.event.BasicEventDispatcher.dispatchEvent(BasicEventDispatcher.java:56)
	at javafx.base@21.0.1/com.sun.javafx.event.EventDispatchChainImpl.dispatchEvent(EventDispatchChainImpl.java:114)
	at javafx.base@21.0.1/com.sun.javafx.event.EventUtil.fireEventImpl(EventUtil.java:74)
	at javafx.base@21.0.1/com.sun.javafx.event.EventUtil.fireEvent(EventUtil.java:54)
	at javafx.base@21.0.1/javafx.event.Event.fireEvent(Event.java:198)
	at javafx.graphics@21.0.1/javafx.scene.Scene$MouseHandler.process(Scene.java:3984)
	at javafx.graphics@21.0.1/javafx.scene.Scene.processMouseEvent(Scene.java:1890)
	at javafx.graphics@21.0.1/javafx.scene.Scene$ScenePeerListener.mouseEvent(Scene.java:2708)
	at javafx.graphics@21.0.1/com.sun.javafx.tk.quantum.GlassViewEventHandler$MouseEventNotification.run(GlassViewEventHandler.java:411)
	at javafx.graphics@21.0.1/com.sun.javafx.tk.quantum.GlassViewEventHandler$MouseEventNotification.run(GlassViewEventHandler.java:301)
	at java.base/java.security.AccessController.doPrivileged(AccessController.java:400)
	at javafx.graphics@21.0.1/com.sun.javafx.tk.quantum.GlassViewEventHandler.lambda$handleMouseEvent$2(GlassViewEventHandler.java:450)
	at javafx.graphics@21.0.1/com.sun.javafx.tk.quantum.QuantumToolkit.runWithoutRenderLock(QuantumToolkit.java:424)
	at javafx.graphics@21.0.1/com.sun.javafx.tk.quantum.GlassViewEventHandler.handleMouseEvent(GlassViewEventHandler.java:449)
	at javafx.graphics@21.0.1/com.sun.glass.ui.View.handleMouseEvent(View.java:551)
	at javafx.graphics@21.0.1/com.sun.glass.ui.View.notifyMouse(View.java:937)
	at javafx.graphics@21.0.1/com.sun.glass.ui.win.WinApplication._runLoop(Native Method)
	at javafx.graphics@21.0.1/com.sun.glass.ui.win.WinApplication.lambda$runLoop$3(WinApplication.java:185)
	at java.base/java.lang.Thread.run(Thread.java:1583)
2025-10-05 19:17:36 [JavaFX Application Thread] INFO  p.c.app.dao.impl.UsuarioDAOImpl - Usuario autenticado exitosamente: 99999999
2025-10-05 19:17:36 [JavaFX Application Thread] INFO  p.c.a.service.AuthenticationService - Usuario autenticado exitosamente: 99999999 - ADMIN
2025-10-05 19:17:36 [JavaFX Application Thread] INFO  p.c.app.view.LoginController - Usuario autenticado exitosamente: 99999999
2025-10-05 19:17:37 [JavaFX Application Thread] INFO  p.c.app.view.LoginController - Usuario redirigido a pantalla principal: ADMIN
2025-10-05 19:17:43 [JavaFX Application Thread] INFO  p.c.app.config.DatabaseConfig - Pool de conexiones cerrado correctamente
2025-10-05 19:17:43 [JavaFX Application Thread] INFO  pe.crediactiva.app.Main - Aplicación CrediActiva cerrada
2025-10-05 19:20:08 [main] INFO  pe.crediactiva.app.Main - Iniciando aplicación CrediActiva Desktop v1.0.0
2025-10-05 19:20:08 [JavaFX Application Thread] INFO  pe.crediactiva.app.Main - Icono no encontrado, continuando sin icono
2025-10-05 19:20:08 [JavaFX Application Thread] INFO  p.c.app.config.DatabaseConfig - Propiedades de base de datos cargadas correctamente
2025-10-05 19:20:08 [JavaFX Application Thread] INFO  p.c.app.config.DatabaseConfig - Pool de conexiones HikariCP inicializado correctamente
2025-10-05 19:20:09 [JavaFX Application Thread] INFO  pe.crediactiva.app.Main - Aplicación CrediActiva iniciada correctamente
2025-10-05 19:20:18 [JavaFX Application Thread] INFO  p.c.app.dao.impl.UsuarioDAOImpl - Usuario autenticado exitosamente: 11111111
2025-10-05 19:20:18 [JavaFX Application Thread] INFO  p.c.a.service.AuthenticationService - Usuario autenticado exitosamente: 11111111 - CLIENTE
2025-10-05 19:20:18 [JavaFX Application Thread] INFO  p.c.app.view.LoginController - Usuario autenticado exitosamente: 11111111
2025-10-05 19:20:18 [JavaFX Application Thread] ERROR p.c.app.view.LoginController - Error al cargar la pantalla principal
javafx.fxml.LoadException: 
/C:/Users/USER/OneDrive/Escritorio/proyecto_v4.0/target/classes/fxml/cliente/ClienteMainView.fxml:100

	at javafx.fxml@21.0.1/javafx.fxml.FXMLLoader.constructLoadException(FXMLLoader.java:2722)
	at javafx.fxml@21.0.1/javafx.fxml.FXMLLoader.loadImpl(FXMLLoader.java:2700)
	at javafx.fxml@21.0.1/javafx.fxml.FXMLLoader.loadImpl(FXMLLoader.java:2563)
	at javafx.fxml@21.0.1/javafx.fxml.FXMLLoader.load(FXMLLoader.java:2531)
	at pe.crediactiva.app.view.LoginController.redirectToMainScreen(LoginController.java:137)
	at pe.crediactiva.app.view.LoginController.handleLogin(LoginController.java:96)
	at pe.crediactiva.app.view.LoginController.lambda$initialize$0(LoginController.java:50)
	at javafx.base@21.0.1/com.sun.javafx.event.CompositeEventHandler.dispatchBubblingEvent(CompositeEventHandler.java:86)
	at javafx.base@21.0.1/com.sun.javafx.event.EventHandlerManager.dispatchBubblingEvent(EventHandlerManager.java:232)
	at javafx.base@21.0.1/com.sun.javafx.event.EventHandlerManager.dispatchBubblingEvent(EventHandlerManager.java:189)
	at javafx.base@21.0.1/com.sun.javafx.event.CompositeEventDispatcher.dispatchBubblingEvent(CompositeEventDispatcher.java:59)
	at javafx.base@21.0.1/com.sun.javafx.event.BasicEventDispatcher.dispatchEvent(BasicEventDispatcher.java:58)
	at javafx.base@21.0.1/com.sun.javafx.event.EventDispatchChainImpl.dispatchEvent(EventDispatchChainImpl.java:114)
	at javafx.base@21.0.1/com.sun.javafx.event.BasicEventDispatcher.dispatchEvent(BasicEventDispatcher.java:56)
	at javafx.base@21.0.1/com.sun.javafx.event.EventDispatchChainImpl.dispatchEvent(EventDispatchChainImpl.java:114)
	at javafx.base@21.0.1/com.sun.javafx.event.BasicEventDispatcher.dispatchEvent(BasicEventDispatcher.java:56)
	at javafx.base@21.0.1/com.sun.javafx.event.EventDispatchChainImpl.dispatchEvent(EventDispatchChainImpl.java:114)
	at javafx.base@21.0.1/com.sun.javafx.event.EventUtil.fireEventImpl(EventUtil.java:74)
	at javafx.base@21.0.1/com.sun.javafx.event.EventUtil.fireEvent(EventUtil.java:49)
	at javafx.base@21.0.1/javafx.event.Event.fireEvent(Event.java:198)
	at javafx.graphics@21.0.1/javafx.scene.Node.fireEvent(Node.java:8875)
	at javafx.controls@21.0.1/com.sun.javafx.scene.control.behavior.TextFieldBehavior.fire(TextFieldBehavior.java:161)
	at javafx.controls@21.0.1/com.sun.javafx.scene.control.behavior.TextInputControlBehavior.lambda$keyMapping$62(TextInputControlBehavior.java:344)
	at javafx.controls@21.0.1/com.sun.javafx.scene.control.inputmap.InputMap.handle(InputMap.java:274)
	at javafx.base@21.0.1/com.sun.javafx.event.CompositeEventHandler$NormalEventHandlerRecord.handleBubblingEvent(CompositeEventHandler.java:247)
	at javafx.base@21.0.1/com.sun.javafx.event.CompositeEventHandler.dispatchBubblingEvent(CompositeEventHandler.java:80)
	at javafx.base@21.0.1/com.sun.javafx.event.EventHandlerManager.dispatchBubblingEvent(EventHandlerManager.java:232)
	at javafx.base@21.0.1/com.sun.javafx.event.EventHandlerManager.dispatchBubblingEvent(EventHandlerManager.java:189)
	at javafx.base@21.0.1/com.sun.javafx.event.CompositeEventDispatcher.dispatchBubblingEvent(CompositeEventDispatcher.java:59)
	at javafx.base@21.0.1/com.sun.javafx.event.BasicEventDispatcher.dispatchEvent(BasicEventDispatcher.java:58)
	at javafx.base@21.0.1/com.sun.javafx.event.EventDispatchChainImpl.dispatchEvent(EventDispatchChainImpl.java:114)
	at javafx.base@21.0.1/com.sun.javafx.event.BasicEventDispatcher.dispatchEvent(BasicEventDispatcher.java:56)
	at javafx.base@21.0.1/com.sun.javafx.event.EventDispatchChainImpl.dispatchEvent(EventDispatchChainImpl.java:114)
	at javafx.base@21.0.1/com.sun.javafx.event.BasicEventDispatcher.dispatchEvent(BasicEventDispatcher.java:56)
	at javafx.base@21.0.1/com.sun.javafx.event.EventDispatchChainImpl.dispatchEvent(EventDispatchChainImpl.java:114)
	at javafx.base@21.0.1/com.sun.javafx.event.EventUtil.fireEventImpl(EventUtil.java:74)
	at javafx.base@21.0.1/com.sun.javafx.event.EventUtil.fireEvent(EventUtil.java:54)
	at javafx.base@21.0.1/javafx.event.Event.fireEvent(Event.java:198)
	at javafx.graphics@21.0.1/javafx.scene.Scene.processKeyEvent(Scene.java:2194)
	at javafx.graphics@21.0.1/javafx.scene.Scene$ScenePeerListener.keyEvent(Scene.java:2715)
	at javafx.graphics@21.0.1/com.sun.javafx.tk.quantum.GlassViewEventHandler$KeyEventNotification.run(GlassViewEventHandler.java:218)
	at javafx.graphics@21.0.1/com.sun.javafx.tk.quantum.GlassViewEventHandler$KeyEventNotification.run(GlassViewEventHandler.java:150)
	at java.base/java.security.AccessController.doPrivileged(AccessController.java:400)
	at javafx.graphics@21.0.1/com.sun.javafx.tk.quantum.GlassViewEventHandler.lambda$handleKeyEvent$1(GlassViewEventHandler.java:250)
	at javafx.graphics@21.0.1/com.sun.javafx.tk.quantum.QuantumToolkit.runWithoutRenderLock(QuantumToolkit.java:424)
	at javafx.graphics@21.0.1/com.sun.javafx.tk.quantum.GlassViewEventHandler.handleKeyEvent(GlassViewEventHandler.java:249)
	at javafx.graphics@21.0.1/com.sun.glass.ui.View.handleKeyEvent(View.java:542)
	at javafx.graphics@21.0.1/com.sun.glass.ui.View.notifyKey(View.java:966)
	at javafx.graphics@21.0.1/com.sun.glass.ui.win.WinApplication._runLoop(Native Method)
	at javafx.graphics@21.0.1/com.sun.glass.ui.win.WinApplication.lambda$runLoop$3(WinApplication.java:185)
	at java.base/java.lang.Thread.run(Thread.java:1583)
Caused by: com.sun.javafx.fxml.PropertyNotFoundException: Property "colspan" does not exist or is read-only.
	at javafx.fxml@21.0.1/javafx.fxml.FXMLLoader$Element.processValue(FXMLLoader.java:360)
	at javafx.fxml@21.0.1/javafx.fxml.FXMLLoader$Element.processPropertyAttribute(FXMLLoader.java:337)
	at javafx.fxml@21.0.1/javafx.fxml.FXMLLoader$Element.processInstancePropertyAttributes(FXMLLoader.java:248)
	at javafx.fxml@21.0.1/javafx.fxml.FXMLLoader$ValueElement.processEndElement(FXMLLoader.java:780)
	at javafx.fxml@21.0.1/javafx.fxml.FXMLLoader.processEndElement(FXMLLoader.java:2969)
	at javafx.fxml@21.0.1/javafx.fxml.FXMLLoader.loadImpl(FXMLLoader.java:2654)
	... 49 common frames omitted
2025-10-05 19:20:31 [JavaFX Application Thread] INFO  p.c.app.dao.impl.UsuarioDAOImpl - Usuario autenticado exitosamente: 12345678
2025-10-05 19:20:31 [JavaFX Application Thread] INFO  p.c.a.service.AuthenticationService - Usuario autenticado exitosamente: 12345678 - ASESOR
2025-10-05 19:20:31 [JavaFX Application Thread] INFO  p.c.app.view.LoginController - Usuario autenticado exitosamente: 12345678
2025-10-05 19:20:31 [JavaFX Application Thread] ERROR p.c.app.service.RecaudacionService - Error al calcular recaudación mensual para asesor: null
java.lang.NullPointerException: Cannot invoke "java.lang.Long.longValue()" because "idAsesor" is null
	at pe.crediactiva.app.dao.impl.RecaudacionAsesorDAOImpl.findByAsesor(RecaudacionAsesorDAOImpl.java:157)
	at pe.crediactiva.app.service.RecaudacionService.obtenerRecaudacionMensualPorAsesor(RecaudacionService.java:112)
	at pe.crediactiva.app.service.RecaudacionService.obtenerRecaudacionDelDia(RecaudacionService.java:268)
	at pe.crediactiva.app.view.asesor.AsesorMainController.cargarEstadisticasDashboard(AsesorMainController.java:135)
	at pe.crediactiva.app.view.asesor.AsesorMainController.initialize(AsesorMainController.java:110)
	at java.base/jdk.internal.reflect.DirectMethodHandleAccessor.invoke(DirectMethodHandleAccessor.java:103)
	at java.base/java.lang.reflect.Method.invoke(Method.java:580)
	at com.sun.javafx.reflect.Trampoline.invoke(MethodUtil.java:72)
	at java.base/jdk.internal.reflect.DirectMethodHandleAccessor.invoke(DirectMethodHandleAccessor.java:103)
	at java.base/java.lang.reflect.Method.invoke(Method.java:580)
	at javafx.base@21.0.1/com.sun.javafx.reflect.MethodUtil.invoke(MethodUtil.java:270)
	at javafx.fxml@21.0.1/com.sun.javafx.fxml.MethodHelper.invoke(MethodHelper.java:84)
	at javafx.fxml@21.0.1/javafx.fxml.FXMLLoader.loadImpl(FXMLLoader.java:2688)
	at javafx.fxml@21.0.1/javafx.fxml.FXMLLoader.loadImpl(FXMLLoader.java:2563)
	at javafx.fxml@21.0.1/javafx.fxml.FXMLLoader.load(FXMLLoader.java:2531)
	at pe.crediactiva.app.view.LoginController.redirectToMainScreen(LoginController.java:137)
	at pe.crediactiva.app.view.LoginController.handleLogin(LoginController.java:96)
	at pe.crediactiva.app.view.LoginController.lambda$initialize$0(LoginController.java:50)
	at javafx.base@21.0.1/com.sun.javafx.event.CompositeEventHandler.dispatchBubblingEvent(CompositeEventHandler.java:86)
	at javafx.base@21.0.1/com.sun.javafx.event.EventHandlerManager.dispatchBubblingEvent(EventHandlerManager.java:232)
	at javafx.base@21.0.1/com.sun.javafx.event.EventHandlerManager.dispatchBubblingEvent(EventHandlerManager.java:189)
	at javafx.base@21.0.1/com.sun.javafx.event.CompositeEventDispatcher.dispatchBubblingEvent(CompositeEventDispatcher.java:59)
	at javafx.base@21.0.1/com.sun.javafx.event.BasicEventDispatcher.dispatchEvent(BasicEventDispatcher.java:58)
	at javafx.base@21.0.1/com.sun.javafx.event.EventDispatchChainImpl.dispatchEvent(EventDispatchChainImpl.java:114)
	at javafx.base@21.0.1/com.sun.javafx.event.BasicEventDispatcher.dispatchEvent(BasicEventDispatcher.java:56)
	at javafx.base@21.0.1/com.sun.javafx.event.EventDispatchChainImpl.dispatchEvent(EventDispatchChainImpl.java:114)
	at javafx.base@21.0.1/com.sun.javafx.event.BasicEventDispatcher.dispatchEvent(BasicEventDispatcher.java:56)
	at javafx.base@21.0.1/com.sun.javafx.event.EventDispatchChainImpl.dispatchEvent(EventDispatchChainImpl.java:114)
	at javafx.base@21.0.1/com.sun.javafx.event.EventUtil.fireEventImpl(EventUtil.java:74)
	at javafx.base@21.0.1/com.sun.javafx.event.EventUtil.fireEvent(EventUtil.java:49)
	at javafx.base@21.0.1/javafx.event.Event.fireEvent(Event.java:198)
	at javafx.graphics@21.0.1/javafx.scene.Node.fireEvent(Node.java:8875)
	at javafx.controls@21.0.1/com.sun.javafx.scene.control.behavior.TextFieldBehavior.fire(TextFieldBehavior.java:161)
	at javafx.controls@21.0.1/com.sun.javafx.scene.control.behavior.TextInputControlBehavior.lambda$keyMapping$62(TextInputControlBehavior.java:344)
	at javafx.controls@21.0.1/com.sun.javafx.scene.control.inputmap.InputMap.handle(InputMap.java:274)
	at javafx.base@21.0.1/com.sun.javafx.event.CompositeEventHandler$NormalEventHandlerRecord.handleBubblingEvent(CompositeEventHandler.java:247)
	at javafx.base@21.0.1/com.sun.javafx.event.CompositeEventHandler.dispatchBubblingEvent(CompositeEventHandler.java:80)
	at javafx.base@21.0.1/com.sun.javafx.event.EventHandlerManager.dispatchBubblingEvent(EventHandlerManager.java:232)
	at javafx.base@21.0.1/com.sun.javafx.event.EventHandlerManager.dispatchBubblingEvent(EventHandlerManager.java:189)
	at javafx.base@21.0.1/com.sun.javafx.event.CompositeEventDispatcher.dispatchBubblingEvent(CompositeEventDispatcher.java:59)
	at javafx.base@21.0.1/com.sun.javafx.event.BasicEventDispatcher.dispatchEvent(BasicEventDispatcher.java:58)
	at javafx.base@21.0.1/com.sun.javafx.event.EventDispatchChainImpl.dispatchEvent(EventDispatchChainImpl.java:114)
	at javafx.base@21.0.1/com.sun.javafx.event.BasicEventDispatcher.dispatchEvent(BasicEventDispatcher.java:56)
	at javafx.base@21.0.1/com.sun.javafx.event.EventDispatchChainImpl.dispatchEvent(EventDispatchChainImpl.java:114)
	at javafx.base@21.0.1/com.sun.javafx.event.BasicEventDispatcher.dispatchEvent(BasicEventDispatcher.java:56)
	at javafx.base@21.0.1/com.sun.javafx.event.EventDispatchChainImpl.dispatchEvent(EventDispatchChainImpl.java:114)
	at javafx.base@21.0.1/com.sun.javafx.event.EventUtil.fireEventImpl(EventUtil.java:74)
	at javafx.base@21.0.1/com.sun.javafx.event.EventUtil.fireEvent(EventUtil.java:54)
	at javafx.base@21.0.1/javafx.event.Event.fireEvent(Event.java:198)
	at javafx.graphics@21.0.1/javafx.scene.Scene.processKeyEvent(Scene.java:2194)
	at javafx.graphics@21.0.1/javafx.scene.Scene$ScenePeerListener.keyEvent(Scene.java:2715)
	at javafx.graphics@21.0.1/com.sun.javafx.tk.quantum.GlassViewEventHandler$KeyEventNotification.run(GlassViewEventHandler.java:218)
	at javafx.graphics@21.0.1/com.sun.javafx.tk.quantum.GlassViewEventHandler$KeyEventNotification.run(GlassViewEventHandler.java:150)
	at java.base/java.security.AccessController.doPrivileged(AccessController.java:400)
	at javafx.graphics@21.0.1/com.sun.javafx.tk.quantum.GlassViewEventHandler.lambda$handleKeyEvent$1(GlassViewEventHandler.java:250)
	at javafx.graphics@21.0.1/com.sun.javafx.tk.quantum.QuantumToolkit.runWithoutRenderLock(QuantumToolkit.java:424)
	at javafx.graphics@21.0.1/com.sun.javafx.tk.quantum.GlassViewEventHandler.handleKeyEvent(GlassViewEventHandler.java:249)
	at javafx.graphics@21.0.1/com.sun.glass.ui.View.handleKeyEvent(View.java:542)
	at javafx.graphics@21.0.1/com.sun.glass.ui.View.notifyKey(View.java:966)
	at javafx.graphics@21.0.1/com.sun.glass.ui.win.WinApplication._runLoop(Native Method)
	at javafx.graphics@21.0.1/com.sun.glass.ui.win.WinApplication.lambda$runLoop$3(WinApplication.java:185)
	at java.base/java.lang.Thread.run(Thread.java:1583)
2025-10-05 19:20:31 [JavaFX Application Thread] ERROR p.c.app.service.RecaudacionService - Error al calcular recaudación mensual para asesor: null
java.lang.NullPointerException: Cannot invoke "java.lang.Long.longValue()" because "idAsesor" is null
	at pe.crediactiva.app.dao.impl.RecaudacionAsesorDAOImpl.findByAsesor(RecaudacionAsesorDAOImpl.java:157)
	at pe.crediactiva.app.service.RecaudacionService.obtenerRecaudacionMensualPorAsesor(RecaudacionService.java:112)
	at pe.crediactiva.app.service.RecaudacionService.obtenerRecaudacionDelMes(RecaudacionService.java:275)
	at pe.crediactiva.app.view.asesor.AsesorMainController.cargarEstadisticasDashboard(AsesorMainController.java:139)
	at pe.crediactiva.app.view.asesor.AsesorMainController.initialize(AsesorMainController.java:110)
	at java.base/jdk.internal.reflect.DirectMethodHandleAccessor.invoke(DirectMethodHandleAccessor.java:103)
	at java.base/java.lang.reflect.Method.invoke(Method.java:580)
	at com.sun.javafx.reflect.Trampoline.invoke(MethodUtil.java:72)
	at java.base/jdk.internal.reflect.DirectMethodHandleAccessor.invoke(DirectMethodHandleAccessor.java:103)
	at java.base/java.lang.reflect.Method.invoke(Method.java:580)
	at javafx.base@21.0.1/com.sun.javafx.reflect.MethodUtil.invoke(MethodUtil.java:270)
	at javafx.fxml@21.0.1/com.sun.javafx.fxml.MethodHelper.invoke(MethodHelper.java:84)
	at javafx.fxml@21.0.1/javafx.fxml.FXMLLoader.loadImpl(FXMLLoader.java:2688)
	at javafx.fxml@21.0.1/javafx.fxml.FXMLLoader.loadImpl(FXMLLoader.java:2563)
	at javafx.fxml@21.0.1/javafx.fxml.FXMLLoader.load(FXMLLoader.java:2531)
	at pe.crediactiva.app.view.LoginController.redirectToMainScreen(LoginController.java:137)
	at pe.crediactiva.app.view.LoginController.handleLogin(LoginController.java:96)
	at pe.crediactiva.app.view.LoginController.lambda$initialize$0(LoginController.java:50)
	at javafx.base@21.0.1/com.sun.javafx.event.CompositeEventHandler.dispatchBubblingEvent(CompositeEventHandler.java:86)
	at javafx.base@21.0.1/com.sun.javafx.event.EventHandlerManager.dispatchBubblingEvent(EventHandlerManager.java:232)
	at javafx.base@21.0.1/com.sun.javafx.event.EventHandlerManager.dispatchBubblingEvent(EventHandlerManager.java:189)
	at javafx.base@21.0.1/com.sun.javafx.event.CompositeEventDispatcher.dispatchBubblingEvent(CompositeEventDispatcher.java:59)
	at javafx.base@21.0.1/com.sun.javafx.event.BasicEventDispatcher.dispatchEvent(BasicEventDispatcher.java:58)
	at javafx.base@21.0.1/com.sun.javafx.event.EventDispatchChainImpl.dispatchEvent(EventDispatchChainImpl.java:114)
	at javafx.base@21.0.1/com.sun.javafx.event.BasicEventDispatcher.dispatchEvent(BasicEventDispatcher.java:56)
	at javafx.base@21.0.1/com.sun.javafx.event.EventDispatchChainImpl.dispatchEvent(EventDispatchChainImpl.java:114)
	at javafx.base@21.0.1/com.sun.javafx.event.BasicEventDispatcher.dispatchEvent(BasicEventDispatcher.java:56)
	at javafx.base@21.0.1/com.sun.javafx.event.EventDispatchChainImpl.dispatchEvent(EventDispatchChainImpl.java:114)
	at javafx.base@21.0.1/com.sun.javafx.event.EventUtil.fireEventImpl(EventUtil.java:74)
	at javafx.base@21.0.1/com.sun.javafx.event.EventUtil.fireEvent(EventUtil.java:49)
	at javafx.base@21.0.1/javafx.event.Event.fireEvent(Event.java:198)
	at javafx.graphics@21.0.1/javafx.scene.Node.fireEvent(Node.java:8875)
	at javafx.controls@21.0.1/com.sun.javafx.scene.control.behavior.TextFieldBehavior.fire(TextFieldBehavior.java:161)
	at javafx.controls@21.0.1/com.sun.javafx.scene.control.behavior.TextInputControlBehavior.lambda$keyMapping$62(TextInputControlBehavior.java:344)
	at javafx.controls@21.0.1/com.sun.javafx.scene.control.inputmap.InputMap.handle(InputMap.java:274)
	at javafx.base@21.0.1/com.sun.javafx.event.CompositeEventHandler$NormalEventHandlerRecord.handleBubblingEvent(CompositeEventHandler.java:247)
	at javafx.base@21.0.1/com.sun.javafx.event.CompositeEventHandler.dispatchBubblingEvent(CompositeEventHandler.java:80)
	at javafx.base@21.0.1/com.sun.javafx.event.EventHandlerManager.dispatchBubblingEvent(EventHandlerManager.java:232)
	at javafx.base@21.0.1/com.sun.javafx.event.EventHandlerManager.dispatchBubblingEvent(EventHandlerManager.java:189)
	at javafx.base@21.0.1/com.sun.javafx.event.CompositeEventDispatcher.dispatchBubblingEvent(CompositeEventDispatcher.java:59)
	at javafx.base@21.0.1/com.sun.javafx.event.BasicEventDispatcher.dispatchEvent(BasicEventDispatcher.java:58)
	at javafx.base@21.0.1/com.sun.javafx.event.EventDispatchChainImpl.dispatchEvent(EventDispatchChainImpl.java:114)
	at javafx.base@21.0.1/com.sun.javafx.event.BasicEventDispatcher.dispatchEvent(BasicEventDispatcher.java:56)
	at javafx.base@21.0.1/com.sun.javafx.event.EventDispatchChainImpl.dispatchEvent(EventDispatchChainImpl.java:114)
	at javafx.base@21.0.1/com.sun.javafx.event.BasicEventDispatcher.dispatchEvent(BasicEventDispatcher.java:56)
	at javafx.base@21.0.1/com.sun.javafx.event.EventDispatchChainImpl.dispatchEvent(EventDispatchChainImpl.java:114)
	at javafx.base@21.0.1/com.sun.javafx.event.EventUtil.fireEventImpl(EventUtil.java:74)
	at javafx.base@21.0.1/com.sun.javafx.event.EventUtil.fireEvent(EventUtil.java:54)
	at javafx.base@21.0.1/javafx.event.Event.fireEvent(Event.java:198)
	at javafx.graphics@21.0.1/javafx.scene.Scene.processKeyEvent(Scene.java:2194)
	at javafx.graphics@21.0.1/javafx.scene.Scene$ScenePeerListener.keyEvent(Scene.java:2715)
	at javafx.graphics@21.0.1/com.sun.javafx.tk.quantum.GlassViewEventHandler$KeyEventNotification.run(GlassViewEventHandler.java:218)
	at javafx.graphics@21.0.1/com.sun.javafx.tk.quantum.GlassViewEventHandler$KeyEventNotification.run(GlassViewEventHandler.java:150)
	at java.base/java.security.AccessController.doPrivileged(AccessController.java:400)
	at javafx.graphics@21.0.1/com.sun.javafx.tk.quantum.GlassViewEventHandler.lambda$handleKeyEvent$1(GlassViewEventHandler.java:250)
	at javafx.graphics@21.0.1/com.sun.javafx.tk.quantum.QuantumToolkit.runWithoutRenderLock(QuantumToolkit.java:424)
	at javafx.graphics@21.0.1/com.sun.javafx.tk.quantum.GlassViewEventHandler.handleKeyEvent(GlassViewEventHandler.java:249)
	at javafx.graphics@21.0.1/com.sun.glass.ui.View.handleKeyEvent(View.java:542)
	at javafx.graphics@21.0.1/com.sun.glass.ui.View.notifyKey(View.java:966)
	at javafx.graphics@21.0.1/com.sun.glass.ui.win.WinApplication._runLoop(Native Method)
	at javafx.graphics@21.0.1/com.sun.glass.ui.win.WinApplication.lambda$runLoop$3(WinApplication.java:185)
	at java.base/java.lang.Thread.run(Thread.java:1583)
2025-10-05 19:20:31 [JavaFX Application Thread] INFO  p.c.app.view.LoginController - Usuario redirigido a pantalla principal: ASESOR
2025-10-05 19:20:43 [JavaFX Application Thread] ERROR p.c.app.service.RecaudacionService - Error al calcular recaudación mensual para asesor: null
java.lang.NullPointerException: Cannot invoke "java.lang.Long.longValue()" because "idAsesor" is null
	at pe.crediactiva.app.dao.impl.RecaudacionAsesorDAOImpl.findByAsesor(RecaudacionAsesorDAOImpl.java:157)
	at pe.crediactiva.app.service.RecaudacionService.obtenerRecaudacionMensualPorAsesor(RecaudacionService.java:112)
	at pe.crediactiva.app.service.RecaudacionService.obtenerRecaudacionDelDia(RecaudacionService.java:268)
	at pe.crediactiva.app.view.asesor.AsesorMainController.cargarEstadisticasDashboard(AsesorMainController.java:135)
	at pe.crediactiva.app.view.asesor.AsesorMainController.handleDashboard(AsesorMainController.java:172)
	at java.base/jdk.internal.reflect.DirectMethodHandleAccessor.invoke(DirectMethodHandleAccessor.java:103)
	at java.base/java.lang.reflect.Method.invoke(Method.java:580)
	at com.sun.javafx.reflect.Trampoline.invoke(MethodUtil.java:72)
	at java.base/jdk.internal.reflect.DirectMethodHandleAccessor.invoke(DirectMethodHandleAccessor.java:103)
	at java.base/java.lang.reflect.Method.invoke(Method.java:580)
	at javafx.base@21.0.1/com.sun.javafx.reflect.MethodUtil.invoke(MethodUtil.java:270)
	at javafx.fxml@21.0.1/com.sun.javafx.fxml.MethodHelper.invoke(MethodHelper.java:84)
	at javafx.fxml@21.0.1/javafx.fxml.FXMLLoader$MethodHandler.invoke(FXMLLoader.java:1855)
	at javafx.fxml@21.0.1/javafx.fxml.FXMLLoader$ControllerMethodEventHandler.handle(FXMLLoader.java:1726)
	at javafx.base@21.0.1/com.sun.javafx.event.CompositeEventHandler.dispatchBubblingEvent(CompositeEventHandler.java:86)
	at javafx.base@21.0.1/com.sun.javafx.event.EventHandlerManager.dispatchBubblingEvent(EventHandlerManager.java:232)
	at javafx.base@21.0.1/com.sun.javafx.event.EventHandlerManager.dispatchBubblingEvent(EventHandlerManager.java:189)
	at javafx.base@21.0.1/com.sun.javafx.event.CompositeEventDispatcher.dispatchBubblingEvent(CompositeEventDispatcher.java:59)
	at javafx.base@21.0.1/com.sun.javafx.event.BasicEventDispatcher.dispatchEvent(BasicEventDispatcher.java:58)
	at javafx.base@21.0.1/com.sun.javafx.event.EventDispatchChainImpl.dispatchEvent(EventDispatchChainImpl.java:114)
	at javafx.base@21.0.1/com.sun.javafx.event.BasicEventDispatcher.dispatchEvent(BasicEventDispatcher.java:56)
	at javafx.base@21.0.1/com.sun.javafx.event.EventDispatchChainImpl.dispatchEvent(EventDispatchChainImpl.java:114)
	at javafx.base@21.0.1/com.sun.javafx.event.BasicEventDispatcher.dispatchEvent(BasicEventDispatcher.java:56)
	at javafx.base@21.0.1/com.sun.javafx.event.EventDispatchChainImpl.dispatchEvent(EventDispatchChainImpl.java:114)
	at javafx.base@21.0.1/com.sun.javafx.event.BasicEventDispatcher.dispatchEvent(BasicEventDispatcher.java:56)
	at javafx.base@21.0.1/com.sun.javafx.event.EventDispatchChainImpl.dispatchEvent(EventDispatchChainImpl.java:114)
	at javafx.base@21.0.1/com.sun.javafx.event.EventUtil.fireEventImpl(EventUtil.java:74)
	at javafx.base@21.0.1/com.sun.javafx.event.EventUtil.fireEvent(EventUtil.java:49)
	at javafx.base@21.0.1/javafx.event.Event.fireEvent(Event.java:198)
	at javafx.graphics@21.0.1/javafx.scene.Node.fireEvent(Node.java:8875)
	at javafx.controls@21.0.1/javafx.scene.control.Button.fire(Button.java:203)
	at javafx.controls@21.0.1/com.sun.javafx.scene.control.behavior.ButtonBehavior.mouseReleased(ButtonBehavior.java:207)
	at javafx.controls@21.0.1/com.sun.javafx.scene.control.inputmap.InputMap.handle(InputMap.java:274)
	at javafx.base@21.0.1/com.sun.javafx.event.CompositeEventHandler$NormalEventHandlerRecord.handleBubblingEvent(CompositeEventHandler.java:247)
	at javafx.base@21.0.1/com.sun.javafx.event.CompositeEventHandler.dispatchBubblingEvent(CompositeEventHandler.java:80)
	at javafx.base@21.0.1/com.sun.javafx.event.EventHandlerManager.dispatchBubblingEvent(EventHandlerManager.java:232)
	at javafx.base@21.0.1/com.sun.javafx.event.EventHandlerManager.dispatchBubblingEvent(EventHandlerManager.java:189)
	at javafx.base@21.0.1/com.sun.javafx.event.CompositeEventDispatcher.dispatchBubblingEvent(CompositeEventDispatcher.java:59)
	at javafx.base@21.0.1/com.sun.javafx.event.BasicEventDispatcher.dispatchEvent(BasicEventDispatcher.java:58)
	at javafx.base@21.0.1/com.sun.javafx.event.EventDispatchChainImpl.dispatchEvent(EventDispatchChainImpl.java:114)
	at javafx.base@21.0.1/com.sun.javafx.event.BasicEventDispatcher.dispatchEvent(BasicEventDispatcher.java:56)
	at javafx.base@21.0.1/com.sun.javafx.event.EventDispatchChainImpl.dispatchEvent(EventDispatchChainImpl.java:114)
	at javafx.base@21.0.1/com.sun.javafx.event.BasicEventDispatcher.dispatchEvent(BasicEventDispatcher.java:56)
	at javafx.base@21.0.1/com.sun.javafx.event.EventDispatchChainImpl.dispatchEvent(EventDispatchChainImpl.java:114)
	at javafx.base@21.0.1/com.sun.javafx.event.BasicEventDispatcher.dispatchEvent(BasicEventDispatcher.java:56)
	at javafx.base@21.0.1/com.sun.javafx.event.EventDispatchChainImpl.dispatchEvent(EventDispatchChainImpl.java:114)
	at javafx.base@21.0.1/com.sun.javafx.event.EventUtil.fireEventImpl(EventUtil.java:74)
	at javafx.base@21.0.1/com.sun.javafx.event.EventUtil.fireEvent(EventUtil.java:54)
	at javafx.base@21.0.1/javafx.event.Event.fireEvent(Event.java:198)
	at javafx.graphics@21.0.1/javafx.scene.Scene$MouseHandler.process(Scene.java:3984)
	at javafx.graphics@21.0.1/javafx.scene.Scene.processMouseEvent(Scene.java:1890)
	at javafx.graphics@21.0.1/javafx.scene.Scene$ScenePeerListener.mouseEvent(Scene.java:2708)
	at javafx.graphics@21.0.1/com.sun.javafx.tk.quantum.GlassViewEventHandler$MouseEventNotification.run(GlassViewEventHandler.java:411)
	at javafx.graphics@21.0.1/com.sun.javafx.tk.quantum.GlassViewEventHandler$MouseEventNotification.run(GlassViewEventHandler.java:301)
	at java.base/java.security.AccessController.doPrivileged(AccessController.java:400)
	at javafx.graphics@21.0.1/com.sun.javafx.tk.quantum.GlassViewEventHandler.lambda$handleMouseEvent$2(GlassViewEventHandler.java:450)
	at javafx.graphics@21.0.1/com.sun.javafx.tk.quantum.QuantumToolkit.runWithoutRenderLock(QuantumToolkit.java:424)
	at javafx.graphics@21.0.1/com.sun.javafx.tk.quantum.GlassViewEventHandler.handleMouseEvent(GlassViewEventHandler.java:449)
	at javafx.graphics@21.0.1/com.sun.glass.ui.View.handleMouseEvent(View.java:551)
	at javafx.graphics@21.0.1/com.sun.glass.ui.View.notifyMouse(View.java:937)
	at javafx.graphics@21.0.1/com.sun.glass.ui.win.WinApplication._runLoop(Native Method)
	at javafx.graphics@21.0.1/com.sun.glass.ui.win.WinApplication.lambda$runLoop$3(WinApplication.java:185)
	at java.base/java.lang.Thread.run(Thread.java:1583)
2025-10-05 19:20:43 [JavaFX Application Thread] ERROR p.c.app.service.RecaudacionService - Error al calcular recaudación mensual para asesor: null
java.lang.NullPointerException: Cannot invoke "java.lang.Long.longValue()" because "idAsesor" is null
	at pe.crediactiva.app.dao.impl.RecaudacionAsesorDAOImpl.findByAsesor(RecaudacionAsesorDAOImpl.java:157)
	at pe.crediactiva.app.service.RecaudacionService.obtenerRecaudacionMensualPorAsesor(RecaudacionService.java:112)
	at pe.crediactiva.app.service.RecaudacionService.obtenerRecaudacionDelMes(RecaudacionService.java:275)
	at pe.crediactiva.app.view.asesor.AsesorMainController.cargarEstadisticasDashboard(AsesorMainController.java:139)
	at pe.crediactiva.app.view.asesor.AsesorMainController.handleDashboard(AsesorMainController.java:172)
	at java.base/jdk.internal.reflect.DirectMethodHandleAccessor.invoke(DirectMethodHandleAccessor.java:103)
	at java.base/java.lang.reflect.Method.invoke(Method.java:580)
	at com.sun.javafx.reflect.Trampoline.invoke(MethodUtil.java:72)
	at java.base/jdk.internal.reflect.DirectMethodHandleAccessor.invoke(DirectMethodHandleAccessor.java:103)
	at java.base/java.lang.reflect.Method.invoke(Method.java:580)
	at javafx.base@21.0.1/com.sun.javafx.reflect.MethodUtil.invoke(MethodUtil.java:270)
	at javafx.fxml@21.0.1/com.sun.javafx.fxml.MethodHelper.invoke(MethodHelper.java:84)
	at javafx.fxml@21.0.1/javafx.fxml.FXMLLoader$MethodHandler.invoke(FXMLLoader.java:1855)
	at javafx.fxml@21.0.1/javafx.fxml.FXMLLoader$ControllerMethodEventHandler.handle(FXMLLoader.java:1726)
	at javafx.base@21.0.1/com.sun.javafx.event.CompositeEventHandler.dispatchBubblingEvent(CompositeEventHandler.java:86)
	at javafx.base@21.0.1/com.sun.javafx.event.EventHandlerManager.dispatchBubblingEvent(EventHandlerManager.java:232)
	at javafx.base@21.0.1/com.sun.javafx.event.EventHandlerManager.dispatchBubblingEvent(EventHandlerManager.java:189)
	at javafx.base@21.0.1/com.sun.javafx.event.CompositeEventDispatcher.dispatchBubblingEvent(CompositeEventDispatcher.java:59)
	at javafx.base@21.0.1/com.sun.javafx.event.BasicEventDispatcher.dispatchEvent(BasicEventDispatcher.java:58)
	at javafx.base@21.0.1/com.sun.javafx.event.EventDispatchChainImpl.dispatchEvent(EventDispatchChainImpl.java:114)
	at javafx.base@21.0.1/com.sun.javafx.event.BasicEventDispatcher.dispatchEvent(BasicEventDispatcher.java:56)
	at javafx.base@21.0.1/com.sun.javafx.event.EventDispatchChainImpl.dispatchEvent(EventDispatchChainImpl.java:114)
	at javafx.base@21.0.1/com.sun.javafx.event.BasicEventDispatcher.dispatchEvent(BasicEventDispatcher.java:56)
	at javafx.base@21.0.1/com.sun.javafx.event.EventDispatchChainImpl.dispatchEvent(EventDispatchChainImpl.java:114)
	at javafx.base@21.0.1/com.sun.javafx.event.BasicEventDispatcher.dispatchEvent(BasicEventDispatcher.java:56)
	at javafx.base@21.0.1/com.sun.javafx.event.EventDispatchChainImpl.dispatchEvent(EventDispatchChainImpl.java:114)
	at javafx.base@21.0.1/com.sun.javafx.event.EventUtil.fireEventImpl(EventUtil.java:74)
	at javafx.base@21.0.1/com.sun.javafx.event.EventUtil.fireEvent(EventUtil.java:49)
	at javafx.base@21.0.1/javafx.event.Event.fireEvent(Event.java:198)
	at javafx.graphics@21.0.1/javafx.scene.Node.fireEvent(Node.java:8875)
	at javafx.controls@21.0.1/javafx.scene.control.Button.fire(Button.java:203)
	at javafx.controls@21.0.1/com.sun.javafx.scene.control.behavior.ButtonBehavior.mouseReleased(ButtonBehavior.java:207)
	at javafx.controls@21.0.1/com.sun.javafx.scene.control.inputmap.InputMap.handle(InputMap.java:274)
	at javafx.base@21.0.1/com.sun.javafx.event.CompositeEventHandler$NormalEventHandlerRecord.handleBubblingEvent(CompositeEventHandler.java:247)
	at javafx.base@21.0.1/com.sun.javafx.event.CompositeEventHandler.dispatchBubblingEvent(CompositeEventHandler.java:80)
	at javafx.base@21.0.1/com.sun.javafx.event.EventHandlerManager.dispatchBubblingEvent(EventHandlerManager.java:232)
	at javafx.base@21.0.1/com.sun.javafx.event.EventHandlerManager.dispatchBubblingEvent(EventHandlerManager.java:189)
	at javafx.base@21.0.1/com.sun.javafx.event.CompositeEventDispatcher.dispatchBubblingEvent(CompositeEventDispatcher.java:59)
	at javafx.base@21.0.1/com.sun.javafx.event.BasicEventDispatcher.dispatchEvent(BasicEventDispatcher.java:58)
	at javafx.base@21.0.1/com.sun.javafx.event.EventDispatchChainImpl.dispatchEvent(EventDispatchChainImpl.java:114)
	at javafx.base@21.0.1/com.sun.javafx.event.BasicEventDispatcher.dispatchEvent(BasicEventDispatcher.java:56)
	at javafx.base@21.0.1/com.sun.javafx.event.EventDispatchChainImpl.dispatchEvent(EventDispatchChainImpl.java:114)
	at javafx.base@21.0.1/com.sun.javafx.event.BasicEventDispatcher.dispatchEvent(BasicEventDispatcher.java:56)
	at javafx.base@21.0.1/com.sun.javafx.event.EventDispatchChainImpl.dispatchEvent(EventDispatchChainImpl.java:114)
	at javafx.base@21.0.1/com.sun.javafx.event.BasicEventDispatcher.dispatchEvent(BasicEventDispatcher.java:56)
	at javafx.base@21.0.1/com.sun.javafx.event.EventDispatchChainImpl.dispatchEvent(EventDispatchChainImpl.java:114)
	at javafx.base@21.0.1/com.sun.javafx.event.EventUtil.fireEventImpl(EventUtil.java:74)
	at javafx.base@21.0.1/com.sun.javafx.event.EventUtil.fireEvent(EventUtil.java:54)
	at javafx.base@21.0.1/javafx.event.Event.fireEvent(Event.java:198)
	at javafx.graphics@21.0.1/javafx.scene.Scene$MouseHandler.process(Scene.java:3984)
	at javafx.graphics@21.0.1/javafx.scene.Scene.processMouseEvent(Scene.java:1890)
	at javafx.graphics@21.0.1/javafx.scene.Scene$ScenePeerListener.mouseEvent(Scene.java:2708)
	at javafx.graphics@21.0.1/com.sun.javafx.tk.quantum.GlassViewEventHandler$MouseEventNotification.run(GlassViewEventHandler.java:411)
	at javafx.graphics@21.0.1/com.sun.javafx.tk.quantum.GlassViewEventHandler$MouseEventNotification.run(GlassViewEventHandler.java:301)
	at java.base/java.security.AccessController.doPrivileged(AccessController.java:400)
	at javafx.graphics@21.0.1/com.sun.javafx.tk.quantum.GlassViewEventHandler.lambda$handleMouseEvent$2(GlassViewEventHandler.java:450)
	at javafx.graphics@21.0.1/com.sun.javafx.tk.quantum.QuantumToolkit.runWithoutRenderLock(QuantumToolkit.java:424)
	at javafx.graphics@21.0.1/com.sun.javafx.tk.quantum.GlassViewEventHandler.handleMouseEvent(GlassViewEventHandler.java:449)
	at javafx.graphics@21.0.1/com.sun.glass.ui.View.handleMouseEvent(View.java:551)
	at javafx.graphics@21.0.1/com.sun.glass.ui.View.notifyMouse(View.java:937)
	at javafx.graphics@21.0.1/com.sun.glass.ui.win.WinApplication._runLoop(Native Method)
	at javafx.graphics@21.0.1/com.sun.glass.ui.win.WinApplication.lambda$runLoop$3(WinApplication.java:185)
	at java.base/java.lang.Thread.run(Thread.java:1583)
2025-10-05 19:20:49 [JavaFX Application Thread] INFO  p.c.a.service.AuthenticationService - Usuario cerró sesión: 12345678
2025-10-05 19:20:49 [JavaFX Application Thread] INFO  p.c.a.v.asesor.AsesorMainController - Asesor cerró sesión
2025-10-05 19:23:08 [JavaFX Application Thread] INFO  p.c.app.config.DatabaseConfig - Pool de conexiones cerrado correctamente
2025-10-05 19:23:08 [JavaFX Application Thread] INFO  pe.crediactiva.app.Main - Aplicación CrediActiva cerrada
2025-10-05 19:23:28 [main] INFO  pe.crediactiva.app.Main - Iniciando aplicación CrediActiva Desktop v1.0.0
2025-10-05 19:23:28 [JavaFX Application Thread] INFO  pe.crediactiva.app.Main - Icono no encontrado, continuando sin icono
2025-10-05 19:23:28 [JavaFX Application Thread] INFO  p.c.app.config.DatabaseConfig - Propiedades de base de datos cargadas correctamente
2025-10-05 19:23:28 [JavaFX Application Thread] INFO  p.c.app.config.DatabaseConfig - Pool de conexiones HikariCP inicializado correctamente
2025-10-05 19:23:29 [JavaFX Application Thread] INFO  pe.crediactiva.app.Main - Aplicación CrediActiva iniciada correctamente
2025-10-05 19:23:42 [JavaFX Application Thread] INFO  p.c.app.dao.impl.UsuarioDAOImpl - Usuario autenticado exitosamente: 11111111
2025-10-05 19:23:42 [JavaFX Application Thread] INFO  p.c.a.service.AuthenticationService - Usuario autenticado exitosamente: 11111111 - CLIENTE
2025-10-05 19:23:42 [JavaFX Application Thread] INFO  p.c.app.view.LoginController - Usuario autenticado exitosamente: 11111111
2025-10-05 19:23:43 [JavaFX Application Thread] ERROR p.c.app.view.LoginController - Error al cargar la pantalla principal
javafx.fxml.LoadException: 
/C:/Users/USER/OneDrive/Escritorio/proyecto_v4.0/target/classes/fxml/cliente/ClienteMainView.fxml:100

	at javafx.fxml@21.0.1/javafx.fxml.FXMLLoader.constructLoadException(FXMLLoader.java:2722)
	at javafx.fxml@21.0.1/javafx.fxml.FXMLLoader.loadImpl(FXMLLoader.java:2700)
	at javafx.fxml@21.0.1/javafx.fxml.FXMLLoader.loadImpl(FXMLLoader.java:2563)
	at javafx.fxml@21.0.1/javafx.fxml.FXMLLoader.load(FXMLLoader.java:2531)
	at pe.crediactiva.app.view.LoginController.redirectToMainScreen(LoginController.java:137)
	at pe.crediactiva.app.view.LoginController.handleLogin(LoginController.java:96)
	at java.base/jdk.internal.reflect.DirectMethodHandleAccessor.invoke(DirectMethodHandleAccessor.java:103)
	at java.base/java.lang.reflect.Method.invoke(Method.java:580)
	at com.sun.javafx.reflect.Trampoline.invoke(MethodUtil.java:72)
	at java.base/jdk.internal.reflect.DirectMethodHandleAccessor.invoke(DirectMethodHandleAccessor.java:103)
	at java.base/java.lang.reflect.Method.invoke(Method.java:580)
	at javafx.base@21.0.1/com.sun.javafx.reflect.MethodUtil.invoke(MethodUtil.java:270)
	at javafx.fxml@21.0.1/com.sun.javafx.fxml.MethodHelper.invoke(MethodHelper.java:84)
	at javafx.fxml@21.0.1/javafx.fxml.FXMLLoader$MethodHandler.invoke(FXMLLoader.java:1855)
	at javafx.fxml@21.0.1/javafx.fxml.FXMLLoader$ControllerMethodEventHandler.handle(FXMLLoader.java:1726)
	at javafx.base@21.0.1/com.sun.javafx.event.CompositeEventHandler.dispatchBubblingEvent(CompositeEventHandler.java:86)
	at javafx.base@21.0.1/com.sun.javafx.event.EventHandlerManager.dispatchBubblingEvent(EventHandlerManager.java:232)
	at javafx.base@21.0.1/com.sun.javafx.event.EventHandlerManager.dispatchBubblingEvent(EventHandlerManager.java:189)
	at javafx.base@21.0.1/com.sun.javafx.event.CompositeEventDispatcher.dispatchBubblingEvent(CompositeEventDispatcher.java:59)
	at javafx.base@21.0.1/com.sun.javafx.event.BasicEventDispatcher.dispatchEvent(BasicEventDispatcher.java:58)
	at javafx.base@21.0.1/com.sun.javafx.event.EventDispatchChainImpl.dispatchEvent(EventDispatchChainImpl.java:114)
	at javafx.base@21.0.1/com.sun.javafx.event.BasicEventDispatcher.dispatchEvent(BasicEventDispatcher.java:56)
	at javafx.base@21.0.1/com.sun.javafx.event.EventDispatchChainImpl.dispatchEvent(EventDispatchChainImpl.java:114)
	at javafx.base@21.0.1/com.sun.javafx.event.BasicEventDispatcher.dispatchEvent(BasicEventDispatcher.java:56)
	at javafx.base@21.0.1/com.sun.javafx.event.EventDispatchChainImpl.dispatchEvent(EventDispatchChainImpl.java:114)
	at javafx.base@21.0.1/com.sun.javafx.event.EventUtil.fireEventImpl(EventUtil.java:74)
	at javafx.base@21.0.1/com.sun.javafx.event.EventUtil.fireEvent(EventUtil.java:49)
	at javafx.base@21.0.1/javafx.event.Event.fireEvent(Event.java:198)
	at javafx.graphics@21.0.1/javafx.scene.Node.fireEvent(Node.java:8875)
	at javafx.controls@21.0.1/javafx.scene.control.Button.fire(Button.java:203)
	at javafx.controls@21.0.1/com.sun.javafx.scene.control.behavior.ButtonBehavior.mouseReleased(ButtonBehavior.java:207)
	at javafx.controls@21.0.1/com.sun.javafx.scene.control.inputmap.InputMap.handle(InputMap.java:274)
	at javafx.base@21.0.1/com.sun.javafx.event.CompositeEventHandler$NormalEventHandlerRecord.handleBubblingEvent(CompositeEventHandler.java:247)
	at javafx.base@21.0.1/com.sun.javafx.event.CompositeEventHandler.dispatchBubblingEvent(CompositeEventHandler.java:80)
	at javafx.base@21.0.1/com.sun.javafx.event.EventHandlerManager.dispatchBubblingEvent(EventHandlerManager.java:232)
	at javafx.base@21.0.1/com.sun.javafx.event.EventHandlerManager.dispatchBubblingEvent(EventHandlerManager.java:189)
	at javafx.base@21.0.1/com.sun.javafx.event.CompositeEventDispatcher.dispatchBubblingEvent(CompositeEventDispatcher.java:59)
	at javafx.base@21.0.1/com.sun.javafx.event.BasicEventDispatcher.dispatchEvent(BasicEventDispatcher.java:58)
	at javafx.base@21.0.1/com.sun.javafx.event.EventDispatchChainImpl.dispatchEvent(EventDispatchChainImpl.java:114)
	at javafx.base@21.0.1/com.sun.javafx.event.BasicEventDispatcher.dispatchEvent(BasicEventDispatcher.java:56)
	at javafx.base@21.0.1/com.sun.javafx.event.EventDispatchChainImpl.dispatchEvent(EventDispatchChainImpl.java:114)
	at javafx.base@21.0.1/com.sun.javafx.event.BasicEventDispatcher.dispatchEvent(BasicEventDispatcher.java:56)
	at javafx.base@21.0.1/com.sun.javafx.event.EventDispatchChainImpl.dispatchEvent(EventDispatchChainImpl.java:114)
	at javafx.base@21.0.1/com.sun.javafx.event.EventUtil.fireEventImpl(EventUtil.java:74)
	at javafx.base@21.0.1/com.sun.javafx.event.EventUtil.fireEvent(EventUtil.java:54)
	at javafx.base@21.0.1/javafx.event.Event.fireEvent(Event.java:198)
	at javafx.graphics@21.0.1/javafx.scene.Scene$MouseHandler.process(Scene.java:3984)
	at javafx.graphics@21.0.1/javafx.scene.Scene.processMouseEvent(Scene.java:1890)
	at javafx.graphics@21.0.1/javafx.scene.Scene$ScenePeerListener.mouseEvent(Scene.java:2708)
	at javafx.graphics@21.0.1/com.sun.javafx.tk.quantum.GlassViewEventHandler$MouseEventNotification.run(GlassViewEventHandler.java:411)
	at javafx.graphics@21.0.1/com.sun.javafx.tk.quantum.GlassViewEventHandler$MouseEventNotification.run(GlassViewEventHandler.java:301)
	at java.base/java.security.AccessController.doPrivileged(AccessController.java:400)
	at javafx.graphics@21.0.1/com.sun.javafx.tk.quantum.GlassViewEventHandler.lambda$handleMouseEvent$2(GlassViewEventHandler.java:450)
	at javafx.graphics@21.0.1/com.sun.javafx.tk.quantum.QuantumToolkit.runWithoutRenderLock(QuantumToolkit.java:424)
	at javafx.graphics@21.0.1/com.sun.javafx.tk.quantum.GlassViewEventHandler.handleMouseEvent(GlassViewEventHandler.java:449)
	at javafx.graphics@21.0.1/com.sun.glass.ui.View.handleMouseEvent(View.java:551)
	at javafx.graphics@21.0.1/com.sun.glass.ui.View.notifyMouse(View.java:937)
	at javafx.graphics@21.0.1/com.sun.glass.ui.win.WinApplication._runLoop(Native Method)
	at javafx.graphics@21.0.1/com.sun.glass.ui.win.WinApplication.lambda$runLoop$3(WinApplication.java:185)
	at java.base/java.lang.Thread.run(Thread.java:1583)
Caused by: com.sun.javafx.fxml.PropertyNotFoundException: Property "colspan" does not exist or is read-only.
	at javafx.fxml@21.0.1/javafx.fxml.FXMLLoader$Element.processValue(FXMLLoader.java:360)
	at javafx.fxml@21.0.1/javafx.fxml.FXMLLoader$Element.processPropertyAttribute(FXMLLoader.java:337)
	at javafx.fxml@21.0.1/javafx.fxml.FXMLLoader$Element.processInstancePropertyAttributes(FXMLLoader.java:248)
	at javafx.fxml@21.0.1/javafx.fxml.FXMLLoader$ValueElement.processEndElement(FXMLLoader.java:780)
	at javafx.fxml@21.0.1/javafx.fxml.FXMLLoader.processEndElement(FXMLLoader.java:2969)
	at javafx.fxml@21.0.1/javafx.fxml.FXMLLoader.loadImpl(FXMLLoader.java:2654)
	... 58 common frames omitted
2025-10-05 19:23:50 [JavaFX Application Thread] INFO  p.c.app.config.DatabaseConfig - Pool de conexiones cerrado correctamente
2025-10-05 19:23:50 [JavaFX Application Thread] INFO  pe.crediactiva.app.Main - Aplicación CrediActiva cerrada
2025-10-05 19:24:05 [main] INFO  pe.crediactiva.app.Main - Iniciando aplicación CrediActiva Desktop v1.0.0
2025-10-05 19:24:05 [JavaFX Application Thread] INFO  pe.crediactiva.app.Main - Icono no encontrado, continuando sin icono
2025-10-05 19:24:05 [JavaFX Application Thread] INFO  p.c.app.config.DatabaseConfig - Propiedades de base de datos cargadas correctamente
2025-10-05 19:24:05 [JavaFX Application Thread] INFO  p.c.app.config.DatabaseConfig - Pool de conexiones HikariCP inicializado correctamente
2025-10-05 19:24:05 [JavaFX Application Thread] INFO  pe.crediactiva.app.Main - Aplicación CrediActiva iniciada correctamente
2025-10-05 19:24:19 [JavaFX Application Thread] INFO  p.c.app.dao.impl.UsuarioDAOImpl - Usuario autenticado exitosamente: 11111111
2025-10-05 19:24:19 [JavaFX Application Thread] INFO  p.c.a.service.AuthenticationService - Usuario autenticado exitosamente: 11111111 - CLIENTE
2025-10-05 19:24:19 [JavaFX Application Thread] INFO  p.c.app.view.LoginController - Usuario autenticado exitosamente: 11111111
2025-10-05 19:24:19 [JavaFX Application Thread] ERROR p.c.app.view.LoginController - Error al cargar la pantalla principal
javafx.fxml.LoadException: 
/C:/Users/USER/OneDrive/Escritorio/proyecto_v4.0/target/classes/fxml/cliente/ClienteMainView.fxml:100

	at javafx.fxml@21.0.1/javafx.fxml.FXMLLoader.constructLoadException(FXMLLoader.java:2722)
	at javafx.fxml@21.0.1/javafx.fxml.FXMLLoader.loadImpl(FXMLLoader.java:2700)
	at javafx.fxml@21.0.1/javafx.fxml.FXMLLoader.loadImpl(FXMLLoader.java:2563)
	at javafx.fxml@21.0.1/javafx.fxml.FXMLLoader.load(FXMLLoader.java:2531)
	at pe.crediactiva.app.view.LoginController.redirectToMainScreen(LoginController.java:137)
	at pe.crediactiva.app.view.LoginController.handleLogin(LoginController.java:96)
	at java.base/jdk.internal.reflect.DirectMethodHandleAccessor.invoke(DirectMethodHandleAccessor.java:103)
	at java.base/java.lang.reflect.Method.invoke(Method.java:580)
	at com.sun.javafx.reflect.Trampoline.invoke(MethodUtil.java:72)
	at java.base/jdk.internal.reflect.DirectMethodHandleAccessor.invoke(DirectMethodHandleAccessor.java:103)
	at java.base/java.lang.reflect.Method.invoke(Method.java:580)
	at javafx.base@21.0.1/com.sun.javafx.reflect.MethodUtil.invoke(MethodUtil.java:270)
	at javafx.fxml@21.0.1/com.sun.javafx.fxml.MethodHelper.invoke(MethodHelper.java:84)
	at javafx.fxml@21.0.1/javafx.fxml.FXMLLoader$MethodHandler.invoke(FXMLLoader.java:1855)
	at javafx.fxml@21.0.1/javafx.fxml.FXMLLoader$ControllerMethodEventHandler.handle(FXMLLoader.java:1726)
	at javafx.base@21.0.1/com.sun.javafx.event.CompositeEventHandler.dispatchBubblingEvent(CompositeEventHandler.java:86)
	at javafx.base@21.0.1/com.sun.javafx.event.EventHandlerManager.dispatchBubblingEvent(EventHandlerManager.java:232)
	at javafx.base@21.0.1/com.sun.javafx.event.EventHandlerManager.dispatchBubblingEvent(EventHandlerManager.java:189)
	at javafx.base@21.0.1/com.sun.javafx.event.CompositeEventDispatcher.dispatchBubblingEvent(CompositeEventDispatcher.java:59)
	at javafx.base@21.0.1/com.sun.javafx.event.BasicEventDispatcher.dispatchEvent(BasicEventDispatcher.java:58)
	at javafx.base@21.0.1/com.sun.javafx.event.EventDispatchChainImpl.dispatchEvent(EventDispatchChainImpl.java:114)
	at javafx.base@21.0.1/com.sun.javafx.event.BasicEventDispatcher.dispatchEvent(BasicEventDispatcher.java:56)
	at javafx.base@21.0.1/com.sun.javafx.event.EventDispatchChainImpl.dispatchEvent(EventDispatchChainImpl.java:114)
	at javafx.base@21.0.1/com.sun.javafx.event.BasicEventDispatcher.dispatchEvent(BasicEventDispatcher.java:56)
	at javafx.base@21.0.1/com.sun.javafx.event.EventDispatchChainImpl.dispatchEvent(EventDispatchChainImpl.java:114)
	at javafx.base@21.0.1/com.sun.javafx.event.EventUtil.fireEventImpl(EventUtil.java:74)
	at javafx.base@21.0.1/com.sun.javafx.event.EventUtil.fireEvent(EventUtil.java:49)
	at javafx.base@21.0.1/javafx.event.Event.fireEvent(Event.java:198)
	at javafx.graphics@21.0.1/javafx.scene.Node.fireEvent(Node.java:8875)
	at javafx.controls@21.0.1/javafx.scene.control.Button.fire(Button.java:203)
	at javafx.controls@21.0.1/com.sun.javafx.scene.control.behavior.ButtonBehavior.mouseReleased(ButtonBehavior.java:207)
	at javafx.controls@21.0.1/com.sun.javafx.scene.control.inputmap.InputMap.handle(InputMap.java:274)
	at javafx.base@21.0.1/com.sun.javafx.event.CompositeEventHandler$NormalEventHandlerRecord.handleBubblingEvent(CompositeEventHandler.java:247)
	at javafx.base@21.0.1/com.sun.javafx.event.CompositeEventHandler.dispatchBubblingEvent(CompositeEventHandler.java:80)
	at javafx.base@21.0.1/com.sun.javafx.event.EventHandlerManager.dispatchBubblingEvent(EventHandlerManager.java:232)
	at javafx.base@21.0.1/com.sun.javafx.event.EventHandlerManager.dispatchBubblingEvent(EventHandlerManager.java:189)
	at javafx.base@21.0.1/com.sun.javafx.event.CompositeEventDispatcher.dispatchBubblingEvent(CompositeEventDispatcher.java:59)
	at javafx.base@21.0.1/com.sun.javafx.event.BasicEventDispatcher.dispatchEvent(BasicEventDispatcher.java:58)
	at javafx.base@21.0.1/com.sun.javafx.event.EventDispatchChainImpl.dispatchEvent(EventDispatchChainImpl.java:114)
	at javafx.base@21.0.1/com.sun.javafx.event.BasicEventDispatcher.dispatchEvent(BasicEventDispatcher.java:56)
	at javafx.base@21.0.1/com.sun.javafx.event.EventDispatchChainImpl.dispatchEvent(EventDispatchChainImpl.java:114)
	at javafx.base@21.0.1/com.sun.javafx.event.BasicEventDispatcher.dispatchEvent(BasicEventDispatcher.java:56)
	at javafx.base@21.0.1/com.sun.javafx.event.EventDispatchChainImpl.dispatchEvent(EventDispatchChainImpl.java:114)
	at javafx.base@21.0.1/com.sun.javafx.event.EventUtil.fireEventImpl(EventUtil.java:74)
	at javafx.base@21.0.1/com.sun.javafx.event.EventUtil.fireEvent(EventUtil.java:54)
	at javafx.base@21.0.1/javafx.event.Event.fireEvent(Event.java:198)
	at javafx.graphics@21.0.1/javafx.scene.Scene$MouseHandler.process(Scene.java:3984)
	at javafx.graphics@21.0.1/javafx.scene.Scene.processMouseEvent(Scene.java:1890)
	at javafx.graphics@21.0.1/javafx.scene.Scene$ScenePeerListener.mouseEvent(Scene.java:2708)
	at javafx.graphics@21.0.1/com.sun.javafx.tk.quantum.GlassViewEventHandler$MouseEventNotification.run(GlassViewEventHandler.java:411)
	at javafx.graphics@21.0.1/com.sun.javafx.tk.quantum.GlassViewEventHandler$MouseEventNotification.run(GlassViewEventHandler.java:301)
	at java.base/java.security.AccessController.doPrivileged(AccessController.java:400)
	at javafx.graphics@21.0.1/com.sun.javafx.tk.quantum.GlassViewEventHandler.lambda$handleMouseEvent$2(GlassViewEventHandler.java:450)
	at javafx.graphics@21.0.1/com.sun.javafx.tk.quantum.QuantumToolkit.runWithoutRenderLock(QuantumToolkit.java:424)
	at javafx.graphics@21.0.1/com.sun.javafx.tk.quantum.GlassViewEventHandler.handleMouseEvent(GlassViewEventHandler.java:449)
	at javafx.graphics@21.0.1/com.sun.glass.ui.View.handleMouseEvent(View.java:551)
	at javafx.graphics@21.0.1/com.sun.glass.ui.View.notifyMouse(View.java:937)
	at javafx.graphics@21.0.1/com.sun.glass.ui.win.WinApplication._runLoop(Native Method)
	at javafx.graphics@21.0.1/com.sun.glass.ui.win.WinApplication.lambda$runLoop$3(WinApplication.java:185)
	at java.base/java.lang.Thread.run(Thread.java:1583)
Caused by: com.sun.javafx.fxml.PropertyNotFoundException: Property "colspan" does not exist or is read-only.
	at javafx.fxml@21.0.1/javafx.fxml.FXMLLoader$Element.processValue(FXMLLoader.java:360)
	at javafx.fxml@21.0.1/javafx.fxml.FXMLLoader$Element.processPropertyAttribute(FXMLLoader.java:337)
	at javafx.fxml@21.0.1/javafx.fxml.FXMLLoader$Element.processInstancePropertyAttributes(FXMLLoader.java:248)
	at javafx.fxml@21.0.1/javafx.fxml.FXMLLoader$ValueElement.processEndElement(FXMLLoader.java:780)
	at javafx.fxml@21.0.1/javafx.fxml.FXMLLoader.processEndElement(FXMLLoader.java:2969)
	at javafx.fxml@21.0.1/javafx.fxml.FXMLLoader.loadImpl(FXMLLoader.java:2654)
	... 58 common frames omitted
2025-10-05 19:25:27 [JavaFX Application Thread] INFO  p.c.app.dao.impl.UsuarioDAOImpl - Usuario autenticado exitosamente: 12345678
2025-10-05 19:25:27 [JavaFX Application Thread] INFO  p.c.a.service.AuthenticationService - Usuario autenticado exitosamente: 12345678 - ASESOR
2025-10-05 19:25:27 [JavaFX Application Thread] INFO  p.c.app.view.LoginController - Usuario autenticado exitosamente: 12345678
2025-10-05 19:25:27 [JavaFX Application Thread] ERROR p.c.app.service.RecaudacionService - Error al calcular recaudación mensual para asesor: null
java.lang.NullPointerException: Cannot invoke "java.lang.Long.longValue()" because "idAsesor" is null
	at pe.crediactiva.app.dao.impl.RecaudacionAsesorDAOImpl.findByAsesor(RecaudacionAsesorDAOImpl.java:157)
	at pe.crediactiva.app.service.RecaudacionService.obtenerRecaudacionMensualPorAsesor(RecaudacionService.java:112)
	at pe.crediactiva.app.service.RecaudacionService.obtenerRecaudacionDelDia(RecaudacionService.java:268)
	at pe.crediactiva.app.view.asesor.AsesorMainController.cargarEstadisticasDashboard(AsesorMainController.java:135)
	at pe.crediactiva.app.view.asesor.AsesorMainController.initialize(AsesorMainController.java:110)
	at java.base/jdk.internal.reflect.DirectMethodHandleAccessor.invoke(DirectMethodHandleAccessor.java:103)
	at java.base/java.lang.reflect.Method.invoke(Method.java:580)
	at com.sun.javafx.reflect.Trampoline.invoke(MethodUtil.java:72)
	at java.base/jdk.internal.reflect.DirectMethodHandleAccessor.invoke(DirectMethodHandleAccessor.java:103)
	at java.base/java.lang.reflect.Method.invoke(Method.java:580)
	at javafx.base@21.0.1/com.sun.javafx.reflect.MethodUtil.invoke(MethodUtil.java:270)
	at javafx.fxml@21.0.1/com.sun.javafx.fxml.MethodHelper.invoke(MethodHelper.java:84)
	at javafx.fxml@21.0.1/javafx.fxml.FXMLLoader.loadImpl(FXMLLoader.java:2688)
	at javafx.fxml@21.0.1/javafx.fxml.FXMLLoader.loadImpl(FXMLLoader.java:2563)
	at javafx.fxml@21.0.1/javafx.fxml.FXMLLoader.load(FXMLLoader.java:2531)
	at pe.crediactiva.app.view.LoginController.redirectToMainScreen(LoginController.java:137)
	at pe.crediactiva.app.view.LoginController.handleLogin(LoginController.java:96)
	at java.base/jdk.internal.reflect.DirectMethodHandleAccessor.invoke(DirectMethodHandleAccessor.java:103)
	at java.base/java.lang.reflect.Method.invoke(Method.java:580)
	at com.sun.javafx.reflect.Trampoline.invoke(MethodUtil.java:72)
	at java.base/jdk.internal.reflect.DirectMethodHandleAccessor.invoke(DirectMethodHandleAccessor.java:103)
	at java.base/java.lang.reflect.Method.invoke(Method.java:580)
	at javafx.base@21.0.1/com.sun.javafx.reflect.MethodUtil.invoke(MethodUtil.java:270)
	at javafx.fxml@21.0.1/com.sun.javafx.fxml.MethodHelper.invoke(MethodHelper.java:84)
	at javafx.fxml@21.0.1/javafx.fxml.FXMLLoader$MethodHandler.invoke(FXMLLoader.java:1855)
	at javafx.fxml@21.0.1/javafx.fxml.FXMLLoader$ControllerMethodEventHandler.handle(FXMLLoader.java:1726)
	at javafx.base@21.0.1/com.sun.javafx.event.CompositeEventHandler.dispatchBubblingEvent(CompositeEventHandler.java:86)
	at javafx.base@21.0.1/com.sun.javafx.event.EventHandlerManager.dispatchBubblingEvent(EventHandlerManager.java:232)
	at javafx.base@21.0.1/com.sun.javafx.event.EventHandlerManager.dispatchBubblingEvent(EventHandlerManager.java:189)
	at javafx.base@21.0.1/com.sun.javafx.event.CompositeEventDispatcher.dispatchBubblingEvent(CompositeEventDispatcher.java:59)
	at javafx.base@21.0.1/com.sun.javafx.event.BasicEventDispatcher.dispatchEvent(BasicEventDispatcher.java:58)
	at javafx.base@21.0.1/com.sun.javafx.event.EventDispatchChainImpl.dispatchEvent(EventDispatchChainImpl.java:114)
	at javafx.base@21.0.1/com.sun.javafx.event.BasicEventDispatcher.dispatchEvent(BasicEventDispatcher.java:56)
	at javafx.base@21.0.1/com.sun.javafx.event.EventDispatchChainImpl.dispatchEvent(EventDispatchChainImpl.java:114)
	at javafx.base@21.0.1/com.sun.javafx.event.BasicEventDispatcher.dispatchEvent(BasicEventDispatcher.java:56)
	at javafx.base@21.0.1/com.sun.javafx.event.EventDispatchChainImpl.dispatchEvent(EventDispatchChainImpl.java:114)
	at javafx.base@21.0.1/com.sun.javafx.event.EventUtil.fireEventImpl(EventUtil.java:74)
	at javafx.base@21.0.1/com.sun.javafx.event.EventUtil.fireEvent(EventUtil.java:49)
	at javafx.base@21.0.1/javafx.event.Event.fireEvent(Event.java:198)
	at javafx.graphics@21.0.1/javafx.scene.Node.fireEvent(Node.java:8875)
	at javafx.controls@21.0.1/javafx.scene.control.Button.fire(Button.java:203)
	at javafx.controls@21.0.1/com.sun.javafx.scene.control.behavior.ButtonBehavior.mouseReleased(ButtonBehavior.java:207)
	at javafx.controls@21.0.1/com.sun.javafx.scene.control.inputmap.InputMap.handle(InputMap.java:274)
	at javafx.base@21.0.1/com.sun.javafx.event.CompositeEventHandler$NormalEventHandlerRecord.handleBubblingEvent(CompositeEventHandler.java:247)
	at javafx.base@21.0.1/com.sun.javafx.event.CompositeEventHandler.dispatchBubblingEvent(CompositeEventHandler.java:80)
	at javafx.base@21.0.1/com.sun.javafx.event.EventHandlerManager.dispatchBubblingEvent(EventHandlerManager.java:232)
	at javafx.base@21.0.1/com.sun.javafx.event.EventHandlerManager.dispatchBubblingEvent(EventHandlerManager.java:189)
	at javafx.base@21.0.1/com.sun.javafx.event.CompositeEventDispatcher.dispatchBubblingEvent(CompositeEventDispatcher.java:59)
	at javafx.base@21.0.1/com.sun.javafx.event.BasicEventDispatcher.dispatchEvent(BasicEventDispatcher.java:58)
	at javafx.base@21.0.1/com.sun.javafx.event.EventDispatchChainImpl.dispatchEvent(EventDispatchChainImpl.java:114)
	at javafx.base@21.0.1/com.sun.javafx.event.BasicEventDispatcher.dispatchEvent(BasicEventDispatcher.java:56)
	at javafx.base@21.0.1/com.sun.javafx.event.EventDispatchChainImpl.dispatchEvent(EventDispatchChainImpl.java:114)
	at javafx.base@21.0.1/com.sun.javafx.event.BasicEventDispatcher.dispatchEvent(BasicEventDispatcher.java:56)
	at javafx.base@21.0.1/com.sun.javafx.event.EventDispatchChainImpl.dispatchEvent(EventDispatchChainImpl.java:114)
	at javafx.base@21.0.1/com.sun.javafx.event.EventUtil.fireEventImpl(EventUtil.java:74)
	at javafx.base@21.0.1/com.sun.javafx.event.EventUtil.fireEvent(EventUtil.java:54)
	at javafx.base@21.0.1/javafx.event.Event.fireEvent(Event.java:198)
	at javafx.graphics@21.0.1/javafx.scene.Scene$MouseHandler.process(Scene.java:3984)
	at javafx.graphics@21.0.1/javafx.scene.Scene.processMouseEvent(Scene.java:1890)
	at javafx.graphics@21.0.1/javafx.scene.Scene$ScenePeerListener.mouseEvent(Scene.java:2708)
	at javafx.graphics@21.0.1/com.sun.javafx.tk.quantum.GlassViewEventHandler$MouseEventNotification.run(GlassViewEventHandler.java:411)
	at javafx.graphics@21.0.1/com.sun.javafx.tk.quantum.GlassViewEventHandler$MouseEventNotification.run(GlassViewEventHandler.java:301)
	at java.base/java.security.AccessController.doPrivileged(AccessController.java:400)
	at javafx.graphics@21.0.1/com.sun.javafx.tk.quantum.GlassViewEventHandler.lambda$handleMouseEvent$2(GlassViewEventHandler.java:450)
	at javafx.graphics@21.0.1/com.sun.javafx.tk.quantum.QuantumToolkit.runWithoutRenderLock(QuantumToolkit.java:424)
	at javafx.graphics@21.0.1/com.sun.javafx.tk.quantum.GlassViewEventHandler.handleMouseEvent(GlassViewEventHandler.java:449)
	at javafx.graphics@21.0.1/com.sun.glass.ui.View.handleMouseEvent(View.java:551)
	at javafx.graphics@21.0.1/com.sun.glass.ui.View.notifyMouse(View.java:937)
	at javafx.graphics@21.0.1/com.sun.glass.ui.win.WinApplication._runLoop(Native Method)
	at javafx.graphics@21.0.1/com.sun.glass.ui.win.WinApplication.lambda$runLoop$3(WinApplication.java:185)
	at java.base/java.lang.Thread.run(Thread.java:1583)
2025-10-05 19:25:27 [JavaFX Application Thread] ERROR p.c.app.service.RecaudacionService - Error al calcular recaudación mensual para asesor: null
java.lang.NullPointerException: Cannot invoke "java.lang.Long.longValue()" because "idAsesor" is null
	at pe.crediactiva.app.dao.impl.RecaudacionAsesorDAOImpl.findByAsesor(RecaudacionAsesorDAOImpl.java:157)
	at pe.crediactiva.app.service.RecaudacionService.obtenerRecaudacionMensualPorAsesor(RecaudacionService.java:112)
	at pe.crediactiva.app.service.RecaudacionService.obtenerRecaudacionDelMes(RecaudacionService.java:275)
	at pe.crediactiva.app.view.asesor.AsesorMainController.cargarEstadisticasDashboard(AsesorMainController.java:139)
	at pe.crediactiva.app.view.asesor.AsesorMainController.initialize(AsesorMainController.java:110)
	at java.base/jdk.internal.reflect.DirectMethodHandleAccessor.invoke(DirectMethodHandleAccessor.java:103)
	at java.base/java.lang.reflect.Method.invoke(Method.java:580)
	at com.sun.javafx.reflect.Trampoline.invoke(MethodUtil.java:72)
	at java.base/jdk.internal.reflect.DirectMethodHandleAccessor.invoke(DirectMethodHandleAccessor.java:103)
	at java.base/java.lang.reflect.Method.invoke(Method.java:580)
	at javafx.base@21.0.1/com.sun.javafx.reflect.MethodUtil.invoke(MethodUtil.java:270)
	at javafx.fxml@21.0.1/com.sun.javafx.fxml.MethodHelper.invoke(MethodHelper.java:84)
	at javafx.fxml@21.0.1/javafx.fxml.FXMLLoader.loadImpl(FXMLLoader.java:2688)
	at javafx.fxml@21.0.1/javafx.fxml.FXMLLoader.loadImpl(FXMLLoader.java:2563)
	at javafx.fxml@21.0.1/javafx.fxml.FXMLLoader.load(FXMLLoader.java:2531)
	at pe.crediactiva.app.view.LoginController.redirectToMainScreen(LoginController.java:137)
	at pe.crediactiva.app.view.LoginController.handleLogin(LoginController.java:96)
	at java.base/jdk.internal.reflect.DirectMethodHandleAccessor.invoke(DirectMethodHandleAccessor.java:103)
	at java.base/java.lang.reflect.Method.invoke(Method.java:580)
	at com.sun.javafx.reflect.Trampoline.invoke(MethodUtil.java:72)
	at java.base/jdk.internal.reflect.DirectMethodHandleAccessor.invoke(DirectMethodHandleAccessor.java:103)
	at java.base/java.lang.reflect.Method.invoke(Method.java:580)
	at javafx.base@21.0.1/com.sun.javafx.reflect.MethodUtil.invoke(MethodUtil.java:270)
	at javafx.fxml@21.0.1/com.sun.javafx.fxml.MethodHelper.invoke(MethodHelper.java:84)
	at javafx.fxml@21.0.1/javafx.fxml.FXMLLoader$MethodHandler.invoke(FXMLLoader.java:1855)
	at javafx.fxml@21.0.1/javafx.fxml.FXMLLoader$ControllerMethodEventHandler.handle(FXMLLoader.java:1726)
	at javafx.base@21.0.1/com.sun.javafx.event.CompositeEventHandler.dispatchBubblingEvent(CompositeEventHandler.java:86)
	at javafx.base@21.0.1/com.sun.javafx.event.EventHandlerManager.dispatchBubblingEvent(EventHandlerManager.java:232)
	at javafx.base@21.0.1/com.sun.javafx.event.EventHandlerManager.dispatchBubblingEvent(EventHandlerManager.java:189)
	at javafx.base@21.0.1/com.sun.javafx.event.CompositeEventDispatcher.dispatchBubblingEvent(CompositeEventDispatcher.java:59)
	at javafx.base@21.0.1/com.sun.javafx.event.BasicEventDispatcher.dispatchEvent(BasicEventDispatcher.java:58)
	at javafx.base@21.0.1/com.sun.javafx.event.EventDispatchChainImpl.dispatchEvent(EventDispatchChainImpl.java:114)
	at javafx.base@21.0.1/com.sun.javafx.event.BasicEventDispatcher.dispatchEvent(BasicEventDispatcher.java:56)
	at javafx.base@21.0.1/com.sun.javafx.event.EventDispatchChainImpl.dispatchEvent(EventDispatchChainImpl.java:114)
	at javafx.base@21.0.1/com.sun.javafx.event.BasicEventDispatcher.dispatchEvent(BasicEventDispatcher.java:56)
	at javafx.base@21.0.1/com.sun.javafx.event.EventDispatchChainImpl.dispatchEvent(EventDispatchChainImpl.java:114)
	at javafx.base@21.0.1/com.sun.javafx.event.EventUtil.fireEventImpl(EventUtil.java:74)
	at javafx.base@21.0.1/com.sun.javafx.event.EventUtil.fireEvent(EventUtil.java:49)
	at javafx.base@21.0.1/javafx.event.Event.fireEvent(Event.java:198)
	at javafx.graphics@21.0.1/javafx.scene.Node.fireEvent(Node.java:8875)
	at javafx.controls@21.0.1/javafx.scene.control.Button.fire(Button.java:203)
	at javafx.controls@21.0.1/com.sun.javafx.scene.control.behavior.ButtonBehavior.mouseReleased(ButtonBehavior.java:207)
	at javafx.controls@21.0.1/com.sun.javafx.scene.control.inputmap.InputMap.handle(InputMap.java:274)
	at javafx.base@21.0.1/com.sun.javafx.event.CompositeEventHandler$NormalEventHandlerRecord.handleBubblingEvent(CompositeEventHandler.java:247)
	at javafx.base@21.0.1/com.sun.javafx.event.CompositeEventHandler.dispatchBubblingEvent(CompositeEventHandler.java:80)
	at javafx.base@21.0.1/com.sun.javafx.event.EventHandlerManager.dispatchBubblingEvent(EventHandlerManager.java:232)
	at javafx.base@21.0.1/com.sun.javafx.event.EventHandlerManager.dispatchBubblingEvent(EventHandlerManager.java:189)
	at javafx.base@21.0.1/com.sun.javafx.event.CompositeEventDispatcher.dispatchBubblingEvent(CompositeEventDispatcher.java:59)
	at javafx.base@21.0.1/com.sun.javafx.event.BasicEventDispatcher.dispatchEvent(BasicEventDispatcher.java:58)
	at javafx.base@21.0.1/com.sun.javafx.event.EventDispatchChainImpl.dispatchEvent(EventDispatchChainImpl.java:114)
	at javafx.base@21.0.1/com.sun.javafx.event.BasicEventDispatcher.dispatchEvent(BasicEventDispatcher.java:56)
	at javafx.base@21.0.1/com.sun.javafx.event.EventDispatchChainImpl.dispatchEvent(EventDispatchChainImpl.java:114)
	at javafx.base@21.0.1/com.sun.javafx.event.BasicEventDispatcher.dispatchEvent(BasicEventDispatcher.java:56)
	at javafx.base@21.0.1/com.sun.javafx.event.EventDispatchChainImpl.dispatchEvent(EventDispatchChainImpl.java:114)
	at javafx.base@21.0.1/com.sun.javafx.event.EventUtil.fireEventImpl(EventUtil.java:74)
	at javafx.base@21.0.1/com.sun.javafx.event.EventUtil.fireEvent(EventUtil.java:54)
	at javafx.base@21.0.1/javafx.event.Event.fireEvent(Event.java:198)
	at javafx.graphics@21.0.1/javafx.scene.Scene$MouseHandler.process(Scene.java:3984)
	at javafx.graphics@21.0.1/javafx.scene.Scene.processMouseEvent(Scene.java:1890)
	at javafx.graphics@21.0.1/javafx.scene.Scene$ScenePeerListener.mouseEvent(Scene.java:2708)
	at javafx.graphics@21.0.1/com.sun.javafx.tk.quantum.GlassViewEventHandler$MouseEventNotification.run(GlassViewEventHandler.java:411)
	at javafx.graphics@21.0.1/com.sun.javafx.tk.quantum.GlassViewEventHandler$MouseEventNotification.run(GlassViewEventHandler.java:301)
	at java.base/java.security.AccessController.doPrivileged(AccessController.java:400)
	at javafx.graphics@21.0.1/com.sun.javafx.tk.quantum.GlassViewEventHandler.lambda$handleMouseEvent$2(GlassViewEventHandler.java:450)
	at javafx.graphics@21.0.1/com.sun.javafx.tk.quantum.QuantumToolkit.runWithoutRenderLock(QuantumToolkit.java:424)
	at javafx.graphics@21.0.1/com.sun.javafx.tk.quantum.GlassViewEventHandler.handleMouseEvent(GlassViewEventHandler.java:449)
	at javafx.graphics@21.0.1/com.sun.glass.ui.View.handleMouseEvent(View.java:551)
	at javafx.graphics@21.0.1/com.sun.glass.ui.View.notifyMouse(View.java:937)
	at javafx.graphics@21.0.1/com.sun.glass.ui.win.WinApplication._runLoop(Native Method)
	at javafx.graphics@21.0.1/com.sun.glass.ui.win.WinApplication.lambda$runLoop$3(WinApplication.java:185)
	at java.base/java.lang.Thread.run(Thread.java:1583)
2025-10-05 19:25:27 [JavaFX Application Thread] INFO  p.c.app.view.LoginController - Usuario redirigido a pantalla principal: ASESOR
2025-10-05 19:25:43 [JavaFX Application Thread] INFO  p.c.app.config.DatabaseConfig - Pool de conexiones cerrado correctamente
2025-10-05 19:25:43 [JavaFX Application Thread] INFO  pe.crediactiva.app.Main - Aplicación CrediActiva cerrada
2025-10-05 19:26:26 [main] INFO  pe.crediactiva.app.Main - Iniciando aplicación CrediActiva Desktop v1.0.0
2025-10-05 19:26:26 [JavaFX Application Thread] INFO  pe.crediactiva.app.Main - Icono no encontrado, continuando sin icono
2025-10-05 19:26:26 [JavaFX Application Thread] INFO  p.c.app.config.DatabaseConfig - Propiedades de base de datos cargadas correctamente
2025-10-05 19:26:26 [JavaFX Application Thread] INFO  p.c.app.config.DatabaseConfig - Pool de conexiones HikariCP inicializado correctamente
2025-10-05 19:26:27 [JavaFX Application Thread] INFO  pe.crediactiva.app.Main - Aplicación CrediActiva iniciada correctamente
2025-10-05 19:26:39 [JavaFX Application Thread] INFO  p.c.app.dao.impl.UsuarioDAOImpl - Usuario autenticado exitosamente: 11111111
2025-10-05 19:26:39 [JavaFX Application Thread] INFO  p.c.a.service.AuthenticationService - Usuario autenticado exitosamente: 11111111 - CLIENTE
2025-10-05 19:26:39 [JavaFX Application Thread] INFO  p.c.app.view.LoginController - Usuario autenticado exitosamente: 11111111
2025-10-05 19:26:39 [JavaFX Application Thread] ERROR p.c.app.dao.impl.PrestamoDAOImpl - Error al buscar préstamos por cliente y estado: 11111111, ACTIVO
java.sql.SQLException: Column 'cliente_nombre' not found.
	at com.mysql.cj.jdbc.exceptions.SQLError.createSQLException(SQLError.java:130)
	at com.mysql.cj.jdbc.exceptions.SQLError.createSQLException(SQLError.java:98)
	at com.mysql.cj.jdbc.exceptions.SQLError.createSQLException(SQLError.java:90)
	at com.mysql.cj.jdbc.exceptions.SQLError.createSQLException(SQLError.java:64)
	at com.mysql.cj.jdbc.result.ResultSetImpl.findColumn(ResultSetImpl.java:584)
	at com.mysql.cj.jdbc.result.ResultSetImpl.getString(ResultSetImpl.java:896)
	at com.zaxxer.hikari.pool.HikariProxyResultSet.getString(HikariProxyResultSet.java)
	at pe.crediactiva.app.dao.impl.PrestamoDAOImpl.mapResultSetToPrestamo(PrestamoDAOImpl.java:522)
	at pe.crediactiva.app.dao.impl.PrestamoDAOImpl.findByClienteAndEstado(PrestamoDAOImpl.java:475)
	at pe.crediactiva.app.service.PrestamoService.obtenerPrestamosActivosPorCliente(PrestamoService.java:399)
	at pe.crediactiva.app.view.cliente.ClienteMainController.cargarEstadisticasResumen(ClienteMainController.java:192)
	at pe.crediactiva.app.view.cliente.ClienteMainController.initialize(ClienteMainController.java:141)
	at java.base/jdk.internal.reflect.DirectMethodHandleAccessor.invoke(DirectMethodHandleAccessor.java:103)
	at java.base/java.lang.reflect.Method.invoke(Method.java:580)
	at com.sun.javafx.reflect.Trampoline.invoke(MethodUtil.java:72)
	at java.base/jdk.internal.reflect.DirectMethodHandleAccessor.invoke(DirectMethodHandleAccessor.java:103)
	at java.base/java.lang.reflect.Method.invoke(Method.java:580)
	at javafx.base@21.0.1/com.sun.javafx.reflect.MethodUtil.invoke(MethodUtil.java:270)
	at javafx.fxml@21.0.1/com.sun.javafx.fxml.MethodHelper.invoke(MethodHelper.java:84)
	at javafx.fxml@21.0.1/javafx.fxml.FXMLLoader.loadImpl(FXMLLoader.java:2688)
	at javafx.fxml@21.0.1/javafx.fxml.FXMLLoader.loadImpl(FXMLLoader.java:2563)
	at javafx.fxml@21.0.1/javafx.fxml.FXMLLoader.load(FXMLLoader.java:2531)
	at pe.crediactiva.app.view.LoginController.redirectToMainScreen(LoginController.java:137)
	at pe.crediactiva.app.view.LoginController.handleLogin(LoginController.java:96)
	at java.base/jdk.internal.reflect.DirectMethodHandleAccessor.invoke(DirectMethodHandleAccessor.java:103)
	at java.base/java.lang.reflect.Method.invoke(Method.java:580)
	at com.sun.javafx.reflect.Trampoline.invoke(MethodUtil.java:72)
	at java.base/jdk.internal.reflect.DirectMethodHandleAccessor.invoke(DirectMethodHandleAccessor.java:103)
	at java.base/java.lang.reflect.Method.invoke(Method.java:580)
	at javafx.base@21.0.1/com.sun.javafx.reflect.MethodUtil.invoke(MethodUtil.java:270)
	at javafx.fxml@21.0.1/com.sun.javafx.fxml.MethodHelper.invoke(MethodHelper.java:84)
	at javafx.fxml@21.0.1/javafx.fxml.FXMLLoader$MethodHandler.invoke(FXMLLoader.java:1855)
	at javafx.fxml@21.0.1/javafx.fxml.FXMLLoader$ControllerMethodEventHandler.handle(FXMLLoader.java:1726)
	at javafx.base@21.0.1/com.sun.javafx.event.CompositeEventHandler.dispatchBubblingEvent(CompositeEventHandler.java:86)
	at javafx.base@21.0.1/com.sun.javafx.event.EventHandlerManager.dispatchBubblingEvent(EventHandlerManager.java:232)
	at javafx.base@21.0.1/com.sun.javafx.event.EventHandlerManager.dispatchBubblingEvent(EventHandlerManager.java:189)
	at javafx.base@21.0.1/com.sun.javafx.event.CompositeEventDispatcher.dispatchBubblingEvent(CompositeEventDispatcher.java:59)
	at javafx.base@21.0.1/com.sun.javafx.event.BasicEventDispatcher.dispatchEvent(BasicEventDispatcher.java:58)
	at javafx.base@21.0.1/com.sun.javafx.event.EventDispatchChainImpl.dispatchEvent(EventDispatchChainImpl.java:114)
	at javafx.base@21.0.1/com.sun.javafx.event.BasicEventDispatcher.dispatchEvent(BasicEventDispatcher.java:56)
	at javafx.base@21.0.1/com.sun.javafx.event.EventDispatchChainImpl.dispatchEvent(EventDispatchChainImpl.java:114)
	at javafx.base@21.0.1/com.sun.javafx.event.BasicEventDispatcher.dispatchEvent(BasicEventDispatcher.java:56)
	at javafx.base@21.0.1/com.sun.javafx.event.EventDispatchChainImpl.dispatchEvent(EventDispatchChainImpl.java:114)
	at javafx.base@21.0.1/com.sun.javafx.event.EventUtil.fireEventImpl(EventUtil.java:74)
	at javafx.base@21.0.1/com.sun.javafx.event.EventUtil.fireEvent(EventUtil.java:49)
	at javafx.base@21.0.1/javafx.event.Event.fireEvent(Event.java:198)
	at javafx.graphics@21.0.1/javafx.scene.Node.fireEvent(Node.java:8875)
	at javafx.controls@21.0.1/javafx.scene.control.Button.fire(Button.java:203)
	at javafx.controls@21.0.1/com.sun.javafx.scene.control.behavior.ButtonBehavior.mouseReleased(ButtonBehavior.java:207)
	at javafx.controls@21.0.1/com.sun.javafx.scene.control.inputmap.InputMap.handle(InputMap.java:274)
	at javafx.base@21.0.1/com.sun.javafx.event.CompositeEventHandler$NormalEventHandlerRecord.handleBubblingEvent(CompositeEventHandler.java:247)
	at javafx.base@21.0.1/com.sun.javafx.event.CompositeEventHandler.dispatchBubblingEvent(CompositeEventHandler.java:80)
	at javafx.base@21.0.1/com.sun.javafx.event.EventHandlerManager.dispatchBubblingEvent(EventHandlerManager.java:232)
	at javafx.base@21.0.1/com.sun.javafx.event.EventHandlerManager.dispatchBubblingEvent(EventHandlerManager.java:189)
	at javafx.base@21.0.1/com.sun.javafx.event.CompositeEventDispatcher.dispatchBubblingEvent(CompositeEventDispatcher.java:59)
	at javafx.base@21.0.1/com.sun.javafx.event.BasicEventDispatcher.dispatchEvent(BasicEventDispatcher.java:58)
	at javafx.base@21.0.1/com.sun.javafx.event.EventDispatchChainImpl.dispatchEvent(EventDispatchChainImpl.java:114)
	at javafx.base@21.0.1/com.sun.javafx.event.BasicEventDispatcher.dispatchEvent(BasicEventDispatcher.java:56)
	at javafx.base@21.0.1/com.sun.javafx.event.EventDispatchChainImpl.dispatchEvent(EventDispatchChainImpl.java:114)
	at javafx.base@21.0.1/com.sun.javafx.event.BasicEventDispatcher.dispatchEvent(BasicEventDispatcher.java:56)
	at javafx.base@21.0.1/com.sun.javafx.event.EventDispatchChainImpl.dispatchEvent(EventDispatchChainImpl.java:114)
	at javafx.base@21.0.1/com.sun.javafx.event.EventUtil.fireEventImpl(EventUtil.java:74)
	at javafx.base@21.0.1/com.sun.javafx.event.EventUtil.fireEvent(EventUtil.java:54)
	at javafx.base@21.0.1/javafx.event.Event.fireEvent(Event.java:198)
	at javafx.graphics@21.0.1/javafx.scene.Scene$MouseHandler.process(Scene.java:3984)
	at javafx.graphics@21.0.1/javafx.scene.Scene.processMouseEvent(Scene.java:1890)
	at javafx.graphics@21.0.1/javafx.scene.Scene$ScenePeerListener.mouseEvent(Scene.java:2708)
	at javafx.graphics@21.0.1/com.sun.javafx.tk.quantum.GlassViewEventHandler$MouseEventNotification.run(GlassViewEventHandler.java:411)
	at javafx.graphics@21.0.1/com.sun.javafx.tk.quantum.GlassViewEventHandler$MouseEventNotification.run(GlassViewEventHandler.java:301)
	at java.base/java.security.AccessController.doPrivileged(AccessController.java:400)
	at javafx.graphics@21.0.1/com.sun.javafx.tk.quantum.GlassViewEventHandler.lambda$handleMouseEvent$2(GlassViewEventHandler.java:450)
	at javafx.graphics@21.0.1/com.sun.javafx.tk.quantum.QuantumToolkit.runWithoutRenderLock(QuantumToolkit.java:424)
	at javafx.graphics@21.0.1/com.sun.javafx.tk.quantum.GlassViewEventHandler.handleMouseEvent(GlassViewEventHandler.java:449)
	at javafx.graphics@21.0.1/com.sun.glass.ui.View.handleMouseEvent(View.java:551)
	at javafx.graphics@21.0.1/com.sun.glass.ui.View.notifyMouse(View.java:937)
	at javafx.graphics@21.0.1/com.sun.glass.ui.win.WinApplication._runLoop(Native Method)
	at javafx.graphics@21.0.1/com.sun.glass.ui.win.WinApplication.lambda$runLoop$3(WinApplication.java:185)
	at java.base/java.lang.Thread.run(Thread.java:1583)
2025-10-05 19:26:39 [JavaFX Application Thread] INFO  p.c.app.view.LoginController - Usuario redirigido a pantalla principal: CLIENTE
2025-10-05 19:26:48 [JavaFX Application Thread] INFO  p.c.app.config.DatabaseConfig - Pool de conexiones cerrado correctamente
2025-10-05 19:26:48 [JavaFX Application Thread] INFO  pe.crediactiva.app.Main - Aplicación CrediActiva cerrada
2025-10-05 19:34:33 [main] INFO  pe.crediactiva.app.Main - Iniciando aplicación CrediActiva Desktop v1.0.0
2025-10-05 19:34:33 [JavaFX Application Thread] INFO  pe.crediactiva.app.Main - Icono no encontrado, continuando sin icono
2025-10-05 19:34:33 [JavaFX Application Thread] INFO  p.c.app.config.DatabaseConfig - Propiedades de base de datos cargadas correctamente
2025-10-05 19:34:33 [JavaFX Application Thread] INFO  p.c.app.config.DatabaseConfig - Pool de conexiones HikariCP inicializado correctamente
2025-10-05 19:34:34 [JavaFX Application Thread] INFO  pe.crediactiva.app.Main - Aplicación CrediActiva iniciada correctamente
2025-10-05 19:34:52 [JavaFX Application Thread] INFO  p.c.app.dao.impl.UsuarioDAOImpl - Usuario autenticado exitosamente: 99999999
2025-10-05 19:34:52 [JavaFX Application Thread] INFO  p.c.a.service.AuthenticationService - Usuario autenticado exitosamente: 99999999 - ADMIN
2025-10-05 19:34:52 [JavaFX Application Thread] INFO  p.c.app.view.LoginController - Usuario autenticado exitosamente: 99999999
2025-10-05 19:34:52 [JavaFX Application Thread] INFO  p.c.app.view.LoginController - Usuario redirigido a pantalla principal: ADMIN
2025-10-05 19:35:11 [JavaFX Application Thread] INFO  p.c.a.service.AuthenticationService - Usuario cerró sesión: 99999999
2025-10-05 19:35:11 [JavaFX Application Thread] INFO  p.c.a.view.admin.AdminMainController - Usuario cerró sesión
2025-10-05 19:35:24 [JavaFX Application Thread] INFO  p.c.app.dao.impl.UsuarioDAOImpl - Usuario autenticado exitosamente: 12345678
2025-10-05 19:35:24 [JavaFX Application Thread] INFO  p.c.a.service.AuthenticationService - Usuario autenticado exitosamente: 12345678 - ASESOR
2025-10-05 19:35:24 [JavaFX Application Thread] INFO  p.c.app.view.LoginController - Usuario autenticado exitosamente: 12345678
2025-10-05 19:35:24 [JavaFX Application Thread] ERROR p.c.app.service.RecaudacionService - Error al calcular recaudación mensual para asesor: null
java.lang.NullPointerException: Cannot invoke "java.lang.Long.longValue()" because "idAsesor" is null
	at pe.crediactiva.app.dao.impl.RecaudacionAsesorDAOImpl.findByAsesor(RecaudacionAsesorDAOImpl.java:157)
	at pe.crediactiva.app.service.RecaudacionService.obtenerRecaudacionMensualPorAsesor(RecaudacionService.java:112)
	at pe.crediactiva.app.service.RecaudacionService.obtenerRecaudacionDelDia(RecaudacionService.java:268)
	at pe.crediactiva.app.view.asesor.AsesorMainController.cargarEstadisticasDashboard(AsesorMainController.java:135)
	at pe.crediactiva.app.view.asesor.AsesorMainController.initialize(AsesorMainController.java:110)
	at java.base/jdk.internal.reflect.DirectMethodHandleAccessor.invoke(DirectMethodHandleAccessor.java:103)
	at java.base/java.lang.reflect.Method.invoke(Method.java:580)
	at com.sun.javafx.reflect.Trampoline.invoke(MethodUtil.java:72)
	at java.base/jdk.internal.reflect.DirectMethodHandleAccessor.invoke(DirectMethodHandleAccessor.java:103)
	at java.base/java.lang.reflect.Method.invoke(Method.java:580)
	at javafx.base@21.0.1/com.sun.javafx.reflect.MethodUtil.invoke(MethodUtil.java:270)
	at javafx.fxml@21.0.1/com.sun.javafx.fxml.MethodHelper.invoke(MethodHelper.java:84)
	at javafx.fxml@21.0.1/javafx.fxml.FXMLLoader.loadImpl(FXMLLoader.java:2688)
	at javafx.fxml@21.0.1/javafx.fxml.FXMLLoader.loadImpl(FXMLLoader.java:2563)
	at javafx.fxml@21.0.1/javafx.fxml.FXMLLoader.load(FXMLLoader.java:2531)
	at pe.crediactiva.app.view.LoginController.redirectToMainScreen(LoginController.java:137)
	at pe.crediactiva.app.view.LoginController.handleLogin(LoginController.java:96)
	at java.base/jdk.internal.reflect.DirectMethodHandleAccessor.invoke(DirectMethodHandleAccessor.java:103)
	at java.base/java.lang.reflect.Method.invoke(Method.java:580)
	at com.sun.javafx.reflect.Trampoline.invoke(MethodUtil.java:72)
	at java.base/jdk.internal.reflect.DirectMethodHandleAccessor.invoke(DirectMethodHandleAccessor.java:103)
	at java.base/java.lang.reflect.Method.invoke(Method.java:580)
	at javafx.base@21.0.1/com.sun.javafx.reflect.MethodUtil.invoke(MethodUtil.java:270)
	at javafx.fxml@21.0.1/com.sun.javafx.fxml.MethodHelper.invoke(MethodHelper.java:84)
	at javafx.fxml@21.0.1/javafx.fxml.FXMLLoader$MethodHandler.invoke(FXMLLoader.java:1855)
	at javafx.fxml@21.0.1/javafx.fxml.FXMLLoader$ControllerMethodEventHandler.handle(FXMLLoader.java:1726)
	at javafx.base@21.0.1/com.sun.javafx.event.CompositeEventHandler.dispatchBubblingEvent(CompositeEventHandler.java:86)
	at javafx.base@21.0.1/com.sun.javafx.event.EventHandlerManager.dispatchBubblingEvent(EventHandlerManager.java:232)
	at javafx.base@21.0.1/com.sun.javafx.event.EventHandlerManager.dispatchBubblingEvent(EventHandlerManager.java:189)
	at javafx.base@21.0.1/com.sun.javafx.event.CompositeEventDispatcher.dispatchBubblingEvent(CompositeEventDispatcher.java:59)
	at javafx.base@21.0.1/com.sun.javafx.event.BasicEventDispatcher.dispatchEvent(BasicEventDispatcher.java:58)
	at javafx.base@21.0.1/com.sun.javafx.event.EventDispatchChainImpl.dispatchEvent(EventDispatchChainImpl.java:114)
	at javafx.base@21.0.1/com.sun.javafx.event.BasicEventDispatcher.dispatchEvent(BasicEventDispatcher.java:56)
	at javafx.base@21.0.1/com.sun.javafx.event.EventDispatchChainImpl.dispatchEvent(EventDispatchChainImpl.java:114)
	at javafx.base@21.0.1/com.sun.javafx.event.BasicEventDispatcher.dispatchEvent(BasicEventDispatcher.java:56)
	at javafx.base@21.0.1/com.sun.javafx.event.EventDispatchChainImpl.dispatchEvent(EventDispatchChainImpl.java:114)
	at javafx.base@21.0.1/com.sun.javafx.event.EventUtil.fireEventImpl(EventUtil.java:74)
	at javafx.base@21.0.1/com.sun.javafx.event.EventUtil.fireEvent(EventUtil.java:49)
	at javafx.base@21.0.1/javafx.event.Event.fireEvent(Event.java:198)
	at javafx.graphics@21.0.1/javafx.scene.Node.fireEvent(Node.java:8875)
	at javafx.controls@21.0.1/javafx.scene.control.Button.fire(Button.java:203)
	at javafx.controls@21.0.1/com.sun.javafx.scene.control.behavior.ButtonBehavior.mouseReleased(ButtonBehavior.java:207)
	at javafx.controls@21.0.1/com.sun.javafx.scene.control.inputmap.InputMap.handle(InputMap.java:274)
	at javafx.base@21.0.1/com.sun.javafx.event.CompositeEventHandler$NormalEventHandlerRecord.handleBubblingEvent(CompositeEventHandler.java:247)
	at javafx.base@21.0.1/com.sun.javafx.event.CompositeEventHandler.dispatchBubblingEvent(CompositeEventHandler.java:80)
	at javafx.base@21.0.1/com.sun.javafx.event.EventHandlerManager.dispatchBubblingEvent(EventHandlerManager.java:232)
	at javafx.base@21.0.1/com.sun.javafx.event.EventHandlerManager.dispatchBubblingEvent(EventHandlerManager.java:189)
	at javafx.base@21.0.1/com.sun.javafx.event.CompositeEventDispatcher.dispatchBubblingEvent(CompositeEventDispatcher.java:59)
	at javafx.base@21.0.1/com.sun.javafx.event.BasicEventDispatcher.dispatchEvent(BasicEventDispatcher.java:58)
	at javafx.base@21.0.1/com.sun.javafx.event.EventDispatchChainImpl.dispatchEvent(EventDispatchChainImpl.java:114)
	at javafx.base@21.0.1/com.sun.javafx.event.BasicEventDispatcher.dispatchEvent(BasicEventDispatcher.java:56)
	at javafx.base@21.0.1/com.sun.javafx.event.EventDispatchChainImpl.dispatchEvent(EventDispatchChainImpl.java:114)
	at javafx.base@21.0.1/com.sun.javafx.event.BasicEventDispatcher.dispatchEvent(BasicEventDispatcher.java:56)
	at javafx.base@21.0.1/com.sun.javafx.event.EventDispatchChainImpl.dispatchEvent(EventDispatchChainImpl.java:114)
	at javafx.base@21.0.1/com.sun.javafx.event.EventUtil.fireEventImpl(EventUtil.java:74)
	at javafx.base@21.0.1/com.sun.javafx.event.EventUtil.fireEvent(EventUtil.java:54)
	at javafx.base@21.0.1/javafx.event.Event.fireEvent(Event.java:198)
	at javafx.graphics@21.0.1/javafx.scene.Scene$MouseHandler.process(Scene.java:3984)
	at javafx.graphics@21.0.1/javafx.scene.Scene.processMouseEvent(Scene.java:1890)
	at javafx.graphics@21.0.1/javafx.scene.Scene$ScenePeerListener.mouseEvent(Scene.java:2708)
	at javafx.graphics@21.0.1/com.sun.javafx.tk.quantum.GlassViewEventHandler$MouseEventNotification.run(GlassViewEventHandler.java:411)
	at javafx.graphics@21.0.1/com.sun.javafx.tk.quantum.GlassViewEventHandler$MouseEventNotification.run(GlassViewEventHandler.java:301)
	at java.base/java.security.AccessController.doPrivileged(AccessController.java:400)
	at javafx.graphics@21.0.1/com.sun.javafx.tk.quantum.GlassViewEventHandler.lambda$handleMouseEvent$2(GlassViewEventHandler.java:450)
	at javafx.graphics@21.0.1/com.sun.javafx.tk.quantum.QuantumToolkit.runWithoutRenderLock(QuantumToolkit.java:424)
	at javafx.graphics@21.0.1/com.sun.javafx.tk.quantum.GlassViewEventHandler.handleMouseEvent(GlassViewEventHandler.java:449)
	at javafx.graphics@21.0.1/com.sun.glass.ui.View.handleMouseEvent(View.java:551)
	at javafx.graphics@21.0.1/com.sun.glass.ui.View.notifyMouse(View.java:937)
	at javafx.graphics@21.0.1/com.sun.glass.ui.win.WinApplication._runLoop(Native Method)
	at javafx.graphics@21.0.1/com.sun.glass.ui.win.WinApplication.lambda$runLoop$3(WinApplication.java:185)
	at java.base/java.lang.Thread.run(Thread.java:1583)
2025-10-05 19:35:24 [JavaFX Application Thread] ERROR p.c.app.service.RecaudacionService - Error al calcular recaudación mensual para asesor: null
java.lang.NullPointerException: Cannot invoke "java.lang.Long.longValue()" because "idAsesor" is null
	at pe.crediactiva.app.dao.impl.RecaudacionAsesorDAOImpl.findByAsesor(RecaudacionAsesorDAOImpl.java:157)
	at pe.crediactiva.app.service.RecaudacionService.obtenerRecaudacionMensualPorAsesor(RecaudacionService.java:112)
	at pe.crediactiva.app.service.RecaudacionService.obtenerRecaudacionDelMes(RecaudacionService.java:275)
	at pe.crediactiva.app.view.asesor.AsesorMainController.cargarEstadisticasDashboard(AsesorMainController.java:139)
	at pe.crediactiva.app.view.asesor.AsesorMainController.initialize(AsesorMainController.java:110)
	at java.base/jdk.internal.reflect.DirectMethodHandleAccessor.invoke(DirectMethodHandleAccessor.java:103)
	at java.base/java.lang.reflect.Method.invoke(Method.java:580)
	at com.sun.javafx.reflect.Trampoline.invoke(MethodUtil.java:72)
	at java.base/jdk.internal.reflect.DirectMethodHandleAccessor.invoke(DirectMethodHandleAccessor.java:103)
	at java.base/java.lang.reflect.Method.invoke(Method.java:580)
	at javafx.base@21.0.1/com.sun.javafx.reflect.MethodUtil.invoke(MethodUtil.java:270)
	at javafx.fxml@21.0.1/com.sun.javafx.fxml.MethodHelper.invoke(MethodHelper.java:84)
	at javafx.fxml@21.0.1/javafx.fxml.FXMLLoader.loadImpl(FXMLLoader.java:2688)
	at javafx.fxml@21.0.1/javafx.fxml.FXMLLoader.loadImpl(FXMLLoader.java:2563)
	at javafx.fxml@21.0.1/javafx.fxml.FXMLLoader.load(FXMLLoader.java:2531)
	at pe.crediactiva.app.view.LoginController.redirectToMainScreen(LoginController.java:137)
	at pe.crediactiva.app.view.LoginController.handleLogin(LoginController.java:96)
	at java.base/jdk.internal.reflect.DirectMethodHandleAccessor.invoke(DirectMethodHandleAccessor.java:103)
	at java.base/java.lang.reflect.Method.invoke(Method.java:580)
	at com.sun.javafx.reflect.Trampoline.invoke(MethodUtil.java:72)
	at java.base/jdk.internal.reflect.DirectMethodHandleAccessor.invoke(DirectMethodHandleAccessor.java:103)
	at java.base/java.lang.reflect.Method.invoke(Method.java:580)
	at javafx.base@21.0.1/com.sun.javafx.reflect.MethodUtil.invoke(MethodUtil.java:270)
	at javafx.fxml@21.0.1/com.sun.javafx.fxml.MethodHelper.invoke(MethodHelper.java:84)
	at javafx.fxml@21.0.1/javafx.fxml.FXMLLoader$MethodHandler.invoke(FXMLLoader.java:1855)
	at javafx.fxml@21.0.1/javafx.fxml.FXMLLoader$ControllerMethodEventHandler.handle(FXMLLoader.java:1726)
	at javafx.base@21.0.1/com.sun.javafx.event.CompositeEventHandler.dispatchBubblingEvent(CompositeEventHandler.java:86)
	at javafx.base@21.0.1/com.sun.javafx.event.EventHandlerManager.dispatchBubblingEvent(EventHandlerManager.java:232)
	at javafx.base@21.0.1/com.sun.javafx.event.EventHandlerManager.dispatchBubblingEvent(EventHandlerManager.java:189)
	at javafx.base@21.0.1/com.sun.javafx.event.CompositeEventDispatcher.dispatchBubblingEvent(CompositeEventDispatcher.java:59)
	at javafx.base@21.0.1/com.sun.javafx.event.BasicEventDispatcher.dispatchEvent(BasicEventDispatcher.java:58)
	at javafx.base@21.0.1/com.sun.javafx.event.EventDispatchChainImpl.dispatchEvent(EventDispatchChainImpl.java:114)
	at javafx.base@21.0.1/com.sun.javafx.event.BasicEventDispatcher.dispatchEvent(BasicEventDispatcher.java:56)
	at javafx.base@21.0.1/com.sun.javafx.event.EventDispatchChainImpl.dispatchEvent(EventDispatchChainImpl.java:114)
	at javafx.base@21.0.1/com.sun.javafx.event.BasicEventDispatcher.dispatchEvent(BasicEventDispatcher.java:56)
	at javafx.base@21.0.1/com.sun.javafx.event.EventDispatchChainImpl.dispatchEvent(EventDispatchChainImpl.java:114)
	at javafx.base@21.0.1/com.sun.javafx.event.EventUtil.fireEventImpl(EventUtil.java:74)
	at javafx.base@21.0.1/com.sun.javafx.event.EventUtil.fireEvent(EventUtil.java:49)
	at javafx.base@21.0.1/javafx.event.Event.fireEvent(Event.java:198)
	at javafx.graphics@21.0.1/javafx.scene.Node.fireEvent(Node.java:8875)
	at javafx.controls@21.0.1/javafx.scene.control.Button.fire(Button.java:203)
	at javafx.controls@21.0.1/com.sun.javafx.scene.control.behavior.ButtonBehavior.mouseReleased(ButtonBehavior.java:207)
	at javafx.controls@21.0.1/com.sun.javafx.scene.control.inputmap.InputMap.handle(InputMap.java:274)
	at javafx.base@21.0.1/com.sun.javafx.event.CompositeEventHandler$NormalEventHandlerRecord.handleBubblingEvent(CompositeEventHandler.java:247)
	at javafx.base@21.0.1/com.sun.javafx.event.CompositeEventHandler.dispatchBubblingEvent(CompositeEventHandler.java:80)
	at javafx.base@21.0.1/com.sun.javafx.event.EventHandlerManager.dispatchBubblingEvent(EventHandlerManager.java:232)
	at javafx.base@21.0.1/com.sun.javafx.event.EventHandlerManager.dispatchBubblingEvent(EventHandlerManager.java:189)
	at javafx.base@21.0.1/com.sun.javafx.event.CompositeEventDispatcher.dispatchBubblingEvent(CompositeEventDispatcher.java:59)
	at javafx.base@21.0.1/com.sun.javafx.event.BasicEventDispatcher.dispatchEvent(BasicEventDispatcher.java:58)
	at javafx.base@21.0.1/com.sun.javafx.event.EventDispatchChainImpl.dispatchEvent(EventDispatchChainImpl.java:114)
	at javafx.base@21.0.1/com.sun.javafx.event.BasicEventDispatcher.dispatchEvent(BasicEventDispatcher.java:56)
	at javafx.base@21.0.1/com.sun.javafx.event.EventDispatchChainImpl.dispatchEvent(EventDispatchChainImpl.java:114)
	at javafx.base@21.0.1/com.sun.javafx.event.BasicEventDispatcher.dispatchEvent(BasicEventDispatcher.java:56)
	at javafx.base@21.0.1/com.sun.javafx.event.EventDispatchChainImpl.dispatchEvent(EventDispatchChainImpl.java:114)
	at javafx.base@21.0.1/com.sun.javafx.event.EventUtil.fireEventImpl(EventUtil.java:74)
	at javafx.base@21.0.1/com.sun.javafx.event.EventUtil.fireEvent(EventUtil.java:54)
	at javafx.base@21.0.1/javafx.event.Event.fireEvent(Event.java:198)
	at javafx.graphics@21.0.1/javafx.scene.Scene$MouseHandler.process(Scene.java:3984)
	at javafx.graphics@21.0.1/javafx.scene.Scene.processMouseEvent(Scene.java:1890)
	at javafx.graphics@21.0.1/javafx.scene.Scene$ScenePeerListener.mouseEvent(Scene.java:2708)
	at javafx.graphics@21.0.1/com.sun.javafx.tk.quantum.GlassViewEventHandler$MouseEventNotification.run(GlassViewEventHandler.java:411)
	at javafx.graphics@21.0.1/com.sun.javafx.tk.quantum.GlassViewEventHandler$MouseEventNotification.run(GlassViewEventHandler.java:301)
	at java.base/java.security.AccessController.doPrivileged(AccessController.java:400)
	at javafx.graphics@21.0.1/com.sun.javafx.tk.quantum.GlassViewEventHandler.lambda$handleMouseEvent$2(GlassViewEventHandler.java:450)
	at javafx.graphics@21.0.1/com.sun.javafx.tk.quantum.QuantumToolkit.runWithoutRenderLock(QuantumToolkit.java:424)
	at javafx.graphics@21.0.1/com.sun.javafx.tk.quantum.GlassViewEventHandler.handleMouseEvent(GlassViewEventHandler.java:449)
	at javafx.graphics@21.0.1/com.sun.glass.ui.View.handleMouseEvent(View.java:551)
	at javafx.graphics@21.0.1/com.sun.glass.ui.View.notifyMouse(View.java:937)
	at javafx.graphics@21.0.1/com.sun.glass.ui.win.WinApplication._runLoop(Native Method)
	at javafx.graphics@21.0.1/com.sun.glass.ui.win.WinApplication.lambda$runLoop$3(WinApplication.java:185)
	at java.base/java.lang.Thread.run(Thread.java:1583)
2025-10-05 19:35:24 [JavaFX Application Thread] ERROR p.c.app.view.LoginController - Error durante la autenticación
java.lang.NullPointerException: Cannot invoke "javafx.stage.Stage.setTitle(String)" because "this.primaryStage" is null
	at pe.crediactiva.app.view.LoginController.redirectToMainScreen(LoginController.java:153)
	at pe.crediactiva.app.view.LoginController.handleLogin(LoginController.java:96)
	at java.base/jdk.internal.reflect.DirectMethodHandleAccessor.invoke(DirectMethodHandleAccessor.java:103)
	at java.base/java.lang.reflect.Method.invoke(Method.java:580)
	at com.sun.javafx.reflect.Trampoline.invoke(MethodUtil.java:72)
	at java.base/jdk.internal.reflect.DirectMethodHandleAccessor.invoke(DirectMethodHandleAccessor.java:103)
	at java.base/java.lang.reflect.Method.invoke(Method.java:580)
	at javafx.base@21.0.1/com.sun.javafx.reflect.MethodUtil.invoke(MethodUtil.java:270)
	at javafx.fxml@21.0.1/com.sun.javafx.fxml.MethodHelper.invoke(MethodHelper.java:84)
	at javafx.fxml@21.0.1/javafx.fxml.FXMLLoader$MethodHandler.invoke(FXMLLoader.java:1855)
	at javafx.fxml@21.0.1/javafx.fxml.FXMLLoader$ControllerMethodEventHandler.handle(FXMLLoader.java:1726)
	at javafx.base@21.0.1/com.sun.javafx.event.CompositeEventHandler.dispatchBubblingEvent(CompositeEventHandler.java:86)
	at javafx.base@21.0.1/com.sun.javafx.event.EventHandlerManager.dispatchBubblingEvent(EventHandlerManager.java:232)
	at javafx.base@21.0.1/com.sun.javafx.event.EventHandlerManager.dispatchBubblingEvent(EventHandlerManager.java:189)
	at javafx.base@21.0.1/com.sun.javafx.event.CompositeEventDispatcher.dispatchBubblingEvent(CompositeEventDispatcher.java:59)
	at javafx.base@21.0.1/com.sun.javafx.event.BasicEventDispatcher.dispatchEvent(BasicEventDispatcher.java:58)
	at javafx.base@21.0.1/com.sun.javafx.event.EventDispatchChainImpl.dispatchEvent(EventDispatchChainImpl.java:114)
	at javafx.base@21.0.1/com.sun.javafx.event.BasicEventDispatcher.dispatchEvent(BasicEventDispatcher.java:56)
	at javafx.base@21.0.1/com.sun.javafx.event.EventDispatchChainImpl.dispatchEvent(EventDispatchChainImpl.java:114)
	at javafx.base@21.0.1/com.sun.javafx.event.BasicEventDispatcher.dispatchEvent(BasicEventDispatcher.java:56)
	at javafx.base@21.0.1/com.sun.javafx.event.EventDispatchChainImpl.dispatchEvent(EventDispatchChainImpl.java:114)
	at javafx.base@21.0.1/com.sun.javafx.event.EventUtil.fireEventImpl(EventUtil.java:74)
	at javafx.base@21.0.1/com.sun.javafx.event.EventUtil.fireEvent(EventUtil.java:49)
	at javafx.base@21.0.1/javafx.event.Event.fireEvent(Event.java:198)
	at javafx.graphics@21.0.1/javafx.scene.Node.fireEvent(Node.java:8875)
	at javafx.controls@21.0.1/javafx.scene.control.Button.fire(Button.java:203)
	at javafx.controls@21.0.1/com.sun.javafx.scene.control.behavior.ButtonBehavior.mouseReleased(ButtonBehavior.java:207)
	at javafx.controls@21.0.1/com.sun.javafx.scene.control.inputmap.InputMap.handle(InputMap.java:274)
	at javafx.base@21.0.1/com.sun.javafx.event.CompositeEventHandler$NormalEventHandlerRecord.handleBubblingEvent(CompositeEventHandler.java:247)
	at javafx.base@21.0.1/com.sun.javafx.event.CompositeEventHandler.dispatchBubblingEvent(CompositeEventHandler.java:80)
	at javafx.base@21.0.1/com.sun.javafx.event.EventHandlerManager.dispatchBubblingEvent(EventHandlerManager.java:232)
	at javafx.base@21.0.1/com.sun.javafx.event.EventHandlerManager.dispatchBubblingEvent(EventHandlerManager.java:189)
	at javafx.base@21.0.1/com.sun.javafx.event.CompositeEventDispatcher.dispatchBubblingEvent(CompositeEventDispatcher.java:59)
	at javafx.base@21.0.1/com.sun.javafx.event.BasicEventDispatcher.dispatchEvent(BasicEventDispatcher.java:58)
	at javafx.base@21.0.1/com.sun.javafx.event.EventDispatchChainImpl.dispatchEvent(EventDispatchChainImpl.java:114)
	at javafx.base@21.0.1/com.sun.javafx.event.BasicEventDispatcher.dispatchEvent(BasicEventDispatcher.java:56)
	at javafx.base@21.0.1/com.sun.javafx.event.EventDispatchChainImpl.dispatchEvent(EventDispatchChainImpl.java:114)
	at javafx.base@21.0.1/com.sun.javafx.event.BasicEventDispatcher.dispatchEvent(BasicEventDispatcher.java:56)
	at javafx.base@21.0.1/com.sun.javafx.event.EventDispatchChainImpl.dispatchEvent(EventDispatchChainImpl.java:114)
	at javafx.base@21.0.1/com.sun.javafx.event.EventUtil.fireEventImpl(EventUtil.java:74)
	at javafx.base@21.0.1/com.sun.javafx.event.EventUtil.fireEvent(EventUtil.java:54)
	at javafx.base@21.0.1/javafx.event.Event.fireEvent(Event.java:198)
	at javafx.graphics@21.0.1/javafx.scene.Scene$MouseHandler.process(Scene.java:3984)
	at javafx.graphics@21.0.1/javafx.scene.Scene.processMouseEvent(Scene.java:1890)
	at javafx.graphics@21.0.1/javafx.scene.Scene$ScenePeerListener.mouseEvent(Scene.java:2708)
	at javafx.graphics@21.0.1/com.sun.javafx.tk.quantum.GlassViewEventHandler$MouseEventNotification.run(GlassViewEventHandler.java:411)
	at javafx.graphics@21.0.1/com.sun.javafx.tk.quantum.GlassViewEventHandler$MouseEventNotification.run(GlassViewEventHandler.java:301)
	at java.base/java.security.AccessController.doPrivileged(AccessController.java:400)
	at javafx.graphics@21.0.1/com.sun.javafx.tk.quantum.GlassViewEventHandler.lambda$handleMouseEvent$2(GlassViewEventHandler.java:450)
	at javafx.graphics@21.0.1/com.sun.javafx.tk.quantum.QuantumToolkit.runWithoutRenderLock(QuantumToolkit.java:424)
	at javafx.graphics@21.0.1/com.sun.javafx.tk.quantum.GlassViewEventHandler.handleMouseEvent(GlassViewEventHandler.java:449)
	at javafx.graphics@21.0.1/com.sun.glass.ui.View.handleMouseEvent(View.java:551)
	at javafx.graphics@21.0.1/com.sun.glass.ui.View.notifyMouse(View.java:937)
	at javafx.graphics@21.0.1/com.sun.glass.ui.win.WinApplication._runLoop(Native Method)
	at javafx.graphics@21.0.1/com.sun.glass.ui.win.WinApplication.lambda$runLoop$3(WinApplication.java:185)
	at java.base/java.lang.Thread.run(Thread.java:1583)
2025-10-05 19:35:33 [JavaFX Application Thread] INFO  p.c.app.dao.impl.UsuarioDAOImpl - Usuario autenticado exitosamente: 12345678
2025-10-05 19:35:33 [JavaFX Application Thread] INFO  p.c.a.service.AuthenticationService - Usuario autenticado exitosamente: 12345678 - ASESOR
2025-10-05 19:35:33 [JavaFX Application Thread] INFO  p.c.app.view.LoginController - Usuario autenticado exitosamente: 12345678
2025-10-05 19:35:33 [JavaFX Application Thread] ERROR p.c.app.service.RecaudacionService - Error al calcular recaudación mensual para asesor: null
java.lang.NullPointerException: Cannot invoke "java.lang.Long.longValue()" because "idAsesor" is null
	at pe.crediactiva.app.dao.impl.RecaudacionAsesorDAOImpl.findByAsesor(RecaudacionAsesorDAOImpl.java:157)
	at pe.crediactiva.app.service.RecaudacionService.obtenerRecaudacionMensualPorAsesor(RecaudacionService.java:112)
	at pe.crediactiva.app.service.RecaudacionService.obtenerRecaudacionDelDia(RecaudacionService.java:268)
	at pe.crediactiva.app.view.asesor.AsesorMainController.cargarEstadisticasDashboard(AsesorMainController.java:135)
	at pe.crediactiva.app.view.asesor.AsesorMainController.initialize(AsesorMainController.java:110)
	at java.base/jdk.internal.reflect.DirectMethodHandleAccessor.invoke(DirectMethodHandleAccessor.java:103)
	at java.base/java.lang.reflect.Method.invoke(Method.java:580)
	at com.sun.javafx.reflect.Trampoline.invoke(MethodUtil.java:72)
	at java.base/jdk.internal.reflect.DirectMethodHandleAccessor.invoke(DirectMethodHandleAccessor.java:103)
	at java.base/java.lang.reflect.Method.invoke(Method.java:580)
	at javafx.base@21.0.1/com.sun.javafx.reflect.MethodUtil.invoke(MethodUtil.java:270)
	at javafx.fxml@21.0.1/com.sun.javafx.fxml.MethodHelper.invoke(MethodHelper.java:84)
	at javafx.fxml@21.0.1/javafx.fxml.FXMLLoader.loadImpl(FXMLLoader.java:2688)
	at javafx.fxml@21.0.1/javafx.fxml.FXMLLoader.loadImpl(FXMLLoader.java:2563)
	at javafx.fxml@21.0.1/javafx.fxml.FXMLLoader.load(FXMLLoader.java:2531)
	at pe.crediactiva.app.view.LoginController.redirectToMainScreen(LoginController.java:137)
	at pe.crediactiva.app.view.LoginController.handleLogin(LoginController.java:96)
	at java.base/jdk.internal.reflect.DirectMethodHandleAccessor.invoke(DirectMethodHandleAccessor.java:103)
	at java.base/java.lang.reflect.Method.invoke(Method.java:580)
	at com.sun.javafx.reflect.Trampoline.invoke(MethodUtil.java:72)
	at java.base/jdk.internal.reflect.DirectMethodHandleAccessor.invoke(DirectMethodHandleAccessor.java:103)
	at java.base/java.lang.reflect.Method.invoke(Method.java:580)
	at javafx.base@21.0.1/com.sun.javafx.reflect.MethodUtil.invoke(MethodUtil.java:270)
	at javafx.fxml@21.0.1/com.sun.javafx.fxml.MethodHelper.invoke(MethodHelper.java:84)
	at javafx.fxml@21.0.1/javafx.fxml.FXMLLoader$MethodHandler.invoke(FXMLLoader.java:1855)
	at javafx.fxml@21.0.1/javafx.fxml.FXMLLoader$ControllerMethodEventHandler.handle(FXMLLoader.java:1726)
	at javafx.base@21.0.1/com.sun.javafx.event.CompositeEventHandler.dispatchBubblingEvent(CompositeEventHandler.java:86)
	at javafx.base@21.0.1/com.sun.javafx.event.EventHandlerManager.dispatchBubblingEvent(EventHandlerManager.java:232)
	at javafx.base@21.0.1/com.sun.javafx.event.EventHandlerManager.dispatchBubblingEvent(EventHandlerManager.java:189)
	at javafx.base@21.0.1/com.sun.javafx.event.CompositeEventDispatcher.dispatchBubblingEvent(CompositeEventDispatcher.java:59)
	at javafx.base@21.0.1/com.sun.javafx.event.BasicEventDispatcher.dispatchEvent(BasicEventDispatcher.java:58)
	at javafx.base@21.0.1/com.sun.javafx.event.EventDispatchChainImpl.dispatchEvent(EventDispatchChainImpl.java:114)
	at javafx.base@21.0.1/com.sun.javafx.event.BasicEventDispatcher.dispatchEvent(BasicEventDispatcher.java:56)
	at javafx.base@21.0.1/com.sun.javafx.event.EventDispatchChainImpl.dispatchEvent(EventDispatchChainImpl.java:114)
	at javafx.base@21.0.1/com.sun.javafx.event.BasicEventDispatcher.dispatchEvent(BasicEventDispatcher.java:56)
	at javafx.base@21.0.1/com.sun.javafx.event.EventDispatchChainImpl.dispatchEvent(EventDispatchChainImpl.java:114)
	at javafx.base@21.0.1/com.sun.javafx.event.EventUtil.fireEventImpl(EventUtil.java:74)
	at javafx.base@21.0.1/com.sun.javafx.event.EventUtil.fireEvent(EventUtil.java:49)
	at javafx.base@21.0.1/javafx.event.Event.fireEvent(Event.java:198)
	at javafx.graphics@21.0.1/javafx.scene.Node.fireEvent(Node.java:8875)
	at javafx.controls@21.0.1/javafx.scene.control.Button.fire(Button.java:203)
	at javafx.controls@21.0.1/com.sun.javafx.scene.control.behavior.ButtonBehavior.mouseReleased(ButtonBehavior.java:207)
	at javafx.controls@21.0.1/com.sun.javafx.scene.control.inputmap.InputMap.handle(InputMap.java:274)
	at javafx.base@21.0.1/com.sun.javafx.event.CompositeEventHandler$NormalEventHandlerRecord.handleBubblingEvent(CompositeEventHandler.java:247)
	at javafx.base@21.0.1/com.sun.javafx.event.CompositeEventHandler.dispatchBubblingEvent(CompositeEventHandler.java:80)
	at javafx.base@21.0.1/com.sun.javafx.event.EventHandlerManager.dispatchBubblingEvent(EventHandlerManager.java:232)
	at javafx.base@21.0.1/com.sun.javafx.event.EventHandlerManager.dispatchBubblingEvent(EventHandlerManager.java:189)
	at javafx.base@21.0.1/com.sun.javafx.event.CompositeEventDispatcher.dispatchBubblingEvent(CompositeEventDispatcher.java:59)
	at javafx.base@21.0.1/com.sun.javafx.event.BasicEventDispatcher.dispatchEvent(BasicEventDispatcher.java:58)
	at javafx.base@21.0.1/com.sun.javafx.event.EventDispatchChainImpl.dispatchEvent(EventDispatchChainImpl.java:114)
	at javafx.base@21.0.1/com.sun.javafx.event.BasicEventDispatcher.dispatchEvent(BasicEventDispatcher.java:56)
	at javafx.base@21.0.1/com.sun.javafx.event.EventDispatchChainImpl.dispatchEvent(EventDispatchChainImpl.java:114)
	at javafx.base@21.0.1/com.sun.javafx.event.BasicEventDispatcher.dispatchEvent(BasicEventDispatcher.java:56)
	at javafx.base@21.0.1/com.sun.javafx.event.EventDispatchChainImpl.dispatchEvent(EventDispatchChainImpl.java:114)
	at javafx.base@21.0.1/com.sun.javafx.event.EventUtil.fireEventImpl(EventUtil.java:74)
	at javafx.base@21.0.1/com.sun.javafx.event.EventUtil.fireEvent(EventUtil.java:54)
	at javafx.base@21.0.1/javafx.event.Event.fireEvent(Event.java:198)
	at javafx.graphics@21.0.1/javafx.scene.Scene$MouseHandler.process(Scene.java:3984)
	at javafx.graphics@21.0.1/javafx.scene.Scene.processMouseEvent(Scene.java:1890)
	at javafx.graphics@21.0.1/javafx.scene.Scene$ScenePeerListener.mouseEvent(Scene.java:2708)
	at javafx.graphics@21.0.1/com.sun.javafx.tk.quantum.GlassViewEventHandler$MouseEventNotification.run(GlassViewEventHandler.java:411)
	at javafx.graphics@21.0.1/com.sun.javafx.tk.quantum.GlassViewEventHandler$MouseEventNotification.run(GlassViewEventHandler.java:301)
	at java.base/java.security.AccessController.doPrivileged(AccessController.java:400)
	at javafx.graphics@21.0.1/com.sun.javafx.tk.quantum.GlassViewEventHandler.lambda$handleMouseEvent$2(GlassViewEventHandler.java:450)
	at javafx.graphics@21.0.1/com.sun.javafx.tk.quantum.QuantumToolkit.runWithoutRenderLock(QuantumToolkit.java:424)
	at javafx.graphics@21.0.1/com.sun.javafx.tk.quantum.GlassViewEventHandler.handleMouseEvent(GlassViewEventHandler.java:449)
	at javafx.graphics@21.0.1/com.sun.glass.ui.View.handleMouseEvent(View.java:551)
	at javafx.graphics@21.0.1/com.sun.glass.ui.View.notifyMouse(View.java:937)
	at javafx.graphics@21.0.1/com.sun.glass.ui.win.WinApplication._runLoop(Native Method)
	at javafx.graphics@21.0.1/com.sun.glass.ui.win.WinApplication.lambda$runLoop$3(WinApplication.java:185)
	at java.base/java.lang.Thread.run(Thread.java:1583)
2025-10-05 19:35:33 [JavaFX Application Thread] ERROR p.c.app.service.RecaudacionService - Error al calcular recaudación mensual para asesor: null
java.lang.NullPointerException: Cannot invoke "java.lang.Long.longValue()" because "idAsesor" is null
	at pe.crediactiva.app.dao.impl.RecaudacionAsesorDAOImpl.findByAsesor(RecaudacionAsesorDAOImpl.java:157)
	at pe.crediactiva.app.service.RecaudacionService.obtenerRecaudacionMensualPorAsesor(RecaudacionService.java:112)
	at pe.crediactiva.app.service.RecaudacionService.obtenerRecaudacionDelMes(RecaudacionService.java:275)
	at pe.crediactiva.app.view.asesor.AsesorMainController.cargarEstadisticasDashboard(AsesorMainController.java:139)
	at pe.crediactiva.app.view.asesor.AsesorMainController.initialize(AsesorMainController.java:110)
	at java.base/jdk.internal.reflect.DirectMethodHandleAccessor.invoke(DirectMethodHandleAccessor.java:103)
	at java.base/java.lang.reflect.Method.invoke(Method.java:580)
	at com.sun.javafx.reflect.Trampoline.invoke(MethodUtil.java:72)
	at java.base/jdk.internal.reflect.DirectMethodHandleAccessor.invoke(DirectMethodHandleAccessor.java:103)
	at java.base/java.lang.reflect.Method.invoke(Method.java:580)
	at javafx.base@21.0.1/com.sun.javafx.reflect.MethodUtil.invoke(MethodUtil.java:270)
	at javafx.fxml@21.0.1/com.sun.javafx.fxml.MethodHelper.invoke(MethodHelper.java:84)
	at javafx.fxml@21.0.1/javafx.fxml.FXMLLoader.loadImpl(FXMLLoader.java:2688)
	at javafx.fxml@21.0.1/javafx.fxml.FXMLLoader.loadImpl(FXMLLoader.java:2563)
	at javafx.fxml@21.0.1/javafx.fxml.FXMLLoader.load(FXMLLoader.java:2531)
	at pe.crediactiva.app.view.LoginController.redirectToMainScreen(LoginController.java:137)
	at pe.crediactiva.app.view.LoginController.handleLogin(LoginController.java:96)
	at java.base/jdk.internal.reflect.DirectMethodHandleAccessor.invoke(DirectMethodHandleAccessor.java:103)
	at java.base/java.lang.reflect.Method.invoke(Method.java:580)
	at com.sun.javafx.reflect.Trampoline.invoke(MethodUtil.java:72)
	at java.base/jdk.internal.reflect.DirectMethodHandleAccessor.invoke(DirectMethodHandleAccessor.java:103)
	at java.base/java.lang.reflect.Method.invoke(Method.java:580)
	at javafx.base@21.0.1/com.sun.javafx.reflect.MethodUtil.invoke(MethodUtil.java:270)
	at javafx.fxml@21.0.1/com.sun.javafx.fxml.MethodHelper.invoke(MethodHelper.java:84)
	at javafx.fxml@21.0.1/javafx.fxml.FXMLLoader$MethodHandler.invoke(FXMLLoader.java:1855)
	at javafx.fxml@21.0.1/javafx.fxml.FXMLLoader$ControllerMethodEventHandler.handle(FXMLLoader.java:1726)
	at javafx.base@21.0.1/com.sun.javafx.event.CompositeEventHandler.dispatchBubblingEvent(CompositeEventHandler.java:86)
	at javafx.base@21.0.1/com.sun.javafx.event.EventHandlerManager.dispatchBubblingEvent(EventHandlerManager.java:232)
	at javafx.base@21.0.1/com.sun.javafx.event.EventHandlerManager.dispatchBubblingEvent(EventHandlerManager.java:189)
	at javafx.base@21.0.1/com.sun.javafx.event.CompositeEventDispatcher.dispatchBubblingEvent(CompositeEventDispatcher.java:59)
	at javafx.base@21.0.1/com.sun.javafx.event.BasicEventDispatcher.dispatchEvent(BasicEventDispatcher.java:58)
	at javafx.base@21.0.1/com.sun.javafx.event.EventDispatchChainImpl.dispatchEvent(EventDispatchChainImpl.java:114)
	at javafx.base@21.0.1/com.sun.javafx.event.BasicEventDispatcher.dispatchEvent(BasicEventDispatcher.java:56)
	at javafx.base@21.0.1/com.sun.javafx.event.EventDispatchChainImpl.dispatchEvent(EventDispatchChainImpl.java:114)
	at javafx.base@21.0.1/com.sun.javafx.event.BasicEventDispatcher.dispatchEvent(BasicEventDispatcher.java:56)
	at javafx.base@21.0.1/com.sun.javafx.event.EventDispatchChainImpl.dispatchEvent(EventDispatchChainImpl.java:114)
	at javafx.base@21.0.1/com.sun.javafx.event.EventUtil.fireEventImpl(EventUtil.java:74)
	at javafx.base@21.0.1/com.sun.javafx.event.EventUtil.fireEvent(EventUtil.java:49)
	at javafx.base@21.0.1/javafx.event.Event.fireEvent(Event.java:198)
	at javafx.graphics@21.0.1/javafx.scene.Node.fireEvent(Node.java:8875)
	at javafx.controls@21.0.1/javafx.scene.control.Button.fire(Button.java:203)
	at javafx.controls@21.0.1/com.sun.javafx.scene.control.behavior.ButtonBehavior.mouseReleased(ButtonBehavior.java:207)
	at javafx.controls@21.0.1/com.sun.javafx.scene.control.inputmap.InputMap.handle(InputMap.java:274)
	at javafx.base@21.0.1/com.sun.javafx.event.CompositeEventHandler$NormalEventHandlerRecord.handleBubblingEvent(CompositeEventHandler.java:247)
	at javafx.base@21.0.1/com.sun.javafx.event.CompositeEventHandler.dispatchBubblingEvent(CompositeEventHandler.java:80)
	at javafx.base@21.0.1/com.sun.javafx.event.EventHandlerManager.dispatchBubblingEvent(EventHandlerManager.java:232)
	at javafx.base@21.0.1/com.sun.javafx.event.EventHandlerManager.dispatchBubblingEvent(EventHandlerManager.java:189)
	at javafx.base@21.0.1/com.sun.javafx.event.CompositeEventDispatcher.dispatchBubblingEvent(CompositeEventDispatcher.java:59)
	at javafx.base@21.0.1/com.sun.javafx.event.BasicEventDispatcher.dispatchEvent(BasicEventDispatcher.java:58)
	at javafx.base@21.0.1/com.sun.javafx.event.EventDispatchChainImpl.dispatchEvent(EventDispatchChainImpl.java:114)
	at javafx.base@21.0.1/com.sun.javafx.event.BasicEventDispatcher.dispatchEvent(BasicEventDispatcher.java:56)
	at javafx.base@21.0.1/com.sun.javafx.event.EventDispatchChainImpl.dispatchEvent(EventDispatchChainImpl.java:114)
	at javafx.base@21.0.1/com.sun.javafx.event.BasicEventDispatcher.dispatchEvent(BasicEventDispatcher.java:56)
	at javafx.base@21.0.1/com.sun.javafx.event.EventDispatchChainImpl.dispatchEvent(EventDispatchChainImpl.java:114)
	at javafx.base@21.0.1/com.sun.javafx.event.EventUtil.fireEventImpl(EventUtil.java:74)
	at javafx.base@21.0.1/com.sun.javafx.event.EventUtil.fireEvent(EventUtil.java:54)
	at javafx.base@21.0.1/javafx.event.Event.fireEvent(Event.java:198)
	at javafx.graphics@21.0.1/javafx.scene.Scene$MouseHandler.process(Scene.java:3984)
	at javafx.graphics@21.0.1/javafx.scene.Scene.processMouseEvent(Scene.java:1890)
	at javafx.graphics@21.0.1/javafx.scene.Scene$ScenePeerListener.mouseEvent(Scene.java:2708)
	at javafx.graphics@21.0.1/com.sun.javafx.tk.quantum.GlassViewEventHandler$MouseEventNotification.run(GlassViewEventHandler.java:411)
	at javafx.graphics@21.0.1/com.sun.javafx.tk.quantum.GlassViewEventHandler$MouseEventNotification.run(GlassViewEventHandler.java:301)
	at java.base/java.security.AccessController.doPrivileged(AccessController.java:400)
	at javafx.graphics@21.0.1/com.sun.javafx.tk.quantum.GlassViewEventHandler.lambda$handleMouseEvent$2(GlassViewEventHandler.java:450)
	at javafx.graphics@21.0.1/com.sun.javafx.tk.quantum.QuantumToolkit.runWithoutRenderLock(QuantumToolkit.java:424)
	at javafx.graphics@21.0.1/com.sun.javafx.tk.quantum.GlassViewEventHandler.handleMouseEvent(GlassViewEventHandler.java:449)
	at javafx.graphics@21.0.1/com.sun.glass.ui.View.handleMouseEvent(View.java:551)
	at javafx.graphics@21.0.1/com.sun.glass.ui.View.notifyMouse(View.java:937)
	at javafx.graphics@21.0.1/com.sun.glass.ui.win.WinApplication._runLoop(Native Method)
	at javafx.graphics@21.0.1/com.sun.glass.ui.win.WinApplication.lambda$runLoop$3(WinApplication.java:185)
	at java.base/java.lang.Thread.run(Thread.java:1583)
2025-10-05 19:35:33 [JavaFX Application Thread] ERROR p.c.app.view.LoginController - Error durante la autenticación
java.lang.NullPointerException: Cannot invoke "javafx.stage.Stage.setTitle(String)" because "this.primaryStage" is null
	at pe.crediactiva.app.view.LoginController.redirectToMainScreen(LoginController.java:153)
	at pe.crediactiva.app.view.LoginController.handleLogin(LoginController.java:96)
	at java.base/jdk.internal.reflect.DirectMethodHandleAccessor.invoke(DirectMethodHandleAccessor.java:103)
	at java.base/java.lang.reflect.Method.invoke(Method.java:580)
	at com.sun.javafx.reflect.Trampoline.invoke(MethodUtil.java:72)
	at java.base/jdk.internal.reflect.DirectMethodHandleAccessor.invoke(DirectMethodHandleAccessor.java:103)
	at java.base/java.lang.reflect.Method.invoke(Method.java:580)
	at javafx.base@21.0.1/com.sun.javafx.reflect.MethodUtil.invoke(MethodUtil.java:270)
	at javafx.fxml@21.0.1/com.sun.javafx.fxml.MethodHelper.invoke(MethodHelper.java:84)
	at javafx.fxml@21.0.1/javafx.fxml.FXMLLoader$MethodHandler.invoke(FXMLLoader.java:1855)
	at javafx.fxml@21.0.1/javafx.fxml.FXMLLoader$ControllerMethodEventHandler.handle(FXMLLoader.java:1726)
	at javafx.base@21.0.1/com.sun.javafx.event.CompositeEventHandler.dispatchBubblingEvent(CompositeEventHandler.java:86)
	at javafx.base@21.0.1/com.sun.javafx.event.EventHandlerManager.dispatchBubblingEvent(EventHandlerManager.java:232)
	at javafx.base@21.0.1/com.sun.javafx.event.EventHandlerManager.dispatchBubblingEvent(EventHandlerManager.java:189)
	at javafx.base@21.0.1/com.sun.javafx.event.CompositeEventDispatcher.dispatchBubblingEvent(CompositeEventDispatcher.java:59)
	at javafx.base@21.0.1/com.sun.javafx.event.BasicEventDispatcher.dispatchEvent(BasicEventDispatcher.java:58)
	at javafx.base@21.0.1/com.sun.javafx.event.EventDispatchChainImpl.dispatchEvent(EventDispatchChainImpl.java:114)
	at javafx.base@21.0.1/com.sun.javafx.event.BasicEventDispatcher.dispatchEvent(BasicEventDispatcher.java:56)
	at javafx.base@21.0.1/com.sun.javafx.event.EventDispatchChainImpl.dispatchEvent(EventDispatchChainImpl.java:114)
	at javafx.base@21.0.1/com.sun.javafx.event.BasicEventDispatcher.dispatchEvent(BasicEventDispatcher.java:56)
	at javafx.base@21.0.1/com.sun.javafx.event.EventDispatchChainImpl.dispatchEvent(EventDispatchChainImpl.java:114)
	at javafx.base@21.0.1/com.sun.javafx.event.EventUtil.fireEventImpl(EventUtil.java:74)
	at javafx.base@21.0.1/com.sun.javafx.event.EventUtil.fireEvent(EventUtil.java:49)
	at javafx.base@21.0.1/javafx.event.Event.fireEvent(Event.java:198)
	at javafx.graphics@21.0.1/javafx.scene.Node.fireEvent(Node.java:8875)
	at javafx.controls@21.0.1/javafx.scene.control.Button.fire(Button.java:203)
	at javafx.controls@21.0.1/com.sun.javafx.scene.control.behavior.ButtonBehavior.mouseReleased(ButtonBehavior.java:207)
	at javafx.controls@21.0.1/com.sun.javafx.scene.control.inputmap.InputMap.handle(InputMap.java:274)
	at javafx.base@21.0.1/com.sun.javafx.event.CompositeEventHandler$NormalEventHandlerRecord.handleBubblingEvent(CompositeEventHandler.java:247)
	at javafx.base@21.0.1/com.sun.javafx.event.CompositeEventHandler.dispatchBubblingEvent(CompositeEventHandler.java:80)
	at javafx.base@21.0.1/com.sun.javafx.event.EventHandlerManager.dispatchBubblingEvent(EventHandlerManager.java:232)
	at javafx.base@21.0.1/com.sun.javafx.event.EventHandlerManager.dispatchBubblingEvent(EventHandlerManager.java:189)
	at javafx.base@21.0.1/com.sun.javafx.event.CompositeEventDispatcher.dispatchBubblingEvent(CompositeEventDispatcher.java:59)
	at javafx.base@21.0.1/com.sun.javafx.event.BasicEventDispatcher.dispatchEvent(BasicEventDispatcher.java:58)
	at javafx.base@21.0.1/com.sun.javafx.event.EventDispatchChainImpl.dispatchEvent(EventDispatchChainImpl.java:114)
	at javafx.base@21.0.1/com.sun.javafx.event.BasicEventDispatcher.dispatchEvent(BasicEventDispatcher.java:56)
	at javafx.base@21.0.1/com.sun.javafx.event.EventDispatchChainImpl.dispatchEvent(EventDispatchChainImpl.java:114)
	at javafx.base@21.0.1/com.sun.javafx.event.BasicEventDispatcher.dispatchEvent(BasicEventDispatcher.java:56)
	at javafx.base@21.0.1/com.sun.javafx.event.EventDispatchChainImpl.dispatchEvent(EventDispatchChainImpl.java:114)
	at javafx.base@21.0.1/com.sun.javafx.event.EventUtil.fireEventImpl(EventUtil.java:74)
	at javafx.base@21.0.1/com.sun.javafx.event.EventUtil.fireEvent(EventUtil.java:54)
	at javafx.base@21.0.1/javafx.event.Event.fireEvent(Event.java:198)
	at javafx.graphics@21.0.1/javafx.scene.Scene$MouseHandler.process(Scene.java:3984)
	at javafx.graphics@21.0.1/javafx.scene.Scene.processMouseEvent(Scene.java:1890)
	at javafx.graphics@21.0.1/javafx.scene.Scene$ScenePeerListener.mouseEvent(Scene.java:2708)
	at javafx.graphics@21.0.1/com.sun.javafx.tk.quantum.GlassViewEventHandler$MouseEventNotification.run(GlassViewEventHandler.java:411)
	at javafx.graphics@21.0.1/com.sun.javafx.tk.quantum.GlassViewEventHandler$MouseEventNotification.run(GlassViewEventHandler.java:301)
	at java.base/java.security.AccessController.doPrivileged(AccessController.java:400)
	at javafx.graphics@21.0.1/com.sun.javafx.tk.quantum.GlassViewEventHandler.lambda$handleMouseEvent$2(GlassViewEventHandler.java:450)
	at javafx.graphics@21.0.1/com.sun.javafx.tk.quantum.QuantumToolkit.runWithoutRenderLock(QuantumToolkit.java:424)
	at javafx.graphics@21.0.1/com.sun.javafx.tk.quantum.GlassViewEventHandler.handleMouseEvent(GlassViewEventHandler.java:449)
	at javafx.graphics@21.0.1/com.sun.glass.ui.View.handleMouseEvent(View.java:551)
	at javafx.graphics@21.0.1/com.sun.glass.ui.View.notifyMouse(View.java:937)
	at javafx.graphics@21.0.1/com.sun.glass.ui.win.WinApplication._runLoop(Native Method)
	at javafx.graphics@21.0.1/com.sun.glass.ui.win.WinApplication.lambda$runLoop$3(WinApplication.java:185)
	at java.base/java.lang.Thread.run(Thread.java:1583)
2025-10-05 19:35:49 [JavaFX Application Thread] INFO  p.c.app.dao.impl.UsuarioDAOImpl - Usuario autenticado exitosamente: 11111111
2025-10-05 19:35:49 [JavaFX Application Thread] INFO  p.c.a.service.AuthenticationService - Usuario autenticado exitosamente: 11111111 - CLIENTE
2025-10-05 19:35:49 [JavaFX Application Thread] INFO  p.c.app.view.LoginController - Usuario autenticado exitosamente: 11111111
2025-10-05 19:35:49 [JavaFX Application Thread] ERROR p.c.app.dao.impl.PrestamoDAOImpl - Error al buscar préstamos por cliente y estado: 11111111, ACTIVO
java.sql.SQLException: Column 'cliente_nombre' not found.
	at com.mysql.cj.jdbc.exceptions.SQLError.createSQLException(SQLError.java:130)
	at com.mysql.cj.jdbc.exceptions.SQLError.createSQLException(SQLError.java:98)
	at com.mysql.cj.jdbc.exceptions.SQLError.createSQLException(SQLError.java:90)
	at com.mysql.cj.jdbc.exceptions.SQLError.createSQLException(SQLError.java:64)
	at com.mysql.cj.jdbc.result.ResultSetImpl.findColumn(ResultSetImpl.java:584)
	at com.mysql.cj.jdbc.result.ResultSetImpl.getString(ResultSetImpl.java:896)
	at com.zaxxer.hikari.pool.HikariProxyResultSet.getString(HikariProxyResultSet.java)
	at pe.crediactiva.app.dao.impl.PrestamoDAOImpl.mapResultSetToPrestamo(PrestamoDAOImpl.java:522)
	at pe.crediactiva.app.dao.impl.PrestamoDAOImpl.findByClienteAndEstado(PrestamoDAOImpl.java:475)
	at pe.crediactiva.app.service.PrestamoService.obtenerPrestamosActivosPorCliente(PrestamoService.java:399)
	at pe.crediactiva.app.view.cliente.ClienteMainController.cargarEstadisticasResumen(ClienteMainController.java:192)
	at pe.crediactiva.app.view.cliente.ClienteMainController.initialize(ClienteMainController.java:141)
	at java.base/jdk.internal.reflect.DirectMethodHandleAccessor.invoke(DirectMethodHandleAccessor.java:103)
	at java.base/java.lang.reflect.Method.invoke(Method.java:580)
	at com.sun.javafx.reflect.Trampoline.invoke(MethodUtil.java:72)
	at java.base/jdk.internal.reflect.DirectMethodHandleAccessor.invoke(DirectMethodHandleAccessor.java:103)
	at java.base/java.lang.reflect.Method.invoke(Method.java:580)
	at javafx.base@21.0.1/com.sun.javafx.reflect.MethodUtil.invoke(MethodUtil.java:270)
	at javafx.fxml@21.0.1/com.sun.javafx.fxml.MethodHelper.invoke(MethodHelper.java:84)
	at javafx.fxml@21.0.1/javafx.fxml.FXMLLoader.loadImpl(FXMLLoader.java:2688)
	at javafx.fxml@21.0.1/javafx.fxml.FXMLLoader.loadImpl(FXMLLoader.java:2563)
	at javafx.fxml@21.0.1/javafx.fxml.FXMLLoader.load(FXMLLoader.java:2531)
	at pe.crediactiva.app.view.LoginController.redirectToMainScreen(LoginController.java:137)
	at pe.crediactiva.app.view.LoginController.handleLogin(LoginController.java:96)
	at java.base/jdk.internal.reflect.DirectMethodHandleAccessor.invoke(DirectMethodHandleAccessor.java:103)
	at java.base/java.lang.reflect.Method.invoke(Method.java:580)
	at com.sun.javafx.reflect.Trampoline.invoke(MethodUtil.java:72)
	at java.base/jdk.internal.reflect.DirectMethodHandleAccessor.invoke(DirectMethodHandleAccessor.java:103)
	at java.base/java.lang.reflect.Method.invoke(Method.java:580)
	at javafx.base@21.0.1/com.sun.javafx.reflect.MethodUtil.invoke(MethodUtil.java:270)
	at javafx.fxml@21.0.1/com.sun.javafx.fxml.MethodHelper.invoke(MethodHelper.java:84)
	at javafx.fxml@21.0.1/javafx.fxml.FXMLLoader$MethodHandler.invoke(FXMLLoader.java:1855)
	at javafx.fxml@21.0.1/javafx.fxml.FXMLLoader$ControllerMethodEventHandler.handle(FXMLLoader.java:1726)
	at javafx.base@21.0.1/com.sun.javafx.event.CompositeEventHandler.dispatchBubblingEvent(CompositeEventHandler.java:86)
	at javafx.base@21.0.1/com.sun.javafx.event.EventHandlerManager.dispatchBubblingEvent(EventHandlerManager.java:232)
	at javafx.base@21.0.1/com.sun.javafx.event.EventHandlerManager.dispatchBubblingEvent(EventHandlerManager.java:189)
	at javafx.base@21.0.1/com.sun.javafx.event.CompositeEventDispatcher.dispatchBubblingEvent(CompositeEventDispatcher.java:59)
	at javafx.base@21.0.1/com.sun.javafx.event.BasicEventDispatcher.dispatchEvent(BasicEventDispatcher.java:58)
	at javafx.base@21.0.1/com.sun.javafx.event.EventDispatchChainImpl.dispatchEvent(EventDispatchChainImpl.java:114)
	at javafx.base@21.0.1/com.sun.javafx.event.BasicEventDispatcher.dispatchEvent(BasicEventDispatcher.java:56)
	at javafx.base@21.0.1/com.sun.javafx.event.EventDispatchChainImpl.dispatchEvent(EventDispatchChainImpl.java:114)
	at javafx.base@21.0.1/com.sun.javafx.event.BasicEventDispatcher.dispatchEvent(BasicEventDispatcher.java:56)
	at javafx.base@21.0.1/com.sun.javafx.event.EventDispatchChainImpl.dispatchEvent(EventDispatchChainImpl.java:114)
	at javafx.base@21.0.1/com.sun.javafx.event.EventUtil.fireEventImpl(EventUtil.java:74)
	at javafx.base@21.0.1/com.sun.javafx.event.EventUtil.fireEvent(EventUtil.java:49)
	at javafx.base@21.0.1/javafx.event.Event.fireEvent(Event.java:198)
	at javafx.graphics@21.0.1/javafx.scene.Node.fireEvent(Node.java:8875)
	at javafx.controls@21.0.1/javafx.scene.control.Button.fire(Button.java:203)
	at javafx.controls@21.0.1/com.sun.javafx.scene.control.behavior.ButtonBehavior.mouseReleased(ButtonBehavior.java:207)
	at javafx.controls@21.0.1/com.sun.javafx.scene.control.inputmap.InputMap.handle(InputMap.java:274)
	at javafx.base@21.0.1/com.sun.javafx.event.CompositeEventHandler$NormalEventHandlerRecord.handleBubblingEvent(CompositeEventHandler.java:247)
	at javafx.base@21.0.1/com.sun.javafx.event.CompositeEventHandler.dispatchBubblingEvent(CompositeEventHandler.java:80)
	at javafx.base@21.0.1/com.sun.javafx.event.EventHandlerManager.dispatchBubblingEvent(EventHandlerManager.java:232)
	at javafx.base@21.0.1/com.sun.javafx.event.EventHandlerManager.dispatchBubblingEvent(EventHandlerManager.java:189)
	at javafx.base@21.0.1/com.sun.javafx.event.CompositeEventDispatcher.dispatchBubblingEvent(CompositeEventDispatcher.java:59)
	at javafx.base@21.0.1/com.sun.javafx.event.BasicEventDispatcher.dispatchEvent(BasicEventDispatcher.java:58)
	at javafx.base@21.0.1/com.sun.javafx.event.EventDispatchChainImpl.dispatchEvent(EventDispatchChainImpl.java:114)
	at javafx.base@21.0.1/com.sun.javafx.event.BasicEventDispatcher.dispatchEvent(BasicEventDispatcher.java:56)
	at javafx.base@21.0.1/com.sun.javafx.event.EventDispatchChainImpl.dispatchEvent(EventDispatchChainImpl.java:114)
	at javafx.base@21.0.1/com.sun.javafx.event.BasicEventDispatcher.dispatchEvent(BasicEventDispatcher.java:56)
	at javafx.base@21.0.1/com.sun.javafx.event.EventDispatchChainImpl.dispatchEvent(EventDispatchChainImpl.java:114)
	at javafx.base@21.0.1/com.sun.javafx.event.EventUtil.fireEventImpl(EventUtil.java:74)
	at javafx.base@21.0.1/com.sun.javafx.event.EventUtil.fireEvent(EventUtil.java:54)
	at javafx.base@21.0.1/javafx.event.Event.fireEvent(Event.java:198)
	at javafx.graphics@21.0.1/javafx.scene.Scene$MouseHandler.process(Scene.java:3984)
	at javafx.graphics@21.0.1/javafx.scene.Scene.processMouseEvent(Scene.java:1890)
	at javafx.graphics@21.0.1/javafx.scene.Scene$ScenePeerListener.mouseEvent(Scene.java:2708)
	at javafx.graphics@21.0.1/com.sun.javafx.tk.quantum.GlassViewEventHandler$MouseEventNotification.run(GlassViewEventHandler.java:411)
	at javafx.graphics@21.0.1/com.sun.javafx.tk.quantum.GlassViewEventHandler$MouseEventNotification.run(GlassViewEventHandler.java:301)
	at java.base/java.security.AccessController.doPrivileged(AccessController.java:400)
	at javafx.graphics@21.0.1/com.sun.javafx.tk.quantum.GlassViewEventHandler.lambda$handleMouseEvent$2(GlassViewEventHandler.java:450)
	at javafx.graphics@21.0.1/com.sun.javafx.tk.quantum.QuantumToolkit.runWithoutRenderLock(QuantumToolkit.java:424)
	at javafx.graphics@21.0.1/com.sun.javafx.tk.quantum.GlassViewEventHandler.handleMouseEvent(GlassViewEventHandler.java:449)
	at javafx.graphics@21.0.1/com.sun.glass.ui.View.handleMouseEvent(View.java:551)
	at javafx.graphics@21.0.1/com.sun.glass.ui.View.notifyMouse(View.java:937)
	at javafx.graphics@21.0.1/com.sun.glass.ui.win.WinApplication._runLoop(Native Method)
	at javafx.graphics@21.0.1/com.sun.glass.ui.win.WinApplication.lambda$runLoop$3(WinApplication.java:185)
	at java.base/java.lang.Thread.run(Thread.java:1583)
2025-10-05 19:35:49 [JavaFX Application Thread] ERROR p.c.app.view.LoginController - Error durante la autenticación
java.lang.NullPointerException: Cannot invoke "javafx.stage.Stage.setTitle(String)" because "this.primaryStage" is null
	at pe.crediactiva.app.view.LoginController.redirectToMainScreen(LoginController.java:153)
	at pe.crediactiva.app.view.LoginController.handleLogin(LoginController.java:96)
	at java.base/jdk.internal.reflect.DirectMethodHandleAccessor.invoke(DirectMethodHandleAccessor.java:103)
	at java.base/java.lang.reflect.Method.invoke(Method.java:580)
	at com.sun.javafx.reflect.Trampoline.invoke(MethodUtil.java:72)
	at java.base/jdk.internal.reflect.DirectMethodHandleAccessor.invoke(DirectMethodHandleAccessor.java:103)
	at java.base/java.lang.reflect.Method.invoke(Method.java:580)
	at javafx.base@21.0.1/com.sun.javafx.reflect.MethodUtil.invoke(MethodUtil.java:270)
	at javafx.fxml@21.0.1/com.sun.javafx.fxml.MethodHelper.invoke(MethodHelper.java:84)
	at javafx.fxml@21.0.1/javafx.fxml.FXMLLoader$MethodHandler.invoke(FXMLLoader.java:1855)
	at javafx.fxml@21.0.1/javafx.fxml.FXMLLoader$ControllerMethodEventHandler.handle(FXMLLoader.java:1726)
	at javafx.base@21.0.1/com.sun.javafx.event.CompositeEventHandler.dispatchBubblingEvent(CompositeEventHandler.java:86)
	at javafx.base@21.0.1/com.sun.javafx.event.EventHandlerManager.dispatchBubblingEvent(EventHandlerManager.java:232)
	at javafx.base@21.0.1/com.sun.javafx.event.EventHandlerManager.dispatchBubblingEvent(EventHandlerManager.java:189)
	at javafx.base@21.0.1/com.sun.javafx.event.CompositeEventDispatcher.dispatchBubblingEvent(CompositeEventDispatcher.java:59)
	at javafx.base@21.0.1/com.sun.javafx.event.BasicEventDispatcher.dispatchEvent(BasicEventDispatcher.java:58)
	at javafx.base@21.0.1/com.sun.javafx.event.EventDispatchChainImpl.dispatchEvent(EventDispatchChainImpl.java:114)
	at javafx.base@21.0.1/com.sun.javafx.event.BasicEventDispatcher.dispatchEvent(BasicEventDispatcher.java:56)
	at javafx.base@21.0.1/com.sun.javafx.event.EventDispatchChainImpl.dispatchEvent(EventDispatchChainImpl.java:114)
	at javafx.base@21.0.1/com.sun.javafx.event.BasicEventDispatcher.dispatchEvent(BasicEventDispatcher.java:56)
	at javafx.base@21.0.1/com.sun.javafx.event.EventDispatchChainImpl.dispatchEvent(EventDispatchChainImpl.java:114)
	at javafx.base@21.0.1/com.sun.javafx.event.EventUtil.fireEventImpl(EventUtil.java:74)
	at javafx.base@21.0.1/com.sun.javafx.event.EventUtil.fireEvent(EventUtil.java:49)
	at javafx.base@21.0.1/javafx.event.Event.fireEvent(Event.java:198)
	at javafx.graphics@21.0.1/javafx.scene.Node.fireEvent(Node.java:8875)
	at javafx.controls@21.0.1/javafx.scene.control.Button.fire(Button.java:203)
	at javafx.controls@21.0.1/com.sun.javafx.scene.control.behavior.ButtonBehavior.mouseReleased(ButtonBehavior.java:207)
	at javafx.controls@21.0.1/com.sun.javafx.scene.control.inputmap.InputMap.handle(InputMap.java:274)
	at javafx.base@21.0.1/com.sun.javafx.event.CompositeEventHandler$NormalEventHandlerRecord.handleBubblingEvent(CompositeEventHandler.java:247)
	at javafx.base@21.0.1/com.sun.javafx.event.CompositeEventHandler.dispatchBubblingEvent(CompositeEventHandler.java:80)
	at javafx.base@21.0.1/com.sun.javafx.event.EventHandlerManager.dispatchBubblingEvent(EventHandlerManager.java:232)
	at javafx.base@21.0.1/com.sun.javafx.event.EventHandlerManager.dispatchBubblingEvent(EventHandlerManager.java:189)
	at javafx.base@21.0.1/com.sun.javafx.event.CompositeEventDispatcher.dispatchBubblingEvent(CompositeEventDispatcher.java:59)
	at javafx.base@21.0.1/com.sun.javafx.event.BasicEventDispatcher.dispatchEvent(BasicEventDispatcher.java:58)
	at javafx.base@21.0.1/com.sun.javafx.event.EventDispatchChainImpl.dispatchEvent(EventDispatchChainImpl.java:114)
	at javafx.base@21.0.1/com.sun.javafx.event.BasicEventDispatcher.dispatchEvent(BasicEventDispatcher.java:56)
	at javafx.base@21.0.1/com.sun.javafx.event.EventDispatchChainImpl.dispatchEvent(EventDispatchChainImpl.java:114)
	at javafx.base@21.0.1/com.sun.javafx.event.BasicEventDispatcher.dispatchEvent(BasicEventDispatcher.java:56)
	at javafx.base@21.0.1/com.sun.javafx.event.EventDispatchChainImpl.dispatchEvent(EventDispatchChainImpl.java:114)
	at javafx.base@21.0.1/com.sun.javafx.event.EventUtil.fireEventImpl(EventUtil.java:74)
	at javafx.base@21.0.1/com.sun.javafx.event.EventUtil.fireEvent(EventUtil.java:54)
	at javafx.base@21.0.1/javafx.event.Event.fireEvent(Event.java:198)
	at javafx.graphics@21.0.1/javafx.scene.Scene$MouseHandler.process(Scene.java:3984)
	at javafx.graphics@21.0.1/javafx.scene.Scene.processMouseEvent(Scene.java:1890)
	at javafx.graphics@21.0.1/javafx.scene.Scene$ScenePeerListener.mouseEvent(Scene.java:2708)
	at javafx.graphics@21.0.1/com.sun.javafx.tk.quantum.GlassViewEventHandler$MouseEventNotification.run(GlassViewEventHandler.java:411)
	at javafx.graphics@21.0.1/com.sun.javafx.tk.quantum.GlassViewEventHandler$MouseEventNotification.run(GlassViewEventHandler.java:301)
	at java.base/java.security.AccessController.doPrivileged(AccessController.java:400)
	at javafx.graphics@21.0.1/com.sun.javafx.tk.quantum.GlassViewEventHandler.lambda$handleMouseEvent$2(GlassViewEventHandler.java:450)
	at javafx.graphics@21.0.1/com.sun.javafx.tk.quantum.QuantumToolkit.runWithoutRenderLock(QuantumToolkit.java:424)
	at javafx.graphics@21.0.1/com.sun.javafx.tk.quantum.GlassViewEventHandler.handleMouseEvent(GlassViewEventHandler.java:449)
	at javafx.graphics@21.0.1/com.sun.glass.ui.View.handleMouseEvent(View.java:551)
	at javafx.graphics@21.0.1/com.sun.glass.ui.View.notifyMouse(View.java:937)
	at javafx.graphics@21.0.1/com.sun.glass.ui.win.WinApplication._runLoop(Native Method)
	at javafx.graphics@21.0.1/com.sun.glass.ui.win.WinApplication.lambda$runLoop$3(WinApplication.java:185)
	at java.base/java.lang.Thread.run(Thread.java:1583)
2025-10-05 19:35:51 [JavaFX Application Thread] INFO  p.c.app.config.DatabaseConfig - Pool de conexiones cerrado correctamente
2025-10-05 19:35:51 [JavaFX Application Thread] INFO  pe.crediactiva.app.Main - Aplicación CrediActiva cerrada
2025-10-05 19:36:19 [main] INFO  pe.crediactiva.app.Main - Iniciando aplicación CrediActiva Desktop v1.0.0
2025-10-05 19:36:19 [JavaFX Application Thread] INFO  pe.crediactiva.app.Main - Icono no encontrado, continuando sin icono
2025-10-05 19:36:19 [JavaFX Application Thread] INFO  p.c.app.config.DatabaseConfig - Propiedades de base de datos cargadas correctamente
2025-10-05 19:36:19 [JavaFX Application Thread] INFO  p.c.app.config.DatabaseConfig - Pool de conexiones HikariCP inicializado correctamente
2025-10-05 19:36:20 [JavaFX Application Thread] INFO  pe.crediactiva.app.Main - Aplicación CrediActiva iniciada correctamente
2025-10-05 19:36:32 [JavaFX Application Thread] INFO  p.c.app.dao.impl.UsuarioDAOImpl - Usuario autenticado exitosamente: 11111111
2025-10-05 19:36:32 [JavaFX Application Thread] INFO  p.c.a.service.AuthenticationService - Usuario autenticado exitosamente: 11111111 - CLIENTE
2025-10-05 19:36:32 [JavaFX Application Thread] INFO  p.c.app.view.LoginController - Usuario autenticado exitosamente: 11111111
2025-10-05 19:36:32 [JavaFX Application Thread] ERROR p.c.app.dao.impl.PrestamoDAOImpl - Error al buscar préstamos por cliente y estado: 11111111, ACTIVO
java.sql.SQLException: Column 'cliente_nombre' not found.
	at com.mysql.cj.jdbc.exceptions.SQLError.createSQLException(SQLError.java:130)
	at com.mysql.cj.jdbc.exceptions.SQLError.createSQLException(SQLError.java:98)
	at com.mysql.cj.jdbc.exceptions.SQLError.createSQLException(SQLError.java:90)
	at com.mysql.cj.jdbc.exceptions.SQLError.createSQLException(SQLError.java:64)
	at com.mysql.cj.jdbc.result.ResultSetImpl.findColumn(ResultSetImpl.java:584)
	at com.mysql.cj.jdbc.result.ResultSetImpl.getString(ResultSetImpl.java:896)
	at com.zaxxer.hikari.pool.HikariProxyResultSet.getString(HikariProxyResultSet.java)
	at pe.crediactiva.app.dao.impl.PrestamoDAOImpl.mapResultSetToPrestamo(PrestamoDAOImpl.java:522)
	at pe.crediactiva.app.dao.impl.PrestamoDAOImpl.findByClienteAndEstado(PrestamoDAOImpl.java:475)
	at pe.crediactiva.app.service.PrestamoService.obtenerPrestamosActivosPorCliente(PrestamoService.java:399)
	at pe.crediactiva.app.view.cliente.ClienteMainController.cargarEstadisticasResumen(ClienteMainController.java:192)
	at pe.crediactiva.app.view.cliente.ClienteMainController.initialize(ClienteMainController.java:141)
	at java.base/jdk.internal.reflect.DirectMethodHandleAccessor.invoke(DirectMethodHandleAccessor.java:103)
	at java.base/java.lang.reflect.Method.invoke(Method.java:580)
	at com.sun.javafx.reflect.Trampoline.invoke(MethodUtil.java:72)
	at java.base/jdk.internal.reflect.DirectMethodHandleAccessor.invoke(DirectMethodHandleAccessor.java:103)
	at java.base/java.lang.reflect.Method.invoke(Method.java:580)
	at javafx.base@21.0.1/com.sun.javafx.reflect.MethodUtil.invoke(MethodUtil.java:270)
	at javafx.fxml@21.0.1/com.sun.javafx.fxml.MethodHelper.invoke(MethodHelper.java:84)
	at javafx.fxml@21.0.1/javafx.fxml.FXMLLoader.loadImpl(FXMLLoader.java:2688)
	at javafx.fxml@21.0.1/javafx.fxml.FXMLLoader.loadImpl(FXMLLoader.java:2563)
	at javafx.fxml@21.0.1/javafx.fxml.FXMLLoader.load(FXMLLoader.java:2531)
	at pe.crediactiva.app.view.LoginController.redirectToMainScreen(LoginController.java:137)
	at pe.crediactiva.app.view.LoginController.handleLogin(LoginController.java:96)
	at java.base/jdk.internal.reflect.DirectMethodHandleAccessor.invoke(DirectMethodHandleAccessor.java:103)
	at java.base/java.lang.reflect.Method.invoke(Method.java:580)
	at com.sun.javafx.reflect.Trampoline.invoke(MethodUtil.java:72)
	at java.base/jdk.internal.reflect.DirectMethodHandleAccessor.invoke(DirectMethodHandleAccessor.java:103)
	at java.base/java.lang.reflect.Method.invoke(Method.java:580)
	at javafx.base@21.0.1/com.sun.javafx.reflect.MethodUtil.invoke(MethodUtil.java:270)
	at javafx.fxml@21.0.1/com.sun.javafx.fxml.MethodHelper.invoke(MethodHelper.java:84)
	at javafx.fxml@21.0.1/javafx.fxml.FXMLLoader$MethodHandler.invoke(FXMLLoader.java:1855)
	at javafx.fxml@21.0.1/javafx.fxml.FXMLLoader$ControllerMethodEventHandler.handle(FXMLLoader.java:1726)
	at javafx.base@21.0.1/com.sun.javafx.event.CompositeEventHandler.dispatchBubblingEvent(CompositeEventHandler.java:86)
	at javafx.base@21.0.1/com.sun.javafx.event.EventHandlerManager.dispatchBubblingEvent(EventHandlerManager.java:232)
	at javafx.base@21.0.1/com.sun.javafx.event.EventHandlerManager.dispatchBubblingEvent(EventHandlerManager.java:189)
	at javafx.base@21.0.1/com.sun.javafx.event.CompositeEventDispatcher.dispatchBubblingEvent(CompositeEventDispatcher.java:59)
	at javafx.base@21.0.1/com.sun.javafx.event.BasicEventDispatcher.dispatchEvent(BasicEventDispatcher.java:58)
	at javafx.base@21.0.1/com.sun.javafx.event.EventDispatchChainImpl.dispatchEvent(EventDispatchChainImpl.java:114)
	at javafx.base@21.0.1/com.sun.javafx.event.BasicEventDispatcher.dispatchEvent(BasicEventDispatcher.java:56)
	at javafx.base@21.0.1/com.sun.javafx.event.EventDispatchChainImpl.dispatchEvent(EventDispatchChainImpl.java:114)
	at javafx.base@21.0.1/com.sun.javafx.event.BasicEventDispatcher.dispatchEvent(BasicEventDispatcher.java:56)
	at javafx.base@21.0.1/com.sun.javafx.event.EventDispatchChainImpl.dispatchEvent(EventDispatchChainImpl.java:114)
	at javafx.base@21.0.1/com.sun.javafx.event.EventUtil.fireEventImpl(EventUtil.java:74)
	at javafx.base@21.0.1/com.sun.javafx.event.EventUtil.fireEvent(EventUtil.java:49)
	at javafx.base@21.0.1/javafx.event.Event.fireEvent(Event.java:198)
	at javafx.graphics@21.0.1/javafx.scene.Node.fireEvent(Node.java:8875)
	at javafx.controls@21.0.1/javafx.scene.control.Button.fire(Button.java:203)
	at javafx.controls@21.0.1/com.sun.javafx.scene.control.behavior.ButtonBehavior.mouseReleased(ButtonBehavior.java:207)
	at javafx.controls@21.0.1/com.sun.javafx.scene.control.inputmap.InputMap.handle(InputMap.java:274)
	at javafx.base@21.0.1/com.sun.javafx.event.CompositeEventHandler$NormalEventHandlerRecord.handleBubblingEvent(CompositeEventHandler.java:247)
	at javafx.base@21.0.1/com.sun.javafx.event.CompositeEventHandler.dispatchBubblingEvent(CompositeEventHandler.java:80)
	at javafx.base@21.0.1/com.sun.javafx.event.EventHandlerManager.dispatchBubblingEvent(EventHandlerManager.java:232)
	at javafx.base@21.0.1/com.sun.javafx.event.EventHandlerManager.dispatchBubblingEvent(EventHandlerManager.java:189)
	at javafx.base@21.0.1/com.sun.javafx.event.CompositeEventDispatcher.dispatchBubblingEvent(CompositeEventDispatcher.java:59)
	at javafx.base@21.0.1/com.sun.javafx.event.BasicEventDispatcher.dispatchEvent(BasicEventDispatcher.java:58)
	at javafx.base@21.0.1/com.sun.javafx.event.EventDispatchChainImpl.dispatchEvent(EventDispatchChainImpl.java:114)
	at javafx.base@21.0.1/com.sun.javafx.event.BasicEventDispatcher.dispatchEvent(BasicEventDispatcher.java:56)
	at javafx.base@21.0.1/com.sun.javafx.event.EventDispatchChainImpl.dispatchEvent(EventDispatchChainImpl.java:114)
	at javafx.base@21.0.1/com.sun.javafx.event.BasicEventDispatcher.dispatchEvent(BasicEventDispatcher.java:56)
	at javafx.base@21.0.1/com.sun.javafx.event.EventDispatchChainImpl.dispatchEvent(EventDispatchChainImpl.java:114)
	at javafx.base@21.0.1/com.sun.javafx.event.EventUtil.fireEventImpl(EventUtil.java:74)
	at javafx.base@21.0.1/com.sun.javafx.event.EventUtil.fireEvent(EventUtil.java:54)
	at javafx.base@21.0.1/javafx.event.Event.fireEvent(Event.java:198)
	at javafx.graphics@21.0.1/javafx.scene.Scene$MouseHandler.process(Scene.java:3984)
	at javafx.graphics@21.0.1/javafx.scene.Scene.processMouseEvent(Scene.java:1890)
	at javafx.graphics@21.0.1/javafx.scene.Scene$ScenePeerListener.mouseEvent(Scene.java:2708)
	at javafx.graphics@21.0.1/com.sun.javafx.tk.quantum.GlassViewEventHandler$MouseEventNotification.run(GlassViewEventHandler.java:411)
	at javafx.graphics@21.0.1/com.sun.javafx.tk.quantum.GlassViewEventHandler$MouseEventNotification.run(GlassViewEventHandler.java:301)
	at java.base/java.security.AccessController.doPrivileged(AccessController.java:400)
	at javafx.graphics@21.0.1/com.sun.javafx.tk.quantum.GlassViewEventHandler.lambda$handleMouseEvent$2(GlassViewEventHandler.java:450)
	at javafx.graphics@21.0.1/com.sun.javafx.tk.quantum.QuantumToolkit.runWithoutRenderLock(QuantumToolkit.java:424)
	at javafx.graphics@21.0.1/com.sun.javafx.tk.quantum.GlassViewEventHandler.handleMouseEvent(GlassViewEventHandler.java:449)
	at javafx.graphics@21.0.1/com.sun.glass.ui.View.handleMouseEvent(View.java:551)
	at javafx.graphics@21.0.1/com.sun.glass.ui.View.notifyMouse(View.java:937)
	at javafx.graphics@21.0.1/com.sun.glass.ui.win.WinApplication._runLoop(Native Method)
	at javafx.graphics@21.0.1/com.sun.glass.ui.win.WinApplication.lambda$runLoop$3(WinApplication.java:185)
	at java.base/java.lang.Thread.run(Thread.java:1583)
2025-10-05 19:36:32 [JavaFX Application Thread] INFO  p.c.app.view.LoginController - Usuario redirigido a pantalla principal: CLIENTE
2025-10-05 19:36:50 [JavaFX Application Thread] INFO  p.c.a.service.AuthenticationService - Usuario cerró sesión: 11111111
2025-10-05 19:36:50 [JavaFX Application Thread] INFO  p.c.a.v.c.ClienteMainController - Cliente cerró sesión
2025-10-05 19:37:06 [JavaFX Application Thread] INFO  p.c.app.dao.impl.UsuarioDAOImpl - Usuario autenticado exitosamente: 12345678
2025-10-05 19:37:06 [JavaFX Application Thread] INFO  p.c.a.service.AuthenticationService - Usuario autenticado exitosamente: 12345678 - ASESOR
2025-10-05 19:37:06 [JavaFX Application Thread] INFO  p.c.app.view.LoginController - Usuario autenticado exitosamente: 12345678
2025-10-05 19:37:06 [JavaFX Application Thread] ERROR p.c.app.service.RecaudacionService - Error al calcular recaudación mensual para asesor: null
java.lang.NullPointerException: Cannot invoke "java.lang.Long.longValue()" because "idAsesor" is null
	at pe.crediactiva.app.dao.impl.RecaudacionAsesorDAOImpl.findByAsesor(RecaudacionAsesorDAOImpl.java:157)
	at pe.crediactiva.app.service.RecaudacionService.obtenerRecaudacionMensualPorAsesor(RecaudacionService.java:112)
	at pe.crediactiva.app.service.RecaudacionService.obtenerRecaudacionDelDia(RecaudacionService.java:268)
	at pe.crediactiva.app.view.asesor.AsesorMainController.cargarEstadisticasDashboard(AsesorMainController.java:135)
	at pe.crediactiva.app.view.asesor.AsesorMainController.initialize(AsesorMainController.java:110)
	at java.base/jdk.internal.reflect.DirectMethodHandleAccessor.invoke(DirectMethodHandleAccessor.java:103)
	at java.base/java.lang.reflect.Method.invoke(Method.java:580)
	at com.sun.javafx.reflect.Trampoline.invoke(MethodUtil.java:72)
	at java.base/jdk.internal.reflect.DirectMethodHandleAccessor.invoke(DirectMethodHandleAccessor.java:103)
	at java.base/java.lang.reflect.Method.invoke(Method.java:580)
	at javafx.base@21.0.1/com.sun.javafx.reflect.MethodUtil.invoke(MethodUtil.java:270)
	at javafx.fxml@21.0.1/com.sun.javafx.fxml.MethodHelper.invoke(MethodHelper.java:84)
	at javafx.fxml@21.0.1/javafx.fxml.FXMLLoader.loadImpl(FXMLLoader.java:2688)
	at javafx.fxml@21.0.1/javafx.fxml.FXMLLoader.loadImpl(FXMLLoader.java:2563)
	at javafx.fxml@21.0.1/javafx.fxml.FXMLLoader.load(FXMLLoader.java:2531)
	at pe.crediactiva.app.view.LoginController.redirectToMainScreen(LoginController.java:137)
	at pe.crediactiva.app.view.LoginController.handleLogin(LoginController.java:96)
	at java.base/jdk.internal.reflect.DirectMethodHandleAccessor.invoke(DirectMethodHandleAccessor.java:103)
	at java.base/java.lang.reflect.Method.invoke(Method.java:580)
	at com.sun.javafx.reflect.Trampoline.invoke(MethodUtil.java:72)
	at java.base/jdk.internal.reflect.DirectMethodHandleAccessor.invoke(DirectMethodHandleAccessor.java:103)
	at java.base/java.lang.reflect.Method.invoke(Method.java:580)
	at javafx.base@21.0.1/com.sun.javafx.reflect.MethodUtil.invoke(MethodUtil.java:270)
	at javafx.fxml@21.0.1/com.sun.javafx.fxml.MethodHelper.invoke(MethodHelper.java:84)
	at javafx.fxml@21.0.1/javafx.fxml.FXMLLoader$MethodHandler.invoke(FXMLLoader.java:1855)
	at javafx.fxml@21.0.1/javafx.fxml.FXMLLoader$ControllerMethodEventHandler.handle(FXMLLoader.java:1726)
	at javafx.base@21.0.1/com.sun.javafx.event.CompositeEventHandler.dispatchBubblingEvent(CompositeEventHandler.java:86)
	at javafx.base@21.0.1/com.sun.javafx.event.EventHandlerManager.dispatchBubblingEvent(EventHandlerManager.java:232)
	at javafx.base@21.0.1/com.sun.javafx.event.EventHandlerManager.dispatchBubblingEvent(EventHandlerManager.java:189)
	at javafx.base@21.0.1/com.sun.javafx.event.CompositeEventDispatcher.dispatchBubblingEvent(CompositeEventDispatcher.java:59)
	at javafx.base@21.0.1/com.sun.javafx.event.BasicEventDispatcher.dispatchEvent(BasicEventDispatcher.java:58)
	at javafx.base@21.0.1/com.sun.javafx.event.EventDispatchChainImpl.dispatchEvent(EventDispatchChainImpl.java:114)
	at javafx.base@21.0.1/com.sun.javafx.event.BasicEventDispatcher.dispatchEvent(BasicEventDispatcher.java:56)
	at javafx.base@21.0.1/com.sun.javafx.event.EventDispatchChainImpl.dispatchEvent(EventDispatchChainImpl.java:114)
	at javafx.base@21.0.1/com.sun.javafx.event.BasicEventDispatcher.dispatchEvent(BasicEventDispatcher.java:56)
	at javafx.base@21.0.1/com.sun.javafx.event.EventDispatchChainImpl.dispatchEvent(EventDispatchChainImpl.java:114)
	at javafx.base@21.0.1/com.sun.javafx.event.EventUtil.fireEventImpl(EventUtil.java:74)
	at javafx.base@21.0.1/com.sun.javafx.event.EventUtil.fireEvent(EventUtil.java:49)
	at javafx.base@21.0.1/javafx.event.Event.fireEvent(Event.java:198)
	at javafx.graphics@21.0.1/javafx.scene.Node.fireEvent(Node.java:8875)
	at javafx.controls@21.0.1/javafx.scene.control.Button.fire(Button.java:203)
	at javafx.controls@21.0.1/com.sun.javafx.scene.control.behavior.ButtonBehavior.mouseReleased(ButtonBehavior.java:207)
	at javafx.controls@21.0.1/com.sun.javafx.scene.control.inputmap.InputMap.handle(InputMap.java:274)
	at javafx.base@21.0.1/com.sun.javafx.event.CompositeEventHandler$NormalEventHandlerRecord.handleBubblingEvent(CompositeEventHandler.java:247)
	at javafx.base@21.0.1/com.sun.javafx.event.CompositeEventHandler.dispatchBubblingEvent(CompositeEventHandler.java:80)
	at javafx.base@21.0.1/com.sun.javafx.event.EventHandlerManager.dispatchBubblingEvent(EventHandlerManager.java:232)
	at javafx.base@21.0.1/com.sun.javafx.event.EventHandlerManager.dispatchBubblingEvent(EventHandlerManager.java:189)
	at javafx.base@21.0.1/com.sun.javafx.event.CompositeEventDispatcher.dispatchBubblingEvent(CompositeEventDispatcher.java:59)
	at javafx.base@21.0.1/com.sun.javafx.event.BasicEventDispatcher.dispatchEvent(BasicEventDispatcher.java:58)
	at javafx.base@21.0.1/com.sun.javafx.event.EventDispatchChainImpl.dispatchEvent(EventDispatchChainImpl.java:114)
	at javafx.base@21.0.1/com.sun.javafx.event.BasicEventDispatcher.dispatchEvent(BasicEventDispatcher.java:56)
	at javafx.base@21.0.1/com.sun.javafx.event.EventDispatchChainImpl.dispatchEvent(EventDispatchChainImpl.java:114)
	at javafx.base@21.0.1/com.sun.javafx.event.BasicEventDispatcher.dispatchEvent(BasicEventDispatcher.java:56)
	at javafx.base@21.0.1/com.sun.javafx.event.EventDispatchChainImpl.dispatchEvent(EventDispatchChainImpl.java:114)
	at javafx.base@21.0.1/com.sun.javafx.event.EventUtil.fireEventImpl(EventUtil.java:74)
	at javafx.base@21.0.1/com.sun.javafx.event.EventUtil.fireEvent(EventUtil.java:54)
	at javafx.base@21.0.1/javafx.event.Event.fireEvent(Event.java:198)
	at javafx.graphics@21.0.1/javafx.scene.Scene$MouseHandler.process(Scene.java:3984)
	at javafx.graphics@21.0.1/javafx.scene.Scene.processMouseEvent(Scene.java:1890)
	at javafx.graphics@21.0.1/javafx.scene.Scene$ScenePeerListener.mouseEvent(Scene.java:2708)
	at javafx.graphics@21.0.1/com.sun.javafx.tk.quantum.GlassViewEventHandler$MouseEventNotification.run(GlassViewEventHandler.java:411)
	at javafx.graphics@21.0.1/com.sun.javafx.tk.quantum.GlassViewEventHandler$MouseEventNotification.run(GlassViewEventHandler.java:301)
	at java.base/java.security.AccessController.doPrivileged(AccessController.java:400)
	at javafx.graphics@21.0.1/com.sun.javafx.tk.quantum.GlassViewEventHandler.lambda$handleMouseEvent$2(GlassViewEventHandler.java:450)
	at javafx.graphics@21.0.1/com.sun.javafx.tk.quantum.QuantumToolkit.runWithoutRenderLock(QuantumToolkit.java:424)
	at javafx.graphics@21.0.1/com.sun.javafx.tk.quantum.GlassViewEventHandler.handleMouseEvent(GlassViewEventHandler.java:449)
	at javafx.graphics@21.0.1/com.sun.glass.ui.View.handleMouseEvent(View.java:551)
	at javafx.graphics@21.0.1/com.sun.glass.ui.View.notifyMouse(View.java:937)
	at javafx.graphics@21.0.1/com.sun.glass.ui.win.WinApplication._runLoop(Native Method)
	at javafx.graphics@21.0.1/com.sun.glass.ui.win.WinApplication.lambda$runLoop$3(WinApplication.java:185)
	at java.base/java.lang.Thread.run(Thread.java:1583)
2025-10-05 19:37:06 [JavaFX Application Thread] ERROR p.c.app.service.RecaudacionService - Error al calcular recaudación mensual para asesor: null
java.lang.NullPointerException: Cannot invoke "java.lang.Long.longValue()" because "idAsesor" is null
	at pe.crediactiva.app.dao.impl.RecaudacionAsesorDAOImpl.findByAsesor(RecaudacionAsesorDAOImpl.java:157)
	at pe.crediactiva.app.service.RecaudacionService.obtenerRecaudacionMensualPorAsesor(RecaudacionService.java:112)
	at pe.crediactiva.app.service.RecaudacionService.obtenerRecaudacionDelMes(RecaudacionService.java:275)
	at pe.crediactiva.app.view.asesor.AsesorMainController.cargarEstadisticasDashboard(AsesorMainController.java:139)
	at pe.crediactiva.app.view.asesor.AsesorMainController.initialize(AsesorMainController.java:110)
	at java.base/jdk.internal.reflect.DirectMethodHandleAccessor.invoke(DirectMethodHandleAccessor.java:103)
	at java.base/java.lang.reflect.Method.invoke(Method.java:580)
	at com.sun.javafx.reflect.Trampoline.invoke(MethodUtil.java:72)
	at java.base/jdk.internal.reflect.DirectMethodHandleAccessor.invoke(DirectMethodHandleAccessor.java:103)
	at java.base/java.lang.reflect.Method.invoke(Method.java:580)
	at javafx.base@21.0.1/com.sun.javafx.reflect.MethodUtil.invoke(MethodUtil.java:270)
	at javafx.fxml@21.0.1/com.sun.javafx.fxml.MethodHelper.invoke(MethodHelper.java:84)
	at javafx.fxml@21.0.1/javafx.fxml.FXMLLoader.loadImpl(FXMLLoader.java:2688)
	at javafx.fxml@21.0.1/javafx.fxml.FXMLLoader.loadImpl(FXMLLoader.java:2563)
	at javafx.fxml@21.0.1/javafx.fxml.FXMLLoader.load(FXMLLoader.java:2531)
	at pe.crediactiva.app.view.LoginController.redirectToMainScreen(LoginController.java:137)
	at pe.crediactiva.app.view.LoginController.handleLogin(LoginController.java:96)
	at java.base/jdk.internal.reflect.DirectMethodHandleAccessor.invoke(DirectMethodHandleAccessor.java:103)
	at java.base/java.lang.reflect.Method.invoke(Method.java:580)
	at com.sun.javafx.reflect.Trampoline.invoke(MethodUtil.java:72)
	at java.base/jdk.internal.reflect.DirectMethodHandleAccessor.invoke(DirectMethodHandleAccessor.java:103)
	at java.base/java.lang.reflect.Method.invoke(Method.java:580)
	at javafx.base@21.0.1/com.sun.javafx.reflect.MethodUtil.invoke(MethodUtil.java:270)
	at javafx.fxml@21.0.1/com.sun.javafx.fxml.MethodHelper.invoke(MethodHelper.java:84)
	at javafx.fxml@21.0.1/javafx.fxml.FXMLLoader$MethodHandler.invoke(FXMLLoader.java:1855)
	at javafx.fxml@21.0.1/javafx.fxml.FXMLLoader$ControllerMethodEventHandler.handle(FXMLLoader.java:1726)
	at javafx.base@21.0.1/com.sun.javafx.event.CompositeEventHandler.dispatchBubblingEvent(CompositeEventHandler.java:86)
	at javafx.base@21.0.1/com.sun.javafx.event.EventHandlerManager.dispatchBubblingEvent(EventHandlerManager.java:232)
	at javafx.base@21.0.1/com.sun.javafx.event.EventHandlerManager.dispatchBubblingEvent(EventHandlerManager.java:189)
	at javafx.base@21.0.1/com.sun.javafx.event.CompositeEventDispatcher.dispatchBubblingEvent(CompositeEventDispatcher.java:59)
	at javafx.base@21.0.1/com.sun.javafx.event.BasicEventDispatcher.dispatchEvent(BasicEventDispatcher.java:58)
	at javafx.base@21.0.1/com.sun.javafx.event.EventDispatchChainImpl.dispatchEvent(EventDispatchChainImpl.java:114)
	at javafx.base@21.0.1/com.sun.javafx.event.BasicEventDispatcher.dispatchEvent(BasicEventDispatcher.java:56)
	at javafx.base@21.0.1/com.sun.javafx.event.EventDispatchChainImpl.dispatchEvent(EventDispatchChainImpl.java:114)
	at javafx.base@21.0.1/com.sun.javafx.event.BasicEventDispatcher.dispatchEvent(BasicEventDispatcher.java:56)
	at javafx.base@21.0.1/com.sun.javafx.event.EventDispatchChainImpl.dispatchEvent(EventDispatchChainImpl.java:114)
	at javafx.base@21.0.1/com.sun.javafx.event.EventUtil.fireEventImpl(EventUtil.java:74)
	at javafx.base@21.0.1/com.sun.javafx.event.EventUtil.fireEvent(EventUtil.java:49)
	at javafx.base@21.0.1/javafx.event.Event.fireEvent(Event.java:198)
	at javafx.graphics@21.0.1/javafx.scene.Node.fireEvent(Node.java:8875)
	at javafx.controls@21.0.1/javafx.scene.control.Button.fire(Button.java:203)
	at javafx.controls@21.0.1/com.sun.javafx.scene.control.behavior.ButtonBehavior.mouseReleased(ButtonBehavior.java:207)
	at javafx.controls@21.0.1/com.sun.javafx.scene.control.inputmap.InputMap.handle(InputMap.java:274)
	at javafx.base@21.0.1/com.sun.javafx.event.CompositeEventHandler$NormalEventHandlerRecord.handleBubblingEvent(CompositeEventHandler.java:247)
	at javafx.base@21.0.1/com.sun.javafx.event.CompositeEventHandler.dispatchBubblingEvent(CompositeEventHandler.java:80)
	at javafx.base@21.0.1/com.sun.javafx.event.EventHandlerManager.dispatchBubblingEvent(EventHandlerManager.java:232)
	at javafx.base@21.0.1/com.sun.javafx.event.EventHandlerManager.dispatchBubblingEvent(EventHandlerManager.java:189)
	at javafx.base@21.0.1/com.sun.javafx.event.CompositeEventDispatcher.dispatchBubblingEvent(CompositeEventDispatcher.java:59)
	at javafx.base@21.0.1/com.sun.javafx.event.BasicEventDispatcher.dispatchEvent(BasicEventDispatcher.java:58)
	at javafx.base@21.0.1/com.sun.javafx.event.EventDispatchChainImpl.dispatchEvent(EventDispatchChainImpl.java:114)
	at javafx.base@21.0.1/com.sun.javafx.event.BasicEventDispatcher.dispatchEvent(BasicEventDispatcher.java:56)
	at javafx.base@21.0.1/com.sun.javafx.event.EventDispatchChainImpl.dispatchEvent(EventDispatchChainImpl.java:114)
	at javafx.base@21.0.1/com.sun.javafx.event.BasicEventDispatcher.dispatchEvent(BasicEventDispatcher.java:56)
	at javafx.base@21.0.1/com.sun.javafx.event.EventDispatchChainImpl.dispatchEvent(EventDispatchChainImpl.java:114)
	at javafx.base@21.0.1/com.sun.javafx.event.EventUtil.fireEventImpl(EventUtil.java:74)
	at javafx.base@21.0.1/com.sun.javafx.event.EventUtil.fireEvent(EventUtil.java:54)
	at javafx.base@21.0.1/javafx.event.Event.fireEvent(Event.java:198)
	at javafx.graphics@21.0.1/javafx.scene.Scene$MouseHandler.process(Scene.java:3984)
	at javafx.graphics@21.0.1/javafx.scene.Scene.processMouseEvent(Scene.java:1890)
	at javafx.graphics@21.0.1/javafx.scene.Scene$ScenePeerListener.mouseEvent(Scene.java:2708)
	at javafx.graphics@21.0.1/com.sun.javafx.tk.quantum.GlassViewEventHandler$MouseEventNotification.run(GlassViewEventHandler.java:411)
	at javafx.graphics@21.0.1/com.sun.javafx.tk.quantum.GlassViewEventHandler$MouseEventNotification.run(GlassViewEventHandler.java:301)
	at java.base/java.security.AccessController.doPrivileged(AccessController.java:400)
	at javafx.graphics@21.0.1/com.sun.javafx.tk.quantum.GlassViewEventHandler.lambda$handleMouseEvent$2(GlassViewEventHandler.java:450)
	at javafx.graphics@21.0.1/com.sun.javafx.tk.quantum.QuantumToolkit.runWithoutRenderLock(QuantumToolkit.java:424)
	at javafx.graphics@21.0.1/com.sun.javafx.tk.quantum.GlassViewEventHandler.handleMouseEvent(GlassViewEventHandler.java:449)
	at javafx.graphics@21.0.1/com.sun.glass.ui.View.handleMouseEvent(View.java:551)
	at javafx.graphics@21.0.1/com.sun.glass.ui.View.notifyMouse(View.java:937)
	at javafx.graphics@21.0.1/com.sun.glass.ui.win.WinApplication._runLoop(Native Method)
	at javafx.graphics@21.0.1/com.sun.glass.ui.win.WinApplication.lambda$runLoop$3(WinApplication.java:185)
	at java.base/java.lang.Thread.run(Thread.java:1583)
2025-10-05 19:37:06 [JavaFX Application Thread] ERROR p.c.app.view.LoginController - Error durante la autenticación
java.lang.NullPointerException: Cannot invoke "javafx.stage.Stage.setTitle(String)" because "this.primaryStage" is null
	at pe.crediactiva.app.view.LoginController.redirectToMainScreen(LoginController.java:153)
	at pe.crediactiva.app.view.LoginController.handleLogin(LoginController.java:96)
	at java.base/jdk.internal.reflect.DirectMethodHandleAccessor.invoke(DirectMethodHandleAccessor.java:103)
	at java.base/java.lang.reflect.Method.invoke(Method.java:580)
	at com.sun.javafx.reflect.Trampoline.invoke(MethodUtil.java:72)
	at java.base/jdk.internal.reflect.DirectMethodHandleAccessor.invoke(DirectMethodHandleAccessor.java:103)
	at java.base/java.lang.reflect.Method.invoke(Method.java:580)
	at javafx.base@21.0.1/com.sun.javafx.reflect.MethodUtil.invoke(MethodUtil.java:270)
	at javafx.fxml@21.0.1/com.sun.javafx.fxml.MethodHelper.invoke(MethodHelper.java:84)
	at javafx.fxml@21.0.1/javafx.fxml.FXMLLoader$MethodHandler.invoke(FXMLLoader.java:1855)
	at javafx.fxml@21.0.1/javafx.fxml.FXMLLoader$ControllerMethodEventHandler.handle(FXMLLoader.java:1726)
	at javafx.base@21.0.1/com.sun.javafx.event.CompositeEventHandler.dispatchBubblingEvent(CompositeEventHandler.java:86)
	at javafx.base@21.0.1/com.sun.javafx.event.EventHandlerManager.dispatchBubblingEvent(EventHandlerManager.java:232)
	at javafx.base@21.0.1/com.sun.javafx.event.EventHandlerManager.dispatchBubblingEvent(EventHandlerManager.java:189)
	at javafx.base@21.0.1/com.sun.javafx.event.CompositeEventDispatcher.dispatchBubblingEvent(CompositeEventDispatcher.java:59)
	at javafx.base@21.0.1/com.sun.javafx.event.BasicEventDispatcher.dispatchEvent(BasicEventDispatcher.java:58)
	at javafx.base@21.0.1/com.sun.javafx.event.EventDispatchChainImpl.dispatchEvent(EventDispatchChainImpl.java:114)
	at javafx.base@21.0.1/com.sun.javafx.event.BasicEventDispatcher.dispatchEvent(BasicEventDispatcher.java:56)
	at javafx.base@21.0.1/com.sun.javafx.event.EventDispatchChainImpl.dispatchEvent(EventDispatchChainImpl.java:114)
	at javafx.base@21.0.1/com.sun.javafx.event.BasicEventDispatcher.dispatchEvent(BasicEventDispatcher.java:56)
	at javafx.base@21.0.1/com.sun.javafx.event.EventDispatchChainImpl.dispatchEvent(EventDispatchChainImpl.java:114)
	at javafx.base@21.0.1/com.sun.javafx.event.EventUtil.fireEventImpl(EventUtil.java:74)
	at javafx.base@21.0.1/com.sun.javafx.event.EventUtil.fireEvent(EventUtil.java:49)
	at javafx.base@21.0.1/javafx.event.Event.fireEvent(Event.java:198)
	at javafx.graphics@21.0.1/javafx.scene.Node.fireEvent(Node.java:8875)
	at javafx.controls@21.0.1/javafx.scene.control.Button.fire(Button.java:203)
	at javafx.controls@21.0.1/com.sun.javafx.scene.control.behavior.ButtonBehavior.mouseReleased(ButtonBehavior.java:207)
	at javafx.controls@21.0.1/com.sun.javafx.scene.control.inputmap.InputMap.handle(InputMap.java:274)
	at javafx.base@21.0.1/com.sun.javafx.event.CompositeEventHandler$NormalEventHandlerRecord.handleBubblingEvent(CompositeEventHandler.java:247)
	at javafx.base@21.0.1/com.sun.javafx.event.CompositeEventHandler.dispatchBubblingEvent(CompositeEventHandler.java:80)
	at javafx.base@21.0.1/com.sun.javafx.event.EventHandlerManager.dispatchBubblingEvent(EventHandlerManager.java:232)
	at javafx.base@21.0.1/com.sun.javafx.event.EventHandlerManager.dispatchBubblingEvent(EventHandlerManager.java:189)
	at javafx.base@21.0.1/com.sun.javafx.event.CompositeEventDispatcher.dispatchBubblingEvent(CompositeEventDispatcher.java:59)
	at javafx.base@21.0.1/com.sun.javafx.event.BasicEventDispatcher.dispatchEvent(BasicEventDispatcher.java:58)
	at javafx.base@21.0.1/com.sun.javafx.event.EventDispatchChainImpl.dispatchEvent(EventDispatchChainImpl.java:114)
	at javafx.base@21.0.1/com.sun.javafx.event.BasicEventDispatcher.dispatchEvent(BasicEventDispatcher.java:56)
	at javafx.base@21.0.1/com.sun.javafx.event.EventDispatchChainImpl.dispatchEvent(EventDispatchChainImpl.java:114)
	at javafx.base@21.0.1/com.sun.javafx.event.BasicEventDispatcher.dispatchEvent(BasicEventDispatcher.java:56)
	at javafx.base@21.0.1/com.sun.javafx.event.EventDispatchChainImpl.dispatchEvent(EventDispatchChainImpl.java:114)
	at javafx.base@21.0.1/com.sun.javafx.event.EventUtil.fireEventImpl(EventUtil.java:74)
	at javafx.base@21.0.1/com.sun.javafx.event.EventUtil.fireEvent(EventUtil.java:54)
	at javafx.base@21.0.1/javafx.event.Event.fireEvent(Event.java:198)
	at javafx.graphics@21.0.1/javafx.scene.Scene$MouseHandler.process(Scene.java:3984)
	at javafx.graphics@21.0.1/javafx.scene.Scene.processMouseEvent(Scene.java:1890)
	at javafx.graphics@21.0.1/javafx.scene.Scene$ScenePeerListener.mouseEvent(Scene.java:2708)
	at javafx.graphics@21.0.1/com.sun.javafx.tk.quantum.GlassViewEventHandler$MouseEventNotification.run(GlassViewEventHandler.java:411)
	at javafx.graphics@21.0.1/com.sun.javafx.tk.quantum.GlassViewEventHandler$MouseEventNotification.run(GlassViewEventHandler.java:301)
	at java.base/java.security.AccessController.doPrivileged(AccessController.java:400)
	at javafx.graphics@21.0.1/com.sun.javafx.tk.quantum.GlassViewEventHandler.lambda$handleMouseEvent$2(GlassViewEventHandler.java:450)
	at javafx.graphics@21.0.1/com.sun.javafx.tk.quantum.QuantumToolkit.runWithoutRenderLock(QuantumToolkit.java:424)
	at javafx.graphics@21.0.1/com.sun.javafx.tk.quantum.GlassViewEventHandler.handleMouseEvent(GlassViewEventHandler.java:449)
	at javafx.graphics@21.0.1/com.sun.glass.ui.View.handleMouseEvent(View.java:551)
	at javafx.graphics@21.0.1/com.sun.glass.ui.View.notifyMouse(View.java:937)
	at javafx.graphics@21.0.1/com.sun.glass.ui.win.WinApplication._runLoop(Native Method)
	at javafx.graphics@21.0.1/com.sun.glass.ui.win.WinApplication.lambda$runLoop$3(WinApplication.java:185)
	at java.base/java.lang.Thread.run(Thread.java:1583)
2025-10-05 19:37:17 [JavaFX Application Thread] INFO  p.c.app.dao.impl.UsuarioDAOImpl - Usuario autenticado exitosamente: 11111111
2025-10-05 19:37:17 [JavaFX Application Thread] INFO  p.c.a.service.AuthenticationService - Usuario autenticado exitosamente: 11111111 - CLIENTE
2025-10-05 19:37:17 [JavaFX Application Thread] INFO  p.c.app.view.LoginController - Usuario autenticado exitosamente: 11111111
2025-10-05 19:37:18 [JavaFX Application Thread] ERROR p.c.app.dao.impl.PrestamoDAOImpl - Error al buscar préstamos por cliente y estado: 11111111, ACTIVO
java.sql.SQLException: Column 'cliente_nombre' not found.
	at com.mysql.cj.jdbc.exceptions.SQLError.createSQLException(SQLError.java:130)
	at com.mysql.cj.jdbc.exceptions.SQLError.createSQLException(SQLError.java:98)
	at com.mysql.cj.jdbc.exceptions.SQLError.createSQLException(SQLError.java:90)
	at com.mysql.cj.jdbc.exceptions.SQLError.createSQLException(SQLError.java:64)
	at com.mysql.cj.jdbc.result.ResultSetImpl.findColumn(ResultSetImpl.java:584)
	at com.mysql.cj.jdbc.result.ResultSetImpl.getString(ResultSetImpl.java:896)
	at com.zaxxer.hikari.pool.HikariProxyResultSet.getString(HikariProxyResultSet.java)
	at pe.crediactiva.app.dao.impl.PrestamoDAOImpl.mapResultSetToPrestamo(PrestamoDAOImpl.java:522)
	at pe.crediactiva.app.dao.impl.PrestamoDAOImpl.findByClienteAndEstado(PrestamoDAOImpl.java:475)
	at pe.crediactiva.app.service.PrestamoService.obtenerPrestamosActivosPorCliente(PrestamoService.java:399)
	at pe.crediactiva.app.view.cliente.ClienteMainController.cargarEstadisticasResumen(ClienteMainController.java:192)
	at pe.crediactiva.app.view.cliente.ClienteMainController.initialize(ClienteMainController.java:141)
	at java.base/jdk.internal.reflect.DirectMethodHandleAccessor.invoke(DirectMethodHandleAccessor.java:103)
	at java.base/java.lang.reflect.Method.invoke(Method.java:580)
	at com.sun.javafx.reflect.Trampoline.invoke(MethodUtil.java:72)
	at java.base/jdk.internal.reflect.DirectMethodHandleAccessor.invoke(DirectMethodHandleAccessor.java:103)
	at java.base/java.lang.reflect.Method.invoke(Method.java:580)
	at javafx.base@21.0.1/com.sun.javafx.reflect.MethodUtil.invoke(MethodUtil.java:270)
	at javafx.fxml@21.0.1/com.sun.javafx.fxml.MethodHelper.invoke(MethodHelper.java:84)
	at javafx.fxml@21.0.1/javafx.fxml.FXMLLoader.loadImpl(FXMLLoader.java:2688)
	at javafx.fxml@21.0.1/javafx.fxml.FXMLLoader.loadImpl(FXMLLoader.java:2563)
	at javafx.fxml@21.0.1/javafx.fxml.FXMLLoader.load(FXMLLoader.java:2531)
	at pe.crediactiva.app.view.LoginController.redirectToMainScreen(LoginController.java:137)
	at pe.crediactiva.app.view.LoginController.handleLogin(LoginController.java:96)
	at java.base/jdk.internal.reflect.DirectMethodHandleAccessor.invoke(DirectMethodHandleAccessor.java:103)
	at java.base/java.lang.reflect.Method.invoke(Method.java:580)
	at com.sun.javafx.reflect.Trampoline.invoke(MethodUtil.java:72)
	at java.base/jdk.internal.reflect.DirectMethodHandleAccessor.invoke(DirectMethodHandleAccessor.java:103)
	at java.base/java.lang.reflect.Method.invoke(Method.java:580)
	at javafx.base@21.0.1/com.sun.javafx.reflect.MethodUtil.invoke(MethodUtil.java:270)
	at javafx.fxml@21.0.1/com.sun.javafx.fxml.MethodHelper.invoke(MethodHelper.java:84)
	at javafx.fxml@21.0.1/javafx.fxml.FXMLLoader$MethodHandler.invoke(FXMLLoader.java:1855)
	at javafx.fxml@21.0.1/javafx.fxml.FXMLLoader$ControllerMethodEventHandler.handle(FXMLLoader.java:1726)
	at javafx.base@21.0.1/com.sun.javafx.event.CompositeEventHandler.dispatchBubblingEvent(CompositeEventHandler.java:86)
	at javafx.base@21.0.1/com.sun.javafx.event.EventHandlerManager.dispatchBubblingEvent(EventHandlerManager.java:232)
	at javafx.base@21.0.1/com.sun.javafx.event.EventHandlerManager.dispatchBubblingEvent(EventHandlerManager.java:189)
	at javafx.base@21.0.1/com.sun.javafx.event.CompositeEventDispatcher.dispatchBubblingEvent(CompositeEventDispatcher.java:59)
	at javafx.base@21.0.1/com.sun.javafx.event.BasicEventDispatcher.dispatchEvent(BasicEventDispatcher.java:58)
	at javafx.base@21.0.1/com.sun.javafx.event.EventDispatchChainImpl.dispatchEvent(EventDispatchChainImpl.java:114)
	at javafx.base@21.0.1/com.sun.javafx.event.BasicEventDispatcher.dispatchEvent(BasicEventDispatcher.java:56)
	at javafx.base@21.0.1/com.sun.javafx.event.EventDispatchChainImpl.dispatchEvent(EventDispatchChainImpl.java:114)
	at javafx.base@21.0.1/com.sun.javafx.event.BasicEventDispatcher.dispatchEvent(BasicEventDispatcher.java:56)
	at javafx.base@21.0.1/com.sun.javafx.event.EventDispatchChainImpl.dispatchEvent(EventDispatchChainImpl.java:114)
	at javafx.base@21.0.1/com.sun.javafx.event.EventUtil.fireEventImpl(EventUtil.java:74)
	at javafx.base@21.0.1/com.sun.javafx.event.EventUtil.fireEvent(EventUtil.java:49)
	at javafx.base@21.0.1/javafx.event.Event.fireEvent(Event.java:198)
	at javafx.graphics@21.0.1/javafx.scene.Node.fireEvent(Node.java:8875)
	at javafx.controls@21.0.1/javafx.scene.control.Button.fire(Button.java:203)
	at javafx.controls@21.0.1/com.sun.javafx.scene.control.behavior.ButtonBehavior.mouseReleased(ButtonBehavior.java:207)
	at javafx.controls@21.0.1/com.sun.javafx.scene.control.inputmap.InputMap.handle(InputMap.java:274)
	at javafx.base@21.0.1/com.sun.javafx.event.CompositeEventHandler$NormalEventHandlerRecord.handleBubblingEvent(CompositeEventHandler.java:247)
	at javafx.base@21.0.1/com.sun.javafx.event.CompositeEventHandler.dispatchBubblingEvent(CompositeEventHandler.java:80)
	at javafx.base@21.0.1/com.sun.javafx.event.EventHandlerManager.dispatchBubblingEvent(EventHandlerManager.java:232)
	at javafx.base@21.0.1/com.sun.javafx.event.EventHandlerManager.dispatchBubblingEvent(EventHandlerManager.java:189)
	at javafx.base@21.0.1/com.sun.javafx.event.CompositeEventDispatcher.dispatchBubblingEvent(CompositeEventDispatcher.java:59)
	at javafx.base@21.0.1/com.sun.javafx.event.BasicEventDispatcher.dispatchEvent(BasicEventDispatcher.java:58)
	at javafx.base@21.0.1/com.sun.javafx.event.EventDispatchChainImpl.dispatchEvent(EventDispatchChainImpl.java:114)
	at javafx.base@21.0.1/com.sun.javafx.event.BasicEventDispatcher.dispatchEvent(BasicEventDispatcher.java:56)
	at javafx.base@21.0.1/com.sun.javafx.event.EventDispatchChainImpl.dispatchEvent(EventDispatchChainImpl.java:114)
	at javafx.base@21.0.1/com.sun.javafx.event.BasicEventDispatcher.dispatchEvent(BasicEventDispatcher.java:56)
	at javafx.base@21.0.1/com.sun.javafx.event.EventDispatchChainImpl.dispatchEvent(EventDispatchChainImpl.java:114)
	at javafx.base@21.0.1/com.sun.javafx.event.EventUtil.fireEventImpl(EventUtil.java:74)
	at javafx.base@21.0.1/com.sun.javafx.event.EventUtil.fireEvent(EventUtil.java:54)
	at javafx.base@21.0.1/javafx.event.Event.fireEvent(Event.java:198)
	at javafx.graphics@21.0.1/javafx.scene.Scene$MouseHandler.process(Scene.java:3984)
	at javafx.graphics@21.0.1/javafx.scene.Scene.processMouseEvent(Scene.java:1890)
	at javafx.graphics@21.0.1/javafx.scene.Scene$ScenePeerListener.mouseEvent(Scene.java:2708)
	at javafx.graphics@21.0.1/com.sun.javafx.tk.quantum.GlassViewEventHandler$MouseEventNotification.run(GlassViewEventHandler.java:411)
	at javafx.graphics@21.0.1/com.sun.javafx.tk.quantum.GlassViewEventHandler$MouseEventNotification.run(GlassViewEventHandler.java:301)
	at java.base/java.security.AccessController.doPrivileged(AccessController.java:400)
	at javafx.graphics@21.0.1/com.sun.javafx.tk.quantum.GlassViewEventHandler.lambda$handleMouseEvent$2(GlassViewEventHandler.java:450)
	at javafx.graphics@21.0.1/com.sun.javafx.tk.quantum.QuantumToolkit.runWithoutRenderLock(QuantumToolkit.java:424)
	at javafx.graphics@21.0.1/com.sun.javafx.tk.quantum.GlassViewEventHandler.handleMouseEvent(GlassViewEventHandler.java:449)
	at javafx.graphics@21.0.1/com.sun.glass.ui.View.handleMouseEvent(View.java:551)
	at javafx.graphics@21.0.1/com.sun.glass.ui.View.notifyMouse(View.java:937)
	at javafx.graphics@21.0.1/com.sun.glass.ui.win.WinApplication._runLoop(Native Method)
	at javafx.graphics@21.0.1/com.sun.glass.ui.win.WinApplication.lambda$runLoop$3(WinApplication.java:185)
	at java.base/java.lang.Thread.run(Thread.java:1583)
2025-10-05 19:37:18 [JavaFX Application Thread] ERROR p.c.app.view.LoginController - Error durante la autenticación
java.lang.NullPointerException: Cannot invoke "javafx.stage.Stage.setTitle(String)" because "this.primaryStage" is null
	at pe.crediactiva.app.view.LoginController.redirectToMainScreen(LoginController.java:153)
	at pe.crediactiva.app.view.LoginController.handleLogin(LoginController.java:96)
	at java.base/jdk.internal.reflect.DirectMethodHandleAccessor.invoke(DirectMethodHandleAccessor.java:103)
	at java.base/java.lang.reflect.Method.invoke(Method.java:580)
	at com.sun.javafx.reflect.Trampoline.invoke(MethodUtil.java:72)
	at java.base/jdk.internal.reflect.DirectMethodHandleAccessor.invoke(DirectMethodHandleAccessor.java:103)
	at java.base/java.lang.reflect.Method.invoke(Method.java:580)
	at javafx.base@21.0.1/com.sun.javafx.reflect.MethodUtil.invoke(MethodUtil.java:270)
	at javafx.fxml@21.0.1/com.sun.javafx.fxml.MethodHelper.invoke(MethodHelper.java:84)
	at javafx.fxml@21.0.1/javafx.fxml.FXMLLoader$MethodHandler.invoke(FXMLLoader.java:1855)
	at javafx.fxml@21.0.1/javafx.fxml.FXMLLoader$ControllerMethodEventHandler.handle(FXMLLoader.java:1726)
	at javafx.base@21.0.1/com.sun.javafx.event.CompositeEventHandler.dispatchBubblingEvent(CompositeEventHandler.java:86)
	at javafx.base@21.0.1/com.sun.javafx.event.EventHandlerManager.dispatchBubblingEvent(EventHandlerManager.java:232)
	at javafx.base@21.0.1/com.sun.javafx.event.EventHandlerManager.dispatchBubblingEvent(EventHandlerManager.java:189)
	at javafx.base@21.0.1/com.sun.javafx.event.CompositeEventDispatcher.dispatchBubblingEvent(CompositeEventDispatcher.java:59)
	at javafx.base@21.0.1/com.sun.javafx.event.BasicEventDispatcher.dispatchEvent(BasicEventDispatcher.java:58)
	at javafx.base@21.0.1/com.sun.javafx.event.EventDispatchChainImpl.dispatchEvent(EventDispatchChainImpl.java:114)
	at javafx.base@21.0.1/com.sun.javafx.event.BasicEventDispatcher.dispatchEvent(BasicEventDispatcher.java:56)
	at javafx.base@21.0.1/com.sun.javafx.event.EventDispatchChainImpl.dispatchEvent(EventDispatchChainImpl.java:114)
	at javafx.base@21.0.1/com.sun.javafx.event.BasicEventDispatcher.dispatchEvent(BasicEventDispatcher.java:56)
	at javafx.base@21.0.1/com.sun.javafx.event.EventDispatchChainImpl.dispatchEvent(EventDispatchChainImpl.java:114)
	at javafx.base@21.0.1/com.sun.javafx.event.EventUtil.fireEventImpl(EventUtil.java:74)
	at javafx.base@21.0.1/com.sun.javafx.event.EventUtil.fireEvent(EventUtil.java:49)
	at javafx.base@21.0.1/javafx.event.Event.fireEvent(Event.java:198)
	at javafx.graphics@21.0.1/javafx.scene.Node.fireEvent(Node.java:8875)
	at javafx.controls@21.0.1/javafx.scene.control.Button.fire(Button.java:203)
	at javafx.controls@21.0.1/com.sun.javafx.scene.control.behavior.ButtonBehavior.mouseReleased(ButtonBehavior.java:207)
	at javafx.controls@21.0.1/com.sun.javafx.scene.control.inputmap.InputMap.handle(InputMap.java:274)
	at javafx.base@21.0.1/com.sun.javafx.event.CompositeEventHandler$NormalEventHandlerRecord.handleBubblingEvent(CompositeEventHandler.java:247)
	at javafx.base@21.0.1/com.sun.javafx.event.CompositeEventHandler.dispatchBubblingEvent(CompositeEventHandler.java:80)
	at javafx.base@21.0.1/com.sun.javafx.event.EventHandlerManager.dispatchBubblingEvent(EventHandlerManager.java:232)
	at javafx.base@21.0.1/com.sun.javafx.event.EventHandlerManager.dispatchBubblingEvent(EventHandlerManager.java:189)
	at javafx.base@21.0.1/com.sun.javafx.event.CompositeEventDispatcher.dispatchBubblingEvent(CompositeEventDispatcher.java:59)
	at javafx.base@21.0.1/com.sun.javafx.event.BasicEventDispatcher.dispatchEvent(BasicEventDispatcher.java:58)
	at javafx.base@21.0.1/com.sun.javafx.event.EventDispatchChainImpl.dispatchEvent(EventDispatchChainImpl.java:114)
	at javafx.base@21.0.1/com.sun.javafx.event.BasicEventDispatcher.dispatchEvent(BasicEventDispatcher.java:56)
	at javafx.base@21.0.1/com.sun.javafx.event.EventDispatchChainImpl.dispatchEvent(EventDispatchChainImpl.java:114)
	at javafx.base@21.0.1/com.sun.javafx.event.BasicEventDispatcher.dispatchEvent(BasicEventDispatcher.java:56)
	at javafx.base@21.0.1/com.sun.javafx.event.EventDispatchChainImpl.dispatchEvent(EventDispatchChainImpl.java:114)
	at javafx.base@21.0.1/com.sun.javafx.event.EventUtil.fireEventImpl(EventUtil.java:74)
	at javafx.base@21.0.1/com.sun.javafx.event.EventUtil.fireEvent(EventUtil.java:54)
	at javafx.base@21.0.1/javafx.event.Event.fireEvent(Event.java:198)
	at javafx.graphics@21.0.1/javafx.scene.Scene$MouseHandler.process(Scene.java:3984)
	at javafx.graphics@21.0.1/javafx.scene.Scene.processMouseEvent(Scene.java:1890)
	at javafx.graphics@21.0.1/javafx.scene.Scene$ScenePeerListener.mouseEvent(Scene.java:2708)
	at javafx.graphics@21.0.1/com.sun.javafx.tk.quantum.GlassViewEventHandler$MouseEventNotification.run(GlassViewEventHandler.java:411)
	at javafx.graphics@21.0.1/com.sun.javafx.tk.quantum.GlassViewEventHandler$MouseEventNotification.run(GlassViewEventHandler.java:301)
	at java.base/java.security.AccessController.doPrivileged(AccessController.java:400)
	at javafx.graphics@21.0.1/com.sun.javafx.tk.quantum.GlassViewEventHandler.lambda$handleMouseEvent$2(GlassViewEventHandler.java:450)
	at javafx.graphics@21.0.1/com.sun.javafx.tk.quantum.QuantumToolkit.runWithoutRenderLock(QuantumToolkit.java:424)
	at javafx.graphics@21.0.1/com.sun.javafx.tk.quantum.GlassViewEventHandler.handleMouseEvent(GlassViewEventHandler.java:449)
	at javafx.graphics@21.0.1/com.sun.glass.ui.View.handleMouseEvent(View.java:551)
	at javafx.graphics@21.0.1/com.sun.glass.ui.View.notifyMouse(View.java:937)
	at javafx.graphics@21.0.1/com.sun.glass.ui.win.WinApplication._runLoop(Native Method)
	at javafx.graphics@21.0.1/com.sun.glass.ui.win.WinApplication.lambda$runLoop$3(WinApplication.java:185)
	at java.base/java.lang.Thread.run(Thread.java:1583)
2025-10-05 19:37:20 [JavaFX Application Thread] INFO  p.c.app.config.DatabaseConfig - Pool de conexiones cerrado correctamente
2025-10-05 19:37:20 [JavaFX Application Thread] INFO  pe.crediactiva.app.Main - Aplicación CrediActiva cerrada
2025-10-05 19:37:35 [main] INFO  pe.crediactiva.app.Main - Iniciando aplicación CrediActiva Desktop v1.0.0
2025-10-05 19:37:35 [JavaFX Application Thread] INFO  pe.crediactiva.app.Main - Icono no encontrado, continuando sin icono
2025-10-05 19:37:35 [JavaFX Application Thread] INFO  p.c.app.config.DatabaseConfig - Propiedades de base de datos cargadas correctamente
2025-10-05 19:37:36 [JavaFX Application Thread] INFO  p.c.app.config.DatabaseConfig - Pool de conexiones HikariCP inicializado correctamente
2025-10-05 19:37:36 [JavaFX Application Thread] INFO  pe.crediactiva.app.Main - Aplicación CrediActiva iniciada correctamente
2025-10-05 19:37:49 [JavaFX Application Thread] INFO  p.c.app.dao.impl.UsuarioDAOImpl - Usuario autenticado exitosamente: 12345678
2025-10-05 19:37:49 [JavaFX Application Thread] INFO  p.c.a.service.AuthenticationService - Usuario autenticado exitosamente: 12345678 - ASESOR
2025-10-05 19:37:49 [JavaFX Application Thread] INFO  p.c.app.view.LoginController - Usuario autenticado exitosamente: 12345678
2025-10-05 19:37:49 [JavaFX Application Thread] ERROR p.c.app.service.RecaudacionService - Error al calcular recaudación mensual para asesor: null
java.lang.NullPointerException: Cannot invoke "java.lang.Long.longValue()" because "idAsesor" is null
	at pe.crediactiva.app.dao.impl.RecaudacionAsesorDAOImpl.findByAsesor(RecaudacionAsesorDAOImpl.java:157)
	at pe.crediactiva.app.service.RecaudacionService.obtenerRecaudacionMensualPorAsesor(RecaudacionService.java:112)
	at pe.crediactiva.app.service.RecaudacionService.obtenerRecaudacionDelDia(RecaudacionService.java:268)
	at pe.crediactiva.app.view.asesor.AsesorMainController.cargarEstadisticasDashboard(AsesorMainController.java:135)
	at pe.crediactiva.app.view.asesor.AsesorMainController.initialize(AsesorMainController.java:110)
	at java.base/jdk.internal.reflect.DirectMethodHandleAccessor.invoke(DirectMethodHandleAccessor.java:103)
	at java.base/java.lang.reflect.Method.invoke(Method.java:580)
	at com.sun.javafx.reflect.Trampoline.invoke(MethodUtil.java:72)
	at java.base/jdk.internal.reflect.DirectMethodHandleAccessor.invoke(DirectMethodHandleAccessor.java:103)
	at java.base/java.lang.reflect.Method.invoke(Method.java:580)
	at javafx.base@21.0.1/com.sun.javafx.reflect.MethodUtil.invoke(MethodUtil.java:270)
	at javafx.fxml@21.0.1/com.sun.javafx.fxml.MethodHelper.invoke(MethodHelper.java:84)
	at javafx.fxml@21.0.1/javafx.fxml.FXMLLoader.loadImpl(FXMLLoader.java:2688)
	at javafx.fxml@21.0.1/javafx.fxml.FXMLLoader.loadImpl(FXMLLoader.java:2563)
	at javafx.fxml@21.0.1/javafx.fxml.FXMLLoader.load(FXMLLoader.java:2531)
	at pe.crediactiva.app.view.LoginController.redirectToMainScreen(LoginController.java:137)
	at pe.crediactiva.app.view.LoginController.handleLogin(LoginController.java:96)
	at java.base/jdk.internal.reflect.DirectMethodHandleAccessor.invoke(DirectMethodHandleAccessor.java:103)
	at java.base/java.lang.reflect.Method.invoke(Method.java:580)
	at com.sun.javafx.reflect.Trampoline.invoke(MethodUtil.java:72)
	at java.base/jdk.internal.reflect.DirectMethodHandleAccessor.invoke(DirectMethodHandleAccessor.java:103)
	at java.base/java.lang.reflect.Method.invoke(Method.java:580)
	at javafx.base@21.0.1/com.sun.javafx.reflect.MethodUtil.invoke(MethodUtil.java:270)
	at javafx.fxml@21.0.1/com.sun.javafx.fxml.MethodHelper.invoke(MethodHelper.java:84)
	at javafx.fxml@21.0.1/javafx.fxml.FXMLLoader$MethodHandler.invoke(FXMLLoader.java:1855)
	at javafx.fxml@21.0.1/javafx.fxml.FXMLLoader$ControllerMethodEventHandler.handle(FXMLLoader.java:1726)
	at javafx.base@21.0.1/com.sun.javafx.event.CompositeEventHandler.dispatchBubblingEvent(CompositeEventHandler.java:86)
	at javafx.base@21.0.1/com.sun.javafx.event.EventHandlerManager.dispatchBubblingEvent(EventHandlerManager.java:232)
	at javafx.base@21.0.1/com.sun.javafx.event.EventHandlerManager.dispatchBubblingEvent(EventHandlerManager.java:189)
	at javafx.base@21.0.1/com.sun.javafx.event.CompositeEventDispatcher.dispatchBubblingEvent(CompositeEventDispatcher.java:59)
	at javafx.base@21.0.1/com.sun.javafx.event.BasicEventDispatcher.dispatchEvent(BasicEventDispatcher.java:58)
	at javafx.base@21.0.1/com.sun.javafx.event.EventDispatchChainImpl.dispatchEvent(EventDispatchChainImpl.java:114)
	at javafx.base@21.0.1/com.sun.javafx.event.BasicEventDispatcher.dispatchEvent(BasicEventDispatcher.java:56)
	at javafx.base@21.0.1/com.sun.javafx.event.EventDispatchChainImpl.dispatchEvent(EventDispatchChainImpl.java:114)
	at javafx.base@21.0.1/com.sun.javafx.event.BasicEventDispatcher.dispatchEvent(BasicEventDispatcher.java:56)
	at javafx.base@21.0.1/com.sun.javafx.event.EventDispatchChainImpl.dispatchEvent(EventDispatchChainImpl.java:114)
	at javafx.base@21.0.1/com.sun.javafx.event.EventUtil.fireEventImpl(EventUtil.java:74)
	at javafx.base@21.0.1/com.sun.javafx.event.EventUtil.fireEvent(EventUtil.java:49)
	at javafx.base@21.0.1/javafx.event.Event.fireEvent(Event.java:198)
	at javafx.graphics@21.0.1/javafx.scene.Node.fireEvent(Node.java:8875)
	at javafx.controls@21.0.1/javafx.scene.control.Button.fire(Button.java:203)
	at javafx.controls@21.0.1/com.sun.javafx.scene.control.behavior.ButtonBehavior.mouseReleased(ButtonBehavior.java:207)
	at javafx.controls@21.0.1/com.sun.javafx.scene.control.inputmap.InputMap.handle(InputMap.java:274)
	at javafx.base@21.0.1/com.sun.javafx.event.CompositeEventHandler$NormalEventHandlerRecord.handleBubblingEvent(CompositeEventHandler.java:247)
	at javafx.base@21.0.1/com.sun.javafx.event.CompositeEventHandler.dispatchBubblingEvent(CompositeEventHandler.java:80)
	at javafx.base@21.0.1/com.sun.javafx.event.EventHandlerManager.dispatchBubblingEvent(EventHandlerManager.java:232)
	at javafx.base@21.0.1/com.sun.javafx.event.EventHandlerManager.dispatchBubblingEvent(EventHandlerManager.java:189)
	at javafx.base@21.0.1/com.sun.javafx.event.CompositeEventDispatcher.dispatchBubblingEvent(CompositeEventDispatcher.java:59)
	at javafx.base@21.0.1/com.sun.javafx.event.BasicEventDispatcher.dispatchEvent(BasicEventDispatcher.java:58)
	at javafx.base@21.0.1/com.sun.javafx.event.EventDispatchChainImpl.dispatchEvent(EventDispatchChainImpl.java:114)
	at javafx.base@21.0.1/com.sun.javafx.event.BasicEventDispatcher.dispatchEvent(BasicEventDispatcher.java:56)
	at javafx.base@21.0.1/com.sun.javafx.event.EventDispatchChainImpl.dispatchEvent(EventDispatchChainImpl.java:114)
	at javafx.base@21.0.1/com.sun.javafx.event.BasicEventDispatcher.dispatchEvent(BasicEventDispatcher.java:56)
	at javafx.base@21.0.1/com.sun.javafx.event.EventDispatchChainImpl.dispatchEvent(EventDispatchChainImpl.java:114)
	at javafx.base@21.0.1/com.sun.javafx.event.EventUtil.fireEventImpl(EventUtil.java:74)
	at javafx.base@21.0.1/com.sun.javafx.event.EventUtil.fireEvent(EventUtil.java:54)
	at javafx.base@21.0.1/javafx.event.Event.fireEvent(Event.java:198)
	at javafx.graphics@21.0.1/javafx.scene.Scene$MouseHandler.process(Scene.java:3984)
	at javafx.graphics@21.0.1/javafx.scene.Scene.processMouseEvent(Scene.java:1890)
	at javafx.graphics@21.0.1/javafx.scene.Scene$ScenePeerListener.mouseEvent(Scene.java:2708)
	at javafx.graphics@21.0.1/com.sun.javafx.tk.quantum.GlassViewEventHandler$MouseEventNotification.run(GlassViewEventHandler.java:411)
	at javafx.graphics@21.0.1/com.sun.javafx.tk.quantum.GlassViewEventHandler$MouseEventNotification.run(GlassViewEventHandler.java:301)
	at java.base/java.security.AccessController.doPrivileged(AccessController.java:400)
	at javafx.graphics@21.0.1/com.sun.javafx.tk.quantum.GlassViewEventHandler.lambda$handleMouseEvent$2(GlassViewEventHandler.java:450)
	at javafx.graphics@21.0.1/com.sun.javafx.tk.quantum.QuantumToolkit.runWithoutRenderLock(QuantumToolkit.java:424)
	at javafx.graphics@21.0.1/com.sun.javafx.tk.quantum.GlassViewEventHandler.handleMouseEvent(GlassViewEventHandler.java:449)
	at javafx.graphics@21.0.1/com.sun.glass.ui.View.handleMouseEvent(View.java:551)
	at javafx.graphics@21.0.1/com.sun.glass.ui.View.notifyMouse(View.java:937)
	at javafx.graphics@21.0.1/com.sun.glass.ui.win.WinApplication._runLoop(Native Method)
	at javafx.graphics@21.0.1/com.sun.glass.ui.win.WinApplication.lambda$runLoop$3(WinApplication.java:185)
	at java.base/java.lang.Thread.run(Thread.java:1583)
2025-10-05 19:37:49 [JavaFX Application Thread] ERROR p.c.app.service.RecaudacionService - Error al calcular recaudación mensual para asesor: null
java.lang.NullPointerException: Cannot invoke "java.lang.Long.longValue()" because "idAsesor" is null
	at pe.crediactiva.app.dao.impl.RecaudacionAsesorDAOImpl.findByAsesor(RecaudacionAsesorDAOImpl.java:157)
	at pe.crediactiva.app.service.RecaudacionService.obtenerRecaudacionMensualPorAsesor(RecaudacionService.java:112)
	at pe.crediactiva.app.service.RecaudacionService.obtenerRecaudacionDelMes(RecaudacionService.java:275)
	at pe.crediactiva.app.view.asesor.AsesorMainController.cargarEstadisticasDashboard(AsesorMainController.java:139)
	at pe.crediactiva.app.view.asesor.AsesorMainController.initialize(AsesorMainController.java:110)
	at java.base/jdk.internal.reflect.DirectMethodHandleAccessor.invoke(DirectMethodHandleAccessor.java:103)
	at java.base/java.lang.reflect.Method.invoke(Method.java:580)
	at com.sun.javafx.reflect.Trampoline.invoke(MethodUtil.java:72)
	at java.base/jdk.internal.reflect.DirectMethodHandleAccessor.invoke(DirectMethodHandleAccessor.java:103)
	at java.base/java.lang.reflect.Method.invoke(Method.java:580)
	at javafx.base@21.0.1/com.sun.javafx.reflect.MethodUtil.invoke(MethodUtil.java:270)
	at javafx.fxml@21.0.1/com.sun.javafx.fxml.MethodHelper.invoke(MethodHelper.java:84)
	at javafx.fxml@21.0.1/javafx.fxml.FXMLLoader.loadImpl(FXMLLoader.java:2688)
	at javafx.fxml@21.0.1/javafx.fxml.FXMLLoader.loadImpl(FXMLLoader.java:2563)
	at javafx.fxml@21.0.1/javafx.fxml.FXMLLoader.load(FXMLLoader.java:2531)
	at pe.crediactiva.app.view.LoginController.redirectToMainScreen(LoginController.java:137)
	at pe.crediactiva.app.view.LoginController.handleLogin(LoginController.java:96)
	at java.base/jdk.internal.reflect.DirectMethodHandleAccessor.invoke(DirectMethodHandleAccessor.java:103)
	at java.base/java.lang.reflect.Method.invoke(Method.java:580)
	at com.sun.javafx.reflect.Trampoline.invoke(MethodUtil.java:72)
	at java.base/jdk.internal.reflect.DirectMethodHandleAccessor.invoke(DirectMethodHandleAccessor.java:103)
	at java.base/java.lang.reflect.Method.invoke(Method.java:580)
	at javafx.base@21.0.1/com.sun.javafx.reflect.MethodUtil.invoke(MethodUtil.java:270)
	at javafx.fxml@21.0.1/com.sun.javafx.fxml.MethodHelper.invoke(MethodHelper.java:84)
	at javafx.fxml@21.0.1/javafx.fxml.FXMLLoader$MethodHandler.invoke(FXMLLoader.java:1855)
	at javafx.fxml@21.0.1/javafx.fxml.FXMLLoader$ControllerMethodEventHandler.handle(FXMLLoader.java:1726)
	at javafx.base@21.0.1/com.sun.javafx.event.CompositeEventHandler.dispatchBubblingEvent(CompositeEventHandler.java:86)
	at javafx.base@21.0.1/com.sun.javafx.event.EventHandlerManager.dispatchBubblingEvent(EventHandlerManager.java:232)
	at javafx.base@21.0.1/com.sun.javafx.event.EventHandlerManager.dispatchBubblingEvent(EventHandlerManager.java:189)
	at javafx.base@21.0.1/com.sun.javafx.event.CompositeEventDispatcher.dispatchBubblingEvent(CompositeEventDispatcher.java:59)
	at javafx.base@21.0.1/com.sun.javafx.event.BasicEventDispatcher.dispatchEvent(BasicEventDispatcher.java:58)
	at javafx.base@21.0.1/com.sun.javafx.event.EventDispatchChainImpl.dispatchEvent(EventDispatchChainImpl.java:114)
	at javafx.base@21.0.1/com.sun.javafx.event.BasicEventDispatcher.dispatchEvent(BasicEventDispatcher.java:56)
	at javafx.base@21.0.1/com.sun.javafx.event.EventDispatchChainImpl.dispatchEvent(EventDispatchChainImpl.java:114)
	at javafx.base@21.0.1/com.sun.javafx.event.BasicEventDispatcher.dispatchEvent(BasicEventDispatcher.java:56)
	at javafx.base@21.0.1/com.sun.javafx.event.EventDispatchChainImpl.dispatchEvent(EventDispatchChainImpl.java:114)
	at javafx.base@21.0.1/com.sun.javafx.event.EventUtil.fireEventImpl(EventUtil.java:74)
	at javafx.base@21.0.1/com.sun.javafx.event.EventUtil.fireEvent(EventUtil.java:49)
	at javafx.base@21.0.1/javafx.event.Event.fireEvent(Event.java:198)
	at javafx.graphics@21.0.1/javafx.scene.Node.fireEvent(Node.java:8875)
	at javafx.controls@21.0.1/javafx.scene.control.Button.fire(Button.java:203)
	at javafx.controls@21.0.1/com.sun.javafx.scene.control.behavior.ButtonBehavior.mouseReleased(ButtonBehavior.java:207)
	at javafx.controls@21.0.1/com.sun.javafx.scene.control.inputmap.InputMap.handle(InputMap.java:274)
	at javafx.base@21.0.1/com.sun.javafx.event.CompositeEventHandler$NormalEventHandlerRecord.handleBubblingEvent(CompositeEventHandler.java:247)
	at javafx.base@21.0.1/com.sun.javafx.event.CompositeEventHandler.dispatchBubblingEvent(CompositeEventHandler.java:80)
	at javafx.base@21.0.1/com.sun.javafx.event.EventHandlerManager.dispatchBubblingEvent(EventHandlerManager.java:232)
	at javafx.base@21.0.1/com.sun.javafx.event.EventHandlerManager.dispatchBubblingEvent(EventHandlerManager.java:189)
	at javafx.base@21.0.1/com.sun.javafx.event.CompositeEventDispatcher.dispatchBubblingEvent(CompositeEventDispatcher.java:59)
	at javafx.base@21.0.1/com.sun.javafx.event.BasicEventDispatcher.dispatchEvent(BasicEventDispatcher.java:58)
	at javafx.base@21.0.1/com.sun.javafx.event.EventDispatchChainImpl.dispatchEvent(EventDispatchChainImpl.java:114)
	at javafx.base@21.0.1/com.sun.javafx.event.BasicEventDispatcher.dispatchEvent(BasicEventDispatcher.java:56)
	at javafx.base@21.0.1/com.sun.javafx.event.EventDispatchChainImpl.dispatchEvent(EventDispatchChainImpl.java:114)
	at javafx.base@21.0.1/com.sun.javafx.event.BasicEventDispatcher.dispatchEvent(BasicEventDispatcher.java:56)
	at javafx.base@21.0.1/com.sun.javafx.event.EventDispatchChainImpl.dispatchEvent(EventDispatchChainImpl.java:114)
	at javafx.base@21.0.1/com.sun.javafx.event.EventUtil.fireEventImpl(EventUtil.java:74)
	at javafx.base@21.0.1/com.sun.javafx.event.EventUtil.fireEvent(EventUtil.java:54)
	at javafx.base@21.0.1/javafx.event.Event.fireEvent(Event.java:198)
	at javafx.graphics@21.0.1/javafx.scene.Scene$MouseHandler.process(Scene.java:3984)
	at javafx.graphics@21.0.1/javafx.scene.Scene.processMouseEvent(Scene.java:1890)
	at javafx.graphics@21.0.1/javafx.scene.Scene$ScenePeerListener.mouseEvent(Scene.java:2708)
	at javafx.graphics@21.0.1/com.sun.javafx.tk.quantum.GlassViewEventHandler$MouseEventNotification.run(GlassViewEventHandler.java:411)
	at javafx.graphics@21.0.1/com.sun.javafx.tk.quantum.GlassViewEventHandler$MouseEventNotification.run(GlassViewEventHandler.java:301)
	at java.base/java.security.AccessController.doPrivileged(AccessController.java:400)
	at javafx.graphics@21.0.1/com.sun.javafx.tk.quantum.GlassViewEventHandler.lambda$handleMouseEvent$2(GlassViewEventHandler.java:450)
	at javafx.graphics@21.0.1/com.sun.javafx.tk.quantum.QuantumToolkit.runWithoutRenderLock(QuantumToolkit.java:424)
	at javafx.graphics@21.0.1/com.sun.javafx.tk.quantum.GlassViewEventHandler.handleMouseEvent(GlassViewEventHandler.java:449)
	at javafx.graphics@21.0.1/com.sun.glass.ui.View.handleMouseEvent(View.java:551)
	at javafx.graphics@21.0.1/com.sun.glass.ui.View.notifyMouse(View.java:937)
	at javafx.graphics@21.0.1/com.sun.glass.ui.win.WinApplication._runLoop(Native Method)
	at javafx.graphics@21.0.1/com.sun.glass.ui.win.WinApplication.lambda$runLoop$3(WinApplication.java:185)
	at java.base/java.lang.Thread.run(Thread.java:1583)
2025-10-05 19:37:50 [JavaFX Application Thread] INFO  p.c.app.view.LoginController - Usuario redirigido a pantalla principal: ASESOR
2025-10-05 19:38:04 [JavaFX Application Thread] ERROR p.c.app.service.RecaudacionService - Error al calcular recaudación mensual para asesor: null
java.lang.NullPointerException: Cannot invoke "java.lang.Long.longValue()" because "idAsesor" is null
	at pe.crediactiva.app.dao.impl.RecaudacionAsesorDAOImpl.findByAsesor(RecaudacionAsesorDAOImpl.java:157)
	at pe.crediactiva.app.service.RecaudacionService.obtenerRecaudacionMensualPorAsesor(RecaudacionService.java:112)
	at pe.crediactiva.app.service.RecaudacionService.obtenerRecaudacionDelDia(RecaudacionService.java:268)
	at pe.crediactiva.app.view.asesor.AsesorMainController.cargarEstadisticasDashboard(AsesorMainController.java:135)
	at pe.crediactiva.app.view.asesor.AsesorMainController.handleDashboard(AsesorMainController.java:172)
	at java.base/jdk.internal.reflect.DirectMethodHandleAccessor.invoke(DirectMethodHandleAccessor.java:103)
	at java.base/java.lang.reflect.Method.invoke(Method.java:580)
	at com.sun.javafx.reflect.Trampoline.invoke(MethodUtil.java:72)
	at java.base/jdk.internal.reflect.DirectMethodHandleAccessor.invoke(DirectMethodHandleAccessor.java:103)
	at java.base/java.lang.reflect.Method.invoke(Method.java:580)
	at javafx.base@21.0.1/com.sun.javafx.reflect.MethodUtil.invoke(MethodUtil.java:270)
	at javafx.fxml@21.0.1/com.sun.javafx.fxml.MethodHelper.invoke(MethodHelper.java:84)
	at javafx.fxml@21.0.1/javafx.fxml.FXMLLoader$MethodHandler.invoke(FXMLLoader.java:1855)
	at javafx.fxml@21.0.1/javafx.fxml.FXMLLoader$ControllerMethodEventHandler.handle(FXMLLoader.java:1726)
	at javafx.base@21.0.1/com.sun.javafx.event.CompositeEventHandler.dispatchBubblingEvent(CompositeEventHandler.java:86)
	at javafx.base@21.0.1/com.sun.javafx.event.EventHandlerManager.dispatchBubblingEvent(EventHandlerManager.java:232)
	at javafx.base@21.0.1/com.sun.javafx.event.EventHandlerManager.dispatchBubblingEvent(EventHandlerManager.java:189)
	at javafx.base@21.0.1/com.sun.javafx.event.CompositeEventDispatcher.dispatchBubblingEvent(CompositeEventDispatcher.java:59)
	at javafx.base@21.0.1/com.sun.javafx.event.BasicEventDispatcher.dispatchEvent(BasicEventDispatcher.java:58)
	at javafx.base@21.0.1/com.sun.javafx.event.EventDispatchChainImpl.dispatchEvent(EventDispatchChainImpl.java:114)
	at javafx.base@21.0.1/com.sun.javafx.event.BasicEventDispatcher.dispatchEvent(BasicEventDispatcher.java:56)
	at javafx.base@21.0.1/com.sun.javafx.event.EventDispatchChainImpl.dispatchEvent(EventDispatchChainImpl.java:114)
	at javafx.base@21.0.1/com.sun.javafx.event.BasicEventDispatcher.dispatchEvent(BasicEventDispatcher.java:56)
	at javafx.base@21.0.1/com.sun.javafx.event.EventDispatchChainImpl.dispatchEvent(EventDispatchChainImpl.java:114)
	at javafx.base@21.0.1/com.sun.javafx.event.BasicEventDispatcher.dispatchEvent(BasicEventDispatcher.java:56)
	at javafx.base@21.0.1/com.sun.javafx.event.EventDispatchChainImpl.dispatchEvent(EventDispatchChainImpl.java:114)
	at javafx.base@21.0.1/com.sun.javafx.event.EventUtil.fireEventImpl(EventUtil.java:74)
	at javafx.base@21.0.1/com.sun.javafx.event.EventUtil.fireEvent(EventUtil.java:49)
	at javafx.base@21.0.1/javafx.event.Event.fireEvent(Event.java:198)
	at javafx.graphics@21.0.1/javafx.scene.Node.fireEvent(Node.java:8875)
	at javafx.controls@21.0.1/javafx.scene.control.Button.fire(Button.java:203)
	at javafx.controls@21.0.1/com.sun.javafx.scene.control.behavior.ButtonBehavior.mouseReleased(ButtonBehavior.java:207)
	at javafx.controls@21.0.1/com.sun.javafx.scene.control.inputmap.InputMap.handle(InputMap.java:274)
	at javafx.base@21.0.1/com.sun.javafx.event.CompositeEventHandler$NormalEventHandlerRecord.handleBubblingEvent(CompositeEventHandler.java:247)
	at javafx.base@21.0.1/com.sun.javafx.event.CompositeEventHandler.dispatchBubblingEvent(CompositeEventHandler.java:80)
	at javafx.base@21.0.1/com.sun.javafx.event.EventHandlerManager.dispatchBubblingEvent(EventHandlerManager.java:232)
	at javafx.base@21.0.1/com.sun.javafx.event.EventHandlerManager.dispatchBubblingEvent(EventHandlerManager.java:189)
	at javafx.base@21.0.1/com.sun.javafx.event.CompositeEventDispatcher.dispatchBubblingEvent(CompositeEventDispatcher.java:59)
	at javafx.base@21.0.1/com.sun.javafx.event.BasicEventDispatcher.dispatchEvent(BasicEventDispatcher.java:58)
	at javafx.base@21.0.1/com.sun.javafx.event.EventDispatchChainImpl.dispatchEvent(EventDispatchChainImpl.java:114)
	at javafx.base@21.0.1/com.sun.javafx.event.BasicEventDispatcher.dispatchEvent(BasicEventDispatcher.java:56)
	at javafx.base@21.0.1/com.sun.javafx.event.EventDispatchChainImpl.dispatchEvent(EventDispatchChainImpl.java:114)
	at javafx.base@21.0.1/com.sun.javafx.event.BasicEventDispatcher.dispatchEvent(BasicEventDispatcher.java:56)
	at javafx.base@21.0.1/com.sun.javafx.event.EventDispatchChainImpl.dispatchEvent(EventDispatchChainImpl.java:114)
	at javafx.base@21.0.1/com.sun.javafx.event.BasicEventDispatcher.dispatchEvent(BasicEventDispatcher.java:56)
	at javafx.base@21.0.1/com.sun.javafx.event.EventDispatchChainImpl.dispatchEvent(EventDispatchChainImpl.java:114)
	at javafx.base@21.0.1/com.sun.javafx.event.EventUtil.fireEventImpl(EventUtil.java:74)
	at javafx.base@21.0.1/com.sun.javafx.event.EventUtil.fireEvent(EventUtil.java:54)
	at javafx.base@21.0.1/javafx.event.Event.fireEvent(Event.java:198)
	at javafx.graphics@21.0.1/javafx.scene.Scene$MouseHandler.process(Scene.java:3984)
	at javafx.graphics@21.0.1/javafx.scene.Scene.processMouseEvent(Scene.java:1890)
	at javafx.graphics@21.0.1/javafx.scene.Scene$ScenePeerListener.mouseEvent(Scene.java:2708)
	at javafx.graphics@21.0.1/com.sun.javafx.tk.quantum.GlassViewEventHandler$MouseEventNotification.run(GlassViewEventHandler.java:411)
	at javafx.graphics@21.0.1/com.sun.javafx.tk.quantum.GlassViewEventHandler$MouseEventNotification.run(GlassViewEventHandler.java:301)
	at java.base/java.security.AccessController.doPrivileged(AccessController.java:400)
	at javafx.graphics@21.0.1/com.sun.javafx.tk.quantum.GlassViewEventHandler.lambda$handleMouseEvent$2(GlassViewEventHandler.java:450)
	at javafx.graphics@21.0.1/com.sun.javafx.tk.quantum.QuantumToolkit.runWithoutRenderLock(QuantumToolkit.java:424)
	at javafx.graphics@21.0.1/com.sun.javafx.tk.quantum.GlassViewEventHandler.handleMouseEvent(GlassViewEventHandler.java:449)
	at javafx.graphics@21.0.1/com.sun.glass.ui.View.handleMouseEvent(View.java:551)
	at javafx.graphics@21.0.1/com.sun.glass.ui.View.notifyMouse(View.java:937)
	at javafx.graphics@21.0.1/com.sun.glass.ui.win.WinApplication._runLoop(Native Method)
	at javafx.graphics@21.0.1/com.sun.glass.ui.win.WinApplication.lambda$runLoop$3(WinApplication.java:185)
	at java.base/java.lang.Thread.run(Thread.java:1583)
2025-10-05 19:38:04 [JavaFX Application Thread] ERROR p.c.app.service.RecaudacionService - Error al calcular recaudación mensual para asesor: null
java.lang.NullPointerException: Cannot invoke "java.lang.Long.longValue()" because "idAsesor" is null
	at pe.crediactiva.app.dao.impl.RecaudacionAsesorDAOImpl.findByAsesor(RecaudacionAsesorDAOImpl.java:157)
	at pe.crediactiva.app.service.RecaudacionService.obtenerRecaudacionMensualPorAsesor(RecaudacionService.java:112)
	at pe.crediactiva.app.service.RecaudacionService.obtenerRecaudacionDelMes(RecaudacionService.java:275)
	at pe.crediactiva.app.view.asesor.AsesorMainController.cargarEstadisticasDashboard(AsesorMainController.java:139)
	at pe.crediactiva.app.view.asesor.AsesorMainController.handleDashboard(AsesorMainController.java:172)
	at java.base/jdk.internal.reflect.DirectMethodHandleAccessor.invoke(DirectMethodHandleAccessor.java:103)
	at java.base/java.lang.reflect.Method.invoke(Method.java:580)
	at com.sun.javafx.reflect.Trampoline.invoke(MethodUtil.java:72)
	at java.base/jdk.internal.reflect.DirectMethodHandleAccessor.invoke(DirectMethodHandleAccessor.java:103)
	at java.base/java.lang.reflect.Method.invoke(Method.java:580)
	at javafx.base@21.0.1/com.sun.javafx.reflect.MethodUtil.invoke(MethodUtil.java:270)
	at javafx.fxml@21.0.1/com.sun.javafx.fxml.MethodHelper.invoke(MethodHelper.java:84)
	at javafx.fxml@21.0.1/javafx.fxml.FXMLLoader$MethodHandler.invoke(FXMLLoader.java:1855)
	at javafx.fxml@21.0.1/javafx.fxml.FXMLLoader$ControllerMethodEventHandler.handle(FXMLLoader.java:1726)
	at javafx.base@21.0.1/com.sun.javafx.event.CompositeEventHandler.dispatchBubblingEvent(CompositeEventHandler.java:86)
	at javafx.base@21.0.1/com.sun.javafx.event.EventHandlerManager.dispatchBubblingEvent(EventHandlerManager.java:232)
	at javafx.base@21.0.1/com.sun.javafx.event.EventHandlerManager.dispatchBubblingEvent(EventHandlerManager.java:189)
	at javafx.base@21.0.1/com.sun.javafx.event.CompositeEventDispatcher.dispatchBubblingEvent(CompositeEventDispatcher.java:59)
	at javafx.base@21.0.1/com.sun.javafx.event.BasicEventDispatcher.dispatchEvent(BasicEventDispatcher.java:58)
	at javafx.base@21.0.1/com.sun.javafx.event.EventDispatchChainImpl.dispatchEvent(EventDispatchChainImpl.java:114)
	at javafx.base@21.0.1/com.sun.javafx.event.BasicEventDispatcher.dispatchEvent(BasicEventDispatcher.java:56)
	at javafx.base@21.0.1/com.sun.javafx.event.EventDispatchChainImpl.dispatchEvent(EventDispatchChainImpl.java:114)
	at javafx.base@21.0.1/com.sun.javafx.event.BasicEventDispatcher.dispatchEvent(BasicEventDispatcher.java:56)
	at javafx.base@21.0.1/com.sun.javafx.event.EventDispatchChainImpl.dispatchEvent(EventDispatchChainImpl.java:114)
	at javafx.base@21.0.1/com.sun.javafx.event.BasicEventDispatcher.dispatchEvent(BasicEventDispatcher.java:56)
	at javafx.base@21.0.1/com.sun.javafx.event.EventDispatchChainImpl.dispatchEvent(EventDispatchChainImpl.java:114)
	at javafx.base@21.0.1/com.sun.javafx.event.EventUtil.fireEventImpl(EventUtil.java:74)
	at javafx.base@21.0.1/com.sun.javafx.event.EventUtil.fireEvent(EventUtil.java:49)
	at javafx.base@21.0.1/javafx.event.Event.fireEvent(Event.java:198)
	at javafx.graphics@21.0.1/javafx.scene.Node.fireEvent(Node.java:8875)
	at javafx.controls@21.0.1/javafx.scene.control.Button.fire(Button.java:203)
	at javafx.controls@21.0.1/com.sun.javafx.scene.control.behavior.ButtonBehavior.mouseReleased(ButtonBehavior.java:207)
	at javafx.controls@21.0.1/com.sun.javafx.scene.control.inputmap.InputMap.handle(InputMap.java:274)
	at javafx.base@21.0.1/com.sun.javafx.event.CompositeEventHandler$NormalEventHandlerRecord.handleBubblingEvent(CompositeEventHandler.java:247)
	at javafx.base@21.0.1/com.sun.javafx.event.CompositeEventHandler.dispatchBubblingEvent(CompositeEventHandler.java:80)
	at javafx.base@21.0.1/com.sun.javafx.event.EventHandlerManager.dispatchBubblingEvent(EventHandlerManager.java:232)
	at javafx.base@21.0.1/com.sun.javafx.event.EventHandlerManager.dispatchBubblingEvent(EventHandlerManager.java:189)
	at javafx.base@21.0.1/com.sun.javafx.event.CompositeEventDispatcher.dispatchBubblingEvent(CompositeEventDispatcher.java:59)
	at javafx.base@21.0.1/com.sun.javafx.event.BasicEventDispatcher.dispatchEvent(BasicEventDispatcher.java:58)
	at javafx.base@21.0.1/com.sun.javafx.event.EventDispatchChainImpl.dispatchEvent(EventDispatchChainImpl.java:114)
	at javafx.base@21.0.1/com.sun.javafx.event.BasicEventDispatcher.dispatchEvent(BasicEventDispatcher.java:56)
	at javafx.base@21.0.1/com.sun.javafx.event.EventDispatchChainImpl.dispatchEvent(EventDispatchChainImpl.java:114)
	at javafx.base@21.0.1/com.sun.javafx.event.BasicEventDispatcher.dispatchEvent(BasicEventDispatcher.java:56)
	at javafx.base@21.0.1/com.sun.javafx.event.EventDispatchChainImpl.dispatchEvent(EventDispatchChainImpl.java:114)
	at javafx.base@21.0.1/com.sun.javafx.event.BasicEventDispatcher.dispatchEvent(BasicEventDispatcher.java:56)
	at javafx.base@21.0.1/com.sun.javafx.event.EventDispatchChainImpl.dispatchEvent(EventDispatchChainImpl.java:114)
	at javafx.base@21.0.1/com.sun.javafx.event.EventUtil.fireEventImpl(EventUtil.java:74)
	at javafx.base@21.0.1/com.sun.javafx.event.EventUtil.fireEvent(EventUtil.java:54)
	at javafx.base@21.0.1/javafx.event.Event.fireEvent(Event.java:198)
	at javafx.graphics@21.0.1/javafx.scene.Scene$MouseHandler.process(Scene.java:3984)
	at javafx.graphics@21.0.1/javafx.scene.Scene.processMouseEvent(Scene.java:1890)
	at javafx.graphics@21.0.1/javafx.scene.Scene$ScenePeerListener.mouseEvent(Scene.java:2708)
	at javafx.graphics@21.0.1/com.sun.javafx.tk.quantum.GlassViewEventHandler$MouseEventNotification.run(GlassViewEventHandler.java:411)
	at javafx.graphics@21.0.1/com.sun.javafx.tk.quantum.GlassViewEventHandler$MouseEventNotification.run(GlassViewEventHandler.java:301)
	at java.base/java.security.AccessController.doPrivileged(AccessController.java:400)
	at javafx.graphics@21.0.1/com.sun.javafx.tk.quantum.GlassViewEventHandler.lambda$handleMouseEvent$2(GlassViewEventHandler.java:450)
	at javafx.graphics@21.0.1/com.sun.javafx.tk.quantum.QuantumToolkit.runWithoutRenderLock(QuantumToolkit.java:424)
	at javafx.graphics@21.0.1/com.sun.javafx.tk.quantum.GlassViewEventHandler.handleMouseEvent(GlassViewEventHandler.java:449)
	at javafx.graphics@21.0.1/com.sun.glass.ui.View.handleMouseEvent(View.java:551)
	at javafx.graphics@21.0.1/com.sun.glass.ui.View.notifyMouse(View.java:937)
	at javafx.graphics@21.0.1/com.sun.glass.ui.win.WinApplication._runLoop(Native Method)
	at javafx.graphics@21.0.1/com.sun.glass.ui.win.WinApplication.lambda$runLoop$3(WinApplication.java:185)
	at java.base/java.lang.Thread.run(Thread.java:1583)
2025-10-05 19:38:17 [JavaFX Application Thread] INFO  p.c.app.config.DatabaseConfig - Pool de conexiones cerrado correctamente
2025-10-05 19:38:17 [JavaFX Application Thread] INFO  pe.crediactiva.app.Main - Aplicación CrediActiva cerrada
2025-10-05 19:41:00 [main] INFO  pe.crediactiva.app.Main - Iniciando aplicación CrediActiva Desktop v1.0.0
2025-10-05 19:41:00 [JavaFX Application Thread] INFO  pe.crediactiva.app.Main - Icono no encontrado, continuando sin icono
2025-10-05 19:41:00 [JavaFX Application Thread] INFO  p.c.app.config.DatabaseConfig - Propiedades de base de datos cargadas correctamente
2025-10-05 19:41:01 [JavaFX Application Thread] INFO  p.c.app.config.DatabaseConfig - Pool de conexiones HikariCP inicializado correctamente
2025-10-05 19:41:02 [JavaFX Application Thread] INFO  pe.crediactiva.app.Main - Aplicación CrediActiva iniciada correctamente
2025-10-05 19:41:25 [JavaFX Application Thread] WARN  p.c.app.dao.impl.UsuarioDAOImpl - Intento de autenticación fallido para usuario: 999999999
2025-10-05 19:41:25 [JavaFX Application Thread] WARN  p.c.a.service.AuthenticationService - Credenciales inválidas para usuario: 999999999
2025-10-05 19:41:35 [JavaFX Application Thread] INFO  p.c.app.dao.impl.UsuarioDAOImpl - Usuario autenticado exitosamente: 99999999
2025-10-05 19:41:35 [JavaFX Application Thread] INFO  p.c.a.service.AuthenticationService - Usuario autenticado exitosamente: 99999999 - ADMIN
2025-10-05 19:41:35 [JavaFX Application Thread] INFO  p.c.app.view.LoginController - Usuario autenticado exitosamente: 99999999
2025-10-05 19:41:35 [JavaFX Application Thread] INFO  p.c.app.view.LoginController - Usuario redirigido a pantalla principal: ADMIN
2025-10-05 19:41:37 [JavaFX Application Thread] INFO  p.c.a.service.AuthenticationService - Usuario cerró sesión: 99999999
2025-10-05 19:41:37 [JavaFX Application Thread] INFO  p.c.a.view.admin.AdminMainController - Usuario cerró sesión
2025-10-05 19:41:47 [JavaFX Application Thread] INFO  p.c.app.dao.impl.UsuarioDAOImpl - Usuario autenticado exitosamente: 11111111
2025-10-05 19:41:47 [JavaFX Application Thread] INFO  p.c.a.service.AuthenticationService - Usuario autenticado exitosamente: 11111111 - CLIENTE
2025-10-05 19:41:47 [JavaFX Application Thread] INFO  p.c.app.view.LoginController - Usuario autenticado exitosamente: 11111111
2025-10-05 19:41:47 [JavaFX Application Thread] ERROR p.c.app.dao.impl.PrestamoDAOImpl - Error al buscar préstamos por cliente y estado: 11111111, ACTIVO
java.sql.SQLException: Column 'cliente_nombre' not found.
	at com.mysql.cj.jdbc.exceptions.SQLError.createSQLException(SQLError.java:130)
	at com.mysql.cj.jdbc.exceptions.SQLError.createSQLException(SQLError.java:98)
	at com.mysql.cj.jdbc.exceptions.SQLError.createSQLException(SQLError.java:90)
	at com.mysql.cj.jdbc.exceptions.SQLError.createSQLException(SQLError.java:64)
	at com.mysql.cj.jdbc.result.ResultSetImpl.findColumn(ResultSetImpl.java:584)
	at com.mysql.cj.jdbc.result.ResultSetImpl.getString(ResultSetImpl.java:896)
	at com.zaxxer.hikari.pool.HikariProxyResultSet.getString(HikariProxyResultSet.java)
	at pe.crediactiva.app.dao.impl.PrestamoDAOImpl.mapResultSetToPrestamo(PrestamoDAOImpl.java:522)
	at pe.crediactiva.app.dao.impl.PrestamoDAOImpl.findByClienteAndEstado(PrestamoDAOImpl.java:475)
	at pe.crediactiva.app.service.PrestamoService.obtenerPrestamosActivosPorCliente(PrestamoService.java:399)
	at pe.crediactiva.app.view.cliente.ClienteMainController.cargarEstadisticasResumen(ClienteMainController.java:193)
	at pe.crediactiva.app.view.cliente.ClienteMainController.initialize(ClienteMainController.java:142)
	at java.base/jdk.internal.reflect.DirectMethodHandleAccessor.invoke(DirectMethodHandleAccessor.java:103)
	at java.base/java.lang.reflect.Method.invoke(Method.java:580)
	at com.sun.javafx.reflect.Trampoline.invoke(MethodUtil.java:72)
	at java.base/jdk.internal.reflect.DirectMethodHandleAccessor.invoke(DirectMethodHandleAccessor.java:103)
	at java.base/java.lang.reflect.Method.invoke(Method.java:580)
	at javafx.base@21.0.1/com.sun.javafx.reflect.MethodUtil.invoke(MethodUtil.java:270)
	at javafx.fxml@21.0.1/com.sun.javafx.fxml.MethodHelper.invoke(MethodHelper.java:84)
	at javafx.fxml@21.0.1/javafx.fxml.FXMLLoader.loadImpl(FXMLLoader.java:2688)
	at javafx.fxml@21.0.1/javafx.fxml.FXMLLoader.loadImpl(FXMLLoader.java:2563)
	at javafx.fxml@21.0.1/javafx.fxml.FXMLLoader.load(FXMLLoader.java:2531)
	at pe.crediactiva.app.view.LoginController.redirectToMainScreen(LoginController.java:140)
	at pe.crediactiva.app.view.LoginController.handleLogin(LoginController.java:99)
	at java.base/jdk.internal.reflect.DirectMethodHandleAccessor.invoke(DirectMethodHandleAccessor.java:103)
	at java.base/java.lang.reflect.Method.invoke(Method.java:580)
	at com.sun.javafx.reflect.Trampoline.invoke(MethodUtil.java:72)
	at java.base/jdk.internal.reflect.DirectMethodHandleAccessor.invoke(DirectMethodHandleAccessor.java:103)
	at java.base/java.lang.reflect.Method.invoke(Method.java:580)
	at javafx.base@21.0.1/com.sun.javafx.reflect.MethodUtil.invoke(MethodUtil.java:270)
	at javafx.fxml@21.0.1/com.sun.javafx.fxml.MethodHelper.invoke(MethodHelper.java:84)
	at javafx.fxml@21.0.1/javafx.fxml.FXMLLoader$MethodHandler.invoke(FXMLLoader.java:1855)
	at javafx.fxml@21.0.1/javafx.fxml.FXMLLoader$ControllerMethodEventHandler.handle(FXMLLoader.java:1726)
	at javafx.base@21.0.1/com.sun.javafx.event.CompositeEventHandler.dispatchBubblingEvent(CompositeEventHandler.java:86)
	at javafx.base@21.0.1/com.sun.javafx.event.EventHandlerManager.dispatchBubblingEvent(EventHandlerManager.java:232)
	at javafx.base@21.0.1/com.sun.javafx.event.EventHandlerManager.dispatchBubblingEvent(EventHandlerManager.java:189)
	at javafx.base@21.0.1/com.sun.javafx.event.CompositeEventDispatcher.dispatchBubblingEvent(CompositeEventDispatcher.java:59)
	at javafx.base@21.0.1/com.sun.javafx.event.BasicEventDispatcher.dispatchEvent(BasicEventDispatcher.java:58)
	at javafx.base@21.0.1/com.sun.javafx.event.EventDispatchChainImpl.dispatchEvent(EventDispatchChainImpl.java:114)
	at javafx.base@21.0.1/com.sun.javafx.event.BasicEventDispatcher.dispatchEvent(BasicEventDispatcher.java:56)
	at javafx.base@21.0.1/com.sun.javafx.event.EventDispatchChainImpl.dispatchEvent(EventDispatchChainImpl.java:114)
	at javafx.base@21.0.1/com.sun.javafx.event.BasicEventDispatcher.dispatchEvent(BasicEventDispatcher.java:56)
	at javafx.base@21.0.1/com.sun.javafx.event.EventDispatchChainImpl.dispatchEvent(EventDispatchChainImpl.java:114)
	at javafx.base@21.0.1/com.sun.javafx.event.EventUtil.fireEventImpl(EventUtil.java:74)
	at javafx.base@21.0.1/com.sun.javafx.event.EventUtil.fireEvent(EventUtil.java:49)
	at javafx.base@21.0.1/javafx.event.Event.fireEvent(Event.java:198)
	at javafx.graphics@21.0.1/javafx.scene.Node.fireEvent(Node.java:8875)
	at javafx.controls@21.0.1/javafx.scene.control.Button.fire(Button.java:203)
	at javafx.controls@21.0.1/com.sun.javafx.scene.control.behavior.ButtonBehavior.mouseReleased(ButtonBehavior.java:207)
	at javafx.controls@21.0.1/com.sun.javafx.scene.control.inputmap.InputMap.handle(InputMap.java:274)
	at javafx.base@21.0.1/com.sun.javafx.event.CompositeEventHandler$NormalEventHandlerRecord.handleBubblingEvent(CompositeEventHandler.java:247)
	at javafx.base@21.0.1/com.sun.javafx.event.CompositeEventHandler.dispatchBubblingEvent(CompositeEventHandler.java:80)
	at javafx.base@21.0.1/com.sun.javafx.event.EventHandlerManager.dispatchBubblingEvent(EventHandlerManager.java:232)
	at javafx.base@21.0.1/com.sun.javafx.event.EventHandlerManager.dispatchBubblingEvent(EventHandlerManager.java:189)
	at javafx.base@21.0.1/com.sun.javafx.event.CompositeEventDispatcher.dispatchBubblingEvent(CompositeEventDispatcher.java:59)
	at javafx.base@21.0.1/com.sun.javafx.event.BasicEventDispatcher.dispatchEvent(BasicEventDispatcher.java:58)
	at javafx.base@21.0.1/com.sun.javafx.event.EventDispatchChainImpl.dispatchEvent(EventDispatchChainImpl.java:114)
	at javafx.base@21.0.1/com.sun.javafx.event.BasicEventDispatcher.dispatchEvent(BasicEventDispatcher.java:56)
	at javafx.base@21.0.1/com.sun.javafx.event.EventDispatchChainImpl.dispatchEvent(EventDispatchChainImpl.java:114)
	at javafx.base@21.0.1/com.sun.javafx.event.BasicEventDispatcher.dispatchEvent(BasicEventDispatcher.java:56)
	at javafx.base@21.0.1/com.sun.javafx.event.EventDispatchChainImpl.dispatchEvent(EventDispatchChainImpl.java:114)
	at javafx.base@21.0.1/com.sun.javafx.event.EventUtil.fireEventImpl(EventUtil.java:74)
	at javafx.base@21.0.1/com.sun.javafx.event.EventUtil.fireEvent(EventUtil.java:54)
	at javafx.base@21.0.1/javafx.event.Event.fireEvent(Event.java:198)
	at javafx.graphics@21.0.1/javafx.scene.Scene$MouseHandler.process(Scene.java:3984)
	at javafx.graphics@21.0.1/javafx.scene.Scene.processMouseEvent(Scene.java:1890)
	at javafx.graphics@21.0.1/javafx.scene.Scene$ScenePeerListener.mouseEvent(Scene.java:2708)
	at javafx.graphics@21.0.1/com.sun.javafx.tk.quantum.GlassViewEventHandler$MouseEventNotification.run(GlassViewEventHandler.java:411)
	at javafx.graphics@21.0.1/com.sun.javafx.tk.quantum.GlassViewEventHandler$MouseEventNotification.run(GlassViewEventHandler.java:301)
	at java.base/java.security.AccessController.doPrivileged(AccessController.java:400)
	at javafx.graphics@21.0.1/com.sun.javafx.tk.quantum.GlassViewEventHandler.lambda$handleMouseEvent$2(GlassViewEventHandler.java:450)
	at javafx.graphics@21.0.1/com.sun.javafx.tk.quantum.QuantumToolkit.runWithoutRenderLock(QuantumToolkit.java:424)
	at javafx.graphics@21.0.1/com.sun.javafx.tk.quantum.GlassViewEventHandler.handleMouseEvent(GlassViewEventHandler.java:449)
	at javafx.graphics@21.0.1/com.sun.glass.ui.View.handleMouseEvent(View.java:551)
	at javafx.graphics@21.0.1/com.sun.glass.ui.View.notifyMouse(View.java:937)
	at javafx.graphics@21.0.1/com.sun.glass.ui.win.WinApplication._runLoop(Native Method)
	at javafx.graphics@21.0.1/com.sun.glass.ui.win.WinApplication.lambda$runLoop$3(WinApplication.java:185)
	at java.base/java.lang.Thread.run(Thread.java:1583)
2025-10-05 19:41:47 [JavaFX Application Thread] INFO  p.c.app.view.LoginController - Usuario redirigido a pantalla principal: CLIENTE
2025-10-05 19:42:00 [JavaFX Application Thread] INFO  p.c.app.config.DatabaseConfig - Pool de conexiones cerrado correctamente
2025-10-05 19:42:00 [JavaFX Application Thread] INFO  pe.crediactiva.app.Main - Aplicación CrediActiva cerrada
2025-10-05 19:52:27 [main] INFO  pe.crediactiva.app.Main - Iniciando aplicación CrediActiva Desktop v1.0.0
2025-10-05 19:52:27 [JavaFX Application Thread] INFO  pe.crediactiva.app.Main - Icono no encontrado, continuando sin icono
2025-10-05 19:52:27 [JavaFX Application Thread] INFO  p.c.app.config.DatabaseConfig - Propiedades de base de datos cargadas correctamente
2025-10-05 19:52:27 [JavaFX Application Thread] INFO  p.c.app.config.DatabaseConfig - Pool de conexiones HikariCP inicializado correctamente
2025-10-05 19:52:28 [JavaFX Application Thread] INFO  pe.crediactiva.app.Main - Aplicación CrediActiva iniciada correctamente
2025-10-05 19:52:39 [JavaFX Application Thread] INFO  p.c.app.dao.impl.UsuarioDAOImpl - Usuario autenticado exitosamente: 11111111
2025-10-05 19:52:39 [JavaFX Application Thread] INFO  p.c.a.service.AuthenticationService - Usuario autenticado exitosamente: 11111111 - CLIENTE
2025-10-05 19:52:39 [JavaFX Application Thread] INFO  p.c.app.view.LoginController - Usuario autenticado exitosamente: 11111111
2025-10-05 19:52:39 [JavaFX Application Thread] ERROR p.c.app.dao.impl.PrestamoDAOImpl - Error al buscar préstamos por cliente y estado: 11111111, ACTIVO
java.sql.SQLException: Column 'cliente_nombre' not found.
	at com.mysql.cj.jdbc.exceptions.SQLError.createSQLException(SQLError.java:130)
	at com.mysql.cj.jdbc.exceptions.SQLError.createSQLException(SQLError.java:98)
	at com.mysql.cj.jdbc.exceptions.SQLError.createSQLException(SQLError.java:90)
	at com.mysql.cj.jdbc.exceptions.SQLError.createSQLException(SQLError.java:64)
	at com.mysql.cj.jdbc.result.ResultSetImpl.findColumn(ResultSetImpl.java:584)
	at com.mysql.cj.jdbc.result.ResultSetImpl.getString(ResultSetImpl.java:896)
	at com.zaxxer.hikari.pool.HikariProxyResultSet.getString(HikariProxyResultSet.java)
	at pe.crediactiva.app.dao.impl.PrestamoDAOImpl.mapResultSetToPrestamo(PrestamoDAOImpl.java:522)
	at pe.crediactiva.app.dao.impl.PrestamoDAOImpl.findByClienteAndEstado(PrestamoDAOImpl.java:475)
	at pe.crediactiva.app.service.PrestamoService.obtenerPrestamosActivosPorCliente(PrestamoService.java:399)
	at pe.crediactiva.app.view.cliente.ClienteMainController.cargarEstadisticasResumen(ClienteMainController.java:195)
	at pe.crediactiva.app.view.cliente.ClienteMainController.initialize(ClienteMainController.java:144)
	at java.base/jdk.internal.reflect.DirectMethodHandleAccessor.invoke(DirectMethodHandleAccessor.java:103)
	at java.base/java.lang.reflect.Method.invoke(Method.java:580)
	at com.sun.javafx.reflect.Trampoline.invoke(MethodUtil.java:72)
	at java.base/jdk.internal.reflect.DirectMethodHandleAccessor.invoke(DirectMethodHandleAccessor.java:103)
	at java.base/java.lang.reflect.Method.invoke(Method.java:580)
	at javafx.base@21.0.1/com.sun.javafx.reflect.MethodUtil.invoke(MethodUtil.java:270)
	at javafx.fxml@21.0.1/com.sun.javafx.fxml.MethodHelper.invoke(MethodHelper.java:84)
	at javafx.fxml@21.0.1/javafx.fxml.FXMLLoader.loadImpl(FXMLLoader.java:2688)
	at javafx.fxml@21.0.1/javafx.fxml.FXMLLoader.loadImpl(FXMLLoader.java:2563)
	at javafx.fxml@21.0.1/javafx.fxml.FXMLLoader.load(FXMLLoader.java:2531)
	at pe.crediactiva.app.view.LoginController.redirectToMainScreen(LoginController.java:140)
	at pe.crediactiva.app.view.LoginController.handleLogin(LoginController.java:99)
	at java.base/jdk.internal.reflect.DirectMethodHandleAccessor.invoke(DirectMethodHandleAccessor.java:103)
	at java.base/java.lang.reflect.Method.invoke(Method.java:580)
	at com.sun.javafx.reflect.Trampoline.invoke(MethodUtil.java:72)
	at java.base/jdk.internal.reflect.DirectMethodHandleAccessor.invoke(DirectMethodHandleAccessor.java:103)
	at java.base/java.lang.reflect.Method.invoke(Method.java:580)
	at javafx.base@21.0.1/com.sun.javafx.reflect.MethodUtil.invoke(MethodUtil.java:270)
	at javafx.fxml@21.0.1/com.sun.javafx.fxml.MethodHelper.invoke(MethodHelper.java:84)
	at javafx.fxml@21.0.1/javafx.fxml.FXMLLoader$MethodHandler.invoke(FXMLLoader.java:1855)
	at javafx.fxml@21.0.1/javafx.fxml.FXMLLoader$ControllerMethodEventHandler.handle(FXMLLoader.java:1726)
	at javafx.base@21.0.1/com.sun.javafx.event.CompositeEventHandler.dispatchBubblingEvent(CompositeEventHandler.java:86)
	at javafx.base@21.0.1/com.sun.javafx.event.EventHandlerManager.dispatchBubblingEvent(EventHandlerManager.java:232)
	at javafx.base@21.0.1/com.sun.javafx.event.EventHandlerManager.dispatchBubblingEvent(EventHandlerManager.java:189)
	at javafx.base@21.0.1/com.sun.javafx.event.CompositeEventDispatcher.dispatchBubblingEvent(CompositeEventDispatcher.java:59)
	at javafx.base@21.0.1/com.sun.javafx.event.BasicEventDispatcher.dispatchEvent(BasicEventDispatcher.java:58)
	at javafx.base@21.0.1/com.sun.javafx.event.EventDispatchChainImpl.dispatchEvent(EventDispatchChainImpl.java:114)
	at javafx.base@21.0.1/com.sun.javafx.event.BasicEventDispatcher.dispatchEvent(BasicEventDispatcher.java:56)
	at javafx.base@21.0.1/com.sun.javafx.event.EventDispatchChainImpl.dispatchEvent(EventDispatchChainImpl.java:114)
	at javafx.base@21.0.1/com.sun.javafx.event.BasicEventDispatcher.dispatchEvent(BasicEventDispatcher.java:56)
	at javafx.base@21.0.1/com.sun.javafx.event.EventDispatchChainImpl.dispatchEvent(EventDispatchChainImpl.java:114)
	at javafx.base@21.0.1/com.sun.javafx.event.EventUtil.fireEventImpl(EventUtil.java:74)
	at javafx.base@21.0.1/com.sun.javafx.event.EventUtil.fireEvent(EventUtil.java:49)
	at javafx.base@21.0.1/javafx.event.Event.fireEvent(Event.java:198)
	at javafx.graphics@21.0.1/javafx.scene.Node.fireEvent(Node.java:8875)
	at javafx.controls@21.0.1/javafx.scene.control.Button.fire(Button.java:203)
	at javafx.controls@21.0.1/com.sun.javafx.scene.control.behavior.ButtonBehavior.mouseReleased(ButtonBehavior.java:207)
	at javafx.controls@21.0.1/com.sun.javafx.scene.control.inputmap.InputMap.handle(InputMap.java:274)
	at javafx.base@21.0.1/com.sun.javafx.event.CompositeEventHandler$NormalEventHandlerRecord.handleBubblingEvent(CompositeEventHandler.java:247)
	at javafx.base@21.0.1/com.sun.javafx.event.CompositeEventHandler.dispatchBubblingEvent(CompositeEventHandler.java:80)
	at javafx.base@21.0.1/com.sun.javafx.event.EventHandlerManager.dispatchBubblingEvent(EventHandlerManager.java:232)
	at javafx.base@21.0.1/com.sun.javafx.event.EventHandlerManager.dispatchBubblingEvent(EventHandlerManager.java:189)
	at javafx.base@21.0.1/com.sun.javafx.event.CompositeEventDispatcher.dispatchBubblingEvent(CompositeEventDispatcher.java:59)
	at javafx.base@21.0.1/com.sun.javafx.event.BasicEventDispatcher.dispatchEvent(BasicEventDispatcher.java:58)
	at javafx.base@21.0.1/com.sun.javafx.event.EventDispatchChainImpl.dispatchEvent(EventDispatchChainImpl.java:114)
	at javafx.base@21.0.1/com.sun.javafx.event.BasicEventDispatcher.dispatchEvent(BasicEventDispatcher.java:56)
	at javafx.base@21.0.1/com.sun.javafx.event.EventDispatchChainImpl.dispatchEvent(EventDispatchChainImpl.java:114)
	at javafx.base@21.0.1/com.sun.javafx.event.BasicEventDispatcher.dispatchEvent(BasicEventDispatcher.java:56)
	at javafx.base@21.0.1/com.sun.javafx.event.EventDispatchChainImpl.dispatchEvent(EventDispatchChainImpl.java:114)
	at javafx.base@21.0.1/com.sun.javafx.event.EventUtil.fireEventImpl(EventUtil.java:74)
	at javafx.base@21.0.1/com.sun.javafx.event.EventUtil.fireEvent(EventUtil.java:54)
	at javafx.base@21.0.1/javafx.event.Event.fireEvent(Event.java:198)
	at javafx.graphics@21.0.1/javafx.scene.Scene$MouseHandler.process(Scene.java:3984)
	at javafx.graphics@21.0.1/javafx.scene.Scene.processMouseEvent(Scene.java:1890)
	at javafx.graphics@21.0.1/javafx.scene.Scene$ScenePeerListener.mouseEvent(Scene.java:2708)
	at javafx.graphics@21.0.1/com.sun.javafx.tk.quantum.GlassViewEventHandler$MouseEventNotification.run(GlassViewEventHandler.java:411)
	at javafx.graphics@21.0.1/com.sun.javafx.tk.quantum.GlassViewEventHandler$MouseEventNotification.run(GlassViewEventHandler.java:301)
	at java.base/java.security.AccessController.doPrivileged(AccessController.java:400)
	at javafx.graphics@21.0.1/com.sun.javafx.tk.quantum.GlassViewEventHandler.lambda$handleMouseEvent$2(GlassViewEventHandler.java:450)
	at javafx.graphics@21.0.1/com.sun.javafx.tk.quantum.QuantumToolkit.runWithoutRenderLock(QuantumToolkit.java:424)
	at javafx.graphics@21.0.1/com.sun.javafx.tk.quantum.GlassViewEventHandler.handleMouseEvent(GlassViewEventHandler.java:449)
	at javafx.graphics@21.0.1/com.sun.glass.ui.View.handleMouseEvent(View.java:551)
	at javafx.graphics@21.0.1/com.sun.glass.ui.View.notifyMouse(View.java:937)
	at javafx.graphics@21.0.1/com.sun.glass.ui.win.WinApplication._runLoop(Native Method)
	at javafx.graphics@21.0.1/com.sun.glass.ui.win.WinApplication.lambda$runLoop$3(WinApplication.java:185)
	at java.base/java.lang.Thread.run(Thread.java:1583)
2025-10-05 19:52:40 [JavaFX Application Thread] INFO  p.c.app.view.LoginController - Usuario redirigido a pantalla principal: CLIENTE
2025-10-05 19:52:56 [JavaFX Application Thread] INFO  p.c.a.v.c.PrestamosClienteController - Cargados 1 préstamos para el cliente 11111111
2025-10-05 19:53:23 [JavaFX Application Thread] ERROR p.c.app.dao.impl.PrestamoDAOImpl - Error al buscar préstamos por cliente y estado: 11111111, ACTIVO
java.sql.SQLException: Column 'cliente_nombre' not found.
	at com.mysql.cj.jdbc.exceptions.SQLError.createSQLException(SQLError.java:130)
	at com.mysql.cj.jdbc.exceptions.SQLError.createSQLException(SQLError.java:98)
	at com.mysql.cj.jdbc.exceptions.SQLError.createSQLException(SQLError.java:90)
	at com.mysql.cj.jdbc.exceptions.SQLError.createSQLException(SQLError.java:64)
	at com.mysql.cj.jdbc.result.ResultSetImpl.findColumn(ResultSetImpl.java:584)
	at com.mysql.cj.jdbc.result.ResultSetImpl.getString(ResultSetImpl.java:896)
	at com.zaxxer.hikari.pool.HikariProxyResultSet.getString(HikariProxyResultSet.java)
	at pe.crediactiva.app.dao.impl.PrestamoDAOImpl.mapResultSetToPrestamo(PrestamoDAOImpl.java:522)
	at pe.crediactiva.app.dao.impl.PrestamoDAOImpl.findByClienteAndEstado(PrestamoDAOImpl.java:475)
	at pe.crediactiva.app.service.PrestamoService.obtenerPrestamosActivosPorCliente(PrestamoService.java:399)
	at pe.crediactiva.app.view.cliente.ClienteMainController.cargarEstadisticasResumen(ClienteMainController.java:195)
	at pe.crediactiva.app.view.cliente.ClienteMainController.initialize(ClienteMainController.java:144)
	at java.base/jdk.internal.reflect.DirectMethodHandleAccessor.invoke(DirectMethodHandleAccessor.java:103)
	at java.base/java.lang.reflect.Method.invoke(Method.java:580)
	at com.sun.javafx.reflect.Trampoline.invoke(MethodUtil.java:72)
	at java.base/jdk.internal.reflect.DirectMethodHandleAccessor.invoke(DirectMethodHandleAccessor.java:103)
	at java.base/java.lang.reflect.Method.invoke(Method.java:580)
	at javafx.base@21.0.1/com.sun.javafx.reflect.MethodUtil.invoke(MethodUtil.java:270)
	at javafx.fxml@21.0.1/com.sun.javafx.fxml.MethodHelper.invoke(MethodHelper.java:84)
	at javafx.fxml@21.0.1/javafx.fxml.FXMLLoader.loadImpl(FXMLLoader.java:2688)
	at javafx.fxml@21.0.1/javafx.fxml.FXMLLoader.loadImpl(FXMLLoader.java:2563)
	at javafx.fxml@21.0.1/javafx.fxml.FXMLLoader.load(FXMLLoader.java:2531)
	at pe.crediactiva.app.view.cliente.PrestamosClienteController.handleVolver(PrestamosClienteController.java:283)
	at java.base/jdk.internal.reflect.DirectMethodHandleAccessor.invoke(DirectMethodHandleAccessor.java:103)
	at java.base/java.lang.reflect.Method.invoke(Method.java:580)
	at com.sun.javafx.reflect.Trampoline.invoke(MethodUtil.java:72)
	at java.base/jdk.internal.reflect.DirectMethodHandleAccessor.invoke(DirectMethodHandleAccessor.java:103)
	at java.base/java.lang.reflect.Method.invoke(Method.java:580)
	at javafx.base@21.0.1/com.sun.javafx.reflect.MethodUtil.invoke(MethodUtil.java:270)
	at javafx.fxml@21.0.1/com.sun.javafx.fxml.MethodHelper.invoke(MethodHelper.java:84)
	at javafx.fxml@21.0.1/javafx.fxml.FXMLLoader$MethodHandler.invoke(FXMLLoader.java:1855)
	at javafx.fxml@21.0.1/javafx.fxml.FXMLLoader$ControllerMethodEventHandler.handle(FXMLLoader.java:1726)
	at javafx.base@21.0.1/com.sun.javafx.event.CompositeEventHandler.dispatchBubblingEvent(CompositeEventHandler.java:86)
	at javafx.base@21.0.1/com.sun.javafx.event.EventHandlerManager.dispatchBubblingEvent(EventHandlerManager.java:232)
	at javafx.base@21.0.1/com.sun.javafx.event.EventHandlerManager.dispatchBubblingEvent(EventHandlerManager.java:189)
	at javafx.base@21.0.1/com.sun.javafx.event.CompositeEventDispatcher.dispatchBubblingEvent(CompositeEventDispatcher.java:59)
	at javafx.base@21.0.1/com.sun.javafx.event.BasicEventDispatcher.dispatchEvent(BasicEventDispatcher.java:58)
	at javafx.base@21.0.1/com.sun.javafx.event.EventDispatchChainImpl.dispatchEvent(EventDispatchChainImpl.java:114)
	at javafx.base@21.0.1/com.sun.javafx.event.BasicEventDispatcher.dispatchEvent(BasicEventDispatcher.java:56)
	at javafx.base@21.0.1/com.sun.javafx.event.EventDispatchChainImpl.dispatchEvent(EventDispatchChainImpl.java:114)
	at javafx.base@21.0.1/com.sun.javafx.event.BasicEventDispatcher.dispatchEvent(BasicEventDispatcher.java:56)
	at javafx.base@21.0.1/com.sun.javafx.event.EventDispatchChainImpl.dispatchEvent(EventDispatchChainImpl.java:114)
	at javafx.base@21.0.1/com.sun.javafx.event.EventUtil.fireEventImpl(EventUtil.java:74)
	at javafx.base@21.0.1/com.sun.javafx.event.EventUtil.fireEvent(EventUtil.java:49)
	at javafx.base@21.0.1/javafx.event.Event.fireEvent(Event.java:198)
	at javafx.graphics@21.0.1/javafx.scene.Node.fireEvent(Node.java:8875)
	at javafx.controls@21.0.1/javafx.scene.control.Button.fire(Button.java:203)
	at javafx.controls@21.0.1/com.sun.javafx.scene.control.behavior.ButtonBehavior.mouseReleased(ButtonBehavior.java:207)
	at javafx.controls@21.0.1/com.sun.javafx.scene.control.inputmap.InputMap.handle(InputMap.java:274)
	at javafx.base@21.0.1/com.sun.javafx.event.CompositeEventHandler$NormalEventHandlerRecord.handleBubblingEvent(CompositeEventHandler.java:247)
	at javafx.base@21.0.1/com.sun.javafx.event.CompositeEventHandler.dispatchBubblingEvent(CompositeEventHandler.java:80)
	at javafx.base@21.0.1/com.sun.javafx.event.EventHandlerManager.dispatchBubblingEvent(EventHandlerManager.java:232)
	at javafx.base@21.0.1/com.sun.javafx.event.EventHandlerManager.dispatchBubblingEvent(EventHandlerManager.java:189)
	at javafx.base@21.0.1/com.sun.javafx.event.CompositeEventDispatcher.dispatchBubblingEvent(CompositeEventDispatcher.java:59)
	at javafx.base@21.0.1/com.sun.javafx.event.BasicEventDispatcher.dispatchEvent(BasicEventDispatcher.java:58)
	at javafx.base@21.0.1/com.sun.javafx.event.EventDispatchChainImpl.dispatchEvent(EventDispatchChainImpl.java:114)
	at javafx.base@21.0.1/com.sun.javafx.event.BasicEventDispatcher.dispatchEvent(BasicEventDispatcher.java:56)
	at javafx.base@21.0.1/com.sun.javafx.event.EventDispatchChainImpl.dispatchEvent(EventDispatchChainImpl.java:114)
	at javafx.base@21.0.1/com.sun.javafx.event.BasicEventDispatcher.dispatchEvent(BasicEventDispatcher.java:56)
	at javafx.base@21.0.1/com.sun.javafx.event.EventDispatchChainImpl.dispatchEvent(EventDispatchChainImpl.java:114)
	at javafx.base@21.0.1/com.sun.javafx.event.EventUtil.fireEventImpl(EventUtil.java:74)
	at javafx.base@21.0.1/com.sun.javafx.event.EventUtil.fireEvent(EventUtil.java:54)
	at javafx.base@21.0.1/javafx.event.Event.fireEvent(Event.java:198)
	at javafx.graphics@21.0.1/javafx.scene.Scene$MouseHandler.process(Scene.java:3984)
	at javafx.graphics@21.0.1/javafx.scene.Scene.processMouseEvent(Scene.java:1890)
	at javafx.graphics@21.0.1/javafx.scene.Scene$ScenePeerListener.mouseEvent(Scene.java:2708)
	at javafx.graphics@21.0.1/com.sun.javafx.tk.quantum.GlassViewEventHandler$MouseEventNotification.run(GlassViewEventHandler.java:411)
	at javafx.graphics@21.0.1/com.sun.javafx.tk.quantum.GlassViewEventHandler$MouseEventNotification.run(GlassViewEventHandler.java:301)
	at java.base/java.security.AccessController.doPrivileged(AccessController.java:400)
	at javafx.graphics@21.0.1/com.sun.javafx.tk.quantum.GlassViewEventHandler.lambda$handleMouseEvent$2(GlassViewEventHandler.java:450)
	at javafx.graphics@21.0.1/com.sun.javafx.tk.quantum.QuantumToolkit.runWithoutRenderLock(QuantumToolkit.java:424)
	at javafx.graphics@21.0.1/com.sun.javafx.tk.quantum.GlassViewEventHandler.handleMouseEvent(GlassViewEventHandler.java:449)
	at javafx.graphics@21.0.1/com.sun.glass.ui.View.handleMouseEvent(View.java:551)
	at javafx.graphics@21.0.1/com.sun.glass.ui.View.notifyMouse(View.java:937)
	at javafx.graphics@21.0.1/com.sun.glass.ui.win.WinApplication._runLoop(Native Method)
	at javafx.graphics@21.0.1/com.sun.glass.ui.win.WinApplication.lambda$runLoop$3(WinApplication.java:185)
	at java.base/java.lang.Thread.run(Thread.java:1583)
2025-10-05 19:53:35 [JavaFX Application Thread] INFO  p.c.a.v.c.CronogramasClienteController - Cargado cronograma con 26 cuotas para préstamo 1
2025-10-05 19:53:35 [JavaFX Application Thread] INFO  p.c.a.v.c.CronogramasClienteController - Cargados 1 préstamos para el cliente 11111111
2025-10-05 19:54:51 [JavaFX Application Thread] ERROR p.c.app.dao.impl.PrestamoDAOImpl - Error al buscar préstamos por cliente y estado: 11111111, ACTIVO
java.sql.SQLException: Column 'cliente_nombre' not found.
	at com.mysql.cj.jdbc.exceptions.SQLError.createSQLException(SQLError.java:130)
	at com.mysql.cj.jdbc.exceptions.SQLError.createSQLException(SQLError.java:98)
	at com.mysql.cj.jdbc.exceptions.SQLError.createSQLException(SQLError.java:90)
	at com.mysql.cj.jdbc.exceptions.SQLError.createSQLException(SQLError.java:64)
	at com.mysql.cj.jdbc.result.ResultSetImpl.findColumn(ResultSetImpl.java:584)
	at com.mysql.cj.jdbc.result.ResultSetImpl.getString(ResultSetImpl.java:896)
	at com.zaxxer.hikari.pool.HikariProxyResultSet.getString(HikariProxyResultSet.java)
	at pe.crediactiva.app.dao.impl.PrestamoDAOImpl.mapResultSetToPrestamo(PrestamoDAOImpl.java:522)
	at pe.crediactiva.app.dao.impl.PrestamoDAOImpl.findByClienteAndEstado(PrestamoDAOImpl.java:475)
	at pe.crediactiva.app.service.PrestamoService.obtenerPrestamosActivosPorCliente(PrestamoService.java:399)
	at pe.crediactiva.app.view.cliente.ClienteMainController.cargarEstadisticasResumen(ClienteMainController.java:195)
	at pe.crediactiva.app.view.cliente.ClienteMainController.initialize(ClienteMainController.java:144)
	at java.base/jdk.internal.reflect.DirectMethodHandleAccessor.invoke(DirectMethodHandleAccessor.java:103)
	at java.base/java.lang.reflect.Method.invoke(Method.java:580)
	at com.sun.javafx.reflect.Trampoline.invoke(MethodUtil.java:72)
	at java.base/jdk.internal.reflect.DirectMethodHandleAccessor.invoke(DirectMethodHandleAccessor.java:103)
	at java.base/java.lang.reflect.Method.invoke(Method.java:580)
	at javafx.base@21.0.1/com.sun.javafx.reflect.MethodUtil.invoke(MethodUtil.java:270)
	at javafx.fxml@21.0.1/com.sun.javafx.fxml.MethodHelper.invoke(MethodHelper.java:84)
	at javafx.fxml@21.0.1/javafx.fxml.FXMLLoader.loadImpl(FXMLLoader.java:2688)
	at javafx.fxml@21.0.1/javafx.fxml.FXMLLoader.loadImpl(FXMLLoader.java:2563)
	at javafx.fxml@21.0.1/javafx.fxml.FXMLLoader.load(FXMLLoader.java:2531)
	at pe.crediactiva.app.view.cliente.CronogramasClienteController.handleVolver(CronogramasClienteController.java:389)
	at java.base/jdk.internal.reflect.DirectMethodHandleAccessor.invoke(DirectMethodHandleAccessor.java:103)
	at java.base/java.lang.reflect.Method.invoke(Method.java:580)
	at com.sun.javafx.reflect.Trampoline.invoke(MethodUtil.java:72)
	at java.base/jdk.internal.reflect.DirectMethodHandleAccessor.invoke(DirectMethodHandleAccessor.java:103)
	at java.base/java.lang.reflect.Method.invoke(Method.java:580)
	at javafx.base@21.0.1/com.sun.javafx.reflect.MethodUtil.invoke(MethodUtil.java:270)
	at javafx.fxml@21.0.1/com.sun.javafx.fxml.MethodHelper.invoke(MethodHelper.java:84)
	at javafx.fxml@21.0.1/javafx.fxml.FXMLLoader$MethodHandler.invoke(FXMLLoader.java:1855)
	at javafx.fxml@21.0.1/javafx.fxml.FXMLLoader$ControllerMethodEventHandler.handle(FXMLLoader.java:1726)
	at javafx.base@21.0.1/com.sun.javafx.event.CompositeEventHandler.dispatchBubblingEvent(CompositeEventHandler.java:86)
	at javafx.base@21.0.1/com.sun.javafx.event.EventHandlerManager.dispatchBubblingEvent(EventHandlerManager.java:232)
	at javafx.base@21.0.1/com.sun.javafx.event.EventHandlerManager.dispatchBubblingEvent(EventHandlerManager.java:189)
	at javafx.base@21.0.1/com.sun.javafx.event.CompositeEventDispatcher.dispatchBubblingEvent(CompositeEventDispatcher.java:59)
	at javafx.base@21.0.1/com.sun.javafx.event.BasicEventDispatcher.dispatchEvent(BasicEventDispatcher.java:58)
	at javafx.base@21.0.1/com.sun.javafx.event.EventDispatchChainImpl.dispatchEvent(EventDispatchChainImpl.java:114)
	at javafx.base@21.0.1/com.sun.javafx.event.BasicEventDispatcher.dispatchEvent(BasicEventDispatcher.java:56)
	at javafx.base@21.0.1/com.sun.javafx.event.EventDispatchChainImpl.dispatchEvent(EventDispatchChainImpl.java:114)
	at javafx.base@21.0.1/com.sun.javafx.event.BasicEventDispatcher.dispatchEvent(BasicEventDispatcher.java:56)
	at javafx.base@21.0.1/com.sun.javafx.event.EventDispatchChainImpl.dispatchEvent(EventDispatchChainImpl.java:114)
	at javafx.base@21.0.1/com.sun.javafx.event.EventUtil.fireEventImpl(EventUtil.java:74)
	at javafx.base@21.0.1/com.sun.javafx.event.EventUtil.fireEvent(EventUtil.java:49)
	at javafx.base@21.0.1/javafx.event.Event.fireEvent(Event.java:198)
	at javafx.graphics@21.0.1/javafx.scene.Node.fireEvent(Node.java:8875)
	at javafx.controls@21.0.1/javafx.scene.control.Button.fire(Button.java:203)
	at javafx.controls@21.0.1/com.sun.javafx.scene.control.behavior.ButtonBehavior.mouseReleased(ButtonBehavior.java:207)
	at javafx.controls@21.0.1/com.sun.javafx.scene.control.inputmap.InputMap.handle(InputMap.java:274)
	at javafx.base@21.0.1/com.sun.javafx.event.CompositeEventHandler$NormalEventHandlerRecord.handleBubblingEvent(CompositeEventHandler.java:247)
	at javafx.base@21.0.1/com.sun.javafx.event.CompositeEventHandler.dispatchBubblingEvent(CompositeEventHandler.java:80)
	at javafx.base@21.0.1/com.sun.javafx.event.EventHandlerManager.dispatchBubblingEvent(EventHandlerManager.java:232)
	at javafx.base@21.0.1/com.sun.javafx.event.EventHandlerManager.dispatchBubblingEvent(EventHandlerManager.java:189)
	at javafx.base@21.0.1/com.sun.javafx.event.CompositeEventDispatcher.dispatchBubblingEvent(CompositeEventDispatcher.java:59)
	at javafx.base@21.0.1/com.sun.javafx.event.BasicEventDispatcher.dispatchEvent(BasicEventDispatcher.java:58)
	at javafx.base@21.0.1/com.sun.javafx.event.EventDispatchChainImpl.dispatchEvent(EventDispatchChainImpl.java:114)
	at javafx.base@21.0.1/com.sun.javafx.event.BasicEventDispatcher.dispatchEvent(BasicEventDispatcher.java:56)
	at javafx.base@21.0.1/com.sun.javafx.event.EventDispatchChainImpl.dispatchEvent(EventDispatchChainImpl.java:114)
	at javafx.base@21.0.1/com.sun.javafx.event.BasicEventDispatcher.dispatchEvent(BasicEventDispatcher.java:56)
	at javafx.base@21.0.1/com.sun.javafx.event.EventDispatchChainImpl.dispatchEvent(EventDispatchChainImpl.java:114)
	at javafx.base@21.0.1/com.sun.javafx.event.EventUtil.fireEventImpl(EventUtil.java:74)
	at javafx.base@21.0.1/com.sun.javafx.event.EventUtil.fireEvent(EventUtil.java:54)
	at javafx.base@21.0.1/javafx.event.Event.fireEvent(Event.java:198)
	at javafx.graphics@21.0.1/javafx.scene.Scene$MouseHandler.process(Scene.java:3984)
	at javafx.graphics@21.0.1/javafx.scene.Scene.processMouseEvent(Scene.java:1890)
	at javafx.graphics@21.0.1/javafx.scene.Scene$ScenePeerListener.mouseEvent(Scene.java:2708)
	at javafx.graphics@21.0.1/com.sun.javafx.tk.quantum.GlassViewEventHandler$MouseEventNotification.run(GlassViewEventHandler.java:411)
	at javafx.graphics@21.0.1/com.sun.javafx.tk.quantum.GlassViewEventHandler$MouseEventNotification.run(GlassViewEventHandler.java:301)
	at java.base/java.security.AccessController.doPrivileged(AccessController.java:400)
	at javafx.graphics@21.0.1/com.sun.javafx.tk.quantum.GlassViewEventHandler.lambda$handleMouseEvent$2(GlassViewEventHandler.java:450)
	at javafx.graphics@21.0.1/com.sun.javafx.tk.quantum.QuantumToolkit.runWithoutRenderLock(QuantumToolkit.java:424)
	at javafx.graphics@21.0.1/com.sun.javafx.tk.quantum.GlassViewEventHandler.handleMouseEvent(GlassViewEventHandler.java:449)
	at javafx.graphics@21.0.1/com.sun.glass.ui.View.handleMouseEvent(View.java:551)
	at javafx.graphics@21.0.1/com.sun.glass.ui.View.notifyMouse(View.java:937)
	at javafx.graphics@21.0.1/com.sun.glass.ui.win.WinApplication._runLoop(Native Method)
	at javafx.graphics@21.0.1/com.sun.glass.ui.win.WinApplication.lambda$runLoop$3(WinApplication.java:185)
	at java.base/java.lang.Thread.run(Thread.java:1583)
2025-10-05 19:54:59 [JavaFX Application Thread] INFO  p.c.app.config.DatabaseConfig - Pool de conexiones cerrado correctamente
2025-10-05 19:54:59 [JavaFX Application Thread] INFO  pe.crediactiva.app.Main - Aplicación CrediActiva cerrada
2025-10-05 20:04:58 [main] INFO  pe.crediactiva.app.Main - Iniciando aplicación CrediActiva Desktop v1.0.0
2025-10-05 20:04:58 [JavaFX Application Thread] INFO  pe.crediactiva.app.Main - Icono no encontrado, continuando sin icono
2025-10-05 20:04:58 [JavaFX Application Thread] INFO  p.c.app.config.DatabaseConfig - Propiedades de base de datos cargadas correctamente
2025-10-05 20:04:58 [JavaFX Application Thread] INFO  p.c.app.config.DatabaseConfig - Pool de conexiones HikariCP inicializado correctamente
2025-10-05 20:04:59 [JavaFX Application Thread] INFO  pe.crediactiva.app.Main - Aplicación CrediActiva iniciada correctamente
2025-10-05 20:05:15 [JavaFX Application Thread] INFO  p.c.app.dao.impl.UsuarioDAOImpl - Usuario autenticado exitosamente: 11111111
2025-10-05 20:05:15 [JavaFX Application Thread] INFO  p.c.a.service.AuthenticationService - Usuario autenticado exitosamente: 11111111 - CLIENTE
2025-10-05 20:05:15 [JavaFX Application Thread] INFO  p.c.app.view.LoginController - Usuario autenticado exitosamente: 11111111
2025-10-05 20:05:15 [JavaFX Application Thread] ERROR p.c.app.dao.impl.PrestamoDAOImpl - Error al buscar préstamos por cliente y estado: 11111111, ACTIVO
java.sql.SQLException: Column 'cliente_nombre' not found.
	at com.mysql.cj.jdbc.exceptions.SQLError.createSQLException(SQLError.java:130)
	at com.mysql.cj.jdbc.exceptions.SQLError.createSQLException(SQLError.java:98)
	at com.mysql.cj.jdbc.exceptions.SQLError.createSQLException(SQLError.java:90)
	at com.mysql.cj.jdbc.exceptions.SQLError.createSQLException(SQLError.java:64)
	at com.mysql.cj.jdbc.result.ResultSetImpl.findColumn(ResultSetImpl.java:584)
	at com.mysql.cj.jdbc.result.ResultSetImpl.getString(ResultSetImpl.java:896)
	at com.zaxxer.hikari.pool.HikariProxyResultSet.getString(HikariProxyResultSet.java)
	at pe.crediactiva.app.dao.impl.PrestamoDAOImpl.mapResultSetToPrestamo(PrestamoDAOImpl.java:522)
	at pe.crediactiva.app.dao.impl.PrestamoDAOImpl.findByClienteAndEstado(PrestamoDAOImpl.java:475)
	at pe.crediactiva.app.service.PrestamoService.obtenerPrestamosActivosPorCliente(PrestamoService.java:399)
	at pe.crediactiva.app.view.cliente.ClienteMainController.cargarEstadisticasResumen(ClienteMainController.java:197)
	at pe.crediactiva.app.view.cliente.ClienteMainController.initialize(ClienteMainController.java:146)
	at java.base/jdk.internal.reflect.DirectMethodHandleAccessor.invoke(DirectMethodHandleAccessor.java:103)
	at java.base/java.lang.reflect.Method.invoke(Method.java:580)
	at com.sun.javafx.reflect.Trampoline.invoke(MethodUtil.java:72)
	at java.base/jdk.internal.reflect.DirectMethodHandleAccessor.invoke(DirectMethodHandleAccessor.java:103)
	at java.base/java.lang.reflect.Method.invoke(Method.java:580)
	at javafx.base@21.0.1/com.sun.javafx.reflect.MethodUtil.invoke(MethodUtil.java:270)
	at javafx.fxml@21.0.1/com.sun.javafx.fxml.MethodHelper.invoke(MethodHelper.java:84)
	at javafx.fxml@21.0.1/javafx.fxml.FXMLLoader.loadImpl(FXMLLoader.java:2688)
	at javafx.fxml@21.0.1/javafx.fxml.FXMLLoader.loadImpl(FXMLLoader.java:2563)
	at javafx.fxml@21.0.1/javafx.fxml.FXMLLoader.load(FXMLLoader.java:2531)
	at pe.crediactiva.app.view.LoginController.redirectToMainScreen(LoginController.java:140)
	at pe.crediactiva.app.view.LoginController.handleLogin(LoginController.java:99)
	at java.base/jdk.internal.reflect.DirectMethodHandleAccessor.invoke(DirectMethodHandleAccessor.java:103)
	at java.base/java.lang.reflect.Method.invoke(Method.java:580)
	at com.sun.javafx.reflect.Trampoline.invoke(MethodUtil.java:72)
	at java.base/jdk.internal.reflect.DirectMethodHandleAccessor.invoke(DirectMethodHandleAccessor.java:103)
	at java.base/java.lang.reflect.Method.invoke(Method.java:580)
	at javafx.base@21.0.1/com.sun.javafx.reflect.MethodUtil.invoke(MethodUtil.java:270)
	at javafx.fxml@21.0.1/com.sun.javafx.fxml.MethodHelper.invoke(MethodHelper.java:84)
	at javafx.fxml@21.0.1/javafx.fxml.FXMLLoader$MethodHandler.invoke(FXMLLoader.java:1855)
	at javafx.fxml@21.0.1/javafx.fxml.FXMLLoader$ControllerMethodEventHandler.handle(FXMLLoader.java:1726)
	at javafx.base@21.0.1/com.sun.javafx.event.CompositeEventHandler.dispatchBubblingEvent(CompositeEventHandler.java:86)
	at javafx.base@21.0.1/com.sun.javafx.event.EventHandlerManager.dispatchBubblingEvent(EventHandlerManager.java:232)
	at javafx.base@21.0.1/com.sun.javafx.event.EventHandlerManager.dispatchBubblingEvent(EventHandlerManager.java:189)
	at javafx.base@21.0.1/com.sun.javafx.event.CompositeEventDispatcher.dispatchBubblingEvent(CompositeEventDispatcher.java:59)
	at javafx.base@21.0.1/com.sun.javafx.event.BasicEventDispatcher.dispatchEvent(BasicEventDispatcher.java:58)
	at javafx.base@21.0.1/com.sun.javafx.event.EventDispatchChainImpl.dispatchEvent(EventDispatchChainImpl.java:114)
	at javafx.base@21.0.1/com.sun.javafx.event.BasicEventDispatcher.dispatchEvent(BasicEventDispatcher.java:56)
	at javafx.base@21.0.1/com.sun.javafx.event.EventDispatchChainImpl.dispatchEvent(EventDispatchChainImpl.java:114)
	at javafx.base@21.0.1/com.sun.javafx.event.BasicEventDispatcher.dispatchEvent(BasicEventDispatcher.java:56)
	at javafx.base@21.0.1/com.sun.javafx.event.EventDispatchChainImpl.dispatchEvent(EventDispatchChainImpl.java:114)
	at javafx.base@21.0.1/com.sun.javafx.event.EventUtil.fireEventImpl(EventUtil.java:74)
	at javafx.base@21.0.1/com.sun.javafx.event.EventUtil.fireEvent(EventUtil.java:49)
	at javafx.base@21.0.1/javafx.event.Event.fireEvent(Event.java:198)
	at javafx.graphics@21.0.1/javafx.scene.Node.fireEvent(Node.java:8875)
	at javafx.controls@21.0.1/javafx.scene.control.Button.fire(Button.java:203)
	at javafx.controls@21.0.1/com.sun.javafx.scene.control.behavior.ButtonBehavior.mouseReleased(ButtonBehavior.java:207)
	at javafx.controls@21.0.1/com.sun.javafx.scene.control.inputmap.InputMap.handle(InputMap.java:274)
	at javafx.base@21.0.1/com.sun.javafx.event.CompositeEventHandler$NormalEventHandlerRecord.handleBubblingEvent(CompositeEventHandler.java:247)
	at javafx.base@21.0.1/com.sun.javafx.event.CompositeEventHandler.dispatchBubblingEvent(CompositeEventHandler.java:80)
	at javafx.base@21.0.1/com.sun.javafx.event.EventHandlerManager.dispatchBubblingEvent(EventHandlerManager.java:232)
	at javafx.base@21.0.1/com.sun.javafx.event.EventHandlerManager.dispatchBubblingEvent(EventHandlerManager.java:189)
	at javafx.base@21.0.1/com.sun.javafx.event.CompositeEventDispatcher.dispatchBubblingEvent(CompositeEventDispatcher.java:59)
	at javafx.base@21.0.1/com.sun.javafx.event.BasicEventDispatcher.dispatchEvent(BasicEventDispatcher.java:58)
	at javafx.base@21.0.1/com.sun.javafx.event.EventDispatchChainImpl.dispatchEvent(EventDispatchChainImpl.java:114)
	at javafx.base@21.0.1/com.sun.javafx.event.BasicEventDispatcher.dispatchEvent(BasicEventDispatcher.java:56)
	at javafx.base@21.0.1/com.sun.javafx.event.EventDispatchChainImpl.dispatchEvent(EventDispatchChainImpl.java:114)
	at javafx.base@21.0.1/com.sun.javafx.event.BasicEventDispatcher.dispatchEvent(BasicEventDispatcher.java:56)
	at javafx.base@21.0.1/com.sun.javafx.event.EventDispatchChainImpl.dispatchEvent(EventDispatchChainImpl.java:114)
	at javafx.base@21.0.1/com.sun.javafx.event.EventUtil.fireEventImpl(EventUtil.java:74)
	at javafx.base@21.0.1/com.sun.javafx.event.EventUtil.fireEvent(EventUtil.java:54)
	at javafx.base@21.0.1/javafx.event.Event.fireEvent(Event.java:198)
	at javafx.graphics@21.0.1/javafx.scene.Scene$MouseHandler.process(Scene.java:3984)
	at javafx.graphics@21.0.1/javafx.scene.Scene.processMouseEvent(Scene.java:1890)
	at javafx.graphics@21.0.1/javafx.scene.Scene$ScenePeerListener.mouseEvent(Scene.java:2708)
	at javafx.graphics@21.0.1/com.sun.javafx.tk.quantum.GlassViewEventHandler$MouseEventNotification.run(GlassViewEventHandler.java:411)
	at javafx.graphics@21.0.1/com.sun.javafx.tk.quantum.GlassViewEventHandler$MouseEventNotification.run(GlassViewEventHandler.java:301)
	at java.base/java.security.AccessController.doPrivileged(AccessController.java:400)
	at javafx.graphics@21.0.1/com.sun.javafx.tk.quantum.GlassViewEventHandler.lambda$handleMouseEvent$2(GlassViewEventHandler.java:450)
	at javafx.graphics@21.0.1/com.sun.javafx.tk.quantum.QuantumToolkit.runWithoutRenderLock(QuantumToolkit.java:424)
	at javafx.graphics@21.0.1/com.sun.javafx.tk.quantum.GlassViewEventHandler.handleMouseEvent(GlassViewEventHandler.java:449)
	at javafx.graphics@21.0.1/com.sun.glass.ui.View.handleMouseEvent(View.java:551)
	at javafx.graphics@21.0.1/com.sun.glass.ui.View.notifyMouse(View.java:937)
	at javafx.graphics@21.0.1/com.sun.glass.ui.win.WinApplication._runLoop(Native Method)
	at javafx.graphics@21.0.1/com.sun.glass.ui.win.WinApplication.lambda$runLoop$3(WinApplication.java:185)
	at java.base/java.lang.Thread.run(Thread.java:1583)
2025-10-05 20:05:15 [JavaFX Application Thread] INFO  p.c.app.view.LoginController - Usuario redirigido a pantalla principal: CLIENTE
2025-10-05 20:05:18 [JavaFX Application Thread] INFO  p.c.a.v.c.PrestamosClienteController - Cargados 1 préstamos para el cliente 11111111
2025-10-05 20:05:20 [JavaFX Application Thread] ERROR p.c.app.dao.impl.PrestamoDAOImpl - Error al buscar préstamos por cliente y estado: 11111111, ACTIVO
java.sql.SQLException: Column 'cliente_nombre' not found.
	at com.mysql.cj.jdbc.exceptions.SQLError.createSQLException(SQLError.java:130)
	at com.mysql.cj.jdbc.exceptions.SQLError.createSQLException(SQLError.java:98)
	at com.mysql.cj.jdbc.exceptions.SQLError.createSQLException(SQLError.java:90)
	at com.mysql.cj.jdbc.exceptions.SQLError.createSQLException(SQLError.java:64)
	at com.mysql.cj.jdbc.result.ResultSetImpl.findColumn(ResultSetImpl.java:584)
	at com.mysql.cj.jdbc.result.ResultSetImpl.getString(ResultSetImpl.java:896)
	at com.zaxxer.hikari.pool.HikariProxyResultSet.getString(HikariProxyResultSet.java)
	at pe.crediactiva.app.dao.impl.PrestamoDAOImpl.mapResultSetToPrestamo(PrestamoDAOImpl.java:522)
	at pe.crediactiva.app.dao.impl.PrestamoDAOImpl.findByClienteAndEstado(PrestamoDAOImpl.java:475)
	at pe.crediactiva.app.service.PrestamoService.obtenerPrestamosActivosPorCliente(PrestamoService.java:399)
	at pe.crediactiva.app.view.cliente.ClienteMainController.cargarEstadisticasResumen(ClienteMainController.java:197)
	at pe.crediactiva.app.view.cliente.ClienteMainController.initialize(ClienteMainController.java:146)
	at java.base/jdk.internal.reflect.DirectMethodHandleAccessor.invoke(DirectMethodHandleAccessor.java:103)
	at java.base/java.lang.reflect.Method.invoke(Method.java:580)
	at com.sun.javafx.reflect.Trampoline.invoke(MethodUtil.java:72)
	at java.base/jdk.internal.reflect.DirectMethodHandleAccessor.invoke(DirectMethodHandleAccessor.java:103)
	at java.base/java.lang.reflect.Method.invoke(Method.java:580)
	at javafx.base@21.0.1/com.sun.javafx.reflect.MethodUtil.invoke(MethodUtil.java:270)
	at javafx.fxml@21.0.1/com.sun.javafx.fxml.MethodHelper.invoke(MethodHelper.java:84)
	at javafx.fxml@21.0.1/javafx.fxml.FXMLLoader.loadImpl(FXMLLoader.java:2688)
	at javafx.fxml@21.0.1/javafx.fxml.FXMLLoader.loadImpl(FXMLLoader.java:2563)
	at javafx.fxml@21.0.1/javafx.fxml.FXMLLoader.load(FXMLLoader.java:2531)
	at pe.crediactiva.app.view.cliente.PrestamosClienteController.handleVolver(PrestamosClienteController.java:283)
	at java.base/jdk.internal.reflect.DirectMethodHandleAccessor.invoke(DirectMethodHandleAccessor.java:103)
	at java.base/java.lang.reflect.Method.invoke(Method.java:580)
	at com.sun.javafx.reflect.Trampoline.invoke(MethodUtil.java:72)
	at java.base/jdk.internal.reflect.DirectMethodHandleAccessor.invoke(DirectMethodHandleAccessor.java:103)
	at java.base/java.lang.reflect.Method.invoke(Method.java:580)
	at javafx.base@21.0.1/com.sun.javafx.reflect.MethodUtil.invoke(MethodUtil.java:270)
	at javafx.fxml@21.0.1/com.sun.javafx.fxml.MethodHelper.invoke(MethodHelper.java:84)
	at javafx.fxml@21.0.1/javafx.fxml.FXMLLoader$MethodHandler.invoke(FXMLLoader.java:1855)
	at javafx.fxml@21.0.1/javafx.fxml.FXMLLoader$ControllerMethodEventHandler.handle(FXMLLoader.java:1726)
	at javafx.base@21.0.1/com.sun.javafx.event.CompositeEventHandler.dispatchBubblingEvent(CompositeEventHandler.java:86)
	at javafx.base@21.0.1/com.sun.javafx.event.EventHandlerManager.dispatchBubblingEvent(EventHandlerManager.java:232)
	at javafx.base@21.0.1/com.sun.javafx.event.EventHandlerManager.dispatchBubblingEvent(EventHandlerManager.java:189)
	at javafx.base@21.0.1/com.sun.javafx.event.CompositeEventDispatcher.dispatchBubblingEvent(CompositeEventDispatcher.java:59)
	at javafx.base@21.0.1/com.sun.javafx.event.BasicEventDispatcher.dispatchEvent(BasicEventDispatcher.java:58)
	at javafx.base@21.0.1/com.sun.javafx.event.EventDispatchChainImpl.dispatchEvent(EventDispatchChainImpl.java:114)
	at javafx.base@21.0.1/com.sun.javafx.event.BasicEventDispatcher.dispatchEvent(BasicEventDispatcher.java:56)
	at javafx.base@21.0.1/com.sun.javafx.event.EventDispatchChainImpl.dispatchEvent(EventDispatchChainImpl.java:114)
	at javafx.base@21.0.1/com.sun.javafx.event.BasicEventDispatcher.dispatchEvent(BasicEventDispatcher.java:56)
	at javafx.base@21.0.1/com.sun.javafx.event.EventDispatchChainImpl.dispatchEvent(EventDispatchChainImpl.java:114)
	at javafx.base@21.0.1/com.sun.javafx.event.EventUtil.fireEventImpl(EventUtil.java:74)
	at javafx.base@21.0.1/com.sun.javafx.event.EventUtil.fireEvent(EventUtil.java:49)
	at javafx.base@21.0.1/javafx.event.Event.fireEvent(Event.java:198)
	at javafx.graphics@21.0.1/javafx.scene.Node.fireEvent(Node.java:8875)
	at javafx.controls@21.0.1/javafx.scene.control.Button.fire(Button.java:203)
	at javafx.controls@21.0.1/com.sun.javafx.scene.control.behavior.ButtonBehavior.mouseReleased(ButtonBehavior.java:207)
	at javafx.controls@21.0.1/com.sun.javafx.scene.control.inputmap.InputMap.handle(InputMap.java:274)
	at javafx.base@21.0.1/com.sun.javafx.event.CompositeEventHandler$NormalEventHandlerRecord.handleBubblingEvent(CompositeEventHandler.java:247)
	at javafx.base@21.0.1/com.sun.javafx.event.CompositeEventHandler.dispatchBubblingEvent(CompositeEventHandler.java:80)
	at javafx.base@21.0.1/com.sun.javafx.event.EventHandlerManager.dispatchBubblingEvent(EventHandlerManager.java:232)
	at javafx.base@21.0.1/com.sun.javafx.event.EventHandlerManager.dispatchBubblingEvent(EventHandlerManager.java:189)
	at javafx.base@21.0.1/com.sun.javafx.event.CompositeEventDispatcher.dispatchBubblingEvent(CompositeEventDispatcher.java:59)
	at javafx.base@21.0.1/com.sun.javafx.event.BasicEventDispatcher.dispatchEvent(BasicEventDispatcher.java:58)
	at javafx.base@21.0.1/com.sun.javafx.event.EventDispatchChainImpl.dispatchEvent(EventDispatchChainImpl.java:114)
	at javafx.base@21.0.1/com.sun.javafx.event.BasicEventDispatcher.dispatchEvent(BasicEventDispatcher.java:56)
	at javafx.base@21.0.1/com.sun.javafx.event.EventDispatchChainImpl.dispatchEvent(EventDispatchChainImpl.java:114)
	at javafx.base@21.0.1/com.sun.javafx.event.BasicEventDispatcher.dispatchEvent(BasicEventDispatcher.java:56)
	at javafx.base@21.0.1/com.sun.javafx.event.EventDispatchChainImpl.dispatchEvent(EventDispatchChainImpl.java:114)
	at javafx.base@21.0.1/com.sun.javafx.event.EventUtil.fireEventImpl(EventUtil.java:74)
	at javafx.base@21.0.1/com.sun.javafx.event.EventUtil.fireEvent(EventUtil.java:54)
	at javafx.base@21.0.1/javafx.event.Event.fireEvent(Event.java:198)
	at javafx.graphics@21.0.1/javafx.scene.Scene$MouseHandler.process(Scene.java:3984)
	at javafx.graphics@21.0.1/javafx.scene.Scene.processMouseEvent(Scene.java:1890)
	at javafx.graphics@21.0.1/javafx.scene.Scene$ScenePeerListener.mouseEvent(Scene.java:2708)
	at javafx.graphics@21.0.1/com.sun.javafx.tk.quantum.GlassViewEventHandler$MouseEventNotification.run(GlassViewEventHandler.java:411)
	at javafx.graphics@21.0.1/com.sun.javafx.tk.quantum.GlassViewEventHandler$MouseEventNotification.run(GlassViewEventHandler.java:301)
	at java.base/java.security.AccessController.doPrivileged(AccessController.java:400)
	at javafx.graphics@21.0.1/com.sun.javafx.tk.quantum.GlassViewEventHandler.lambda$handleMouseEvent$2(GlassViewEventHandler.java:450)
	at javafx.graphics@21.0.1/com.sun.javafx.tk.quantum.QuantumToolkit.runWithoutRenderLock(QuantumToolkit.java:424)
	at javafx.graphics@21.0.1/com.sun.javafx.tk.quantum.GlassViewEventHandler.handleMouseEvent(GlassViewEventHandler.java:449)
	at javafx.graphics@21.0.1/com.sun.glass.ui.View.handleMouseEvent(View.java:551)
	at javafx.graphics@21.0.1/com.sun.glass.ui.View.notifyMouse(View.java:937)
	at javafx.graphics@21.0.1/com.sun.glass.ui.win.WinApplication._runLoop(Native Method)
	at javafx.graphics@21.0.1/com.sun.glass.ui.win.WinApplication.lambda$runLoop$3(WinApplication.java:185)
	at java.base/java.lang.Thread.run(Thread.java:1583)
2025-10-05 20:05:21 [JavaFX Application Thread] INFO  p.c.a.v.c.CronogramasClienteController - Cargado cronograma con 26 cuotas para préstamo 1
2025-10-05 20:05:21 [JavaFX Application Thread] INFO  p.c.a.v.c.CronogramasClienteController - Cargados 1 préstamos para el cliente 11111111
2025-10-05 20:05:23 [JavaFX Application Thread] ERROR p.c.app.dao.impl.PrestamoDAOImpl - Error al buscar préstamos por cliente y estado: 11111111, ACTIVO
java.sql.SQLException: Column 'cliente_nombre' not found.
	at com.mysql.cj.jdbc.exceptions.SQLError.createSQLException(SQLError.java:130)
	at com.mysql.cj.jdbc.exceptions.SQLError.createSQLException(SQLError.java:98)
	at com.mysql.cj.jdbc.exceptions.SQLError.createSQLException(SQLError.java:90)
	at com.mysql.cj.jdbc.exceptions.SQLError.createSQLException(SQLError.java:64)
	at com.mysql.cj.jdbc.result.ResultSetImpl.findColumn(ResultSetImpl.java:584)
	at com.mysql.cj.jdbc.result.ResultSetImpl.getString(ResultSetImpl.java:896)
	at com.zaxxer.hikari.pool.HikariProxyResultSet.getString(HikariProxyResultSet.java)
	at pe.crediactiva.app.dao.impl.PrestamoDAOImpl.mapResultSetToPrestamo(PrestamoDAOImpl.java:522)
	at pe.crediactiva.app.dao.impl.PrestamoDAOImpl.findByClienteAndEstado(PrestamoDAOImpl.java:475)
	at pe.crediactiva.app.service.PrestamoService.obtenerPrestamosActivosPorCliente(PrestamoService.java:399)
	at pe.crediactiva.app.view.cliente.ClienteMainController.cargarEstadisticasResumen(ClienteMainController.java:197)
	at pe.crediactiva.app.view.cliente.ClienteMainController.initialize(ClienteMainController.java:146)
	at java.base/jdk.internal.reflect.DirectMethodHandleAccessor.invoke(DirectMethodHandleAccessor.java:103)
	at java.base/java.lang.reflect.Method.invoke(Method.java:580)
	at com.sun.javafx.reflect.Trampoline.invoke(MethodUtil.java:72)
	at java.base/jdk.internal.reflect.DirectMethodHandleAccessor.invoke(DirectMethodHandleAccessor.java:103)
	at java.base/java.lang.reflect.Method.invoke(Method.java:580)
	at javafx.base@21.0.1/com.sun.javafx.reflect.MethodUtil.invoke(MethodUtil.java:270)
	at javafx.fxml@21.0.1/com.sun.javafx.fxml.MethodHelper.invoke(MethodHelper.java:84)
	at javafx.fxml@21.0.1/javafx.fxml.FXMLLoader.loadImpl(FXMLLoader.java:2688)
	at javafx.fxml@21.0.1/javafx.fxml.FXMLLoader.loadImpl(FXMLLoader.java:2563)
	at javafx.fxml@21.0.1/javafx.fxml.FXMLLoader.load(FXMLLoader.java:2531)
	at pe.crediactiva.app.view.cliente.CronogramasClienteController.handleVolver(CronogramasClienteController.java:389)
	at java.base/jdk.internal.reflect.DirectMethodHandleAccessor.invoke(DirectMethodHandleAccessor.java:103)
	at java.base/java.lang.reflect.Method.invoke(Method.java:580)
	at com.sun.javafx.reflect.Trampoline.invoke(MethodUtil.java:72)
	at java.base/jdk.internal.reflect.DirectMethodHandleAccessor.invoke(DirectMethodHandleAccessor.java:103)
	at java.base/java.lang.reflect.Method.invoke(Method.java:580)
	at javafx.base@21.0.1/com.sun.javafx.reflect.MethodUtil.invoke(MethodUtil.java:270)
	at javafx.fxml@21.0.1/com.sun.javafx.fxml.MethodHelper.invoke(MethodHelper.java:84)
	at javafx.fxml@21.0.1/javafx.fxml.FXMLLoader$MethodHandler.invoke(FXMLLoader.java:1855)
	at javafx.fxml@21.0.1/javafx.fxml.FXMLLoader$ControllerMethodEventHandler.handle(FXMLLoader.java:1726)
	at javafx.base@21.0.1/com.sun.javafx.event.CompositeEventHandler.dispatchBubblingEvent(CompositeEventHandler.java:86)
	at javafx.base@21.0.1/com.sun.javafx.event.EventHandlerManager.dispatchBubblingEvent(EventHandlerManager.java:232)
	at javafx.base@21.0.1/com.sun.javafx.event.EventHandlerManager.dispatchBubblingEvent(EventHandlerManager.java:189)
	at javafx.base@21.0.1/com.sun.javafx.event.CompositeEventDispatcher.dispatchBubblingEvent(CompositeEventDispatcher.java:59)
	at javafx.base@21.0.1/com.sun.javafx.event.BasicEventDispatcher.dispatchEvent(BasicEventDispatcher.java:58)
	at javafx.base@21.0.1/com.sun.javafx.event.EventDispatchChainImpl.dispatchEvent(EventDispatchChainImpl.java:114)
	at javafx.base@21.0.1/com.sun.javafx.event.BasicEventDispatcher.dispatchEvent(BasicEventDispatcher.java:56)
	at javafx.base@21.0.1/com.sun.javafx.event.EventDispatchChainImpl.dispatchEvent(EventDispatchChainImpl.java:114)
	at javafx.base@21.0.1/com.sun.javafx.event.BasicEventDispatcher.dispatchEvent(BasicEventDispatcher.java:56)
	at javafx.base@21.0.1/com.sun.javafx.event.EventDispatchChainImpl.dispatchEvent(EventDispatchChainImpl.java:114)
	at javafx.base@21.0.1/com.sun.javafx.event.EventUtil.fireEventImpl(EventUtil.java:74)
	at javafx.base@21.0.1/com.sun.javafx.event.EventUtil.fireEvent(EventUtil.java:49)
	at javafx.base@21.0.1/javafx.event.Event.fireEvent(Event.java:198)
	at javafx.graphics@21.0.1/javafx.scene.Node.fireEvent(Node.java:8875)
	at javafx.controls@21.0.1/javafx.scene.control.Button.fire(Button.java:203)
	at javafx.controls@21.0.1/com.sun.javafx.scene.control.behavior.ButtonBehavior.mouseReleased(ButtonBehavior.java:207)
	at javafx.controls@21.0.1/com.sun.javafx.scene.control.inputmap.InputMap.handle(InputMap.java:274)
	at javafx.base@21.0.1/com.sun.javafx.event.CompositeEventHandler$NormalEventHandlerRecord.handleBubblingEvent(CompositeEventHandler.java:247)
	at javafx.base@21.0.1/com.sun.javafx.event.CompositeEventHandler.dispatchBubblingEvent(CompositeEventHandler.java:80)
	at javafx.base@21.0.1/com.sun.javafx.event.EventHandlerManager.dispatchBubblingEvent(EventHandlerManager.java:232)
	at javafx.base@21.0.1/com.sun.javafx.event.EventHandlerManager.dispatchBubblingEvent(EventHandlerManager.java:189)
	at javafx.base@21.0.1/com.sun.javafx.event.CompositeEventDispatcher.dispatchBubblingEvent(CompositeEventDispatcher.java:59)
	at javafx.base@21.0.1/com.sun.javafx.event.BasicEventDispatcher.dispatchEvent(BasicEventDispatcher.java:58)
	at javafx.base@21.0.1/com.sun.javafx.event.EventDispatchChainImpl.dispatchEvent(EventDispatchChainImpl.java:114)
	at javafx.base@21.0.1/com.sun.javafx.event.BasicEventDispatcher.dispatchEvent(BasicEventDispatcher.java:56)
	at javafx.base@21.0.1/com.sun.javafx.event.EventDispatchChainImpl.dispatchEvent(EventDispatchChainImpl.java:114)
	at javafx.base@21.0.1/com.sun.javafx.event.BasicEventDispatcher.dispatchEvent(BasicEventDispatcher.java:56)
	at javafx.base@21.0.1/com.sun.javafx.event.EventDispatchChainImpl.dispatchEvent(EventDispatchChainImpl.java:114)
	at javafx.base@21.0.1/com.sun.javafx.event.EventUtil.fireEventImpl(EventUtil.java:74)
	at javafx.base@21.0.1/com.sun.javafx.event.EventUtil.fireEvent(EventUtil.java:54)
	at javafx.base@21.0.1/javafx.event.Event.fireEvent(Event.java:198)
	at javafx.graphics@21.0.1/javafx.scene.Scene$MouseHandler.process(Scene.java:3984)
	at javafx.graphics@21.0.1/javafx.scene.Scene.processMouseEvent(Scene.java:1890)
	at javafx.graphics@21.0.1/javafx.scene.Scene$ScenePeerListener.mouseEvent(Scene.java:2708)
	at javafx.graphics@21.0.1/com.sun.javafx.tk.quantum.GlassViewEventHandler$MouseEventNotification.run(GlassViewEventHandler.java:411)
	at javafx.graphics@21.0.1/com.sun.javafx.tk.quantum.GlassViewEventHandler$MouseEventNotification.run(GlassViewEventHandler.java:301)
	at java.base/java.security.AccessController.doPrivileged(AccessController.java:400)
	at javafx.graphics@21.0.1/com.sun.javafx.tk.quantum.GlassViewEventHandler.lambda$handleMouseEvent$2(GlassViewEventHandler.java:450)
	at javafx.graphics@21.0.1/com.sun.javafx.tk.quantum.QuantumToolkit.runWithoutRenderLock(QuantumToolkit.java:424)
	at javafx.graphics@21.0.1/com.sun.javafx.tk.quantum.GlassViewEventHandler.handleMouseEvent(GlassViewEventHandler.java:449)
	at javafx.graphics@21.0.1/com.sun.glass.ui.View.handleMouseEvent(View.java:551)
	at javafx.graphics@21.0.1/com.sun.glass.ui.View.notifyMouse(View.java:937)
	at javafx.graphics@21.0.1/com.sun.glass.ui.win.WinApplication._runLoop(Native Method)
	at javafx.graphics@21.0.1/com.sun.glass.ui.win.WinApplication.lambda$runLoop$3(WinApplication.java:185)
	at java.base/java.lang.Thread.run(Thread.java:1583)
2025-10-05 20:05:24 [JavaFX Application Thread] INFO  p.c.a.v.c.RecibosClienteController - Pantalla de recibos del cliente inicializada correctamente
2025-10-05 20:06:28 [JavaFX Application Thread] ERROR p.c.app.dao.impl.PrestamoDAOImpl - Error al buscar préstamos por cliente y estado: 11111111, ACTIVO
java.sql.SQLException: Column 'cliente_nombre' not found.
	at com.mysql.cj.jdbc.exceptions.SQLError.createSQLException(SQLError.java:130)
	at com.mysql.cj.jdbc.exceptions.SQLError.createSQLException(SQLError.java:98)
	at com.mysql.cj.jdbc.exceptions.SQLError.createSQLException(SQLError.java:90)
	at com.mysql.cj.jdbc.exceptions.SQLError.createSQLException(SQLError.java:64)
	at com.mysql.cj.jdbc.result.ResultSetImpl.findColumn(ResultSetImpl.java:584)
	at com.mysql.cj.jdbc.result.ResultSetImpl.getString(ResultSetImpl.java:896)
	at com.zaxxer.hikari.pool.HikariProxyResultSet.getString(HikariProxyResultSet.java)
	at pe.crediactiva.app.dao.impl.PrestamoDAOImpl.mapResultSetToPrestamo(PrestamoDAOImpl.java:522)
	at pe.crediactiva.app.dao.impl.PrestamoDAOImpl.findByClienteAndEstado(PrestamoDAOImpl.java:475)
	at pe.crediactiva.app.service.PrestamoService.obtenerPrestamosActivosPorCliente(PrestamoService.java:399)
	at pe.crediactiva.app.view.cliente.ClienteMainController.cargarEstadisticasResumen(ClienteMainController.java:197)
	at pe.crediactiva.app.view.cliente.ClienteMainController.initialize(ClienteMainController.java:146)
	at java.base/jdk.internal.reflect.DirectMethodHandleAccessor.invoke(DirectMethodHandleAccessor.java:103)
	at java.base/java.lang.reflect.Method.invoke(Method.java:580)
	at com.sun.javafx.reflect.Trampoline.invoke(MethodUtil.java:72)
	at java.base/jdk.internal.reflect.DirectMethodHandleAccessor.invoke(DirectMethodHandleAccessor.java:103)
	at java.base/java.lang.reflect.Method.invoke(Method.java:580)
	at javafx.base@21.0.1/com.sun.javafx.reflect.MethodUtil.invoke(MethodUtil.java:270)
	at javafx.fxml@21.0.1/com.sun.javafx.fxml.MethodHelper.invoke(MethodHelper.java:84)
	at javafx.fxml@21.0.1/javafx.fxml.FXMLLoader.loadImpl(FXMLLoader.java:2688)
	at javafx.fxml@21.0.1/javafx.fxml.FXMLLoader.loadImpl(FXMLLoader.java:2563)
	at javafx.fxml@21.0.1/javafx.fxml.FXMLLoader.load(FXMLLoader.java:2531)
	at pe.crediactiva.app.view.cliente.RecibosClienteController.handleVolver(RecibosClienteController.java:376)
	at java.base/jdk.internal.reflect.DirectMethodHandleAccessor.invoke(DirectMethodHandleAccessor.java:103)
	at java.base/java.lang.reflect.Method.invoke(Method.java:580)
	at com.sun.javafx.reflect.Trampoline.invoke(MethodUtil.java:72)
	at java.base/jdk.internal.reflect.DirectMethodHandleAccessor.invoke(DirectMethodHandleAccessor.java:103)
	at java.base/java.lang.reflect.Method.invoke(Method.java:580)
	at javafx.base@21.0.1/com.sun.javafx.reflect.MethodUtil.invoke(MethodUtil.java:270)
	at javafx.fxml@21.0.1/com.sun.javafx.fxml.MethodHelper.invoke(MethodHelper.java:84)
	at javafx.fxml@21.0.1/javafx.fxml.FXMLLoader$MethodHandler.invoke(FXMLLoader.java:1855)
	at javafx.fxml@21.0.1/javafx.fxml.FXMLLoader$ControllerMethodEventHandler.handle(FXMLLoader.java:1726)
	at javafx.base@21.0.1/com.sun.javafx.event.CompositeEventHandler.dispatchBubblingEvent(CompositeEventHandler.java:86)
	at javafx.base@21.0.1/com.sun.javafx.event.EventHandlerManager.dispatchBubblingEvent(EventHandlerManager.java:232)
	at javafx.base@21.0.1/com.sun.javafx.event.EventHandlerManager.dispatchBubblingEvent(EventHandlerManager.java:189)
	at javafx.base@21.0.1/com.sun.javafx.event.CompositeEventDispatcher.dispatchBubblingEvent(CompositeEventDispatcher.java:59)
	at javafx.base@21.0.1/com.sun.javafx.event.BasicEventDispatcher.dispatchEvent(BasicEventDispatcher.java:58)
	at javafx.base@21.0.1/com.sun.javafx.event.EventDispatchChainImpl.dispatchEvent(EventDispatchChainImpl.java:114)
	at javafx.base@21.0.1/com.sun.javafx.event.BasicEventDispatcher.dispatchEvent(BasicEventDispatcher.java:56)
	at javafx.base@21.0.1/com.sun.javafx.event.EventDispatchChainImpl.dispatchEvent(EventDispatchChainImpl.java:114)
	at javafx.base@21.0.1/com.sun.javafx.event.BasicEventDispatcher.dispatchEvent(BasicEventDispatcher.java:56)
	at javafx.base@21.0.1/com.sun.javafx.event.EventDispatchChainImpl.dispatchEvent(EventDispatchChainImpl.java:114)
	at javafx.base@21.0.1/com.sun.javafx.event.EventUtil.fireEventImpl(EventUtil.java:74)
	at javafx.base@21.0.1/com.sun.javafx.event.EventUtil.fireEvent(EventUtil.java:49)
	at javafx.base@21.0.1/javafx.event.Event.fireEvent(Event.java:198)
	at javafx.graphics@21.0.1/javafx.scene.Node.fireEvent(Node.java:8875)
	at javafx.controls@21.0.1/javafx.scene.control.Button.fire(Button.java:203)
	at javafx.controls@21.0.1/com.sun.javafx.scene.control.behavior.ButtonBehavior.mouseReleased(ButtonBehavior.java:207)
	at javafx.controls@21.0.1/com.sun.javafx.scene.control.inputmap.InputMap.handle(InputMap.java:274)
	at javafx.base@21.0.1/com.sun.javafx.event.CompositeEventHandler$NormalEventHandlerRecord.handleBubblingEvent(CompositeEventHandler.java:247)
	at javafx.base@21.0.1/com.sun.javafx.event.CompositeEventHandler.dispatchBubblingEvent(CompositeEventHandler.java:80)
	at javafx.base@21.0.1/com.sun.javafx.event.EventHandlerManager.dispatchBubblingEvent(EventHandlerManager.java:232)
	at javafx.base@21.0.1/com.sun.javafx.event.EventHandlerManager.dispatchBubblingEvent(EventHandlerManager.java:189)
	at javafx.base@21.0.1/com.sun.javafx.event.CompositeEventDispatcher.dispatchBubblingEvent(CompositeEventDispatcher.java:59)
	at javafx.base@21.0.1/com.sun.javafx.event.BasicEventDispatcher.dispatchEvent(BasicEventDispatcher.java:58)
	at javafx.base@21.0.1/com.sun.javafx.event.EventDispatchChainImpl.dispatchEvent(EventDispatchChainImpl.java:114)
	at javafx.base@21.0.1/com.sun.javafx.event.BasicEventDispatcher.dispatchEvent(BasicEventDispatcher.java:56)
	at javafx.base@21.0.1/com.sun.javafx.event.EventDispatchChainImpl.dispatchEvent(EventDispatchChainImpl.java:114)
	at javafx.base@21.0.1/com.sun.javafx.event.BasicEventDispatcher.dispatchEvent(BasicEventDispatcher.java:56)
	at javafx.base@21.0.1/com.sun.javafx.event.EventDispatchChainImpl.dispatchEvent(EventDispatchChainImpl.java:114)
	at javafx.base@21.0.1/com.sun.javafx.event.EventUtil.fireEventImpl(EventUtil.java:74)
	at javafx.base@21.0.1/com.sun.javafx.event.EventUtil.fireEvent(EventUtil.java:54)
	at javafx.base@21.0.1/javafx.event.Event.fireEvent(Event.java:198)
	at javafx.graphics@21.0.1/javafx.scene.Scene$MouseHandler.process(Scene.java:3984)
	at javafx.graphics@21.0.1/javafx.scene.Scene.processMouseEvent(Scene.java:1890)
	at javafx.graphics@21.0.1/javafx.scene.Scene$ScenePeerListener.mouseEvent(Scene.java:2708)
	at javafx.graphics@21.0.1/com.sun.javafx.tk.quantum.GlassViewEventHandler$MouseEventNotification.run(GlassViewEventHandler.java:411)
	at javafx.graphics@21.0.1/com.sun.javafx.tk.quantum.GlassViewEventHandler$MouseEventNotification.run(GlassViewEventHandler.java:301)
	at java.base/java.security.AccessController.doPrivileged(AccessController.java:400)
	at javafx.graphics@21.0.1/com.sun.javafx.tk.quantum.GlassViewEventHandler.lambda$handleMouseEvent$2(GlassViewEventHandler.java:450)
	at javafx.graphics@21.0.1/com.sun.javafx.tk.quantum.QuantumToolkit.runWithoutRenderLock(QuantumToolkit.java:424)
	at javafx.graphics@21.0.1/com.sun.javafx.tk.quantum.GlassViewEventHandler.handleMouseEvent(GlassViewEventHandler.java:449)
	at javafx.graphics@21.0.1/com.sun.glass.ui.View.handleMouseEvent(View.java:551)
	at javafx.graphics@21.0.1/com.sun.glass.ui.View.notifyMouse(View.java:937)
	at javafx.graphics@21.0.1/com.sun.glass.ui.win.WinApplication._runLoop(Native Method)
	at javafx.graphics@21.0.1/com.sun.glass.ui.win.WinApplication.lambda$runLoop$3(WinApplication.java:185)
	at java.base/java.lang.Thread.run(Thread.java:1583)
2025-10-05 20:06:29 [JavaFX Application Thread] ERROR p.c.a.v.c.ClienteMainController - Error al cargar pantalla del simulador
javafx.fxml.LoadException: Missing resource key.
/C:/Users/USER/OneDrive/Escritorio/proyecto_v4.0/target/classes/fxml/cliente/SimuladorClienteView.fxml:49

	at javafx.fxml@21.0.1/javafx.fxml.FXMLLoader.constructLoadException(FXMLLoader.java:2718)
	at javafx.fxml@21.0.1/javafx.fxml.FXMLLoader$Element.resolvePrefixedValue(FXMLLoader.java:425)
	at javafx.fxml@21.0.1/javafx.fxml.FXMLLoader$Element.processValue(FXMLLoader.java:375)
	at javafx.fxml@21.0.1/javafx.fxml.FXMLLoader$Element.processPropertyAttribute(FXMLLoader.java:337)
	at javafx.fxml@21.0.1/javafx.fxml.FXMLLoader$Element.processInstancePropertyAttributes(FXMLLoader.java:248)
	at javafx.fxml@21.0.1/javafx.fxml.FXMLLoader$ValueElement.processEndElement(FXMLLoader.java:780)
	at javafx.fxml@21.0.1/javafx.fxml.FXMLLoader.processEndElement(FXMLLoader.java:2969)
	at javafx.fxml@21.0.1/javafx.fxml.FXMLLoader.loadImpl(FXMLLoader.java:2654)
	at javafx.fxml@21.0.1/javafx.fxml.FXMLLoader.loadImpl(FXMLLoader.java:2563)
	at javafx.fxml@21.0.1/javafx.fxml.FXMLLoader.load(FXMLLoader.java:2531)
	at pe.crediactiva.app.view.cliente.ClienteMainController.handleSimulador(ClienteMainController.java:352)
	at java.base/jdk.internal.reflect.DirectMethodHandleAccessor.invoke(DirectMethodHandleAccessor.java:103)
	at java.base/java.lang.reflect.Method.invoke(Method.java:580)
	at com.sun.javafx.reflect.Trampoline.invoke(MethodUtil.java:72)
	at java.base/jdk.internal.reflect.DirectMethodHandleAccessor.invoke(DirectMethodHandleAccessor.java:103)
	at java.base/java.lang.reflect.Method.invoke(Method.java:580)
	at javafx.base@21.0.1/com.sun.javafx.reflect.MethodUtil.invoke(MethodUtil.java:270)
	at javafx.fxml@21.0.1/com.sun.javafx.fxml.MethodHelper.invoke(MethodHelper.java:84)
	at javafx.fxml@21.0.1/javafx.fxml.FXMLLoader$MethodHandler.invoke(FXMLLoader.java:1855)
	at javafx.fxml@21.0.1/javafx.fxml.FXMLLoader$ControllerMethodEventHandler.handle(FXMLLoader.java:1726)
	at javafx.base@21.0.1/com.sun.javafx.event.CompositeEventHandler.dispatchBubblingEvent(CompositeEventHandler.java:86)
	at javafx.base@21.0.1/com.sun.javafx.event.EventHandlerManager.dispatchBubblingEvent(EventHandlerManager.java:232)
	at javafx.base@21.0.1/com.sun.javafx.event.EventHandlerManager.dispatchBubblingEvent(EventHandlerManager.java:189)
	at javafx.base@21.0.1/com.sun.javafx.event.CompositeEventDispatcher.dispatchBubblingEvent(CompositeEventDispatcher.java:59)
	at javafx.base@21.0.1/com.sun.javafx.event.BasicEventDispatcher.dispatchEvent(BasicEventDispatcher.java:58)
	at javafx.base@21.0.1/com.sun.javafx.event.EventDispatchChainImpl.dispatchEvent(EventDispatchChainImpl.java:114)
	at javafx.base@21.0.1/com.sun.javafx.event.BasicEventDispatcher.dispatchEvent(BasicEventDispatcher.java:56)
	at javafx.base@21.0.1/com.sun.javafx.event.EventDispatchChainImpl.dispatchEvent(EventDispatchChainImpl.java:114)
	at javafx.base@21.0.1/com.sun.javafx.event.BasicEventDispatcher.dispatchEvent(BasicEventDispatcher.java:56)
	at javafx.base@21.0.1/com.sun.javafx.event.EventDispatchChainImpl.dispatchEvent(EventDispatchChainImpl.java:114)
	at javafx.base@21.0.1/com.sun.javafx.event.BasicEventDispatcher.dispatchEvent(BasicEventDispatcher.java:56)
	at javafx.base@21.0.1/com.sun.javafx.event.EventDispatchChainImpl.dispatchEvent(EventDispatchChainImpl.java:114)
	at javafx.base@21.0.1/com.sun.javafx.event.EventUtil.fireEventImpl(EventUtil.java:74)
	at javafx.base@21.0.1/com.sun.javafx.event.EventUtil.fireEvent(EventUtil.java:49)
	at javafx.base@21.0.1/javafx.event.Event.fireEvent(Event.java:198)
	at javafx.graphics@21.0.1/javafx.scene.Node.fireEvent(Node.java:8875)
	at javafx.controls@21.0.1/javafx.scene.control.Button.fire(Button.java:203)
	at javafx.controls@21.0.1/com.sun.javafx.scene.control.behavior.ButtonBehavior.mouseReleased(ButtonBehavior.java:207)
	at javafx.controls@21.0.1/com.sun.javafx.scene.control.inputmap.InputMap.handle(InputMap.java:274)
	at javafx.base@21.0.1/com.sun.javafx.event.CompositeEventHandler$NormalEventHandlerRecord.handleBubblingEvent(CompositeEventHandler.java:247)
	at javafx.base@21.0.1/com.sun.javafx.event.CompositeEventHandler.dispatchBubblingEvent(CompositeEventHandler.java:80)
	at javafx.base@21.0.1/com.sun.javafx.event.EventHandlerManager.dispatchBubblingEvent(EventHandlerManager.java:232)
	at javafx.base@21.0.1/com.sun.javafx.event.EventHandlerManager.dispatchBubblingEvent(EventHandlerManager.java:189)
	at javafx.base@21.0.1/com.sun.javafx.event.CompositeEventDispatcher.dispatchBubblingEvent(CompositeEventDispatcher.java:59)
	at javafx.base@21.0.1/com.sun.javafx.event.BasicEventDispatcher.dispatchEvent(BasicEventDispatcher.java:58)
	at javafx.base@21.0.1/com.sun.javafx.event.EventDispatchChainImpl.dispatchEvent(EventDispatchChainImpl.java:114)
	at javafx.base@21.0.1/com.sun.javafx.event.BasicEventDispatcher.dispatchEvent(BasicEventDispatcher.java:56)
	at javafx.base@21.0.1/com.sun.javafx.event.EventDispatchChainImpl.dispatchEvent(EventDispatchChainImpl.java:114)
	at javafx.base@21.0.1/com.sun.javafx.event.BasicEventDispatcher.dispatchEvent(BasicEventDispatcher.java:56)
	at javafx.base@21.0.1/com.sun.javafx.event.EventDispatchChainImpl.dispatchEvent(EventDispatchChainImpl.java:114)
	at javafx.base@21.0.1/com.sun.javafx.event.BasicEventDispatcher.dispatchEvent(BasicEventDispatcher.java:56)
	at javafx.base@21.0.1/com.sun.javafx.event.EventDispatchChainImpl.dispatchEvent(EventDispatchChainImpl.java:114)
	at javafx.base@21.0.1/com.sun.javafx.event.EventUtil.fireEventImpl(EventUtil.java:74)
	at javafx.base@21.0.1/com.sun.javafx.event.EventUtil.fireEvent(EventUtil.java:54)
	at javafx.base@21.0.1/javafx.event.Event.fireEvent(Event.java:198)
	at javafx.graphics@21.0.1/javafx.scene.Scene$MouseHandler.process(Scene.java:3984)
	at javafx.graphics@21.0.1/javafx.scene.Scene.processMouseEvent(Scene.java:1890)
	at javafx.graphics@21.0.1/javafx.scene.Scene$ScenePeerListener.mouseEvent(Scene.java:2708)
	at javafx.graphics@21.0.1/com.sun.javafx.tk.quantum.GlassViewEventHandler$MouseEventNotification.run(GlassViewEventHandler.java:411)
	at javafx.graphics@21.0.1/com.sun.javafx.tk.quantum.GlassViewEventHandler$MouseEventNotification.run(GlassViewEventHandler.java:301)
	at java.base/java.security.AccessController.doPrivileged(AccessController.java:400)
	at javafx.graphics@21.0.1/com.sun.javafx.tk.quantum.GlassViewEventHandler.lambda$handleMouseEvent$2(GlassViewEventHandler.java:450)
	at javafx.graphics@21.0.1/com.sun.javafx.tk.quantum.QuantumToolkit.runWithoutRenderLock(QuantumToolkit.java:424)
	at javafx.graphics@21.0.1/com.sun.javafx.tk.quantum.GlassViewEventHandler.handleMouseEvent(GlassViewEventHandler.java:449)
	at javafx.graphics@21.0.1/com.sun.glass.ui.View.handleMouseEvent(View.java:551)
	at javafx.graphics@21.0.1/com.sun.glass.ui.View.notifyMouse(View.java:937)
	at javafx.graphics@21.0.1/com.sun.glass.ui.win.WinApplication._runLoop(Native Method)
	at javafx.graphics@21.0.1/com.sun.glass.ui.win.WinApplication.lambda$runLoop$3(WinApplication.java:185)
	at java.base/java.lang.Thread.run(Thread.java:1583)
2025-10-05 20:06:33 [JavaFX Application Thread] INFO  p.c.a.v.c.RecibosClienteController - Pantalla de recibos del cliente inicializada correctamente
2025-10-05 20:06:35 [JavaFX Application Thread] ERROR p.c.app.dao.impl.PrestamoDAOImpl - Error al buscar préstamos por cliente y estado: 11111111, ACTIVO
java.sql.SQLException: Column 'cliente_nombre' not found.
	at com.mysql.cj.jdbc.exceptions.SQLError.createSQLException(SQLError.java:130)
	at com.mysql.cj.jdbc.exceptions.SQLError.createSQLException(SQLError.java:98)
	at com.mysql.cj.jdbc.exceptions.SQLError.createSQLException(SQLError.java:90)
	at com.mysql.cj.jdbc.exceptions.SQLError.createSQLException(SQLError.java:64)
	at com.mysql.cj.jdbc.result.ResultSetImpl.findColumn(ResultSetImpl.java:584)
	at com.mysql.cj.jdbc.result.ResultSetImpl.getString(ResultSetImpl.java:896)
	at com.zaxxer.hikari.pool.HikariProxyResultSet.getString(HikariProxyResultSet.java)
	at pe.crediactiva.app.dao.impl.PrestamoDAOImpl.mapResultSetToPrestamo(PrestamoDAOImpl.java:522)
	at pe.crediactiva.app.dao.impl.PrestamoDAOImpl.findByClienteAndEstado(PrestamoDAOImpl.java:475)
	at pe.crediactiva.app.service.PrestamoService.obtenerPrestamosActivosPorCliente(PrestamoService.java:399)
	at pe.crediactiva.app.view.cliente.ClienteMainController.cargarEstadisticasResumen(ClienteMainController.java:197)
	at pe.crediactiva.app.view.cliente.ClienteMainController.initialize(ClienteMainController.java:146)
	at java.base/jdk.internal.reflect.DirectMethodHandleAccessor.invoke(DirectMethodHandleAccessor.java:103)
	at java.base/java.lang.reflect.Method.invoke(Method.java:580)
	at com.sun.javafx.reflect.Trampoline.invoke(MethodUtil.java:72)
	at java.base/jdk.internal.reflect.DirectMethodHandleAccessor.invoke(DirectMethodHandleAccessor.java:103)
	at java.base/java.lang.reflect.Method.invoke(Method.java:580)
	at javafx.base@21.0.1/com.sun.javafx.reflect.MethodUtil.invoke(MethodUtil.java:270)
	at javafx.fxml@21.0.1/com.sun.javafx.fxml.MethodHelper.invoke(MethodHelper.java:84)
	at javafx.fxml@21.0.1/javafx.fxml.FXMLLoader.loadImpl(FXMLLoader.java:2688)
	at javafx.fxml@21.0.1/javafx.fxml.FXMLLoader.loadImpl(FXMLLoader.java:2563)
	at javafx.fxml@21.0.1/javafx.fxml.FXMLLoader.load(FXMLLoader.java:2531)
	at pe.crediactiva.app.view.cliente.RecibosClienteController.handleVolver(RecibosClienteController.java:376)
	at java.base/jdk.internal.reflect.DirectMethodHandleAccessor.invoke(DirectMethodHandleAccessor.java:103)
	at java.base/java.lang.reflect.Method.invoke(Method.java:580)
	at com.sun.javafx.reflect.Trampoline.invoke(MethodUtil.java:72)
	at java.base/jdk.internal.reflect.DirectMethodHandleAccessor.invoke(DirectMethodHandleAccessor.java:103)
	at java.base/java.lang.reflect.Method.invoke(Method.java:580)
	at javafx.base@21.0.1/com.sun.javafx.reflect.MethodUtil.invoke(MethodUtil.java:270)
	at javafx.fxml@21.0.1/com.sun.javafx.fxml.MethodHelper.invoke(MethodHelper.java:84)
	at javafx.fxml@21.0.1/javafx.fxml.FXMLLoader$MethodHandler.invoke(FXMLLoader.java:1855)
	at javafx.fxml@21.0.1/javafx.fxml.FXMLLoader$ControllerMethodEventHandler.handle(FXMLLoader.java:1726)
	at javafx.base@21.0.1/com.sun.javafx.event.CompositeEventHandler.dispatchBubblingEvent(CompositeEventHandler.java:86)
	at javafx.base@21.0.1/com.sun.javafx.event.EventHandlerManager.dispatchBubblingEvent(EventHandlerManager.java:232)
	at javafx.base@21.0.1/com.sun.javafx.event.EventHandlerManager.dispatchBubblingEvent(EventHandlerManager.java:189)
	at javafx.base@21.0.1/com.sun.javafx.event.CompositeEventDispatcher.dispatchBubblingEvent(CompositeEventDispatcher.java:59)
	at javafx.base@21.0.1/com.sun.javafx.event.BasicEventDispatcher.dispatchEvent(BasicEventDispatcher.java:58)
	at javafx.base@21.0.1/com.sun.javafx.event.EventDispatchChainImpl.dispatchEvent(EventDispatchChainImpl.java:114)
	at javafx.base@21.0.1/com.sun.javafx.event.BasicEventDispatcher.dispatchEvent(BasicEventDispatcher.java:56)
	at javafx.base@21.0.1/com.sun.javafx.event.EventDispatchChainImpl.dispatchEvent(EventDispatchChainImpl.java:114)
	at javafx.base@21.0.1/com.sun.javafx.event.BasicEventDispatcher.dispatchEvent(BasicEventDispatcher.java:56)
	at javafx.base@21.0.1/com.sun.javafx.event.EventDispatchChainImpl.dispatchEvent(EventDispatchChainImpl.java:114)
	at javafx.base@21.0.1/com.sun.javafx.event.EventUtil.fireEventImpl(EventUtil.java:74)
	at javafx.base@21.0.1/com.sun.javafx.event.EventUtil.fireEvent(EventUtil.java:49)
	at javafx.base@21.0.1/javafx.event.Event.fireEvent(Event.java:198)
	at javafx.graphics@21.0.1/javafx.scene.Node.fireEvent(Node.java:8875)
	at javafx.controls@21.0.1/javafx.scene.control.Button.fire(Button.java:203)
	at javafx.controls@21.0.1/com.sun.javafx.scene.control.behavior.ButtonBehavior.mouseReleased(ButtonBehavior.java:207)
	at javafx.controls@21.0.1/com.sun.javafx.scene.control.inputmap.InputMap.handle(InputMap.java:274)
	at javafx.base@21.0.1/com.sun.javafx.event.CompositeEventHandler$NormalEventHandlerRecord.handleBubblingEvent(CompositeEventHandler.java:247)
	at javafx.base@21.0.1/com.sun.javafx.event.CompositeEventHandler.dispatchBubblingEvent(CompositeEventHandler.java:80)
	at javafx.base@21.0.1/com.sun.javafx.event.EventHandlerManager.dispatchBubblingEvent(EventHandlerManager.java:232)
	at javafx.base@21.0.1/com.sun.javafx.event.EventHandlerManager.dispatchBubblingEvent(EventHandlerManager.java:189)
	at javafx.base@21.0.1/com.sun.javafx.event.CompositeEventDispatcher.dispatchBubblingEvent(CompositeEventDispatcher.java:59)
	at javafx.base@21.0.1/com.sun.javafx.event.BasicEventDispatcher.dispatchEvent(BasicEventDispatcher.java:58)
	at javafx.base@21.0.1/com.sun.javafx.event.EventDispatchChainImpl.dispatchEvent(EventDispatchChainImpl.java:114)
	at javafx.base@21.0.1/com.sun.javafx.event.BasicEventDispatcher.dispatchEvent(BasicEventDispatcher.java:56)
	at javafx.base@21.0.1/com.sun.javafx.event.EventDispatchChainImpl.dispatchEvent(EventDispatchChainImpl.java:114)
	at javafx.base@21.0.1/com.sun.javafx.event.BasicEventDispatcher.dispatchEvent(BasicEventDispatcher.java:56)
	at javafx.base@21.0.1/com.sun.javafx.event.EventDispatchChainImpl.dispatchEvent(EventDispatchChainImpl.java:114)
	at javafx.base@21.0.1/com.sun.javafx.event.EventUtil.fireEventImpl(EventUtil.java:74)
	at javafx.base@21.0.1/com.sun.javafx.event.EventUtil.fireEvent(EventUtil.java:54)
	at javafx.base@21.0.1/javafx.event.Event.fireEvent(Event.java:198)
	at javafx.graphics@21.0.1/javafx.scene.Scene$MouseHandler.process(Scene.java:3984)
	at javafx.graphics@21.0.1/javafx.scene.Scene.processMouseEvent(Scene.java:1890)
	at javafx.graphics@21.0.1/javafx.scene.Scene$ScenePeerListener.mouseEvent(Scene.java:2708)
	at javafx.graphics@21.0.1/com.sun.javafx.tk.quantum.GlassViewEventHandler$MouseEventNotification.run(GlassViewEventHandler.java:411)
	at javafx.graphics@21.0.1/com.sun.javafx.tk.quantum.GlassViewEventHandler$MouseEventNotification.run(GlassViewEventHandler.java:301)
	at java.base/java.security.AccessController.doPrivileged(AccessController.java:400)
	at javafx.graphics@21.0.1/com.sun.javafx.tk.quantum.GlassViewEventHandler.lambda$handleMouseEvent$2(GlassViewEventHandler.java:450)
	at javafx.graphics@21.0.1/com.sun.javafx.tk.quantum.QuantumToolkit.runWithoutRenderLock(QuantumToolkit.java:424)
	at javafx.graphics@21.0.1/com.sun.javafx.tk.quantum.GlassViewEventHandler.handleMouseEvent(GlassViewEventHandler.java:449)
	at javafx.graphics@21.0.1/com.sun.glass.ui.View.handleMouseEvent(View.java:551)
	at javafx.graphics@21.0.1/com.sun.glass.ui.View.notifyMouse(View.java:937)
	at javafx.graphics@21.0.1/com.sun.glass.ui.win.WinApplication._runLoop(Native Method)
	at javafx.graphics@21.0.1/com.sun.glass.ui.win.WinApplication.lambda$runLoop$3(WinApplication.java:185)
	at java.base/java.lang.Thread.run(Thread.java:1583)
2025-10-05 20:06:42 [JavaFX Application Thread] ERROR p.c.a.v.c.ClienteMainController - Error al cargar pantalla del simulador
javafx.fxml.LoadException: Missing resource key.
/C:/Users/USER/OneDrive/Escritorio/proyecto_v4.0/target/classes/fxml/cliente/SimuladorClienteView.fxml:49

	at javafx.fxml@21.0.1/javafx.fxml.FXMLLoader.constructLoadException(FXMLLoader.java:2718)
	at javafx.fxml@21.0.1/javafx.fxml.FXMLLoader$Element.resolvePrefixedValue(FXMLLoader.java:425)
	at javafx.fxml@21.0.1/javafx.fxml.FXMLLoader$Element.processValue(FXMLLoader.java:375)
	at javafx.fxml@21.0.1/javafx.fxml.FXMLLoader$Element.processPropertyAttribute(FXMLLoader.java:337)
	at javafx.fxml@21.0.1/javafx.fxml.FXMLLoader$Element.processInstancePropertyAttributes(FXMLLoader.java:248)
	at javafx.fxml@21.0.1/javafx.fxml.FXMLLoader$ValueElement.processEndElement(FXMLLoader.java:780)
	at javafx.fxml@21.0.1/javafx.fxml.FXMLLoader.processEndElement(FXMLLoader.java:2969)
	at javafx.fxml@21.0.1/javafx.fxml.FXMLLoader.loadImpl(FXMLLoader.java:2654)
	at javafx.fxml@21.0.1/javafx.fxml.FXMLLoader.loadImpl(FXMLLoader.java:2563)
	at javafx.fxml@21.0.1/javafx.fxml.FXMLLoader.load(FXMLLoader.java:2531)
	at pe.crediactiva.app.view.cliente.ClienteMainController.handleSimulador(ClienteMainController.java:352)
	at java.base/jdk.internal.reflect.DirectMethodHandleAccessor.invoke(DirectMethodHandleAccessor.java:103)
	at java.base/java.lang.reflect.Method.invoke(Method.java:580)
	at com.sun.javafx.reflect.Trampoline.invoke(MethodUtil.java:72)
	at java.base/jdk.internal.reflect.DirectMethodHandleAccessor.invoke(DirectMethodHandleAccessor.java:103)
	at java.base/java.lang.reflect.Method.invoke(Method.java:580)
	at javafx.base@21.0.1/com.sun.javafx.reflect.MethodUtil.invoke(MethodUtil.java:270)
	at javafx.fxml@21.0.1/com.sun.javafx.fxml.MethodHelper.invoke(MethodHelper.java:84)
	at javafx.fxml@21.0.1/javafx.fxml.FXMLLoader$MethodHandler.invoke(FXMLLoader.java:1855)
	at javafx.fxml@21.0.1/javafx.fxml.FXMLLoader$ControllerMethodEventHandler.handle(FXMLLoader.java:1726)
	at javafx.base@21.0.1/com.sun.javafx.event.CompositeEventHandler.dispatchBubblingEvent(CompositeEventHandler.java:86)
	at javafx.base@21.0.1/com.sun.javafx.event.EventHandlerManager.dispatchBubblingEvent(EventHandlerManager.java:232)
	at javafx.base@21.0.1/com.sun.javafx.event.EventHandlerManager.dispatchBubblingEvent(EventHandlerManager.java:189)
	at javafx.base@21.0.1/com.sun.javafx.event.CompositeEventDispatcher.dispatchBubblingEvent(CompositeEventDispatcher.java:59)
	at javafx.base@21.0.1/com.sun.javafx.event.BasicEventDispatcher.dispatchEvent(BasicEventDispatcher.java:58)
	at javafx.base@21.0.1/com.sun.javafx.event.EventDispatchChainImpl.dispatchEvent(EventDispatchChainImpl.java:114)
	at javafx.base@21.0.1/com.sun.javafx.event.BasicEventDispatcher.dispatchEvent(BasicEventDispatcher.java:56)
	at javafx.base@21.0.1/com.sun.javafx.event.EventDispatchChainImpl.dispatchEvent(EventDispatchChainImpl.java:114)
	at javafx.base@21.0.1/com.sun.javafx.event.BasicEventDispatcher.dispatchEvent(BasicEventDispatcher.java:56)
	at javafx.base@21.0.1/com.sun.javafx.event.EventDispatchChainImpl.dispatchEvent(EventDispatchChainImpl.java:114)
	at javafx.base@21.0.1/com.sun.javafx.event.BasicEventDispatcher.dispatchEvent(BasicEventDispatcher.java:56)
	at javafx.base@21.0.1/com.sun.javafx.event.EventDispatchChainImpl.dispatchEvent(EventDispatchChainImpl.java:114)
	at javafx.base@21.0.1/com.sun.javafx.event.EventUtil.fireEventImpl(EventUtil.java:74)
	at javafx.base@21.0.1/com.sun.javafx.event.EventUtil.fireEvent(EventUtil.java:49)
	at javafx.base@21.0.1/javafx.event.Event.fireEvent(Event.java:198)
	at javafx.graphics@21.0.1/javafx.scene.Node.fireEvent(Node.java:8875)
	at javafx.controls@21.0.1/javafx.scene.control.Button.fire(Button.java:203)
	at javafx.controls@21.0.1/com.sun.javafx.scene.control.behavior.ButtonBehavior.mouseReleased(ButtonBehavior.java:207)
	at javafx.controls@21.0.1/com.sun.javafx.scene.control.inputmap.InputMap.handle(InputMap.java:274)
	at javafx.base@21.0.1/com.sun.javafx.event.CompositeEventHandler$NormalEventHandlerRecord.handleBubblingEvent(CompositeEventHandler.java:247)
	at javafx.base@21.0.1/com.sun.javafx.event.CompositeEventHandler.dispatchBubblingEvent(CompositeEventHandler.java:80)
	at javafx.base@21.0.1/com.sun.javafx.event.EventHandlerManager.dispatchBubblingEvent(EventHandlerManager.java:232)
	at javafx.base@21.0.1/com.sun.javafx.event.EventHandlerManager.dispatchBubblingEvent(EventHandlerManager.java:189)
	at javafx.base@21.0.1/com.sun.javafx.event.CompositeEventDispatcher.dispatchBubblingEvent(CompositeEventDispatcher.java:59)
	at javafx.base@21.0.1/com.sun.javafx.event.BasicEventDispatcher.dispatchEvent(BasicEventDispatcher.java:58)
	at javafx.base@21.0.1/com.sun.javafx.event.EventDispatchChainImpl.dispatchEvent(EventDispatchChainImpl.java:114)
	at javafx.base@21.0.1/com.sun.javafx.event.BasicEventDispatcher.dispatchEvent(BasicEventDispatcher.java:56)
	at javafx.base@21.0.1/com.sun.javafx.event.EventDispatchChainImpl.dispatchEvent(EventDispatchChainImpl.java:114)
	at javafx.base@21.0.1/com.sun.javafx.event.BasicEventDispatcher.dispatchEvent(BasicEventDispatcher.java:56)
	at javafx.base@21.0.1/com.sun.javafx.event.EventDispatchChainImpl.dispatchEvent(EventDispatchChainImpl.java:114)
	at javafx.base@21.0.1/com.sun.javafx.event.BasicEventDispatcher.dispatchEvent(BasicEventDispatcher.java:56)
	at javafx.base@21.0.1/com.sun.javafx.event.EventDispatchChainImpl.dispatchEvent(EventDispatchChainImpl.java:114)
	at javafx.base@21.0.1/com.sun.javafx.event.EventUtil.fireEventImpl(EventUtil.java:74)
	at javafx.base@21.0.1/com.sun.javafx.event.EventUtil.fireEvent(EventUtil.java:54)
	at javafx.base@21.0.1/javafx.event.Event.fireEvent(Event.java:198)
	at javafx.graphics@21.0.1/javafx.scene.Scene$MouseHandler.process(Scene.java:3984)
	at javafx.graphics@21.0.1/javafx.scene.Scene.processMouseEvent(Scene.java:1890)
	at javafx.graphics@21.0.1/javafx.scene.Scene$ScenePeerListener.mouseEvent(Scene.java:2708)
	at javafx.graphics@21.0.1/com.sun.javafx.tk.quantum.GlassViewEventHandler$MouseEventNotification.run(GlassViewEventHandler.java:411)
	at javafx.graphics@21.0.1/com.sun.javafx.tk.quantum.GlassViewEventHandler$MouseEventNotification.run(GlassViewEventHandler.java:301)
	at java.base/java.security.AccessController.doPrivileged(AccessController.java:400)
	at javafx.graphics@21.0.1/com.sun.javafx.tk.quantum.GlassViewEventHandler.lambda$handleMouseEvent$2(GlassViewEventHandler.java:450)
	at javafx.graphics@21.0.1/com.sun.javafx.tk.quantum.QuantumToolkit.runWithoutRenderLock(QuantumToolkit.java:424)
	at javafx.graphics@21.0.1/com.sun.javafx.tk.quantum.GlassViewEventHandler.handleMouseEvent(GlassViewEventHandler.java:449)
	at javafx.graphics@21.0.1/com.sun.glass.ui.View.handleMouseEvent(View.java:551)
	at javafx.graphics@21.0.1/com.sun.glass.ui.View.notifyMouse(View.java:937)
	at javafx.graphics@21.0.1/com.sun.glass.ui.win.WinApplication._runLoop(Native Method)
	at javafx.graphics@21.0.1/com.sun.glass.ui.win.WinApplication.lambda$runLoop$3(WinApplication.java:185)
	at java.base/java.lang.Thread.run(Thread.java:1583)
2025-10-05 20:06:45 [JavaFX Application Thread] INFO  p.c.a.v.c.PrestamosClienteController - Cargados 1 préstamos para el cliente 11111111
2025-10-05 20:06:47 [JavaFX Application Thread] ERROR p.c.app.dao.impl.PrestamoDAOImpl - Error al buscar préstamos por cliente y estado: 11111111, ACTIVO
java.sql.SQLException: Column 'cliente_nombre' not found.
	at com.mysql.cj.jdbc.exceptions.SQLError.createSQLException(SQLError.java:130)
	at com.mysql.cj.jdbc.exceptions.SQLError.createSQLException(SQLError.java:98)
	at com.mysql.cj.jdbc.exceptions.SQLError.createSQLException(SQLError.java:90)
	at com.mysql.cj.jdbc.exceptions.SQLError.createSQLException(SQLError.java:64)
	at com.mysql.cj.jdbc.result.ResultSetImpl.findColumn(ResultSetImpl.java:584)
	at com.mysql.cj.jdbc.result.ResultSetImpl.getString(ResultSetImpl.java:896)
	at com.zaxxer.hikari.pool.HikariProxyResultSet.getString(HikariProxyResultSet.java)
	at pe.crediactiva.app.dao.impl.PrestamoDAOImpl.mapResultSetToPrestamo(PrestamoDAOImpl.java:522)
	at pe.crediactiva.app.dao.impl.PrestamoDAOImpl.findByClienteAndEstado(PrestamoDAOImpl.java:475)
	at pe.crediactiva.app.service.PrestamoService.obtenerPrestamosActivosPorCliente(PrestamoService.java:399)
	at pe.crediactiva.app.view.cliente.ClienteMainController.cargarEstadisticasResumen(ClienteMainController.java:197)
	at pe.crediactiva.app.view.cliente.ClienteMainController.initialize(ClienteMainController.java:146)
	at java.base/jdk.internal.reflect.DirectMethodHandleAccessor.invoke(DirectMethodHandleAccessor.java:103)
	at java.base/java.lang.reflect.Method.invoke(Method.java:580)
	at com.sun.javafx.reflect.Trampoline.invoke(MethodUtil.java:72)
	at java.base/jdk.internal.reflect.DirectMethodHandleAccessor.invoke(DirectMethodHandleAccessor.java:103)
	at java.base/java.lang.reflect.Method.invoke(Method.java:580)
	at javafx.base@21.0.1/com.sun.javafx.reflect.MethodUtil.invoke(MethodUtil.java:270)
	at javafx.fxml@21.0.1/com.sun.javafx.fxml.MethodHelper.invoke(MethodHelper.java:84)
	at javafx.fxml@21.0.1/javafx.fxml.FXMLLoader.loadImpl(FXMLLoader.java:2688)
	at javafx.fxml@21.0.1/javafx.fxml.FXMLLoader.loadImpl(FXMLLoader.java:2563)
	at javafx.fxml@21.0.1/javafx.fxml.FXMLLoader.load(FXMLLoader.java:2531)
	at pe.crediactiva.app.view.cliente.PrestamosClienteController.handleVolver(PrestamosClienteController.java:283)
	at java.base/jdk.internal.reflect.DirectMethodHandleAccessor.invoke(DirectMethodHandleAccessor.java:103)
	at java.base/java.lang.reflect.Method.invoke(Method.java:580)
	at com.sun.javafx.reflect.Trampoline.invoke(MethodUtil.java:72)
	at java.base/jdk.internal.reflect.DirectMethodHandleAccessor.invoke(DirectMethodHandleAccessor.java:103)
	at java.base/java.lang.reflect.Method.invoke(Method.java:580)
	at javafx.base@21.0.1/com.sun.javafx.reflect.MethodUtil.invoke(MethodUtil.java:270)
	at javafx.fxml@21.0.1/com.sun.javafx.fxml.MethodHelper.invoke(MethodHelper.java:84)
	at javafx.fxml@21.0.1/javafx.fxml.FXMLLoader$MethodHandler.invoke(FXMLLoader.java:1855)
	at javafx.fxml@21.0.1/javafx.fxml.FXMLLoader$ControllerMethodEventHandler.handle(FXMLLoader.java:1726)
	at javafx.base@21.0.1/com.sun.javafx.event.CompositeEventHandler.dispatchBubblingEvent(CompositeEventHandler.java:86)
	at javafx.base@21.0.1/com.sun.javafx.event.EventHandlerManager.dispatchBubblingEvent(EventHandlerManager.java:232)
	at javafx.base@21.0.1/com.sun.javafx.event.EventHandlerManager.dispatchBubblingEvent(EventHandlerManager.java:189)
	at javafx.base@21.0.1/com.sun.javafx.event.CompositeEventDispatcher.dispatchBubblingEvent(CompositeEventDispatcher.java:59)
	at javafx.base@21.0.1/com.sun.javafx.event.BasicEventDispatcher.dispatchEvent(BasicEventDispatcher.java:58)
	at javafx.base@21.0.1/com.sun.javafx.event.EventDispatchChainImpl.dispatchEvent(EventDispatchChainImpl.java:114)
	at javafx.base@21.0.1/com.sun.javafx.event.BasicEventDispatcher.dispatchEvent(BasicEventDispatcher.java:56)
	at javafx.base@21.0.1/com.sun.javafx.event.EventDispatchChainImpl.dispatchEvent(EventDispatchChainImpl.java:114)
	at javafx.base@21.0.1/com.sun.javafx.event.BasicEventDispatcher.dispatchEvent(BasicEventDispatcher.java:56)
	at javafx.base@21.0.1/com.sun.javafx.event.EventDispatchChainImpl.dispatchEvent(EventDispatchChainImpl.java:114)
	at javafx.base@21.0.1/com.sun.javafx.event.EventUtil.fireEventImpl(EventUtil.java:74)
	at javafx.base@21.0.1/com.sun.javafx.event.EventUtil.fireEvent(EventUtil.java:49)
	at javafx.base@21.0.1/javafx.event.Event.fireEvent(Event.java:198)
	at javafx.graphics@21.0.1/javafx.scene.Node.fireEvent(Node.java:8875)
	at javafx.controls@21.0.1/javafx.scene.control.Button.fire(Button.java:203)
	at javafx.controls@21.0.1/com.sun.javafx.scene.control.behavior.ButtonBehavior.mouseReleased(ButtonBehavior.java:207)
	at javafx.controls@21.0.1/com.sun.javafx.scene.control.inputmap.InputMap.handle(InputMap.java:274)
	at javafx.base@21.0.1/com.sun.javafx.event.CompositeEventHandler$NormalEventHandlerRecord.handleBubblingEvent(CompositeEventHandler.java:247)
	at javafx.base@21.0.1/com.sun.javafx.event.CompositeEventHandler.dispatchBubblingEvent(CompositeEventHandler.java:80)
	at javafx.base@21.0.1/com.sun.javafx.event.EventHandlerManager.dispatchBubblingEvent(EventHandlerManager.java:232)
	at javafx.base@21.0.1/com.sun.javafx.event.EventHandlerManager.dispatchBubblingEvent(EventHandlerManager.java:189)
	at javafx.base@21.0.1/com.sun.javafx.event.CompositeEventDispatcher.dispatchBubblingEvent(CompositeEventDispatcher.java:59)
	at javafx.base@21.0.1/com.sun.javafx.event.BasicEventDispatcher.dispatchEvent(BasicEventDispatcher.java:58)
	at javafx.base@21.0.1/com.sun.javafx.event.EventDispatchChainImpl.dispatchEvent(EventDispatchChainImpl.java:114)
	at javafx.base@21.0.1/com.sun.javafx.event.BasicEventDispatcher.dispatchEvent(BasicEventDispatcher.java:56)
	at javafx.base@21.0.1/com.sun.javafx.event.EventDispatchChainImpl.dispatchEvent(EventDispatchChainImpl.java:114)
	at javafx.base@21.0.1/com.sun.javafx.event.BasicEventDispatcher.dispatchEvent(BasicEventDispatcher.java:56)
	at javafx.base@21.0.1/com.sun.javafx.event.EventDispatchChainImpl.dispatchEvent(EventDispatchChainImpl.java:114)
	at javafx.base@21.0.1/com.sun.javafx.event.EventUtil.fireEventImpl(EventUtil.java:74)
	at javafx.base@21.0.1/com.sun.javafx.event.EventUtil.fireEvent(EventUtil.java:54)
	at javafx.base@21.0.1/javafx.event.Event.fireEvent(Event.java:198)
	at javafx.graphics@21.0.1/javafx.scene.Scene$MouseHandler.process(Scene.java:3984)
	at javafx.graphics@21.0.1/javafx.scene.Scene.processMouseEvent(Scene.java:1890)
	at javafx.graphics@21.0.1/javafx.scene.Scene$ScenePeerListener.mouseEvent(Scene.java:2708)
	at javafx.graphics@21.0.1/com.sun.javafx.tk.quantum.GlassViewEventHandler$MouseEventNotification.run(GlassViewEventHandler.java:411)
	at javafx.graphics@21.0.1/com.sun.javafx.tk.quantum.GlassViewEventHandler$MouseEventNotification.run(GlassViewEventHandler.java:301)
	at java.base/java.security.AccessController.doPrivileged(AccessController.java:400)
	at javafx.graphics@21.0.1/com.sun.javafx.tk.quantum.GlassViewEventHandler.lambda$handleMouseEvent$2(GlassViewEventHandler.java:450)
	at javafx.graphics@21.0.1/com.sun.javafx.tk.quantum.QuantumToolkit.runWithoutRenderLock(QuantumToolkit.java:424)
	at javafx.graphics@21.0.1/com.sun.javafx.tk.quantum.GlassViewEventHandler.handleMouseEvent(GlassViewEventHandler.java:449)
	at javafx.graphics@21.0.1/com.sun.glass.ui.View.handleMouseEvent(View.java:551)
	at javafx.graphics@21.0.1/com.sun.glass.ui.View.notifyMouse(View.java:937)
	at javafx.graphics@21.0.1/com.sun.glass.ui.win.WinApplication._runLoop(Native Method)
	at javafx.graphics@21.0.1/com.sun.glass.ui.win.WinApplication.lambda$runLoop$3(WinApplication.java:185)
	at java.base/java.lang.Thread.run(Thread.java:1583)
2025-10-05 20:06:48 [JavaFX Application Thread] INFO  p.c.a.v.c.CronogramasClienteController - Cargado cronograma con 26 cuotas para préstamo 1
2025-10-05 20:06:48 [JavaFX Application Thread] INFO  p.c.a.v.c.CronogramasClienteController - Cargados 1 préstamos para el cliente 11111111
2025-10-05 20:06:50 [JavaFX Application Thread] ERROR p.c.app.dao.impl.PrestamoDAOImpl - Error al buscar préstamos por cliente y estado: 11111111, ACTIVO
java.sql.SQLException: Column 'cliente_nombre' not found.
	at com.mysql.cj.jdbc.exceptions.SQLError.createSQLException(SQLError.java:130)
	at com.mysql.cj.jdbc.exceptions.SQLError.createSQLException(SQLError.java:98)
	at com.mysql.cj.jdbc.exceptions.SQLError.createSQLException(SQLError.java:90)
	at com.mysql.cj.jdbc.exceptions.SQLError.createSQLException(SQLError.java:64)
	at com.mysql.cj.jdbc.result.ResultSetImpl.findColumn(ResultSetImpl.java:584)
	at com.mysql.cj.jdbc.result.ResultSetImpl.getString(ResultSetImpl.java:896)
	at com.zaxxer.hikari.pool.HikariProxyResultSet.getString(HikariProxyResultSet.java)
	at pe.crediactiva.app.dao.impl.PrestamoDAOImpl.mapResultSetToPrestamo(PrestamoDAOImpl.java:522)
	at pe.crediactiva.app.dao.impl.PrestamoDAOImpl.findByClienteAndEstado(PrestamoDAOImpl.java:475)
	at pe.crediactiva.app.service.PrestamoService.obtenerPrestamosActivosPorCliente(PrestamoService.java:399)
	at pe.crediactiva.app.view.cliente.ClienteMainController.cargarEstadisticasResumen(ClienteMainController.java:197)
	at pe.crediactiva.app.view.cliente.ClienteMainController.initialize(ClienteMainController.java:146)
	at java.base/jdk.internal.reflect.DirectMethodHandleAccessor.invoke(DirectMethodHandleAccessor.java:103)
	at java.base/java.lang.reflect.Method.invoke(Method.java:580)
	at com.sun.javafx.reflect.Trampoline.invoke(MethodUtil.java:72)
	at java.base/jdk.internal.reflect.DirectMethodHandleAccessor.invoke(DirectMethodHandleAccessor.java:103)
	at java.base/java.lang.reflect.Method.invoke(Method.java:580)
	at javafx.base@21.0.1/com.sun.javafx.reflect.MethodUtil.invoke(MethodUtil.java:270)
	at javafx.fxml@21.0.1/com.sun.javafx.fxml.MethodHelper.invoke(MethodHelper.java:84)
	at javafx.fxml@21.0.1/javafx.fxml.FXMLLoader.loadImpl(FXMLLoader.java:2688)
	at javafx.fxml@21.0.1/javafx.fxml.FXMLLoader.loadImpl(FXMLLoader.java:2563)
	at javafx.fxml@21.0.1/javafx.fxml.FXMLLoader.load(FXMLLoader.java:2531)
	at pe.crediactiva.app.view.cliente.CronogramasClienteController.handleVolver(CronogramasClienteController.java:389)
	at java.base/jdk.internal.reflect.DirectMethodHandleAccessor.invoke(DirectMethodHandleAccessor.java:103)
	at java.base/java.lang.reflect.Method.invoke(Method.java:580)
	at com.sun.javafx.reflect.Trampoline.invoke(MethodUtil.java:72)
	at java.base/jdk.internal.reflect.DirectMethodHandleAccessor.invoke(DirectMethodHandleAccessor.java:103)
	at java.base/java.lang.reflect.Method.invoke(Method.java:580)
	at javafx.base@21.0.1/com.sun.javafx.reflect.MethodUtil.invoke(MethodUtil.java:270)
	at javafx.fxml@21.0.1/com.sun.javafx.fxml.MethodHelper.invoke(MethodHelper.java:84)
	at javafx.fxml@21.0.1/javafx.fxml.FXMLLoader$MethodHandler.invoke(FXMLLoader.java:1855)
	at javafx.fxml@21.0.1/javafx.fxml.FXMLLoader$ControllerMethodEventHandler.handle(FXMLLoader.java:1726)
	at javafx.base@21.0.1/com.sun.javafx.event.CompositeEventHandler.dispatchBubblingEvent(CompositeEventHandler.java:86)
	at javafx.base@21.0.1/com.sun.javafx.event.EventHandlerManager.dispatchBubblingEvent(EventHandlerManager.java:232)
	at javafx.base@21.0.1/com.sun.javafx.event.EventHandlerManager.dispatchBubblingEvent(EventHandlerManager.java:189)
	at javafx.base@21.0.1/com.sun.javafx.event.CompositeEventDispatcher.dispatchBubblingEvent(CompositeEventDispatcher.java:59)
	at javafx.base@21.0.1/com.sun.javafx.event.BasicEventDispatcher.dispatchEvent(BasicEventDispatcher.java:58)
	at javafx.base@21.0.1/com.sun.javafx.event.EventDispatchChainImpl.dispatchEvent(EventDispatchChainImpl.java:114)
	at javafx.base@21.0.1/com.sun.javafx.event.BasicEventDispatcher.dispatchEvent(BasicEventDispatcher.java:56)
	at javafx.base@21.0.1/com.sun.javafx.event.EventDispatchChainImpl.dispatchEvent(EventDispatchChainImpl.java:114)
	at javafx.base@21.0.1/com.sun.javafx.event.BasicEventDispatcher.dispatchEvent(BasicEventDispatcher.java:56)
	at javafx.base@21.0.1/com.sun.javafx.event.EventDispatchChainImpl.dispatchEvent(EventDispatchChainImpl.java:114)
	at javafx.base@21.0.1/com.sun.javafx.event.EventUtil.fireEventImpl(EventUtil.java:74)
	at javafx.base@21.0.1/com.sun.javafx.event.EventUtil.fireEvent(EventUtil.java:49)
	at javafx.base@21.0.1/javafx.event.Event.fireEvent(Event.java:198)
	at javafx.graphics@21.0.1/javafx.scene.Node.fireEvent(Node.java:8875)
	at javafx.controls@21.0.1/javafx.scene.control.Button.fire(Button.java:203)
	at javafx.controls@21.0.1/com.sun.javafx.scene.control.behavior.ButtonBehavior.mouseReleased(ButtonBehavior.java:207)
	at javafx.controls@21.0.1/com.sun.javafx.scene.control.inputmap.InputMap.handle(InputMap.java:274)
	at javafx.base@21.0.1/com.sun.javafx.event.CompositeEventHandler$NormalEventHandlerRecord.handleBubblingEvent(CompositeEventHandler.java:247)
	at javafx.base@21.0.1/com.sun.javafx.event.CompositeEventHandler.dispatchBubblingEvent(CompositeEventHandler.java:80)
	at javafx.base@21.0.1/com.sun.javafx.event.EventHandlerManager.dispatchBubblingEvent(EventHandlerManager.java:232)
	at javafx.base@21.0.1/com.sun.javafx.event.EventHandlerManager.dispatchBubblingEvent(EventHandlerManager.java:189)
	at javafx.base@21.0.1/com.sun.javafx.event.CompositeEventDispatcher.dispatchBubblingEvent(CompositeEventDispatcher.java:59)
	at javafx.base@21.0.1/com.sun.javafx.event.BasicEventDispatcher.dispatchEvent(BasicEventDispatcher.java:58)
	at javafx.base@21.0.1/com.sun.javafx.event.EventDispatchChainImpl.dispatchEvent(EventDispatchChainImpl.java:114)
	at javafx.base@21.0.1/com.sun.javafx.event.BasicEventDispatcher.dispatchEvent(BasicEventDispatcher.java:56)
	at javafx.base@21.0.1/com.sun.javafx.event.EventDispatchChainImpl.dispatchEvent(EventDispatchChainImpl.java:114)
	at javafx.base@21.0.1/com.sun.javafx.event.BasicEventDispatcher.dispatchEvent(BasicEventDispatcher.java:56)
	at javafx.base@21.0.1/com.sun.javafx.event.EventDispatchChainImpl.dispatchEvent(EventDispatchChainImpl.java:114)
	at javafx.base@21.0.1/com.sun.javafx.event.EventUtil.fireEventImpl(EventUtil.java:74)
	at javafx.base@21.0.1/com.sun.javafx.event.EventUtil.fireEvent(EventUtil.java:54)
	at javafx.base@21.0.1/javafx.event.Event.fireEvent(Event.java:198)
	at javafx.graphics@21.0.1/javafx.scene.Scene$MouseHandler.process(Scene.java:3984)
	at javafx.graphics@21.0.1/javafx.scene.Scene.processMouseEvent(Scene.java:1890)
	at javafx.graphics@21.0.1/javafx.scene.Scene$ScenePeerListener.mouseEvent(Scene.java:2708)
	at javafx.graphics@21.0.1/com.sun.javafx.tk.quantum.GlassViewEventHandler$MouseEventNotification.run(GlassViewEventHandler.java:411)
	at javafx.graphics@21.0.1/com.sun.javafx.tk.quantum.GlassViewEventHandler$MouseEventNotification.run(GlassViewEventHandler.java:301)
	at java.base/java.security.AccessController.doPrivileged(AccessController.java:400)
	at javafx.graphics@21.0.1/com.sun.javafx.tk.quantum.GlassViewEventHandler.lambda$handleMouseEvent$2(GlassViewEventHandler.java:450)
	at javafx.graphics@21.0.1/com.sun.javafx.tk.quantum.QuantumToolkit.runWithoutRenderLock(QuantumToolkit.java:424)
	at javafx.graphics@21.0.1/com.sun.javafx.tk.quantum.GlassViewEventHandler.handleMouseEvent(GlassViewEventHandler.java:449)
	at javafx.graphics@21.0.1/com.sun.glass.ui.View.handleMouseEvent(View.java:551)
	at javafx.graphics@21.0.1/com.sun.glass.ui.View.notifyMouse(View.java:937)
	at javafx.graphics@21.0.1/com.sun.glass.ui.win.WinApplication._runLoop(Native Method)
	at javafx.graphics@21.0.1/com.sun.glass.ui.win.WinApplication.lambda$runLoop$3(WinApplication.java:185)
	at java.base/java.lang.Thread.run(Thread.java:1583)
2025-10-05 20:06:51 [JavaFX Application Thread] ERROR p.c.a.v.c.ClienteMainController - Error al cargar pantalla del simulador
javafx.fxml.LoadException: Missing resource key.
/C:/Users/USER/OneDrive/Escritorio/proyecto_v4.0/target/classes/fxml/cliente/SimuladorClienteView.fxml:49

	at javafx.fxml@21.0.1/javafx.fxml.FXMLLoader.constructLoadException(FXMLLoader.java:2718)
	at javafx.fxml@21.0.1/javafx.fxml.FXMLLoader$Element.resolvePrefixedValue(FXMLLoader.java:425)
	at javafx.fxml@21.0.1/javafx.fxml.FXMLLoader$Element.processValue(FXMLLoader.java:375)
	at javafx.fxml@21.0.1/javafx.fxml.FXMLLoader$Element.processPropertyAttribute(FXMLLoader.java:337)
	at javafx.fxml@21.0.1/javafx.fxml.FXMLLoader$Element.processInstancePropertyAttributes(FXMLLoader.java:248)
	at javafx.fxml@21.0.1/javafx.fxml.FXMLLoader$ValueElement.processEndElement(FXMLLoader.java:780)
	at javafx.fxml@21.0.1/javafx.fxml.FXMLLoader.processEndElement(FXMLLoader.java:2969)
	at javafx.fxml@21.0.1/javafx.fxml.FXMLLoader.loadImpl(FXMLLoader.java:2654)
	at javafx.fxml@21.0.1/javafx.fxml.FXMLLoader.loadImpl(FXMLLoader.java:2563)
	at javafx.fxml@21.0.1/javafx.fxml.FXMLLoader.load(FXMLLoader.java:2531)
	at pe.crediactiva.app.view.cliente.ClienteMainController.handleSimulador(ClienteMainController.java:352)
	at pe.crediactiva.app.view.cliente.ClienteMainController.handleSimularCredito(ClienteMainController.java:410)
	at java.base/jdk.internal.reflect.DirectMethodHandleAccessor.invoke(DirectMethodHandleAccessor.java:103)
	at java.base/java.lang.reflect.Method.invoke(Method.java:580)
	at com.sun.javafx.reflect.Trampoline.invoke(MethodUtil.java:72)
	at java.base/jdk.internal.reflect.DirectMethodHandleAccessor.invoke(DirectMethodHandleAccessor.java:103)
	at java.base/java.lang.reflect.Method.invoke(Method.java:580)
	at javafx.base@21.0.1/com.sun.javafx.reflect.MethodUtil.invoke(MethodUtil.java:270)
	at javafx.fxml@21.0.1/com.sun.javafx.fxml.MethodHelper.invoke(MethodHelper.java:84)
	at javafx.fxml@21.0.1/javafx.fxml.FXMLLoader$MethodHandler.invoke(FXMLLoader.java:1855)
	at javafx.fxml@21.0.1/javafx.fxml.FXMLLoader$ControllerMethodEventHandler.handle(FXMLLoader.java:1726)
	at javafx.base@21.0.1/com.sun.javafx.event.CompositeEventHandler.dispatchBubblingEvent(CompositeEventHandler.java:86)
	at javafx.base@21.0.1/com.sun.javafx.event.EventHandlerManager.dispatchBubblingEvent(EventHandlerManager.java:232)
	at javafx.base@21.0.1/com.sun.javafx.event.EventHandlerManager.dispatchBubblingEvent(EventHandlerManager.java:189)
	at javafx.base@21.0.1/com.sun.javafx.event.CompositeEventDispatcher.dispatchBubblingEvent(CompositeEventDispatcher.java:59)
	at javafx.base@21.0.1/com.sun.javafx.event.BasicEventDispatcher.dispatchEvent(BasicEventDispatcher.java:58)
	at javafx.base@21.0.1/com.sun.javafx.event.EventDispatchChainImpl.dispatchEvent(EventDispatchChainImpl.java:114)
	at javafx.base@21.0.1/com.sun.javafx.event.BasicEventDispatcher.dispatchEvent(BasicEventDispatcher.java:56)
	at javafx.base@21.0.1/com.sun.javafx.event.EventDispatchChainImpl.dispatchEvent(EventDispatchChainImpl.java:114)
	at javafx.base@21.0.1/com.sun.javafx.event.BasicEventDispatcher.dispatchEvent(BasicEventDispatcher.java:56)
	at javafx.base@21.0.1/com.sun.javafx.event.EventDispatchChainImpl.dispatchEvent(EventDispatchChainImpl.java:114)
	at javafx.base@21.0.1/com.sun.javafx.event.BasicEventDispatcher.dispatchEvent(BasicEventDispatcher.java:56)
	at javafx.base@21.0.1/com.sun.javafx.event.EventDispatchChainImpl.dispatchEvent(EventDispatchChainImpl.java:114)
	at javafx.base@21.0.1/com.sun.javafx.event.EventUtil.fireEventImpl(EventUtil.java:74)
	at javafx.base@21.0.1/com.sun.javafx.event.EventUtil.fireEvent(EventUtil.java:49)
	at javafx.base@21.0.1/javafx.event.Event.fireEvent(Event.java:198)
	at javafx.graphics@21.0.1/javafx.scene.Node.fireEvent(Node.java:8875)
	at javafx.controls@21.0.1/javafx.scene.control.Button.fire(Button.java:203)
	at javafx.controls@21.0.1/com.sun.javafx.scene.control.behavior.ButtonBehavior.mouseReleased(ButtonBehavior.java:207)
	at javafx.controls@21.0.1/com.sun.javafx.scene.control.inputmap.InputMap.handle(InputMap.java:274)
	at javafx.base@21.0.1/com.sun.javafx.event.CompositeEventHandler$NormalEventHandlerRecord.handleBubblingEvent(CompositeEventHandler.java:247)
	at javafx.base@21.0.1/com.sun.javafx.event.CompositeEventHandler.dispatchBubblingEvent(CompositeEventHandler.java:80)
	at javafx.base@21.0.1/com.sun.javafx.event.EventHandlerManager.dispatchBubblingEvent(EventHandlerManager.java:232)
	at javafx.base@21.0.1/com.sun.javafx.event.EventHandlerManager.dispatchBubblingEvent(EventHandlerManager.java:189)
	at javafx.base@21.0.1/com.sun.javafx.event.CompositeEventDispatcher.dispatchBubblingEvent(CompositeEventDispatcher.java:59)
	at javafx.base@21.0.1/com.sun.javafx.event.BasicEventDispatcher.dispatchEvent(BasicEventDispatcher.java:58)
	at javafx.base@21.0.1/com.sun.javafx.event.EventDispatchChainImpl.dispatchEvent(EventDispatchChainImpl.java:114)
	at javafx.base@21.0.1/com.sun.javafx.event.BasicEventDispatcher.dispatchEvent(BasicEventDispatcher.java:56)
	at javafx.base@21.0.1/com.sun.javafx.event.EventDispatchChainImpl.dispatchEvent(EventDispatchChainImpl.java:114)
	at javafx.base@21.0.1/com.sun.javafx.event.BasicEventDispatcher.dispatchEvent(BasicEventDispatcher.java:56)
	at javafx.base@21.0.1/com.sun.javafx.event.EventDispatchChainImpl.dispatchEvent(EventDispatchChainImpl.java:114)
	at javafx.base@21.0.1/com.sun.javafx.event.BasicEventDispatcher.dispatchEvent(BasicEventDispatcher.java:56)
	at javafx.base@21.0.1/com.sun.javafx.event.EventDispatchChainImpl.dispatchEvent(EventDispatchChainImpl.java:114)
	at javafx.base@21.0.1/com.sun.javafx.event.EventUtil.fireEventImpl(EventUtil.java:74)
	at javafx.base@21.0.1/com.sun.javafx.event.EventUtil.fireEvent(EventUtil.java:54)
	at javafx.base@21.0.1/javafx.event.Event.fireEvent(Event.java:198)
	at javafx.graphics@21.0.1/javafx.scene.Scene$MouseHandler.process(Scene.java:3984)
	at javafx.graphics@21.0.1/javafx.scene.Scene.processMouseEvent(Scene.java:1890)
	at javafx.graphics@21.0.1/javafx.scene.Scene$ScenePeerListener.mouseEvent(Scene.java:2708)
	at javafx.graphics@21.0.1/com.sun.javafx.tk.quantum.GlassViewEventHandler$MouseEventNotification.run(GlassViewEventHandler.java:411)
	at javafx.graphics@21.0.1/com.sun.javafx.tk.quantum.GlassViewEventHandler$MouseEventNotification.run(GlassViewEventHandler.java:301)
	at java.base/java.security.AccessController.doPrivileged(AccessController.java:400)
	at javafx.graphics@21.0.1/com.sun.javafx.tk.quantum.GlassViewEventHandler.lambda$handleMouseEvent$2(GlassViewEventHandler.java:450)
	at javafx.graphics@21.0.1/com.sun.javafx.tk.quantum.QuantumToolkit.runWithoutRenderLock(QuantumToolkit.java:424)
	at javafx.graphics@21.0.1/com.sun.javafx.tk.quantum.GlassViewEventHandler.handleMouseEvent(GlassViewEventHandler.java:449)
	at javafx.graphics@21.0.1/com.sun.glass.ui.View.handleMouseEvent(View.java:551)
	at javafx.graphics@21.0.1/com.sun.glass.ui.View.notifyMouse(View.java:937)
	at javafx.graphics@21.0.1/com.sun.glass.ui.win.WinApplication._runLoop(Native Method)
	at javafx.graphics@21.0.1/com.sun.glass.ui.win.WinApplication.lambda$runLoop$3(WinApplication.java:185)
	at java.base/java.lang.Thread.run(Thread.java:1583)
2025-10-05 20:06:57 [JavaFX Application Thread] INFO  p.c.a.v.c.RecibosClienteController - Pantalla de recibos del cliente inicializada correctamente
2025-10-05 20:06:59 [JavaFX Application Thread] ERROR p.c.app.dao.impl.PrestamoDAOImpl - Error al buscar préstamos por cliente y estado: 11111111, ACTIVO
java.sql.SQLException: Column 'cliente_nombre' not found.
	at com.mysql.cj.jdbc.exceptions.SQLError.createSQLException(SQLError.java:130)
	at com.mysql.cj.jdbc.exceptions.SQLError.createSQLException(SQLError.java:98)
	at com.mysql.cj.jdbc.exceptions.SQLError.createSQLException(SQLError.java:90)
	at com.mysql.cj.jdbc.exceptions.SQLError.createSQLException(SQLError.java:64)
	at com.mysql.cj.jdbc.result.ResultSetImpl.findColumn(ResultSetImpl.java:584)
	at com.mysql.cj.jdbc.result.ResultSetImpl.getString(ResultSetImpl.java:896)
	at com.zaxxer.hikari.pool.HikariProxyResultSet.getString(HikariProxyResultSet.java)
	at pe.crediactiva.app.dao.impl.PrestamoDAOImpl.mapResultSetToPrestamo(PrestamoDAOImpl.java:522)
	at pe.crediactiva.app.dao.impl.PrestamoDAOImpl.findByClienteAndEstado(PrestamoDAOImpl.java:475)
	at pe.crediactiva.app.service.PrestamoService.obtenerPrestamosActivosPorCliente(PrestamoService.java:399)
	at pe.crediactiva.app.view.cliente.ClienteMainController.cargarEstadisticasResumen(ClienteMainController.java:197)
	at pe.crediactiva.app.view.cliente.ClienteMainController.initialize(ClienteMainController.java:146)
	at java.base/jdk.internal.reflect.DirectMethodHandleAccessor.invoke(DirectMethodHandleAccessor.java:103)
	at java.base/java.lang.reflect.Method.invoke(Method.java:580)
	at com.sun.javafx.reflect.Trampoline.invoke(MethodUtil.java:72)
	at java.base/jdk.internal.reflect.DirectMethodHandleAccessor.invoke(DirectMethodHandleAccessor.java:103)
	at java.base/java.lang.reflect.Method.invoke(Method.java:580)
	at javafx.base@21.0.1/com.sun.javafx.reflect.MethodUtil.invoke(MethodUtil.java:270)
	at javafx.fxml@21.0.1/com.sun.javafx.fxml.MethodHelper.invoke(MethodHelper.java:84)
	at javafx.fxml@21.0.1/javafx.fxml.FXMLLoader.loadImpl(FXMLLoader.java:2688)
	at javafx.fxml@21.0.1/javafx.fxml.FXMLLoader.loadImpl(FXMLLoader.java:2563)
	at javafx.fxml@21.0.1/javafx.fxml.FXMLLoader.load(FXMLLoader.java:2531)
	at pe.crediactiva.app.view.cliente.RecibosClienteController.handleVolver(RecibosClienteController.java:376)
	at java.base/jdk.internal.reflect.DirectMethodHandleAccessor.invoke(DirectMethodHandleAccessor.java:103)
	at java.base/java.lang.reflect.Method.invoke(Method.java:580)
	at com.sun.javafx.reflect.Trampoline.invoke(MethodUtil.java:72)
	at java.base/jdk.internal.reflect.DirectMethodHandleAccessor.invoke(DirectMethodHandleAccessor.java:103)
	at java.base/java.lang.reflect.Method.invoke(Method.java:580)
	at javafx.base@21.0.1/com.sun.javafx.reflect.MethodUtil.invoke(MethodUtil.java:270)
	at javafx.fxml@21.0.1/com.sun.javafx.fxml.MethodHelper.invoke(MethodHelper.java:84)
	at javafx.fxml@21.0.1/javafx.fxml.FXMLLoader$MethodHandler.invoke(FXMLLoader.java:1855)
	at javafx.fxml@21.0.1/javafx.fxml.FXMLLoader$ControllerMethodEventHandler.handle(FXMLLoader.java:1726)
	at javafx.base@21.0.1/com.sun.javafx.event.CompositeEventHandler.dispatchBubblingEvent(CompositeEventHandler.java:86)
	at javafx.base@21.0.1/com.sun.javafx.event.EventHandlerManager.dispatchBubblingEvent(EventHandlerManager.java:232)
	at javafx.base@21.0.1/com.sun.javafx.event.EventHandlerManager.dispatchBubblingEvent(EventHandlerManager.java:189)
	at javafx.base@21.0.1/com.sun.javafx.event.CompositeEventDispatcher.dispatchBubblingEvent(CompositeEventDispatcher.java:59)
	at javafx.base@21.0.1/com.sun.javafx.event.BasicEventDispatcher.dispatchEvent(BasicEventDispatcher.java:58)
	at javafx.base@21.0.1/com.sun.javafx.event.EventDispatchChainImpl.dispatchEvent(EventDispatchChainImpl.java:114)
	at javafx.base@21.0.1/com.sun.javafx.event.BasicEventDispatcher.dispatchEvent(BasicEventDispatcher.java:56)
	at javafx.base@21.0.1/com.sun.javafx.event.EventDispatchChainImpl.dispatchEvent(EventDispatchChainImpl.java:114)
	at javafx.base@21.0.1/com.sun.javafx.event.BasicEventDispatcher.dispatchEvent(BasicEventDispatcher.java:56)
	at javafx.base@21.0.1/com.sun.javafx.event.EventDispatchChainImpl.dispatchEvent(EventDispatchChainImpl.java:114)
	at javafx.base@21.0.1/com.sun.javafx.event.EventUtil.fireEventImpl(EventUtil.java:74)
	at javafx.base@21.0.1/com.sun.javafx.event.EventUtil.fireEvent(EventUtil.java:49)
	at javafx.base@21.0.1/javafx.event.Event.fireEvent(Event.java:198)
	at javafx.graphics@21.0.1/javafx.scene.Node.fireEvent(Node.java:8875)
	at javafx.controls@21.0.1/javafx.scene.control.Button.fire(Button.java:203)
	at javafx.controls@21.0.1/com.sun.javafx.scene.control.behavior.ButtonBehavior.mouseReleased(ButtonBehavior.java:207)
	at javafx.controls@21.0.1/com.sun.javafx.scene.control.inputmap.InputMap.handle(InputMap.java:274)
	at javafx.base@21.0.1/com.sun.javafx.event.CompositeEventHandler$NormalEventHandlerRecord.handleBubblingEvent(CompositeEventHandler.java:247)
	at javafx.base@21.0.1/com.sun.javafx.event.CompositeEventHandler.dispatchBubblingEvent(CompositeEventHandler.java:80)
	at javafx.base@21.0.1/com.sun.javafx.event.EventHandlerManager.dispatchBubblingEvent(EventHandlerManager.java:232)
	at javafx.base@21.0.1/com.sun.javafx.event.EventHandlerManager.dispatchBubblingEvent(EventHandlerManager.java:189)
	at javafx.base@21.0.1/com.sun.javafx.event.CompositeEventDispatcher.dispatchBubblingEvent(CompositeEventDispatcher.java:59)
	at javafx.base@21.0.1/com.sun.javafx.event.BasicEventDispatcher.dispatchEvent(BasicEventDispatcher.java:58)
	at javafx.base@21.0.1/com.sun.javafx.event.EventDispatchChainImpl.dispatchEvent(EventDispatchChainImpl.java:114)
	at javafx.base@21.0.1/com.sun.javafx.event.BasicEventDispatcher.dispatchEvent(BasicEventDispatcher.java:56)
	at javafx.base@21.0.1/com.sun.javafx.event.EventDispatchChainImpl.dispatchEvent(EventDispatchChainImpl.java:114)
	at javafx.base@21.0.1/com.sun.javafx.event.BasicEventDispatcher.dispatchEvent(BasicEventDispatcher.java:56)
	at javafx.base@21.0.1/com.sun.javafx.event.EventDispatchChainImpl.dispatchEvent(EventDispatchChainImpl.java:114)
	at javafx.base@21.0.1/com.sun.javafx.event.EventUtil.fireEventImpl(EventUtil.java:74)
	at javafx.base@21.0.1/com.sun.javafx.event.EventUtil.fireEvent(EventUtil.java:54)
	at javafx.base@21.0.1/javafx.event.Event.fireEvent(Event.java:198)
	at javafx.graphics@21.0.1/javafx.scene.Scene$MouseHandler.process(Scene.java:3984)
	at javafx.graphics@21.0.1/javafx.scene.Scene.processMouseEvent(Scene.java:1890)
	at javafx.graphics@21.0.1/javafx.scene.Scene$ScenePeerListener.mouseEvent(Scene.java:2708)
	at javafx.graphics@21.0.1/com.sun.javafx.tk.quantum.GlassViewEventHandler$MouseEventNotification.run(GlassViewEventHandler.java:411)
	at javafx.graphics@21.0.1/com.sun.javafx.tk.quantum.GlassViewEventHandler$MouseEventNotification.run(GlassViewEventHandler.java:301)
	at java.base/java.security.AccessController.doPrivileged(AccessController.java:400)
	at javafx.graphics@21.0.1/com.sun.javafx.tk.quantum.GlassViewEventHandler.lambda$handleMouseEvent$2(GlassViewEventHandler.java:450)
	at javafx.graphics@21.0.1/com.sun.javafx.tk.quantum.QuantumToolkit.runWithoutRenderLock(QuantumToolkit.java:424)
	at javafx.graphics@21.0.1/com.sun.javafx.tk.quantum.GlassViewEventHandler.handleMouseEvent(GlassViewEventHandler.java:449)
	at javafx.graphics@21.0.1/com.sun.glass.ui.View.handleMouseEvent(View.java:551)
	at javafx.graphics@21.0.1/com.sun.glass.ui.View.notifyMouse(View.java:937)
	at javafx.graphics@21.0.1/com.sun.glass.ui.win.WinApplication._runLoop(Native Method)
	at javafx.graphics@21.0.1/com.sun.glass.ui.win.WinApplication.lambda$runLoop$3(WinApplication.java:185)
	at java.base/java.lang.Thread.run(Thread.java:1583)
2025-10-05 20:07:08 [JavaFX Application Thread] ERROR p.c.a.v.c.ClienteMainController - Error al cargar pantalla del simulador
javafx.fxml.LoadException: Missing resource key.
/C:/Users/USER/OneDrive/Escritorio/proyecto_v4.0/target/classes/fxml/cliente/SimuladorClienteView.fxml:49

	at javafx.fxml@21.0.1/javafx.fxml.FXMLLoader.constructLoadException(FXMLLoader.java:2718)
	at javafx.fxml@21.0.1/javafx.fxml.FXMLLoader$Element.resolvePrefixedValue(FXMLLoader.java:425)
	at javafx.fxml@21.0.1/javafx.fxml.FXMLLoader$Element.processValue(FXMLLoader.java:375)
	at javafx.fxml@21.0.1/javafx.fxml.FXMLLoader$Element.processPropertyAttribute(FXMLLoader.java:337)
	at javafx.fxml@21.0.1/javafx.fxml.FXMLLoader$Element.processInstancePropertyAttributes(FXMLLoader.java:248)
	at javafx.fxml@21.0.1/javafx.fxml.FXMLLoader$ValueElement.processEndElement(FXMLLoader.java:780)
	at javafx.fxml@21.0.1/javafx.fxml.FXMLLoader.processEndElement(FXMLLoader.java:2969)
	at javafx.fxml@21.0.1/javafx.fxml.FXMLLoader.loadImpl(FXMLLoader.java:2654)
	at javafx.fxml@21.0.1/javafx.fxml.FXMLLoader.loadImpl(FXMLLoader.java:2563)
	at javafx.fxml@21.0.1/javafx.fxml.FXMLLoader.load(FXMLLoader.java:2531)
	at pe.crediactiva.app.view.cliente.ClienteMainController.handleSimulador(ClienteMainController.java:352)
	at java.base/jdk.internal.reflect.DirectMethodHandleAccessor.invoke(DirectMethodHandleAccessor.java:103)
	at java.base/java.lang.reflect.Method.invoke(Method.java:580)
	at com.sun.javafx.reflect.Trampoline.invoke(MethodUtil.java:72)
	at java.base/jdk.internal.reflect.DirectMethodHandleAccessor.invoke(DirectMethodHandleAccessor.java:103)
	at java.base/java.lang.reflect.Method.invoke(Method.java:580)
	at javafx.base@21.0.1/com.sun.javafx.reflect.MethodUtil.invoke(MethodUtil.java:270)
	at javafx.fxml@21.0.1/com.sun.javafx.fxml.MethodHelper.invoke(MethodHelper.java:84)
	at javafx.fxml@21.0.1/javafx.fxml.FXMLLoader$MethodHandler.invoke(FXMLLoader.java:1855)
	at javafx.fxml@21.0.1/javafx.fxml.FXMLLoader$ControllerMethodEventHandler.handle(FXMLLoader.java:1726)
	at javafx.base@21.0.1/com.sun.javafx.event.CompositeEventHandler.dispatchBubblingEvent(CompositeEventHandler.java:86)
	at javafx.base@21.0.1/com.sun.javafx.event.EventHandlerManager.dispatchBubblingEvent(EventHandlerManager.java:232)
	at javafx.base@21.0.1/com.sun.javafx.event.EventHandlerManager.dispatchBubblingEvent(EventHandlerManager.java:189)
	at javafx.base@21.0.1/com.sun.javafx.event.CompositeEventDispatcher.dispatchBubblingEvent(CompositeEventDispatcher.java:59)
	at javafx.base@21.0.1/com.sun.javafx.event.BasicEventDispatcher.dispatchEvent(BasicEventDispatcher.java:58)
	at javafx.base@21.0.1/com.sun.javafx.event.EventDispatchChainImpl.dispatchEvent(EventDispatchChainImpl.java:114)
	at javafx.base@21.0.1/com.sun.javafx.event.BasicEventDispatcher.dispatchEvent(BasicEventDispatcher.java:56)
	at javafx.base@21.0.1/com.sun.javafx.event.EventDispatchChainImpl.dispatchEvent(EventDispatchChainImpl.java:114)
	at javafx.base@21.0.1/com.sun.javafx.event.BasicEventDispatcher.dispatchEvent(BasicEventDispatcher.java:56)
	at javafx.base@21.0.1/com.sun.javafx.event.EventDispatchChainImpl.dispatchEvent(EventDispatchChainImpl.java:114)
	at javafx.base@21.0.1/com.sun.javafx.event.BasicEventDispatcher.dispatchEvent(BasicEventDispatcher.java:56)
	at javafx.base@21.0.1/com.sun.javafx.event.EventDispatchChainImpl.dispatchEvent(EventDispatchChainImpl.java:114)
	at javafx.base@21.0.1/com.sun.javafx.event.EventUtil.fireEventImpl(EventUtil.java:74)
	at javafx.base@21.0.1/com.sun.javafx.event.EventUtil.fireEvent(EventUtil.java:49)
	at javafx.base@21.0.1/javafx.event.Event.fireEvent(Event.java:198)
	at javafx.graphics@21.0.1/javafx.scene.Node.fireEvent(Node.java:8875)
	at javafx.controls@21.0.1/javafx.scene.control.Button.fire(Button.java:203)
	at javafx.controls@21.0.1/com.sun.javafx.scene.control.behavior.ButtonBehavior.mouseReleased(ButtonBehavior.java:207)
	at javafx.controls@21.0.1/com.sun.javafx.scene.control.inputmap.InputMap.handle(InputMap.java:274)
	at javafx.base@21.0.1/com.sun.javafx.event.CompositeEventHandler$NormalEventHandlerRecord.handleBubblingEvent(CompositeEventHandler.java:247)
	at javafx.base@21.0.1/com.sun.javafx.event.CompositeEventHandler.dispatchBubblingEvent(CompositeEventHandler.java:80)
	at javafx.base@21.0.1/com.sun.javafx.event.EventHandlerManager.dispatchBubblingEvent(EventHandlerManager.java:232)
	at javafx.base@21.0.1/com.sun.javafx.event.EventHandlerManager.dispatchBubblingEvent(EventHandlerManager.java:189)
	at javafx.base@21.0.1/com.sun.javafx.event.CompositeEventDispatcher.dispatchBubblingEvent(CompositeEventDispatcher.java:59)
	at javafx.base@21.0.1/com.sun.javafx.event.BasicEventDispatcher.dispatchEvent(BasicEventDispatcher.java:58)
	at javafx.base@21.0.1/com.sun.javafx.event.EventDispatchChainImpl.dispatchEvent(EventDispatchChainImpl.java:114)
	at javafx.base@21.0.1/com.sun.javafx.event.BasicEventDispatcher.dispatchEvent(BasicEventDispatcher.java:56)
	at javafx.base@21.0.1/com.sun.javafx.event.EventDispatchChainImpl.dispatchEvent(EventDispatchChainImpl.java:114)
	at javafx.base@21.0.1/com.sun.javafx.event.BasicEventDispatcher.dispatchEvent(BasicEventDispatcher.java:56)
	at javafx.base@21.0.1/com.sun.javafx.event.EventDispatchChainImpl.dispatchEvent(EventDispatchChainImpl.java:114)
	at javafx.base@21.0.1/com.sun.javafx.event.BasicEventDispatcher.dispatchEvent(BasicEventDispatcher.java:56)
	at javafx.base@21.0.1/com.sun.javafx.event.EventDispatchChainImpl.dispatchEvent(EventDispatchChainImpl.java:114)
	at javafx.base@21.0.1/com.sun.javafx.event.EventUtil.fireEventImpl(EventUtil.java:74)
	at javafx.base@21.0.1/com.sun.javafx.event.EventUtil.fireEvent(EventUtil.java:54)
	at javafx.base@21.0.1/javafx.event.Event.fireEvent(Event.java:198)
	at javafx.graphics@21.0.1/javafx.scene.Scene$MouseHandler.process(Scene.java:3984)
	at javafx.graphics@21.0.1/javafx.scene.Scene.processMouseEvent(Scene.java:1890)
	at javafx.graphics@21.0.1/javafx.scene.Scene$ScenePeerListener.mouseEvent(Scene.java:2708)
	at javafx.graphics@21.0.1/com.sun.javafx.tk.quantum.GlassViewEventHandler$MouseEventNotification.run(GlassViewEventHandler.java:411)
	at javafx.graphics@21.0.1/com.sun.javafx.tk.quantum.GlassViewEventHandler$MouseEventNotification.run(GlassViewEventHandler.java:301)
	at java.base/java.security.AccessController.doPrivileged(AccessController.java:400)
	at javafx.graphics@21.0.1/com.sun.javafx.tk.quantum.GlassViewEventHandler.lambda$handleMouseEvent$2(GlassViewEventHandler.java:450)
	at javafx.graphics@21.0.1/com.sun.javafx.tk.quantum.QuantumToolkit.runWithoutRenderLock(QuantumToolkit.java:424)
	at javafx.graphics@21.0.1/com.sun.javafx.tk.quantum.GlassViewEventHandler.handleMouseEvent(GlassViewEventHandler.java:449)
	at javafx.graphics@21.0.1/com.sun.glass.ui.View.handleMouseEvent(View.java:551)
	at javafx.graphics@21.0.1/com.sun.glass.ui.View.notifyMouse(View.java:937)
	at javafx.graphics@21.0.1/com.sun.glass.ui.win.WinApplication._runLoop(Native Method)
	at javafx.graphics@21.0.1/com.sun.glass.ui.win.WinApplication.lambda$runLoop$3(WinApplication.java:185)
	at java.base/java.lang.Thread.run(Thread.java:1583)
2025-10-05 20:07:18 [JavaFX Application Thread] ERROR p.c.a.v.c.ClienteMainController - Error al cargar pantalla del simulador
javafx.fxml.LoadException: Missing resource key.
/C:/Users/USER/OneDrive/Escritorio/proyecto_v4.0/target/classes/fxml/cliente/SimuladorClienteView.fxml:49

	at javafx.fxml@21.0.1/javafx.fxml.FXMLLoader.constructLoadException(FXMLLoader.java:2718)
	at javafx.fxml@21.0.1/javafx.fxml.FXMLLoader$Element.resolvePrefixedValue(FXMLLoader.java:425)
	at javafx.fxml@21.0.1/javafx.fxml.FXMLLoader$Element.processValue(FXMLLoader.java:375)
	at javafx.fxml@21.0.1/javafx.fxml.FXMLLoader$Element.processPropertyAttribute(FXMLLoader.java:337)
	at javafx.fxml@21.0.1/javafx.fxml.FXMLLoader$Element.processInstancePropertyAttributes(FXMLLoader.java:248)
	at javafx.fxml@21.0.1/javafx.fxml.FXMLLoader$ValueElement.processEndElement(FXMLLoader.java:780)
	at javafx.fxml@21.0.1/javafx.fxml.FXMLLoader.processEndElement(FXMLLoader.java:2969)
	at javafx.fxml@21.0.1/javafx.fxml.FXMLLoader.loadImpl(FXMLLoader.java:2654)
	at javafx.fxml@21.0.1/javafx.fxml.FXMLLoader.loadImpl(FXMLLoader.java:2563)
	at javafx.fxml@21.0.1/javafx.fxml.FXMLLoader.load(FXMLLoader.java:2531)
	at pe.crediactiva.app.view.cliente.ClienteMainController.handleSimulador(ClienteMainController.java:352)
	at java.base/jdk.internal.reflect.DirectMethodHandleAccessor.invoke(DirectMethodHandleAccessor.java:103)
	at java.base/java.lang.reflect.Method.invoke(Method.java:580)
	at com.sun.javafx.reflect.Trampoline.invoke(MethodUtil.java:72)
	at java.base/jdk.internal.reflect.DirectMethodHandleAccessor.invoke(DirectMethodHandleAccessor.java:103)
	at java.base/java.lang.reflect.Method.invoke(Method.java:580)
	at javafx.base@21.0.1/com.sun.javafx.reflect.MethodUtil.invoke(MethodUtil.java:270)
	at javafx.fxml@21.0.1/com.sun.javafx.fxml.MethodHelper.invoke(MethodHelper.java:84)
	at javafx.fxml@21.0.1/javafx.fxml.FXMLLoader$MethodHandler.invoke(FXMLLoader.java:1855)
	at javafx.fxml@21.0.1/javafx.fxml.FXMLLoader$ControllerMethodEventHandler.handle(FXMLLoader.java:1726)
	at javafx.base@21.0.1/com.sun.javafx.event.CompositeEventHandler.dispatchBubblingEvent(CompositeEventHandler.java:86)
	at javafx.base@21.0.1/com.sun.javafx.event.EventHandlerManager.dispatchBubblingEvent(EventHandlerManager.java:232)
	at javafx.base@21.0.1/com.sun.javafx.event.EventHandlerManager.dispatchBubblingEvent(EventHandlerManager.java:189)
	at javafx.base@21.0.1/com.sun.javafx.event.CompositeEventDispatcher.dispatchBubblingEvent(CompositeEventDispatcher.java:59)
	at javafx.base@21.0.1/com.sun.javafx.event.BasicEventDispatcher.dispatchEvent(BasicEventDispatcher.java:58)
	at javafx.base@21.0.1/com.sun.javafx.event.EventDispatchChainImpl.dispatchEvent(EventDispatchChainImpl.java:114)
	at javafx.base@21.0.1/com.sun.javafx.event.BasicEventDispatcher.dispatchEvent(BasicEventDispatcher.java:56)
	at javafx.base@21.0.1/com.sun.javafx.event.EventDispatchChainImpl.dispatchEvent(EventDispatchChainImpl.java:114)
	at javafx.base@21.0.1/com.sun.javafx.event.BasicEventDispatcher.dispatchEvent(BasicEventDispatcher.java:56)
	at javafx.base@21.0.1/com.sun.javafx.event.EventDispatchChainImpl.dispatchEvent(EventDispatchChainImpl.java:114)
	at javafx.base@21.0.1/com.sun.javafx.event.BasicEventDispatcher.dispatchEvent(BasicEventDispatcher.java:56)
	at javafx.base@21.0.1/com.sun.javafx.event.EventDispatchChainImpl.dispatchEvent(EventDispatchChainImpl.java:114)
	at javafx.base@21.0.1/com.sun.javafx.event.EventUtil.fireEventImpl(EventUtil.java:74)
	at javafx.base@21.0.1/com.sun.javafx.event.EventUtil.fireEvent(EventUtil.java:49)
	at javafx.base@21.0.1/javafx.event.Event.fireEvent(Event.java:198)
	at javafx.graphics@21.0.1/javafx.scene.Node.fireEvent(Node.java:8875)
	at javafx.controls@21.0.1/javafx.scene.control.Button.fire(Button.java:203)
	at javafx.controls@21.0.1/com.sun.javafx.scene.control.behavior.ButtonBehavior.mouseReleased(ButtonBehavior.java:207)
	at javafx.controls@21.0.1/com.sun.javafx.scene.control.inputmap.InputMap.handle(InputMap.java:274)
	at javafx.base@21.0.1/com.sun.javafx.event.CompositeEventHandler$NormalEventHandlerRecord.handleBubblingEvent(CompositeEventHandler.java:247)
	at javafx.base@21.0.1/com.sun.javafx.event.CompositeEventHandler.dispatchBubblingEvent(CompositeEventHandler.java:80)
	at javafx.base@21.0.1/com.sun.javafx.event.EventHandlerManager.dispatchBubblingEvent(EventHandlerManager.java:232)
	at javafx.base@21.0.1/com.sun.javafx.event.EventHandlerManager.dispatchBubblingEvent(EventHandlerManager.java:189)
	at javafx.base@21.0.1/com.sun.javafx.event.CompositeEventDispatcher.dispatchBubblingEvent(CompositeEventDispatcher.java:59)
	at javafx.base@21.0.1/com.sun.javafx.event.BasicEventDispatcher.dispatchEvent(BasicEventDispatcher.java:58)
	at javafx.base@21.0.1/com.sun.javafx.event.EventDispatchChainImpl.dispatchEvent(EventDispatchChainImpl.java:114)
	at javafx.base@21.0.1/com.sun.javafx.event.BasicEventDispatcher.dispatchEvent(BasicEventDispatcher.java:56)
	at javafx.base@21.0.1/com.sun.javafx.event.EventDispatchChainImpl.dispatchEvent(EventDispatchChainImpl.java:114)
	at javafx.base@21.0.1/com.sun.javafx.event.BasicEventDispatcher.dispatchEvent(BasicEventDispatcher.java:56)
	at javafx.base@21.0.1/com.sun.javafx.event.EventDispatchChainImpl.dispatchEvent(EventDispatchChainImpl.java:114)
	at javafx.base@21.0.1/com.sun.javafx.event.BasicEventDispatcher.dispatchEvent(BasicEventDispatcher.java:56)
	at javafx.base@21.0.1/com.sun.javafx.event.EventDispatchChainImpl.dispatchEvent(EventDispatchChainImpl.java:114)
	at javafx.base@21.0.1/com.sun.javafx.event.EventUtil.fireEventImpl(EventUtil.java:74)
	at javafx.base@21.0.1/com.sun.javafx.event.EventUtil.fireEvent(EventUtil.java:54)
	at javafx.base@21.0.1/javafx.event.Event.fireEvent(Event.java:198)
	at javafx.graphics@21.0.1/javafx.scene.Scene$MouseHandler.process(Scene.java:3984)
	at javafx.graphics@21.0.1/javafx.scene.Scene.processMouseEvent(Scene.java:1890)
	at javafx.graphics@21.0.1/javafx.scene.Scene$ScenePeerListener.mouseEvent(Scene.java:2708)
	at javafx.graphics@21.0.1/com.sun.javafx.tk.quantum.GlassViewEventHandler$MouseEventNotification.run(GlassViewEventHandler.java:411)
	at javafx.graphics@21.0.1/com.sun.javafx.tk.quantum.GlassViewEventHandler$MouseEventNotification.run(GlassViewEventHandler.java:301)
	at java.base/java.security.AccessController.doPrivileged(AccessController.java:400)
	at javafx.graphics@21.0.1/com.sun.javafx.tk.quantum.GlassViewEventHandler.lambda$handleMouseEvent$2(GlassViewEventHandler.java:450)
	at javafx.graphics@21.0.1/com.sun.javafx.tk.quantum.QuantumToolkit.runWithoutRenderLock(QuantumToolkit.java:424)
	at javafx.graphics@21.0.1/com.sun.javafx.tk.quantum.GlassViewEventHandler.handleMouseEvent(GlassViewEventHandler.java:449)
	at javafx.graphics@21.0.1/com.sun.glass.ui.View.handleMouseEvent(View.java:551)
	at javafx.graphics@21.0.1/com.sun.glass.ui.View.notifyMouse(View.java:937)
	at javafx.graphics@21.0.1/com.sun.glass.ui.win.WinApplication._runLoop(Native Method)
	at javafx.graphics@21.0.1/com.sun.glass.ui.win.WinApplication.lambda$runLoop$3(WinApplication.java:185)
	at java.base/java.lang.Thread.run(Thread.java:1583)
2025-10-05 20:07:21 [JavaFX Application Thread] INFO  p.c.app.config.DatabaseConfig - Pool de conexiones cerrado correctamente
2025-10-05 20:07:21 [JavaFX Application Thread] INFO  pe.crediactiva.app.Main - Aplicación CrediActiva cerrada
2025-10-05 20:08:31 [main] INFO  pe.crediactiva.app.Main - Iniciando aplicación CrediActiva Desktop v1.0.0
2025-10-05 20:08:31 [JavaFX Application Thread] INFO  pe.crediactiva.app.Main - Icono no encontrado, continuando sin icono
2025-10-05 20:08:31 [JavaFX Application Thread] INFO  p.c.app.config.DatabaseConfig - Propiedades de base de datos cargadas correctamente
2025-10-05 20:08:32 [JavaFX Application Thread] INFO  p.c.app.config.DatabaseConfig - Pool de conexiones HikariCP inicializado correctamente
2025-10-05 20:08:32 [JavaFX Application Thread] INFO  pe.crediactiva.app.Main - Aplicación CrediActiva iniciada correctamente
2025-10-05 20:08:50 [JavaFX Application Thread] INFO  p.c.app.config.DatabaseConfig - Pool de conexiones cerrado correctamente
2025-10-05 20:08:50 [JavaFX Application Thread] INFO  pe.crediactiva.app.Main - Aplicación CrediActiva cerrada
2025-10-05 20:09:09 [main] INFO  pe.crediactiva.app.Main - Iniciando aplicación CrediActiva Desktop v1.0.0
2025-10-05 20:09:09 [JavaFX Application Thread] INFO  pe.crediactiva.app.Main - Icono no encontrado, continuando sin icono
2025-10-05 20:09:09 [JavaFX Application Thread] INFO  p.c.app.config.DatabaseConfig - Propiedades de base de datos cargadas correctamente
2025-10-05 20:09:09 [JavaFX Application Thread] INFO  p.c.app.config.DatabaseConfig - Pool de conexiones HikariCP inicializado correctamente
2025-10-05 20:09:10 [JavaFX Application Thread] INFO  pe.crediactiva.app.Main - Aplicación CrediActiva iniciada correctamente
2025-10-05 20:09:38 [JavaFX Application Thread] INFO  p.c.app.dao.impl.UsuarioDAOImpl - Usuario autenticado exitosamente: 11111111
2025-10-05 20:09:38 [JavaFX Application Thread] INFO  p.c.a.service.AuthenticationService - Usuario autenticado exitosamente: 11111111 - CLIENTE
2025-10-05 20:09:38 [JavaFX Application Thread] INFO  p.c.app.view.LoginController - Usuario autenticado exitosamente: 11111111
2025-10-05 20:09:38 [JavaFX Application Thread] ERROR p.c.app.dao.impl.PrestamoDAOImpl - Error al buscar préstamos por cliente y estado: 11111111, ACTIVO
java.sql.SQLException: Column 'cliente_nombre' not found.
	at com.mysql.cj.jdbc.exceptions.SQLError.createSQLException(SQLError.java:130)
	at com.mysql.cj.jdbc.exceptions.SQLError.createSQLException(SQLError.java:98)
	at com.mysql.cj.jdbc.exceptions.SQLError.createSQLException(SQLError.java:90)
	at com.mysql.cj.jdbc.exceptions.SQLError.createSQLException(SQLError.java:64)
	at com.mysql.cj.jdbc.result.ResultSetImpl.findColumn(ResultSetImpl.java:584)
	at com.mysql.cj.jdbc.result.ResultSetImpl.getString(ResultSetImpl.java:896)
	at com.zaxxer.hikari.pool.HikariProxyResultSet.getString(HikariProxyResultSet.java)
	at pe.crediactiva.app.dao.impl.PrestamoDAOImpl.mapResultSetToPrestamo(PrestamoDAOImpl.java:522)
	at pe.crediactiva.app.dao.impl.PrestamoDAOImpl.findByClienteAndEstado(PrestamoDAOImpl.java:475)
	at pe.crediactiva.app.service.PrestamoService.obtenerPrestamosActivosPorCliente(PrestamoService.java:399)
	at pe.crediactiva.app.view.cliente.ClienteMainController.cargarEstadisticasResumen(ClienteMainController.java:197)
	at pe.crediactiva.app.view.cliente.ClienteMainController.initialize(ClienteMainController.java:146)
	at java.base/jdk.internal.reflect.DirectMethodHandleAccessor.invoke(DirectMethodHandleAccessor.java:103)
	at java.base/java.lang.reflect.Method.invoke(Method.java:580)
	at com.sun.javafx.reflect.Trampoline.invoke(MethodUtil.java:72)
	at java.base/jdk.internal.reflect.DirectMethodHandleAccessor.invoke(DirectMethodHandleAccessor.java:103)
	at java.base/java.lang.reflect.Method.invoke(Method.java:580)
	at javafx.base@21.0.1/com.sun.javafx.reflect.MethodUtil.invoke(MethodUtil.java:270)
	at javafx.fxml@21.0.1/com.sun.javafx.fxml.MethodHelper.invoke(MethodHelper.java:84)
	at javafx.fxml@21.0.1/javafx.fxml.FXMLLoader.loadImpl(FXMLLoader.java:2688)
	at javafx.fxml@21.0.1/javafx.fxml.FXMLLoader.loadImpl(FXMLLoader.java:2563)
	at javafx.fxml@21.0.1/javafx.fxml.FXMLLoader.load(FXMLLoader.java:2531)
	at pe.crediactiva.app.view.LoginController.redirectToMainScreen(LoginController.java:140)
	at pe.crediactiva.app.view.LoginController.handleLogin(LoginController.java:99)
	at java.base/jdk.internal.reflect.DirectMethodHandleAccessor.invoke(DirectMethodHandleAccessor.java:103)
	at java.base/java.lang.reflect.Method.invoke(Method.java:580)
	at com.sun.javafx.reflect.Trampoline.invoke(MethodUtil.java:72)
	at java.base/jdk.internal.reflect.DirectMethodHandleAccessor.invoke(DirectMethodHandleAccessor.java:103)
	at java.base/java.lang.reflect.Method.invoke(Method.java:580)
	at javafx.base@21.0.1/com.sun.javafx.reflect.MethodUtil.invoke(MethodUtil.java:270)
	at javafx.fxml@21.0.1/com.sun.javafx.fxml.MethodHelper.invoke(MethodHelper.java:84)
	at javafx.fxml@21.0.1/javafx.fxml.FXMLLoader$MethodHandler.invoke(FXMLLoader.java:1855)
	at javafx.fxml@21.0.1/javafx.fxml.FXMLLoader$ControllerMethodEventHandler.handle(FXMLLoader.java:1726)
	at javafx.base@21.0.1/com.sun.javafx.event.CompositeEventHandler.dispatchBubblingEvent(CompositeEventHandler.java:86)
	at javafx.base@21.0.1/com.sun.javafx.event.EventHandlerManager.dispatchBubblingEvent(EventHandlerManager.java:232)
	at javafx.base@21.0.1/com.sun.javafx.event.EventHandlerManager.dispatchBubblingEvent(EventHandlerManager.java:189)
	at javafx.base@21.0.1/com.sun.javafx.event.CompositeEventDispatcher.dispatchBubblingEvent(CompositeEventDispatcher.java:59)
	at javafx.base@21.0.1/com.sun.javafx.event.BasicEventDispatcher.dispatchEvent(BasicEventDispatcher.java:58)
	at javafx.base@21.0.1/com.sun.javafx.event.EventDispatchChainImpl.dispatchEvent(EventDispatchChainImpl.java:114)
	at javafx.base@21.0.1/com.sun.javafx.event.BasicEventDispatcher.dispatchEvent(BasicEventDispatcher.java:56)
	at javafx.base@21.0.1/com.sun.javafx.event.EventDispatchChainImpl.dispatchEvent(EventDispatchChainImpl.java:114)
	at javafx.base@21.0.1/com.sun.javafx.event.BasicEventDispatcher.dispatchEvent(BasicEventDispatcher.java:56)
	at javafx.base@21.0.1/com.sun.javafx.event.EventDispatchChainImpl.dispatchEvent(EventDispatchChainImpl.java:114)
	at javafx.base@21.0.1/com.sun.javafx.event.EventUtil.fireEventImpl(EventUtil.java:74)
	at javafx.base@21.0.1/com.sun.javafx.event.EventUtil.fireEvent(EventUtil.java:49)
	at javafx.base@21.0.1/javafx.event.Event.fireEvent(Event.java:198)
	at javafx.graphics@21.0.1/javafx.scene.Node.fireEvent(Node.java:8875)
	at javafx.controls@21.0.1/javafx.scene.control.Button.fire(Button.java:203)
	at javafx.controls@21.0.1/com.sun.javafx.scene.control.behavior.ButtonBehavior.mouseReleased(ButtonBehavior.java:207)
	at javafx.controls@21.0.1/com.sun.javafx.scene.control.inputmap.InputMap.handle(InputMap.java:274)
	at javafx.base@21.0.1/com.sun.javafx.event.CompositeEventHandler$NormalEventHandlerRecord.handleBubblingEvent(CompositeEventHandler.java:247)
	at javafx.base@21.0.1/com.sun.javafx.event.CompositeEventHandler.dispatchBubblingEvent(CompositeEventHandler.java:80)
	at javafx.base@21.0.1/com.sun.javafx.event.EventHandlerManager.dispatchBubblingEvent(EventHandlerManager.java:232)
	at javafx.base@21.0.1/com.sun.javafx.event.EventHandlerManager.dispatchBubblingEvent(EventHandlerManager.java:189)
	at javafx.base@21.0.1/com.sun.javafx.event.CompositeEventDispatcher.dispatchBubblingEvent(CompositeEventDispatcher.java:59)
	at javafx.base@21.0.1/com.sun.javafx.event.BasicEventDispatcher.dispatchEvent(BasicEventDispatcher.java:58)
	at javafx.base@21.0.1/com.sun.javafx.event.EventDispatchChainImpl.dispatchEvent(EventDispatchChainImpl.java:114)
	at javafx.base@21.0.1/com.sun.javafx.event.BasicEventDispatcher.dispatchEvent(BasicEventDispatcher.java:56)
	at javafx.base@21.0.1/com.sun.javafx.event.EventDispatchChainImpl.dispatchEvent(EventDispatchChainImpl.java:114)
	at javafx.base@21.0.1/com.sun.javafx.event.BasicEventDispatcher.dispatchEvent(BasicEventDispatcher.java:56)
	at javafx.base@21.0.1/com.sun.javafx.event.EventDispatchChainImpl.dispatchEvent(EventDispatchChainImpl.java:114)
	at javafx.base@21.0.1/com.sun.javafx.event.EventUtil.fireEventImpl(EventUtil.java:74)
	at javafx.base@21.0.1/com.sun.javafx.event.EventUtil.fireEvent(EventUtil.java:54)
	at javafx.base@21.0.1/javafx.event.Event.fireEvent(Event.java:198)
	at javafx.graphics@21.0.1/javafx.scene.Scene$MouseHandler.process(Scene.java:3984)
	at javafx.graphics@21.0.1/javafx.scene.Scene.processMouseEvent(Scene.java:1890)
	at javafx.graphics@21.0.1/javafx.scene.Scene$ScenePeerListener.mouseEvent(Scene.java:2708)
	at javafx.graphics@21.0.1/com.sun.javafx.tk.quantum.GlassViewEventHandler$MouseEventNotification.run(GlassViewEventHandler.java:411)
	at javafx.graphics@21.0.1/com.sun.javafx.tk.quantum.GlassViewEventHandler$MouseEventNotification.run(GlassViewEventHandler.java:301)
	at java.base/java.security.AccessController.doPrivileged(AccessController.java:400)
	at javafx.graphics@21.0.1/com.sun.javafx.tk.quantum.GlassViewEventHandler.lambda$handleMouseEvent$2(GlassViewEventHandler.java:450)
	at javafx.graphics@21.0.1/com.sun.javafx.tk.quantum.QuantumToolkit.runWithoutRenderLock(QuantumToolkit.java:424)
	at javafx.graphics@21.0.1/com.sun.javafx.tk.quantum.GlassViewEventHandler.handleMouseEvent(GlassViewEventHandler.java:449)
	at javafx.graphics@21.0.1/com.sun.glass.ui.View.handleMouseEvent(View.java:551)
	at javafx.graphics@21.0.1/com.sun.glass.ui.View.notifyMouse(View.java:937)
	at javafx.graphics@21.0.1/com.sun.glass.ui.win.WinApplication._runLoop(Native Method)
	at javafx.graphics@21.0.1/com.sun.glass.ui.win.WinApplication.lambda$runLoop$3(WinApplication.java:185)
	at java.base/java.lang.Thread.run(Thread.java:1583)
2025-10-05 20:09:38 [JavaFX Application Thread] INFO  p.c.app.view.LoginController - Usuario redirigido a pantalla principal: CLIENTE
2025-10-05 20:09:40 [JavaFX Application Thread] ERROR p.c.a.v.c.ClienteMainController - Error al cargar pantalla del simulador
javafx.fxml.LoadException: Missing resource key.
/C:/Users/USER/OneDrive/Escritorio/proyecto_v4.0/target/classes/fxml/cliente/SimuladorClienteView.fxml:49

	at javafx.fxml@21.0.1/javafx.fxml.FXMLLoader.constructLoadException(FXMLLoader.java:2718)
	at javafx.fxml@21.0.1/javafx.fxml.FXMLLoader$Element.resolvePrefixedValue(FXMLLoader.java:425)
	at javafx.fxml@21.0.1/javafx.fxml.FXMLLoader$Element.processValue(FXMLLoader.java:375)
	at javafx.fxml@21.0.1/javafx.fxml.FXMLLoader$Element.processPropertyAttribute(FXMLLoader.java:337)
	at javafx.fxml@21.0.1/javafx.fxml.FXMLLoader$Element.processInstancePropertyAttributes(FXMLLoader.java:248)
	at javafx.fxml@21.0.1/javafx.fxml.FXMLLoader$ValueElement.processEndElement(FXMLLoader.java:780)
	at javafx.fxml@21.0.1/javafx.fxml.FXMLLoader.processEndElement(FXMLLoader.java:2969)
	at javafx.fxml@21.0.1/javafx.fxml.FXMLLoader.loadImpl(FXMLLoader.java:2654)
	at javafx.fxml@21.0.1/javafx.fxml.FXMLLoader.loadImpl(FXMLLoader.java:2563)
	at javafx.fxml@21.0.1/javafx.fxml.FXMLLoader.load(FXMLLoader.java:2531)
	at pe.crediactiva.app.view.cliente.ClienteMainController.handleSimulador(ClienteMainController.java:352)
	at java.base/jdk.internal.reflect.DirectMethodHandleAccessor.invoke(DirectMethodHandleAccessor.java:103)
	at java.base/java.lang.reflect.Method.invoke(Method.java:580)
	at com.sun.javafx.reflect.Trampoline.invoke(MethodUtil.java:72)
	at java.base/jdk.internal.reflect.DirectMethodHandleAccessor.invoke(DirectMethodHandleAccessor.java:103)
	at java.base/java.lang.reflect.Method.invoke(Method.java:580)
	at javafx.base@21.0.1/com.sun.javafx.reflect.MethodUtil.invoke(MethodUtil.java:270)
	at javafx.fxml@21.0.1/com.sun.javafx.fxml.MethodHelper.invoke(MethodHelper.java:84)
	at javafx.fxml@21.0.1/javafx.fxml.FXMLLoader$MethodHandler.invoke(FXMLLoader.java:1855)
	at javafx.fxml@21.0.1/javafx.fxml.FXMLLoader$ControllerMethodEventHandler.handle(FXMLLoader.java:1726)
	at javafx.base@21.0.1/com.sun.javafx.event.CompositeEventHandler.dispatchBubblingEvent(CompositeEventHandler.java:86)
	at javafx.base@21.0.1/com.sun.javafx.event.EventHandlerManager.dispatchBubblingEvent(EventHandlerManager.java:232)
	at javafx.base@21.0.1/com.sun.javafx.event.EventHandlerManager.dispatchBubblingEvent(EventHandlerManager.java:189)
	at javafx.base@21.0.1/com.sun.javafx.event.CompositeEventDispatcher.dispatchBubblingEvent(CompositeEventDispatcher.java:59)
	at javafx.base@21.0.1/com.sun.javafx.event.BasicEventDispatcher.dispatchEvent(BasicEventDispatcher.java:58)
	at javafx.base@21.0.1/com.sun.javafx.event.EventDispatchChainImpl.dispatchEvent(EventDispatchChainImpl.java:114)
	at javafx.base@21.0.1/com.sun.javafx.event.BasicEventDispatcher.dispatchEvent(BasicEventDispatcher.java:56)
	at javafx.base@21.0.1/com.sun.javafx.event.EventDispatchChainImpl.dispatchEvent(EventDispatchChainImpl.java:114)
	at javafx.base@21.0.1/com.sun.javafx.event.BasicEventDispatcher.dispatchEvent(BasicEventDispatcher.java:56)
	at javafx.base@21.0.1/com.sun.javafx.event.EventDispatchChainImpl.dispatchEvent(EventDispatchChainImpl.java:114)
	at javafx.base@21.0.1/com.sun.javafx.event.BasicEventDispatcher.dispatchEvent(BasicEventDispatcher.java:56)
	at javafx.base@21.0.1/com.sun.javafx.event.EventDispatchChainImpl.dispatchEvent(EventDispatchChainImpl.java:114)
	at javafx.base@21.0.1/com.sun.javafx.event.EventUtil.fireEventImpl(EventUtil.java:74)
	at javafx.base@21.0.1/com.sun.javafx.event.EventUtil.fireEvent(EventUtil.java:49)
	at javafx.base@21.0.1/javafx.event.Event.fireEvent(Event.java:198)
	at javafx.graphics@21.0.1/javafx.scene.Node.fireEvent(Node.java:8875)
	at javafx.controls@21.0.1/javafx.scene.control.Button.fire(Button.java:203)
	at javafx.controls@21.0.1/com.sun.javafx.scene.control.behavior.ButtonBehavior.mouseReleased(ButtonBehavior.java:207)
	at javafx.controls@21.0.1/com.sun.javafx.scene.control.inputmap.InputMap.handle(InputMap.java:274)
	at javafx.base@21.0.1/com.sun.javafx.event.CompositeEventHandler$NormalEventHandlerRecord.handleBubblingEvent(CompositeEventHandler.java:247)
	at javafx.base@21.0.1/com.sun.javafx.event.CompositeEventHandler.dispatchBubblingEvent(CompositeEventHandler.java:80)
	at javafx.base@21.0.1/com.sun.javafx.event.EventHandlerManager.dispatchBubblingEvent(EventHandlerManager.java:232)
	at javafx.base@21.0.1/com.sun.javafx.event.EventHandlerManager.dispatchBubblingEvent(EventHandlerManager.java:189)
	at javafx.base@21.0.1/com.sun.javafx.event.CompositeEventDispatcher.dispatchBubblingEvent(CompositeEventDispatcher.java:59)
	at javafx.base@21.0.1/com.sun.javafx.event.BasicEventDispatcher.dispatchEvent(BasicEventDispatcher.java:58)
	at javafx.base@21.0.1/com.sun.javafx.event.EventDispatchChainImpl.dispatchEvent(EventDispatchChainImpl.java:114)
	at javafx.base@21.0.1/com.sun.javafx.event.BasicEventDispatcher.dispatchEvent(BasicEventDispatcher.java:56)
	at javafx.base@21.0.1/com.sun.javafx.event.EventDispatchChainImpl.dispatchEvent(EventDispatchChainImpl.java:114)
	at javafx.base@21.0.1/com.sun.javafx.event.BasicEventDispatcher.dispatchEvent(BasicEventDispatcher.java:56)
	at javafx.base@21.0.1/com.sun.javafx.event.EventDispatchChainImpl.dispatchEvent(EventDispatchChainImpl.java:114)
	at javafx.base@21.0.1/com.sun.javafx.event.BasicEventDispatcher.dispatchEvent(BasicEventDispatcher.java:56)
	at javafx.base@21.0.1/com.sun.javafx.event.EventDispatchChainImpl.dispatchEvent(EventDispatchChainImpl.java:114)
	at javafx.base@21.0.1/com.sun.javafx.event.EventUtil.fireEventImpl(EventUtil.java:74)
	at javafx.base@21.0.1/com.sun.javafx.event.EventUtil.fireEvent(EventUtil.java:54)
	at javafx.base@21.0.1/javafx.event.Event.fireEvent(Event.java:198)
	at javafx.graphics@21.0.1/javafx.scene.Scene$MouseHandler.process(Scene.java:3984)
	at javafx.graphics@21.0.1/javafx.scene.Scene.processMouseEvent(Scene.java:1890)
	at javafx.graphics@21.0.1/javafx.scene.Scene$ScenePeerListener.mouseEvent(Scene.java:2708)
	at javafx.graphics@21.0.1/com.sun.javafx.tk.quantum.GlassViewEventHandler$MouseEventNotification.run(GlassViewEventHandler.java:411)
	at javafx.graphics@21.0.1/com.sun.javafx.tk.quantum.GlassViewEventHandler$MouseEventNotification.run(GlassViewEventHandler.java:301)
	at java.base/java.security.AccessController.doPrivileged(AccessController.java:400)
	at javafx.graphics@21.0.1/com.sun.javafx.tk.quantum.GlassViewEventHandler.lambda$handleMouseEvent$2(GlassViewEventHandler.java:450)
	at javafx.graphics@21.0.1/com.sun.javafx.tk.quantum.QuantumToolkit.runWithoutRenderLock(QuantumToolkit.java:424)
	at javafx.graphics@21.0.1/com.sun.javafx.tk.quantum.GlassViewEventHandler.handleMouseEvent(GlassViewEventHandler.java:449)
	at javafx.graphics@21.0.1/com.sun.glass.ui.View.handleMouseEvent(View.java:551)
	at javafx.graphics@21.0.1/com.sun.glass.ui.View.notifyMouse(View.java:937)
	at javafx.graphics@21.0.1/com.sun.glass.ui.win.WinApplication._runLoop(Native Method)
	at javafx.graphics@21.0.1/com.sun.glass.ui.win.WinApplication.lambda$runLoop$3(WinApplication.java:185)
	at java.base/java.lang.Thread.run(Thread.java:1583)
2025-10-05 20:09:49 [JavaFX Application Thread] ERROR p.c.a.v.c.ClienteMainController - Error al cargar pantalla del simulador
javafx.fxml.LoadException: Missing resource key.
/C:/Users/USER/OneDrive/Escritorio/proyecto_v4.0/target/classes/fxml/cliente/SimuladorClienteView.fxml:49

	at javafx.fxml@21.0.1/javafx.fxml.FXMLLoader.constructLoadException(FXMLLoader.java:2718)
	at javafx.fxml@21.0.1/javafx.fxml.FXMLLoader$Element.resolvePrefixedValue(FXMLLoader.java:425)
	at javafx.fxml@21.0.1/javafx.fxml.FXMLLoader$Element.processValue(FXMLLoader.java:375)
	at javafx.fxml@21.0.1/javafx.fxml.FXMLLoader$Element.processPropertyAttribute(FXMLLoader.java:337)
	at javafx.fxml@21.0.1/javafx.fxml.FXMLLoader$Element.processInstancePropertyAttributes(FXMLLoader.java:248)
	at javafx.fxml@21.0.1/javafx.fxml.FXMLLoader$ValueElement.processEndElement(FXMLLoader.java:780)
	at javafx.fxml@21.0.1/javafx.fxml.FXMLLoader.processEndElement(FXMLLoader.java:2969)
	at javafx.fxml@21.0.1/javafx.fxml.FXMLLoader.loadImpl(FXMLLoader.java:2654)
	at javafx.fxml@21.0.1/javafx.fxml.FXMLLoader.loadImpl(FXMLLoader.java:2563)
	at javafx.fxml@21.0.1/javafx.fxml.FXMLLoader.load(FXMLLoader.java:2531)
	at pe.crediactiva.app.view.cliente.ClienteMainController.handleSimulador(ClienteMainController.java:352)
	at java.base/jdk.internal.reflect.DirectMethodHandleAccessor.invoke(DirectMethodHandleAccessor.java:103)
	at java.base/java.lang.reflect.Method.invoke(Method.java:580)
	at com.sun.javafx.reflect.Trampoline.invoke(MethodUtil.java:72)
	at java.base/jdk.internal.reflect.DirectMethodHandleAccessor.invoke(DirectMethodHandleAccessor.java:103)
	at java.base/java.lang.reflect.Method.invoke(Method.java:580)
	at javafx.base@21.0.1/com.sun.javafx.reflect.MethodUtil.invoke(MethodUtil.java:270)
	at javafx.fxml@21.0.1/com.sun.javafx.fxml.MethodHelper.invoke(MethodHelper.java:84)
	at javafx.fxml@21.0.1/javafx.fxml.FXMLLoader$MethodHandler.invoke(FXMLLoader.java:1855)
	at javafx.fxml@21.0.1/javafx.fxml.FXMLLoader$ControllerMethodEventHandler.handle(FXMLLoader.java:1726)
	at javafx.base@21.0.1/com.sun.javafx.event.CompositeEventHandler.dispatchBubblingEvent(CompositeEventHandler.java:86)
	at javafx.base@21.0.1/com.sun.javafx.event.EventHandlerManager.dispatchBubblingEvent(EventHandlerManager.java:232)
	at javafx.base@21.0.1/com.sun.javafx.event.EventHandlerManager.dispatchBubblingEvent(EventHandlerManager.java:189)
	at javafx.base@21.0.1/com.sun.javafx.event.CompositeEventDispatcher.dispatchBubblingEvent(CompositeEventDispatcher.java:59)
	at javafx.base@21.0.1/com.sun.javafx.event.BasicEventDispatcher.dispatchEvent(BasicEventDispatcher.java:58)
	at javafx.base@21.0.1/com.sun.javafx.event.EventDispatchChainImpl.dispatchEvent(EventDispatchChainImpl.java:114)
	at javafx.base@21.0.1/com.sun.javafx.event.BasicEventDispatcher.dispatchEvent(BasicEventDispatcher.java:56)
	at javafx.base@21.0.1/com.sun.javafx.event.EventDispatchChainImpl.dispatchEvent(EventDispatchChainImpl.java:114)
	at javafx.base@21.0.1/com.sun.javafx.event.BasicEventDispatcher.dispatchEvent(BasicEventDispatcher.java:56)
	at javafx.base@21.0.1/com.sun.javafx.event.EventDispatchChainImpl.dispatchEvent(EventDispatchChainImpl.java:114)
	at javafx.base@21.0.1/com.sun.javafx.event.BasicEventDispatcher.dispatchEvent(BasicEventDispatcher.java:56)
	at javafx.base@21.0.1/com.sun.javafx.event.EventDispatchChainImpl.dispatchEvent(EventDispatchChainImpl.java:114)
	at javafx.base@21.0.1/com.sun.javafx.event.EventUtil.fireEventImpl(EventUtil.java:74)
	at javafx.base@21.0.1/com.sun.javafx.event.EventUtil.fireEvent(EventUtil.java:49)
	at javafx.base@21.0.1/javafx.event.Event.fireEvent(Event.java:198)
	at javafx.graphics@21.0.1/javafx.scene.Node.fireEvent(Node.java:8875)
	at javafx.controls@21.0.1/javafx.scene.control.Button.fire(Button.java:203)
	at javafx.controls@21.0.1/com.sun.javafx.scene.control.behavior.ButtonBehavior.mouseReleased(ButtonBehavior.java:207)
	at javafx.controls@21.0.1/com.sun.javafx.scene.control.inputmap.InputMap.handle(InputMap.java:274)
	at javafx.base@21.0.1/com.sun.javafx.event.CompositeEventHandler$NormalEventHandlerRecord.handleBubblingEvent(CompositeEventHandler.java:247)
	at javafx.base@21.0.1/com.sun.javafx.event.CompositeEventHandler.dispatchBubblingEvent(CompositeEventHandler.java:80)
	at javafx.base@21.0.1/com.sun.javafx.event.EventHandlerManager.dispatchBubblingEvent(EventHandlerManager.java:232)
	at javafx.base@21.0.1/com.sun.javafx.event.EventHandlerManager.dispatchBubblingEvent(EventHandlerManager.java:189)
	at javafx.base@21.0.1/com.sun.javafx.event.CompositeEventDispatcher.dispatchBubblingEvent(CompositeEventDispatcher.java:59)
	at javafx.base@21.0.1/com.sun.javafx.event.BasicEventDispatcher.dispatchEvent(BasicEventDispatcher.java:58)
	at javafx.base@21.0.1/com.sun.javafx.event.EventDispatchChainImpl.dispatchEvent(EventDispatchChainImpl.java:114)
	at javafx.base@21.0.1/com.sun.javafx.event.BasicEventDispatcher.dispatchEvent(BasicEventDispatcher.java:56)
	at javafx.base@21.0.1/com.sun.javafx.event.EventDispatchChainImpl.dispatchEvent(EventDispatchChainImpl.java:114)
	at javafx.base@21.0.1/com.sun.javafx.event.BasicEventDispatcher.dispatchEvent(BasicEventDispatcher.java:56)
	at javafx.base@21.0.1/com.sun.javafx.event.EventDispatchChainImpl.dispatchEvent(EventDispatchChainImpl.java:114)
	at javafx.base@21.0.1/com.sun.javafx.event.BasicEventDispatcher.dispatchEvent(BasicEventDispatcher.java:56)
	at javafx.base@21.0.1/com.sun.javafx.event.EventDispatchChainImpl.dispatchEvent(EventDispatchChainImpl.java:114)
	at javafx.base@21.0.1/com.sun.javafx.event.EventUtil.fireEventImpl(EventUtil.java:74)
	at javafx.base@21.0.1/com.sun.javafx.event.EventUtil.fireEvent(EventUtil.java:54)
	at javafx.base@21.0.1/javafx.event.Event.fireEvent(Event.java:198)
	at javafx.graphics@21.0.1/javafx.scene.Scene$MouseHandler.process(Scene.java:3984)
	at javafx.graphics@21.0.1/javafx.scene.Scene.processMouseEvent(Scene.java:1890)
	at javafx.graphics@21.0.1/javafx.scene.Scene$ScenePeerListener.mouseEvent(Scene.java:2708)
	at javafx.graphics@21.0.1/com.sun.javafx.tk.quantum.GlassViewEventHandler$MouseEventNotification.run(GlassViewEventHandler.java:411)
	at javafx.graphics@21.0.1/com.sun.javafx.tk.quantum.GlassViewEventHandler$MouseEventNotification.run(GlassViewEventHandler.java:301)
	at java.base/java.security.AccessController.doPrivileged(AccessController.java:400)
	at javafx.graphics@21.0.1/com.sun.javafx.tk.quantum.GlassViewEventHandler.lambda$handleMouseEvent$2(GlassViewEventHandler.java:450)
	at javafx.graphics@21.0.1/com.sun.javafx.tk.quantum.QuantumToolkit.runWithoutRenderLock(QuantumToolkit.java:424)
	at javafx.graphics@21.0.1/com.sun.javafx.tk.quantum.GlassViewEventHandler.handleMouseEvent(GlassViewEventHandler.java:449)
	at javafx.graphics@21.0.1/com.sun.glass.ui.View.handleMouseEvent(View.java:551)
	at javafx.graphics@21.0.1/com.sun.glass.ui.View.notifyMouse(View.java:937)
	at javafx.graphics@21.0.1/com.sun.glass.ui.win.WinApplication._runLoop(Native Method)
	at javafx.graphics@21.0.1/com.sun.glass.ui.win.WinApplication.lambda$runLoop$3(WinApplication.java:185)
	at java.base/java.lang.Thread.run(Thread.java:1583)
2025-10-05 20:14:48 [main] INFO  pe.crediactiva.app.Main - Iniciando aplicación CrediActiva Desktop v1.0.0
2025-10-05 20:14:48 [JavaFX Application Thread] INFO  pe.crediactiva.app.Main - Icono no encontrado, continuando sin icono
2025-10-05 20:14:48 [JavaFX Application Thread] INFO  p.c.app.config.DatabaseConfig - Propiedades de base de datos cargadas correctamente
2025-10-05 20:14:48 [JavaFX Application Thread] INFO  p.c.app.config.DatabaseConfig - Pool de conexiones HikariCP inicializado correctamente
2025-10-05 20:14:49 [JavaFX Application Thread] INFO  pe.crediactiva.app.Main - Aplicación CrediActiva iniciada correctamente
2025-10-05 20:15:10 [JavaFX Application Thread] INFO  p.c.app.dao.impl.UsuarioDAOImpl - Usuario autenticado exitosamente: 11111111
2025-10-05 20:15:10 [JavaFX Application Thread] INFO  p.c.a.service.AuthenticationService - Usuario autenticado exitosamente: 11111111 - CLIENTE
2025-10-05 20:15:10 [JavaFX Application Thread] INFO  p.c.app.view.LoginController - Usuario autenticado exitosamente: 11111111
2025-10-05 20:15:10 [JavaFX Application Thread] ERROR p.c.app.dao.impl.PrestamoDAOImpl - Error al buscar préstamos por cliente y estado: 11111111, ACTIVO
java.sql.SQLException: Column 'cliente_nombre' not found.
	at com.mysql.cj.jdbc.exceptions.SQLError.createSQLException(SQLError.java:130)
	at com.mysql.cj.jdbc.exceptions.SQLError.createSQLException(SQLError.java:98)
	at com.mysql.cj.jdbc.exceptions.SQLError.createSQLException(SQLError.java:90)
	at com.mysql.cj.jdbc.exceptions.SQLError.createSQLException(SQLError.java:64)
	at com.mysql.cj.jdbc.result.ResultSetImpl.findColumn(ResultSetImpl.java:584)
	at com.mysql.cj.jdbc.result.ResultSetImpl.getString(ResultSetImpl.java:896)
	at com.zaxxer.hikari.pool.HikariProxyResultSet.getString(HikariProxyResultSet.java)
	at pe.crediactiva.app.dao.impl.PrestamoDAOImpl.mapResultSetToPrestamo(PrestamoDAOImpl.java:522)
	at pe.crediactiva.app.dao.impl.PrestamoDAOImpl.findByClienteAndEstado(PrestamoDAOImpl.java:475)
	at pe.crediactiva.app.service.PrestamoService.obtenerPrestamosActivosPorCliente(PrestamoService.java:399)
	at pe.crediactiva.app.view.cliente.ClienteMainController.cargarEstadisticasResumen(ClienteMainController.java:198)
	at pe.crediactiva.app.view.cliente.ClienteMainController.initialize(ClienteMainController.java:147)
	at java.base/jdk.internal.reflect.DirectMethodHandleAccessor.invoke(DirectMethodHandleAccessor.java:103)
	at java.base/java.lang.reflect.Method.invoke(Method.java:580)
	at com.sun.javafx.reflect.Trampoline.invoke(MethodUtil.java:72)
	at java.base/jdk.internal.reflect.DirectMethodHandleAccessor.invoke(DirectMethodHandleAccessor.java:103)
	at java.base/java.lang.reflect.Method.invoke(Method.java:580)
	at javafx.base@21.0.1/com.sun.javafx.reflect.MethodUtil.invoke(MethodUtil.java:270)
	at javafx.fxml@21.0.1/com.sun.javafx.fxml.MethodHelper.invoke(MethodHelper.java:84)
	at javafx.fxml@21.0.1/javafx.fxml.FXMLLoader.loadImpl(FXMLLoader.java:2688)
	at javafx.fxml@21.0.1/javafx.fxml.FXMLLoader.loadImpl(FXMLLoader.java:2563)
	at javafx.fxml@21.0.1/javafx.fxml.FXMLLoader.load(FXMLLoader.java:2531)
	at pe.crediactiva.app.view.LoginController.redirectToMainScreen(LoginController.java:140)
	at pe.crediactiva.app.view.LoginController.handleLogin(LoginController.java:99)
	at java.base/jdk.internal.reflect.DirectMethodHandleAccessor.invoke(DirectMethodHandleAccessor.java:103)
	at java.base/java.lang.reflect.Method.invoke(Method.java:580)
	at com.sun.javafx.reflect.Trampoline.invoke(MethodUtil.java:72)
	at java.base/jdk.internal.reflect.DirectMethodHandleAccessor.invoke(DirectMethodHandleAccessor.java:103)
	at java.base/java.lang.reflect.Method.invoke(Method.java:580)
	at javafx.base@21.0.1/com.sun.javafx.reflect.MethodUtil.invoke(MethodUtil.java:270)
	at javafx.fxml@21.0.1/com.sun.javafx.fxml.MethodHelper.invoke(MethodHelper.java:84)
	at javafx.fxml@21.0.1/javafx.fxml.FXMLLoader$MethodHandler.invoke(FXMLLoader.java:1855)
	at javafx.fxml@21.0.1/javafx.fxml.FXMLLoader$ControllerMethodEventHandler.handle(FXMLLoader.java:1726)
	at javafx.base@21.0.1/com.sun.javafx.event.CompositeEventHandler.dispatchBubblingEvent(CompositeEventHandler.java:86)
	at javafx.base@21.0.1/com.sun.javafx.event.EventHandlerManager.dispatchBubblingEvent(EventHandlerManager.java:232)
	at javafx.base@21.0.1/com.sun.javafx.event.EventHandlerManager.dispatchBubblingEvent(EventHandlerManager.java:189)
	at javafx.base@21.0.1/com.sun.javafx.event.CompositeEventDispatcher.dispatchBubblingEvent(CompositeEventDispatcher.java:59)
	at javafx.base@21.0.1/com.sun.javafx.event.BasicEventDispatcher.dispatchEvent(BasicEventDispatcher.java:58)
	at javafx.base@21.0.1/com.sun.javafx.event.EventDispatchChainImpl.dispatchEvent(EventDispatchChainImpl.java:114)
	at javafx.base@21.0.1/com.sun.javafx.event.BasicEventDispatcher.dispatchEvent(BasicEventDispatcher.java:56)
	at javafx.base@21.0.1/com.sun.javafx.event.EventDispatchChainImpl.dispatchEvent(EventDispatchChainImpl.java:114)
	at javafx.base@21.0.1/com.sun.javafx.event.BasicEventDispatcher.dispatchEvent(BasicEventDispatcher.java:56)
	at javafx.base@21.0.1/com.sun.javafx.event.EventDispatchChainImpl.dispatchEvent(EventDispatchChainImpl.java:114)
	at javafx.base@21.0.1/com.sun.javafx.event.EventUtil.fireEventImpl(EventUtil.java:74)
	at javafx.base@21.0.1/com.sun.javafx.event.EventUtil.fireEvent(EventUtil.java:49)
	at javafx.base@21.0.1/javafx.event.Event.fireEvent(Event.java:198)
	at javafx.graphics@21.0.1/javafx.scene.Node.fireEvent(Node.java:8875)
	at javafx.controls@21.0.1/javafx.scene.control.Button.fire(Button.java:203)
	at javafx.controls@21.0.1/com.sun.javafx.scene.control.behavior.ButtonBehavior.mouseReleased(ButtonBehavior.java:207)
	at javafx.controls@21.0.1/com.sun.javafx.scene.control.inputmap.InputMap.handle(InputMap.java:274)
	at javafx.base@21.0.1/com.sun.javafx.event.CompositeEventHandler$NormalEventHandlerRecord.handleBubblingEvent(CompositeEventHandler.java:247)
	at javafx.base@21.0.1/com.sun.javafx.event.CompositeEventHandler.dispatchBubblingEvent(CompositeEventHandler.java:80)
	at javafx.base@21.0.1/com.sun.javafx.event.EventHandlerManager.dispatchBubblingEvent(EventHandlerManager.java:232)
	at javafx.base@21.0.1/com.sun.javafx.event.EventHandlerManager.dispatchBubblingEvent(EventHandlerManager.java:189)
	at javafx.base@21.0.1/com.sun.javafx.event.CompositeEventDispatcher.dispatchBubblingEvent(CompositeEventDispatcher.java:59)
	at javafx.base@21.0.1/com.sun.javafx.event.BasicEventDispatcher.dispatchEvent(BasicEventDispatcher.java:58)
	at javafx.base@21.0.1/com.sun.javafx.event.EventDispatchChainImpl.dispatchEvent(EventDispatchChainImpl.java:114)
	at javafx.base@21.0.1/com.sun.javafx.event.BasicEventDispatcher.dispatchEvent(BasicEventDispatcher.java:56)
	at javafx.base@21.0.1/com.sun.javafx.event.EventDispatchChainImpl.dispatchEvent(EventDispatchChainImpl.java:114)
	at javafx.base@21.0.1/com.sun.javafx.event.BasicEventDispatcher.dispatchEvent(BasicEventDispatcher.java:56)
	at javafx.base@21.0.1/com.sun.javafx.event.EventDispatchChainImpl.dispatchEvent(EventDispatchChainImpl.java:114)
	at javafx.base@21.0.1/com.sun.javafx.event.EventUtil.fireEventImpl(EventUtil.java:74)
	at javafx.base@21.0.1/com.sun.javafx.event.EventUtil.fireEvent(EventUtil.java:54)
	at javafx.base@21.0.1/javafx.event.Event.fireEvent(Event.java:198)
	at javafx.graphics@21.0.1/javafx.scene.Scene$MouseHandler.process(Scene.java:3984)
	at javafx.graphics@21.0.1/javafx.scene.Scene.processMouseEvent(Scene.java:1890)
	at javafx.graphics@21.0.1/javafx.scene.Scene$ScenePeerListener.mouseEvent(Scene.java:2708)
	at javafx.graphics@21.0.1/com.sun.javafx.tk.quantum.GlassViewEventHandler$MouseEventNotification.run(GlassViewEventHandler.java:411)
	at javafx.graphics@21.0.1/com.sun.javafx.tk.quantum.GlassViewEventHandler$MouseEventNotification.run(GlassViewEventHandler.java:301)
	at java.base/java.security.AccessController.doPrivileged(AccessController.java:400)
	at javafx.graphics@21.0.1/com.sun.javafx.tk.quantum.GlassViewEventHandler.lambda$handleMouseEvent$2(GlassViewEventHandler.java:450)
	at javafx.graphics@21.0.1/com.sun.javafx.tk.quantum.QuantumToolkit.runWithoutRenderLock(QuantumToolkit.java:424)
	at javafx.graphics@21.0.1/com.sun.javafx.tk.quantum.GlassViewEventHandler.handleMouseEvent(GlassViewEventHandler.java:449)
	at javafx.graphics@21.0.1/com.sun.glass.ui.View.handleMouseEvent(View.java:551)
	at javafx.graphics@21.0.1/com.sun.glass.ui.View.notifyMouse(View.java:937)
	at javafx.graphics@21.0.1/com.sun.glass.ui.win.WinApplication._runLoop(Native Method)
	at javafx.graphics@21.0.1/com.sun.glass.ui.win.WinApplication.lambda$runLoop$3(WinApplication.java:185)
	at java.base/java.lang.Thread.run(Thread.java:1583)
2025-10-05 20:15:10 [JavaFX Application Thread] INFO  p.c.app.view.LoginController - Usuario redirigido a pantalla principal: CLIENTE
2025-10-05 20:15:12 [JavaFX Application Thread] ERROR p.c.a.v.c.ClienteMainController - Error al cargar pantalla del simulador
javafx.fxml.LoadException: Missing resource key.
/C:/Users/USER/OneDrive/Escritorio/proyecto_v4.0/target/classes/fxml/cliente/SimuladorClienteView.fxml:49

	at javafx.fxml@21.0.1/javafx.fxml.FXMLLoader.constructLoadException(FXMLLoader.java:2718)
	at javafx.fxml@21.0.1/javafx.fxml.FXMLLoader$Element.resolvePrefixedValue(FXMLLoader.java:425)
	at javafx.fxml@21.0.1/javafx.fxml.FXMLLoader$Element.processValue(FXMLLoader.java:375)
	at javafx.fxml@21.0.1/javafx.fxml.FXMLLoader$Element.processPropertyAttribute(FXMLLoader.java:337)
	at javafx.fxml@21.0.1/javafx.fxml.FXMLLoader$Element.processInstancePropertyAttributes(FXMLLoader.java:248)
	at javafx.fxml@21.0.1/javafx.fxml.FXMLLoader$ValueElement.processEndElement(FXMLLoader.java:780)
	at javafx.fxml@21.0.1/javafx.fxml.FXMLLoader.processEndElement(FXMLLoader.java:2969)
	at javafx.fxml@21.0.1/javafx.fxml.FXMLLoader.loadImpl(FXMLLoader.java:2654)
	at javafx.fxml@21.0.1/javafx.fxml.FXMLLoader.loadImpl(FXMLLoader.java:2563)
	at javafx.fxml@21.0.1/javafx.fxml.FXMLLoader.load(FXMLLoader.java:2531)
	at pe.crediactiva.app.view.cliente.ClienteMainController.handleSimulador(ClienteMainController.java:353)
	at java.base/jdk.internal.reflect.DirectMethodHandleAccessor.invoke(DirectMethodHandleAccessor.java:103)
	at java.base/java.lang.reflect.Method.invoke(Method.java:580)
	at com.sun.javafx.reflect.Trampoline.invoke(MethodUtil.java:72)
	at java.base/jdk.internal.reflect.DirectMethodHandleAccessor.invoke(DirectMethodHandleAccessor.java:103)
	at java.base/java.lang.reflect.Method.invoke(Method.java:580)
	at javafx.base@21.0.1/com.sun.javafx.reflect.MethodUtil.invoke(MethodUtil.java:270)
	at javafx.fxml@21.0.1/com.sun.javafx.fxml.MethodHelper.invoke(MethodHelper.java:84)
	at javafx.fxml@21.0.1/javafx.fxml.FXMLLoader$MethodHandler.invoke(FXMLLoader.java:1855)
	at javafx.fxml@21.0.1/javafx.fxml.FXMLLoader$ControllerMethodEventHandler.handle(FXMLLoader.java:1726)
	at javafx.base@21.0.1/com.sun.javafx.event.CompositeEventHandler.dispatchBubblingEvent(CompositeEventHandler.java:86)
	at javafx.base@21.0.1/com.sun.javafx.event.EventHandlerManager.dispatchBubblingEvent(EventHandlerManager.java:232)
	at javafx.base@21.0.1/com.sun.javafx.event.EventHandlerManager.dispatchBubblingEvent(EventHandlerManager.java:189)
	at javafx.base@21.0.1/com.sun.javafx.event.CompositeEventDispatcher.dispatchBubblingEvent(CompositeEventDispatcher.java:59)
	at javafx.base@21.0.1/com.sun.javafx.event.BasicEventDispatcher.dispatchEvent(BasicEventDispatcher.java:58)
	at javafx.base@21.0.1/com.sun.javafx.event.EventDispatchChainImpl.dispatchEvent(EventDispatchChainImpl.java:114)
	at javafx.base@21.0.1/com.sun.javafx.event.BasicEventDispatcher.dispatchEvent(BasicEventDispatcher.java:56)
	at javafx.base@21.0.1/com.sun.javafx.event.EventDispatchChainImpl.dispatchEvent(EventDispatchChainImpl.java:114)
	at javafx.base@21.0.1/com.sun.javafx.event.BasicEventDispatcher.dispatchEvent(BasicEventDispatcher.java:56)
	at javafx.base@21.0.1/com.sun.javafx.event.EventDispatchChainImpl.dispatchEvent(EventDispatchChainImpl.java:114)
	at javafx.base@21.0.1/com.sun.javafx.event.BasicEventDispatcher.dispatchEvent(BasicEventDispatcher.java:56)
	at javafx.base@21.0.1/com.sun.javafx.event.EventDispatchChainImpl.dispatchEvent(EventDispatchChainImpl.java:114)
	at javafx.base@21.0.1/com.sun.javafx.event.EventUtil.fireEventImpl(EventUtil.java:74)
	at javafx.base@21.0.1/com.sun.javafx.event.EventUtil.fireEvent(EventUtil.java:49)
	at javafx.base@21.0.1/javafx.event.Event.fireEvent(Event.java:198)
	at javafx.graphics@21.0.1/javafx.scene.Node.fireEvent(Node.java:8875)
	at javafx.controls@21.0.1/javafx.scene.control.Button.fire(Button.java:203)
	at javafx.controls@21.0.1/com.sun.javafx.scene.control.behavior.ButtonBehavior.mouseReleased(ButtonBehavior.java:207)
	at javafx.controls@21.0.1/com.sun.javafx.scene.control.inputmap.InputMap.handle(InputMap.java:274)
	at javafx.base@21.0.1/com.sun.javafx.event.CompositeEventHandler$NormalEventHandlerRecord.handleBubblingEvent(CompositeEventHandler.java:247)
	at javafx.base@21.0.1/com.sun.javafx.event.CompositeEventHandler.dispatchBubblingEvent(CompositeEventHandler.java:80)
	at javafx.base@21.0.1/com.sun.javafx.event.EventHandlerManager.dispatchBubblingEvent(EventHandlerManager.java:232)
	at javafx.base@21.0.1/com.sun.javafx.event.EventHandlerManager.dispatchBubblingEvent(EventHandlerManager.java:189)
	at javafx.base@21.0.1/com.sun.javafx.event.CompositeEventDispatcher.dispatchBubblingEvent(CompositeEventDispatcher.java:59)
	at javafx.base@21.0.1/com.sun.javafx.event.BasicEventDispatcher.dispatchEvent(BasicEventDispatcher.java:58)
	at javafx.base@21.0.1/com.sun.javafx.event.EventDispatchChainImpl.dispatchEvent(EventDispatchChainImpl.java:114)
	at javafx.base@21.0.1/com.sun.javafx.event.BasicEventDispatcher.dispatchEvent(BasicEventDispatcher.java:56)
	at javafx.base@21.0.1/com.sun.javafx.event.EventDispatchChainImpl.dispatchEvent(EventDispatchChainImpl.java:114)
	at javafx.base@21.0.1/com.sun.javafx.event.BasicEventDispatcher.dispatchEvent(BasicEventDispatcher.java:56)
	at javafx.base@21.0.1/com.sun.javafx.event.EventDispatchChainImpl.dispatchEvent(EventDispatchChainImpl.java:114)
	at javafx.base@21.0.1/com.sun.javafx.event.BasicEventDispatcher.dispatchEvent(BasicEventDispatcher.java:56)
	at javafx.base@21.0.1/com.sun.javafx.event.EventDispatchChainImpl.dispatchEvent(EventDispatchChainImpl.java:114)
	at javafx.base@21.0.1/com.sun.javafx.event.EventUtil.fireEventImpl(EventUtil.java:74)
	at javafx.base@21.0.1/com.sun.javafx.event.EventUtil.fireEvent(EventUtil.java:54)
	at javafx.base@21.0.1/javafx.event.Event.fireEvent(Event.java:198)
	at javafx.graphics@21.0.1/javafx.scene.Scene$MouseHandler.process(Scene.java:3984)
	at javafx.graphics@21.0.1/javafx.scene.Scene.processMouseEvent(Scene.java:1890)
	at javafx.graphics@21.0.1/javafx.scene.Scene$ScenePeerListener.mouseEvent(Scene.java:2708)
	at javafx.graphics@21.0.1/com.sun.javafx.tk.quantum.GlassViewEventHandler$MouseEventNotification.run(GlassViewEventHandler.java:411)
	at javafx.graphics@21.0.1/com.sun.javafx.tk.quantum.GlassViewEventHandler$MouseEventNotification.run(GlassViewEventHandler.java:301)
	at java.base/java.security.AccessController.doPrivileged(AccessController.java:400)
	at javafx.graphics@21.0.1/com.sun.javafx.tk.quantum.GlassViewEventHandler.lambda$handleMouseEvent$2(GlassViewEventHandler.java:450)
	at javafx.graphics@21.0.1/com.sun.javafx.tk.quantum.QuantumToolkit.runWithoutRenderLock(QuantumToolkit.java:424)
	at javafx.graphics@21.0.1/com.sun.javafx.tk.quantum.GlassViewEventHandler.handleMouseEvent(GlassViewEventHandler.java:449)
	at javafx.graphics@21.0.1/com.sun.glass.ui.View.handleMouseEvent(View.java:551)
	at javafx.graphics@21.0.1/com.sun.glass.ui.View.notifyMouse(View.java:937)
	at javafx.graphics@21.0.1/com.sun.glass.ui.win.WinApplication._runLoop(Native Method)
	at javafx.graphics@21.0.1/com.sun.glass.ui.win.WinApplication.lambda$runLoop$3(WinApplication.java:185)
	at java.base/java.lang.Thread.run(Thread.java:1583)
2025-10-05 20:15:15 [JavaFX Application Thread] ERROR p.c.a.v.c.ClienteMainController - Error al cargar pantalla de historial
javafx.fxml.LoadException: 
/C:/Users/USER/OneDrive/Escritorio/proyecto_v4.0/target/classes/fxml/cliente/HistorialClienteView.fxml:8

	at javafx.fxml@21.0.1/javafx.fxml.FXMLLoader.constructLoadException(FXMLLoader.java:2722)
	at javafx.fxml@21.0.1/javafx.fxml.FXMLLoader$ValueElement.processAttribute(FXMLLoader.java:946)
	at javafx.fxml@21.0.1/javafx.fxml.FXMLLoader$InstanceDeclarationElement.processAttribute(FXMLLoader.java:983)
	at javafx.fxml@21.0.1/javafx.fxml.FXMLLoader$Element.processStartElement(FXMLLoader.java:230)
	at javafx.fxml@21.0.1/javafx.fxml.FXMLLoader$ValueElement.processStartElement(FXMLLoader.java:757)
	at javafx.fxml@21.0.1/javafx.fxml.FXMLLoader.processStartElement(FXMLLoader.java:2853)
	at javafx.fxml@21.0.1/javafx.fxml.FXMLLoader.loadImpl(FXMLLoader.java:2649)
	at javafx.fxml@21.0.1/javafx.fxml.FXMLLoader.loadImpl(FXMLLoader.java:2563)
	at javafx.fxml@21.0.1/javafx.fxml.FXMLLoader.load(FXMLLoader.java:2531)
	at pe.crediactiva.app.view.cliente.ClienteMainController.handleHistorial(ClienteMainController.java:377)
	at java.base/jdk.internal.reflect.DirectMethodHandleAccessor.invoke(DirectMethodHandleAccessor.java:103)
	at java.base/java.lang.reflect.Method.invoke(Method.java:580)
	at com.sun.javafx.reflect.Trampoline.invoke(MethodUtil.java:72)
	at java.base/jdk.internal.reflect.DirectMethodHandleAccessor.invoke(DirectMethodHandleAccessor.java:103)
	at java.base/java.lang.reflect.Method.invoke(Method.java:580)
	at javafx.base@21.0.1/com.sun.javafx.reflect.MethodUtil.invoke(MethodUtil.java:270)
	at javafx.fxml@21.0.1/com.sun.javafx.fxml.MethodHelper.invoke(MethodHelper.java:84)
	at javafx.fxml@21.0.1/javafx.fxml.FXMLLoader$MethodHandler.invoke(FXMLLoader.java:1855)
	at javafx.fxml@21.0.1/javafx.fxml.FXMLLoader$ControllerMethodEventHandler.handle(FXMLLoader.java:1726)
	at javafx.base@21.0.1/com.sun.javafx.event.CompositeEventHandler.dispatchBubblingEvent(CompositeEventHandler.java:86)
	at javafx.base@21.0.1/com.sun.javafx.event.EventHandlerManager.dispatchBubblingEvent(EventHandlerManager.java:232)
	at javafx.base@21.0.1/com.sun.javafx.event.EventHandlerManager.dispatchBubblingEvent(EventHandlerManager.java:189)
	at javafx.base@21.0.1/com.sun.javafx.event.CompositeEventDispatcher.dispatchBubblingEvent(CompositeEventDispatcher.java:59)
	at javafx.base@21.0.1/com.sun.javafx.event.BasicEventDispatcher.dispatchEvent(BasicEventDispatcher.java:58)
	at javafx.base@21.0.1/com.sun.javafx.event.EventDispatchChainImpl.dispatchEvent(EventDispatchChainImpl.java:114)
	at javafx.base@21.0.1/com.sun.javafx.event.BasicEventDispatcher.dispatchEvent(BasicEventDispatcher.java:56)
	at javafx.base@21.0.1/com.sun.javafx.event.EventDispatchChainImpl.dispatchEvent(EventDispatchChainImpl.java:114)
	at javafx.base@21.0.1/com.sun.javafx.event.BasicEventDispatcher.dispatchEvent(BasicEventDispatcher.java:56)
	at javafx.base@21.0.1/com.sun.javafx.event.EventDispatchChainImpl.dispatchEvent(EventDispatchChainImpl.java:114)
	at javafx.base@21.0.1/com.sun.javafx.event.BasicEventDispatcher.dispatchEvent(BasicEventDispatcher.java:56)
	at javafx.base@21.0.1/com.sun.javafx.event.EventDispatchChainImpl.dispatchEvent(EventDispatchChainImpl.java:114)
	at javafx.base@21.0.1/com.sun.javafx.event.EventUtil.fireEventImpl(EventUtil.java:74)
	at javafx.base@21.0.1/com.sun.javafx.event.EventUtil.fireEvent(EventUtil.java:49)
	at javafx.base@21.0.1/javafx.event.Event.fireEvent(Event.java:198)
	at javafx.graphics@21.0.1/javafx.scene.Node.fireEvent(Node.java:8875)
	at javafx.controls@21.0.1/javafx.scene.control.Button.fire(Button.java:203)
	at javafx.controls@21.0.1/com.sun.javafx.scene.control.behavior.ButtonBehavior.mouseReleased(ButtonBehavior.java:207)
	at javafx.controls@21.0.1/com.sun.javafx.scene.control.inputmap.InputMap.handle(InputMap.java:274)
	at javafx.base@21.0.1/com.sun.javafx.event.CompositeEventHandler$NormalEventHandlerRecord.handleBubblingEvent(CompositeEventHandler.java:247)
	at javafx.base@21.0.1/com.sun.javafx.event.CompositeEventHandler.dispatchBubblingEvent(CompositeEventHandler.java:80)
	at javafx.base@21.0.1/com.sun.javafx.event.EventHandlerManager.dispatchBubblingEvent(EventHandlerManager.java:232)
	at javafx.base@21.0.1/com.sun.javafx.event.EventHandlerManager.dispatchBubblingEvent(EventHandlerManager.java:189)
	at javafx.base@21.0.1/com.sun.javafx.event.CompositeEventDispatcher.dispatchBubblingEvent(CompositeEventDispatcher.java:59)
	at javafx.base@21.0.1/com.sun.javafx.event.BasicEventDispatcher.dispatchEvent(BasicEventDispatcher.java:58)
	at javafx.base@21.0.1/com.sun.javafx.event.EventDispatchChainImpl.dispatchEvent(EventDispatchChainImpl.java:114)
	at javafx.base@21.0.1/com.sun.javafx.event.BasicEventDispatcher.dispatchEvent(BasicEventDispatcher.java:56)
	at javafx.base@21.0.1/com.sun.javafx.event.EventDispatchChainImpl.dispatchEvent(EventDispatchChainImpl.java:114)
	at javafx.base@21.0.1/com.sun.javafx.event.BasicEventDispatcher.dispatchEvent(BasicEventDispatcher.java:56)
	at javafx.base@21.0.1/com.sun.javafx.event.EventDispatchChainImpl.dispatchEvent(EventDispatchChainImpl.java:114)
	at javafx.base@21.0.1/com.sun.javafx.event.BasicEventDispatcher.dispatchEvent(BasicEventDispatcher.java:56)
	at javafx.base@21.0.1/com.sun.javafx.event.EventDispatchChainImpl.dispatchEvent(EventDispatchChainImpl.java:114)
	at javafx.base@21.0.1/com.sun.javafx.event.EventUtil.fireEventImpl(EventUtil.java:74)
	at javafx.base@21.0.1/com.sun.javafx.event.EventUtil.fireEvent(EventUtil.java:54)
	at javafx.base@21.0.1/javafx.event.Event.fireEvent(Event.java:198)
	at javafx.graphics@21.0.1/javafx.scene.Scene$MouseHandler.process(Scene.java:3984)
	at javafx.graphics@21.0.1/javafx.scene.Scene.processMouseEvent(Scene.java:1890)
	at javafx.graphics@21.0.1/javafx.scene.Scene$ScenePeerListener.mouseEvent(Scene.java:2708)
	at javafx.graphics@21.0.1/com.sun.javafx.tk.quantum.GlassViewEventHandler$MouseEventNotification.run(GlassViewEventHandler.java:411)
	at javafx.graphics@21.0.1/com.sun.javafx.tk.quantum.GlassViewEventHandler$MouseEventNotification.run(GlassViewEventHandler.java:301)
	at java.base/java.security.AccessController.doPrivileged(AccessController.java:400)
	at javafx.graphics@21.0.1/com.sun.javafx.tk.quantum.GlassViewEventHandler.lambda$handleMouseEvent$2(GlassViewEventHandler.java:450)
	at javafx.graphics@21.0.1/com.sun.javafx.tk.quantum.QuantumToolkit.runWithoutRenderLock(QuantumToolkit.java:424)
	at javafx.graphics@21.0.1/com.sun.javafx.tk.quantum.GlassViewEventHandler.handleMouseEvent(GlassViewEventHandler.java:449)
	at javafx.graphics@21.0.1/com.sun.glass.ui.View.handleMouseEvent(View.java:551)
	at javafx.graphics@21.0.1/com.sun.glass.ui.View.notifyMouse(View.java:937)
	at javafx.graphics@21.0.1/com.sun.glass.ui.win.WinApplication._runLoop(Native Method)
	at javafx.graphics@21.0.1/com.sun.glass.ui.win.WinApplication.lambda$runLoop$3(WinApplication.java:185)
	at java.base/java.lang.Thread.run(Thread.java:1583)
Caused by: java.lang.reflect.InvocationTargetException: null
	at java.base/jdk.internal.reflect.DirectConstructorHandleAccessor.newInstance(DirectConstructorHandleAccessor.java:74)
	at java.base/java.lang.reflect.Constructor.newInstanceWithCaller(Constructor.java:502)
	at java.base/java.lang.reflect.Constructor.newInstance(Constructor.java:486)
	at javafx.fxml@21.0.1/javafx.fxml.FXMLLoader$ValueElement.processAttribute(FXMLLoader.java:941)
	... 66 common frames omitted
Caused by: java.lang.Error: Unresolved compilation problems: 
	The import pe.crediactiva.app.service.PagoService cannot be resolved
	The import pe.crediactiva.app.util.FechaUtil cannot be resolved
	PagoService cannot be resolved to a type
	PagoService cannot be resolved to a type
	PagoService cannot be resolved to a type
	PagoService cannot be resolved to a type
	FechaUtil cannot be resolved

	at pe.crediactiva.app.view.cliente.HistorialClienteController.<init>(HistorialClienteController.java:16)
	at java.base/jdk.internal.reflect.DirectConstructorHandleAccessor.newInstance(DirectConstructorHandleAccessor.java:62)
	... 69 common frames omitted
2025-10-05 20:15:17 [JavaFX Application Thread] ERROR p.c.a.v.c.ClienteMainController - Error al cargar pantalla del simulador
javafx.fxml.LoadException: Missing resource key.
/C:/Users/USER/OneDrive/Escritorio/proyecto_v4.0/target/classes/fxml/cliente/SimuladorClienteView.fxml:49

	at javafx.fxml@21.0.1/javafx.fxml.FXMLLoader.constructLoadException(FXMLLoader.java:2718)
	at javafx.fxml@21.0.1/javafx.fxml.FXMLLoader$Element.resolvePrefixedValue(FXMLLoader.java:425)
	at javafx.fxml@21.0.1/javafx.fxml.FXMLLoader$Element.processValue(FXMLLoader.java:375)
	at javafx.fxml@21.0.1/javafx.fxml.FXMLLoader$Element.processPropertyAttribute(FXMLLoader.java:337)
	at javafx.fxml@21.0.1/javafx.fxml.FXMLLoader$Element.processInstancePropertyAttributes(FXMLLoader.java:248)
	at javafx.fxml@21.0.1/javafx.fxml.FXMLLoader$ValueElement.processEndElement(FXMLLoader.java:780)
	at javafx.fxml@21.0.1/javafx.fxml.FXMLLoader.processEndElement(FXMLLoader.java:2969)
	at javafx.fxml@21.0.1/javafx.fxml.FXMLLoader.loadImpl(FXMLLoader.java:2654)
	at javafx.fxml@21.0.1/javafx.fxml.FXMLLoader.loadImpl(FXMLLoader.java:2563)
	at javafx.fxml@21.0.1/javafx.fxml.FXMLLoader.load(FXMLLoader.java:2531)
	at pe.crediactiva.app.view.cliente.ClienteMainController.handleSimulador(ClienteMainController.java:353)
	at java.base/jdk.internal.reflect.DirectMethodHandleAccessor.invoke(DirectMethodHandleAccessor.java:103)
	at java.base/java.lang.reflect.Method.invoke(Method.java:580)
	at com.sun.javafx.reflect.Trampoline.invoke(MethodUtil.java:72)
	at java.base/jdk.internal.reflect.DirectMethodHandleAccessor.invoke(DirectMethodHandleAccessor.java:103)
	at java.base/java.lang.reflect.Method.invoke(Method.java:580)
	at javafx.base@21.0.1/com.sun.javafx.reflect.MethodUtil.invoke(MethodUtil.java:270)
	at javafx.fxml@21.0.1/com.sun.javafx.fxml.MethodHelper.invoke(MethodHelper.java:84)
	at javafx.fxml@21.0.1/javafx.fxml.FXMLLoader$MethodHandler.invoke(FXMLLoader.java:1855)
	at javafx.fxml@21.0.1/javafx.fxml.FXMLLoader$ControllerMethodEventHandler.handle(FXMLLoader.java:1726)
	at javafx.base@21.0.1/com.sun.javafx.event.CompositeEventHandler.dispatchBubblingEvent(CompositeEventHandler.java:86)
	at javafx.base@21.0.1/com.sun.javafx.event.EventHandlerManager.dispatchBubblingEvent(EventHandlerManager.java:232)
	at javafx.base@21.0.1/com.sun.javafx.event.EventHandlerManager.dispatchBubblingEvent(EventHandlerManager.java:189)
	at javafx.base@21.0.1/com.sun.javafx.event.CompositeEventDispatcher.dispatchBubblingEvent(CompositeEventDispatcher.java:59)
	at javafx.base@21.0.1/com.sun.javafx.event.BasicEventDispatcher.dispatchEvent(BasicEventDispatcher.java:58)
	at javafx.base@21.0.1/com.sun.javafx.event.EventDispatchChainImpl.dispatchEvent(EventDispatchChainImpl.java:114)
	at javafx.base@21.0.1/com.sun.javafx.event.BasicEventDispatcher.dispatchEvent(BasicEventDispatcher.java:56)
	at javafx.base@21.0.1/com.sun.javafx.event.EventDispatchChainImpl.dispatchEvent(EventDispatchChainImpl.java:114)
	at javafx.base@21.0.1/com.sun.javafx.event.BasicEventDispatcher.dispatchEvent(BasicEventDispatcher.java:56)
	at javafx.base@21.0.1/com.sun.javafx.event.EventDispatchChainImpl.dispatchEvent(EventDispatchChainImpl.java:114)
	at javafx.base@21.0.1/com.sun.javafx.event.BasicEventDispatcher.dispatchEvent(BasicEventDispatcher.java:56)
	at javafx.base@21.0.1/com.sun.javafx.event.EventDispatchChainImpl.dispatchEvent(EventDispatchChainImpl.java:114)
	at javafx.base@21.0.1/com.sun.javafx.event.EventUtil.fireEventImpl(EventUtil.java:74)
	at javafx.base@21.0.1/com.sun.javafx.event.EventUtil.fireEvent(EventUtil.java:49)
	at javafx.base@21.0.1/javafx.event.Event.fireEvent(Event.java:198)
	at javafx.graphics@21.0.1/javafx.scene.Node.fireEvent(Node.java:8875)
	at javafx.controls@21.0.1/javafx.scene.control.Button.fire(Button.java:203)
	at javafx.controls@21.0.1/com.sun.javafx.scene.control.behavior.ButtonBehavior.mouseReleased(ButtonBehavior.java:207)
	at javafx.controls@21.0.1/com.sun.javafx.scene.control.inputmap.InputMap.handle(InputMap.java:274)
	at javafx.base@21.0.1/com.sun.javafx.event.CompositeEventHandler$NormalEventHandlerRecord.handleBubblingEvent(CompositeEventHandler.java:247)
	at javafx.base@21.0.1/com.sun.javafx.event.CompositeEventHandler.dispatchBubblingEvent(CompositeEventHandler.java:80)
	at javafx.base@21.0.1/com.sun.javafx.event.EventHandlerManager.dispatchBubblingEvent(EventHandlerManager.java:232)
	at javafx.base@21.0.1/com.sun.javafx.event.EventHandlerManager.dispatchBubblingEvent(EventHandlerManager.java:189)
	at javafx.base@21.0.1/com.sun.javafx.event.CompositeEventDispatcher.dispatchBubblingEvent(CompositeEventDispatcher.java:59)
	at javafx.base@21.0.1/com.sun.javafx.event.BasicEventDispatcher.dispatchEvent(BasicEventDispatcher.java:58)
	at javafx.base@21.0.1/com.sun.javafx.event.EventDispatchChainImpl.dispatchEvent(EventDispatchChainImpl.java:114)
	at javafx.base@21.0.1/com.sun.javafx.event.BasicEventDispatcher.dispatchEvent(BasicEventDispatcher.java:56)
	at javafx.base@21.0.1/com.sun.javafx.event.EventDispatchChainImpl.dispatchEvent(EventDispatchChainImpl.java:114)
	at javafx.base@21.0.1/com.sun.javafx.event.BasicEventDispatcher.dispatchEvent(BasicEventDispatcher.java:56)
	at javafx.base@21.0.1/com.sun.javafx.event.EventDispatchChainImpl.dispatchEvent(EventDispatchChainImpl.java:114)
	at javafx.base@21.0.1/com.sun.javafx.event.BasicEventDispatcher.dispatchEvent(BasicEventDispatcher.java:56)
	at javafx.base@21.0.1/com.sun.javafx.event.EventDispatchChainImpl.dispatchEvent(EventDispatchChainImpl.java:114)
	at javafx.base@21.0.1/com.sun.javafx.event.EventUtil.fireEventImpl(EventUtil.java:74)
	at javafx.base@21.0.1/com.sun.javafx.event.EventUtil.fireEvent(EventUtil.java:54)
	at javafx.base@21.0.1/javafx.event.Event.fireEvent(Event.java:198)
	at javafx.graphics@21.0.1/javafx.scene.Scene$MouseHandler.process(Scene.java:3984)
	at javafx.graphics@21.0.1/javafx.scene.Scene.processMouseEvent(Scene.java:1890)
	at javafx.graphics@21.0.1/javafx.scene.Scene$ScenePeerListener.mouseEvent(Scene.java:2708)
	at javafx.graphics@21.0.1/com.sun.javafx.tk.quantum.GlassViewEventHandler$MouseEventNotification.run(GlassViewEventHandler.java:411)
	at javafx.graphics@21.0.1/com.sun.javafx.tk.quantum.GlassViewEventHandler$MouseEventNotification.run(GlassViewEventHandler.java:301)
	at java.base/java.security.AccessController.doPrivileged(AccessController.java:400)
	at javafx.graphics@21.0.1/com.sun.javafx.tk.quantum.GlassViewEventHandler.lambda$handleMouseEvent$2(GlassViewEventHandler.java:450)
	at javafx.graphics@21.0.1/com.sun.javafx.tk.quantum.QuantumToolkit.runWithoutRenderLock(QuantumToolkit.java:424)
	at javafx.graphics@21.0.1/com.sun.javafx.tk.quantum.GlassViewEventHandler.handleMouseEvent(GlassViewEventHandler.java:449)
	at javafx.graphics@21.0.1/com.sun.glass.ui.View.handleMouseEvent(View.java:551)
	at javafx.graphics@21.0.1/com.sun.glass.ui.View.notifyMouse(View.java:937)
	at javafx.graphics@21.0.1/com.sun.glass.ui.win.WinApplication._runLoop(Native Method)
	at javafx.graphics@21.0.1/com.sun.glass.ui.win.WinApplication.lambda$runLoop$3(WinApplication.java:185)
	at java.base/java.lang.Thread.run(Thread.java:1583)
2025-10-05 20:15:19 [JavaFX Application Thread] ERROR p.c.a.v.c.ClienteMainController - Error al cargar pantalla de historial
javafx.fxml.LoadException: 
/C:/Users/USER/OneDrive/Escritorio/proyecto_v4.0/target/classes/fxml/cliente/HistorialClienteView.fxml:8

	at javafx.fxml@21.0.1/javafx.fxml.FXMLLoader.constructLoadException(FXMLLoader.java:2722)
	at javafx.fxml@21.0.1/javafx.fxml.FXMLLoader$ValueElement.processAttribute(FXMLLoader.java:946)
	at javafx.fxml@21.0.1/javafx.fxml.FXMLLoader$InstanceDeclarationElement.processAttribute(FXMLLoader.java:983)
	at javafx.fxml@21.0.1/javafx.fxml.FXMLLoader$Element.processStartElement(FXMLLoader.java:230)
	at javafx.fxml@21.0.1/javafx.fxml.FXMLLoader$ValueElement.processStartElement(FXMLLoader.java:757)
	at javafx.fxml@21.0.1/javafx.fxml.FXMLLoader.processStartElement(FXMLLoader.java:2853)
	at javafx.fxml@21.0.1/javafx.fxml.FXMLLoader.loadImpl(FXMLLoader.java:2649)
	at javafx.fxml@21.0.1/javafx.fxml.FXMLLoader.loadImpl(FXMLLoader.java:2563)
	at javafx.fxml@21.0.1/javafx.fxml.FXMLLoader.load(FXMLLoader.java:2531)
	at pe.crediactiva.app.view.cliente.ClienteMainController.handleHistorial(ClienteMainController.java:377)
	at java.base/jdk.internal.reflect.DirectMethodHandleAccessor.invoke(DirectMethodHandleAccessor.java:103)
	at java.base/java.lang.reflect.Method.invoke(Method.java:580)
	at com.sun.javafx.reflect.Trampoline.invoke(MethodUtil.java:72)
	at java.base/jdk.internal.reflect.DirectMethodHandleAccessor.invoke(DirectMethodHandleAccessor.java:103)
	at java.base/java.lang.reflect.Method.invoke(Method.java:580)
	at javafx.base@21.0.1/com.sun.javafx.reflect.MethodUtil.invoke(MethodUtil.java:270)
	at javafx.fxml@21.0.1/com.sun.javafx.fxml.MethodHelper.invoke(MethodHelper.java:84)
	at javafx.fxml@21.0.1/javafx.fxml.FXMLLoader$MethodHandler.invoke(FXMLLoader.java:1855)
	at javafx.fxml@21.0.1/javafx.fxml.FXMLLoader$ControllerMethodEventHandler.handle(FXMLLoader.java:1726)
	at javafx.base@21.0.1/com.sun.javafx.event.CompositeEventHandler.dispatchBubblingEvent(CompositeEventHandler.java:86)
	at javafx.base@21.0.1/com.sun.javafx.event.EventHandlerManager.dispatchBubblingEvent(EventHandlerManager.java:232)
	at javafx.base@21.0.1/com.sun.javafx.event.EventHandlerManager.dispatchBubblingEvent(EventHandlerManager.java:189)
	at javafx.base@21.0.1/com.sun.javafx.event.CompositeEventDispatcher.dispatchBubblingEvent(CompositeEventDispatcher.java:59)
	at javafx.base@21.0.1/com.sun.javafx.event.BasicEventDispatcher.dispatchEvent(BasicEventDispatcher.java:58)
	at javafx.base@21.0.1/com.sun.javafx.event.EventDispatchChainImpl.dispatchEvent(EventDispatchChainImpl.java:114)
	at javafx.base@21.0.1/com.sun.javafx.event.BasicEventDispatcher.dispatchEvent(BasicEventDispatcher.java:56)
	at javafx.base@21.0.1/com.sun.javafx.event.EventDispatchChainImpl.dispatchEvent(EventDispatchChainImpl.java:114)
	at javafx.base@21.0.1/com.sun.javafx.event.BasicEventDispatcher.dispatchEvent(BasicEventDispatcher.java:56)
	at javafx.base@21.0.1/com.sun.javafx.event.EventDispatchChainImpl.dispatchEvent(EventDispatchChainImpl.java:114)
	at javafx.base@21.0.1/com.sun.javafx.event.BasicEventDispatcher.dispatchEvent(BasicEventDispatcher.java:56)
	at javafx.base@21.0.1/com.sun.javafx.event.EventDispatchChainImpl.dispatchEvent(EventDispatchChainImpl.java:114)
	at javafx.base@21.0.1/com.sun.javafx.event.EventUtil.fireEventImpl(EventUtil.java:74)
	at javafx.base@21.0.1/com.sun.javafx.event.EventUtil.fireEvent(EventUtil.java:49)
	at javafx.base@21.0.1/javafx.event.Event.fireEvent(Event.java:198)
	at javafx.graphics@21.0.1/javafx.scene.Node.fireEvent(Node.java:8875)
	at javafx.controls@21.0.1/javafx.scene.control.Button.fire(Button.java:203)
	at javafx.controls@21.0.1/com.sun.javafx.scene.control.behavior.ButtonBehavior.mouseReleased(ButtonBehavior.java:207)
	at javafx.controls@21.0.1/com.sun.javafx.scene.control.inputmap.InputMap.handle(InputMap.java:274)
	at javafx.base@21.0.1/com.sun.javafx.event.CompositeEventHandler$NormalEventHandlerRecord.handleBubblingEvent(CompositeEventHandler.java:247)
	at javafx.base@21.0.1/com.sun.javafx.event.CompositeEventHandler.dispatchBubblingEvent(CompositeEventHandler.java:80)
	at javafx.base@21.0.1/com.sun.javafx.event.EventHandlerManager.dispatchBubblingEvent(EventHandlerManager.java:232)
	at javafx.base@21.0.1/com.sun.javafx.event.EventHandlerManager.dispatchBubblingEvent(EventHandlerManager.java:189)
	at javafx.base@21.0.1/com.sun.javafx.event.CompositeEventDispatcher.dispatchBubblingEvent(CompositeEventDispatcher.java:59)
	at javafx.base@21.0.1/com.sun.javafx.event.BasicEventDispatcher.dispatchEvent(BasicEventDispatcher.java:58)
	at javafx.base@21.0.1/com.sun.javafx.event.EventDispatchChainImpl.dispatchEvent(EventDispatchChainImpl.java:114)
	at javafx.base@21.0.1/com.sun.javafx.event.BasicEventDispatcher.dispatchEvent(BasicEventDispatcher.java:56)
	at javafx.base@21.0.1/com.sun.javafx.event.EventDispatchChainImpl.dispatchEvent(EventDispatchChainImpl.java:114)
	at javafx.base@21.0.1/com.sun.javafx.event.BasicEventDispatcher.dispatchEvent(BasicEventDispatcher.java:56)
	at javafx.base@21.0.1/com.sun.javafx.event.EventDispatchChainImpl.dispatchEvent(EventDispatchChainImpl.java:114)
	at javafx.base@21.0.1/com.sun.javafx.event.BasicEventDispatcher.dispatchEvent(BasicEventDispatcher.java:56)
	at javafx.base@21.0.1/com.sun.javafx.event.EventDispatchChainImpl.dispatchEvent(EventDispatchChainImpl.java:114)
	at javafx.base@21.0.1/com.sun.javafx.event.EventUtil.fireEventImpl(EventUtil.java:74)
	at javafx.base@21.0.1/com.sun.javafx.event.EventUtil.fireEvent(EventUtil.java:54)
	at javafx.base@21.0.1/javafx.event.Event.fireEvent(Event.java:198)
	at javafx.graphics@21.0.1/javafx.scene.Scene$MouseHandler.process(Scene.java:3984)
	at javafx.graphics@21.0.1/javafx.scene.Scene.processMouseEvent(Scene.java:1890)
	at javafx.graphics@21.0.1/javafx.scene.Scene$ScenePeerListener.mouseEvent(Scene.java:2708)
	at javafx.graphics@21.0.1/com.sun.javafx.tk.quantum.GlassViewEventHandler$MouseEventNotification.run(GlassViewEventHandler.java:411)
	at javafx.graphics@21.0.1/com.sun.javafx.tk.quantum.GlassViewEventHandler$MouseEventNotification.run(GlassViewEventHandler.java:301)
	at java.base/java.security.AccessController.doPrivileged(AccessController.java:400)
	at javafx.graphics@21.0.1/com.sun.javafx.tk.quantum.GlassViewEventHandler.lambda$handleMouseEvent$2(GlassViewEventHandler.java:450)
	at javafx.graphics@21.0.1/com.sun.javafx.tk.quantum.QuantumToolkit.runWithoutRenderLock(QuantumToolkit.java:424)
	at javafx.graphics@21.0.1/com.sun.javafx.tk.quantum.GlassViewEventHandler.handleMouseEvent(GlassViewEventHandler.java:449)
	at javafx.graphics@21.0.1/com.sun.glass.ui.View.handleMouseEvent(View.java:551)
	at javafx.graphics@21.0.1/com.sun.glass.ui.View.notifyMouse(View.java:937)
	at javafx.graphics@21.0.1/com.sun.glass.ui.win.WinApplication._runLoop(Native Method)
	at javafx.graphics@21.0.1/com.sun.glass.ui.win.WinApplication.lambda$runLoop$3(WinApplication.java:185)
	at java.base/java.lang.Thread.run(Thread.java:1583)
Caused by: java.lang.reflect.InvocationTargetException: null
	at java.base/jdk.internal.reflect.DirectConstructorHandleAccessor.newInstance(DirectConstructorHandleAccessor.java:74)
	at java.base/java.lang.reflect.Constructor.newInstanceWithCaller(Constructor.java:502)
	at java.base/java.lang.reflect.Constructor.newInstance(Constructor.java:486)
	at javafx.fxml@21.0.1/javafx.fxml.FXMLLoader$ValueElement.processAttribute(FXMLLoader.java:941)
	... 66 common frames omitted
Caused by: java.lang.Error: Unresolved compilation problems: 
	The import pe.crediactiva.app.service.PagoService cannot be resolved
	The import pe.crediactiva.app.util.FechaUtil cannot be resolved
	PagoService cannot be resolved to a type
	PagoService cannot be resolved to a type
	PagoService cannot be resolved to a type
	PagoService cannot be resolved to a type
	FechaUtil cannot be resolved

	at pe.crediactiva.app.view.cliente.HistorialClienteController.<init>(HistorialClienteController.java:16)
	at java.base/jdk.internal.reflect.DirectConstructorHandleAccessor.newInstance(DirectConstructorHandleAccessor.java:62)
	... 69 common frames omitted
2025-10-05 20:15:22 [JavaFX Application Thread] ERROR p.c.a.v.c.ClienteMainController - Error al cargar pantalla del simulador
javafx.fxml.LoadException: Missing resource key.
/C:/Users/USER/OneDrive/Escritorio/proyecto_v4.0/target/classes/fxml/cliente/SimuladorClienteView.fxml:49

	at javafx.fxml@21.0.1/javafx.fxml.FXMLLoader.constructLoadException(FXMLLoader.java:2718)
	at javafx.fxml@21.0.1/javafx.fxml.FXMLLoader$Element.resolvePrefixedValue(FXMLLoader.java:425)
	at javafx.fxml@21.0.1/javafx.fxml.FXMLLoader$Element.processValue(FXMLLoader.java:375)
	at javafx.fxml@21.0.1/javafx.fxml.FXMLLoader$Element.processPropertyAttribute(FXMLLoader.java:337)
	at javafx.fxml@21.0.1/javafx.fxml.FXMLLoader$Element.processInstancePropertyAttributes(FXMLLoader.java:248)
	at javafx.fxml@21.0.1/javafx.fxml.FXMLLoader$ValueElement.processEndElement(FXMLLoader.java:780)
	at javafx.fxml@21.0.1/javafx.fxml.FXMLLoader.processEndElement(FXMLLoader.java:2969)
	at javafx.fxml@21.0.1/javafx.fxml.FXMLLoader.loadImpl(FXMLLoader.java:2654)
	at javafx.fxml@21.0.1/javafx.fxml.FXMLLoader.loadImpl(FXMLLoader.java:2563)
	at javafx.fxml@21.0.1/javafx.fxml.FXMLLoader.load(FXMLLoader.java:2531)
	at pe.crediactiva.app.view.cliente.ClienteMainController.handleSimulador(ClienteMainController.java:353)
	at java.base/jdk.internal.reflect.DirectMethodHandleAccessor.invoke(DirectMethodHandleAccessor.java:103)
	at java.base/java.lang.reflect.Method.invoke(Method.java:580)
	at com.sun.javafx.reflect.Trampoline.invoke(MethodUtil.java:72)
	at java.base/jdk.internal.reflect.DirectMethodHandleAccessor.invoke(DirectMethodHandleAccessor.java:103)
	at java.base/java.lang.reflect.Method.invoke(Method.java:580)
	at javafx.base@21.0.1/com.sun.javafx.reflect.MethodUtil.invoke(MethodUtil.java:270)
	at javafx.fxml@21.0.1/com.sun.javafx.fxml.MethodHelper.invoke(MethodHelper.java:84)
	at javafx.fxml@21.0.1/javafx.fxml.FXMLLoader$MethodHandler.invoke(FXMLLoader.java:1855)
	at javafx.fxml@21.0.1/javafx.fxml.FXMLLoader$ControllerMethodEventHandler.handle(FXMLLoader.java:1726)
	at javafx.base@21.0.1/com.sun.javafx.event.CompositeEventHandler.dispatchBubblingEvent(CompositeEventHandler.java:86)
	at javafx.base@21.0.1/com.sun.javafx.event.EventHandlerManager.dispatchBubblingEvent(EventHandlerManager.java:232)
	at javafx.base@21.0.1/com.sun.javafx.event.EventHandlerManager.dispatchBubblingEvent(EventHandlerManager.java:189)
	at javafx.base@21.0.1/com.sun.javafx.event.CompositeEventDispatcher.dispatchBubblingEvent(CompositeEventDispatcher.java:59)
	at javafx.base@21.0.1/com.sun.javafx.event.BasicEventDispatcher.dispatchEvent(BasicEventDispatcher.java:58)
	at javafx.base@21.0.1/com.sun.javafx.event.EventDispatchChainImpl.dispatchEvent(EventDispatchChainImpl.java:114)
	at javafx.base@21.0.1/com.sun.javafx.event.BasicEventDispatcher.dispatchEvent(BasicEventDispatcher.java:56)
	at javafx.base@21.0.1/com.sun.javafx.event.EventDispatchChainImpl.dispatchEvent(EventDispatchChainImpl.java:114)
	at javafx.base@21.0.1/com.sun.javafx.event.BasicEventDispatcher.dispatchEvent(BasicEventDispatcher.java:56)
	at javafx.base@21.0.1/com.sun.javafx.event.EventDispatchChainImpl.dispatchEvent(EventDispatchChainImpl.java:114)
	at javafx.base@21.0.1/com.sun.javafx.event.BasicEventDispatcher.dispatchEvent(BasicEventDispatcher.java:56)
	at javafx.base@21.0.1/com.sun.javafx.event.EventDispatchChainImpl.dispatchEvent(EventDispatchChainImpl.java:114)
	at javafx.base@21.0.1/com.sun.javafx.event.EventUtil.fireEventImpl(EventUtil.java:74)
	at javafx.base@21.0.1/com.sun.javafx.event.EventUtil.fireEvent(EventUtil.java:49)
	at javafx.base@21.0.1/javafx.event.Event.fireEvent(Event.java:198)
	at javafx.graphics@21.0.1/javafx.scene.Node.fireEvent(Node.java:8875)
	at javafx.controls@21.0.1/javafx.scene.control.Button.fire(Button.java:203)
	at javafx.controls@21.0.1/com.sun.javafx.scene.control.behavior.ButtonBehavior.mouseReleased(ButtonBehavior.java:207)
	at javafx.controls@21.0.1/com.sun.javafx.scene.control.inputmap.InputMap.handle(InputMap.java:274)
	at javafx.base@21.0.1/com.sun.javafx.event.CompositeEventHandler$NormalEventHandlerRecord.handleBubblingEvent(CompositeEventHandler.java:247)
	at javafx.base@21.0.1/com.sun.javafx.event.CompositeEventHandler.dispatchBubblingEvent(CompositeEventHandler.java:80)
	at javafx.base@21.0.1/com.sun.javafx.event.EventHandlerManager.dispatchBubblingEvent(EventHandlerManager.java:232)
	at javafx.base@21.0.1/com.sun.javafx.event.EventHandlerManager.dispatchBubblingEvent(EventHandlerManager.java:189)
	at javafx.base@21.0.1/com.sun.javafx.event.CompositeEventDispatcher.dispatchBubblingEvent(CompositeEventDispatcher.java:59)
	at javafx.base@21.0.1/com.sun.javafx.event.BasicEventDispatcher.dispatchEvent(BasicEventDispatcher.java:58)
	at javafx.base@21.0.1/com.sun.javafx.event.EventDispatchChainImpl.dispatchEvent(EventDispatchChainImpl.java:114)
	at javafx.base@21.0.1/com.sun.javafx.event.BasicEventDispatcher.dispatchEvent(BasicEventDispatcher.java:56)
	at javafx.base@21.0.1/com.sun.javafx.event.EventDispatchChainImpl.dispatchEvent(EventDispatchChainImpl.java:114)
	at javafx.base@21.0.1/com.sun.javafx.event.BasicEventDispatcher.dispatchEvent(BasicEventDispatcher.java:56)
	at javafx.base@21.0.1/com.sun.javafx.event.EventDispatchChainImpl.dispatchEvent(EventDispatchChainImpl.java:114)
	at javafx.base@21.0.1/com.sun.javafx.event.BasicEventDispatcher.dispatchEvent(BasicEventDispatcher.java:56)
	at javafx.base@21.0.1/com.sun.javafx.event.EventDispatchChainImpl.dispatchEvent(EventDispatchChainImpl.java:114)
	at javafx.base@21.0.1/com.sun.javafx.event.EventUtil.fireEventImpl(EventUtil.java:74)
	at javafx.base@21.0.1/com.sun.javafx.event.EventUtil.fireEvent(EventUtil.java:54)
	at javafx.base@21.0.1/javafx.event.Event.fireEvent(Event.java:198)
	at javafx.graphics@21.0.1/javafx.scene.Scene$MouseHandler.process(Scene.java:3984)
	at javafx.graphics@21.0.1/javafx.scene.Scene.processMouseEvent(Scene.java:1890)
	at javafx.graphics@21.0.1/javafx.scene.Scene$ScenePeerListener.mouseEvent(Scene.java:2708)
	at javafx.graphics@21.0.1/com.sun.javafx.tk.quantum.GlassViewEventHandler$MouseEventNotification.run(GlassViewEventHandler.java:411)
	at javafx.graphics@21.0.1/com.sun.javafx.tk.quantum.GlassViewEventHandler$MouseEventNotification.run(GlassViewEventHandler.java:301)
	at java.base/java.security.AccessController.doPrivileged(AccessController.java:400)
	at javafx.graphics@21.0.1/com.sun.javafx.tk.quantum.GlassViewEventHandler.lambda$handleMouseEvent$2(GlassViewEventHandler.java:450)
	at javafx.graphics@21.0.1/com.sun.javafx.tk.quantum.QuantumToolkit.runWithoutRenderLock(QuantumToolkit.java:424)
	at javafx.graphics@21.0.1/com.sun.javafx.tk.quantum.GlassViewEventHandler.handleMouseEvent(GlassViewEventHandler.java:449)
	at javafx.graphics@21.0.1/com.sun.glass.ui.View.handleMouseEvent(View.java:551)
	at javafx.graphics@21.0.1/com.sun.glass.ui.View.notifyMouse(View.java:937)
	at javafx.graphics@21.0.1/com.sun.glass.ui.win.WinApplication._runLoop(Native Method)
	at javafx.graphics@21.0.1/com.sun.glass.ui.win.WinApplication.lambda$runLoop$3(WinApplication.java:185)
	at java.base/java.lang.Thread.run(Thread.java:1583)
2025-10-05 20:15:24 [JavaFX Application Thread] ERROR p.c.a.v.c.ClienteMainController - Error al cargar pantalla del simulador
javafx.fxml.LoadException: Missing resource key.
/C:/Users/USER/OneDrive/Escritorio/proyecto_v4.0/target/classes/fxml/cliente/SimuladorClienteView.fxml:49

	at javafx.fxml@21.0.1/javafx.fxml.FXMLLoader.constructLoadException(FXMLLoader.java:2718)
	at javafx.fxml@21.0.1/javafx.fxml.FXMLLoader$Element.resolvePrefixedValue(FXMLLoader.java:425)
	at javafx.fxml@21.0.1/javafx.fxml.FXMLLoader$Element.processValue(FXMLLoader.java:375)
	at javafx.fxml@21.0.1/javafx.fxml.FXMLLoader$Element.processPropertyAttribute(FXMLLoader.java:337)
	at javafx.fxml@21.0.1/javafx.fxml.FXMLLoader$Element.processInstancePropertyAttributes(FXMLLoader.java:248)
	at javafx.fxml@21.0.1/javafx.fxml.FXMLLoader$ValueElement.processEndElement(FXMLLoader.java:780)
	at javafx.fxml@21.0.1/javafx.fxml.FXMLLoader.processEndElement(FXMLLoader.java:2969)
	at javafx.fxml@21.0.1/javafx.fxml.FXMLLoader.loadImpl(FXMLLoader.java:2654)
	at javafx.fxml@21.0.1/javafx.fxml.FXMLLoader.loadImpl(FXMLLoader.java:2563)
	at javafx.fxml@21.0.1/javafx.fxml.FXMLLoader.load(FXMLLoader.java:2531)
	at pe.crediactiva.app.view.cliente.ClienteMainController.handleSimulador(ClienteMainController.java:353)
	at pe.crediactiva.app.view.cliente.ClienteMainController.handleSimularCredito(ClienteMainController.java:414)
	at java.base/jdk.internal.reflect.DirectMethodHandleAccessor.invoke(DirectMethodHandleAccessor.java:103)
	at java.base/java.lang.reflect.Method.invoke(Method.java:580)
	at com.sun.javafx.reflect.Trampoline.invoke(MethodUtil.java:72)
	at java.base/jdk.internal.reflect.DirectMethodHandleAccessor.invoke(DirectMethodHandleAccessor.java:103)
	at java.base/java.lang.reflect.Method.invoke(Method.java:580)
	at javafx.base@21.0.1/com.sun.javafx.reflect.MethodUtil.invoke(MethodUtil.java:270)
	at javafx.fxml@21.0.1/com.sun.javafx.fxml.MethodHelper.invoke(MethodHelper.java:84)
	at javafx.fxml@21.0.1/javafx.fxml.FXMLLoader$MethodHandler.invoke(FXMLLoader.java:1855)
	at javafx.fxml@21.0.1/javafx.fxml.FXMLLoader$ControllerMethodEventHandler.handle(FXMLLoader.java:1726)
	at javafx.base@21.0.1/com.sun.javafx.event.CompositeEventHandler.dispatchBubblingEvent(CompositeEventHandler.java:86)
	at javafx.base@21.0.1/com.sun.javafx.event.EventHandlerManager.dispatchBubblingEvent(EventHandlerManager.java:232)
	at javafx.base@21.0.1/com.sun.javafx.event.EventHandlerManager.dispatchBubblingEvent(EventHandlerManager.java:189)
	at javafx.base@21.0.1/com.sun.javafx.event.CompositeEventDispatcher.dispatchBubblingEvent(CompositeEventDispatcher.java:59)
	at javafx.base@21.0.1/com.sun.javafx.event.BasicEventDispatcher.dispatchEvent(BasicEventDispatcher.java:58)
	at javafx.base@21.0.1/com.sun.javafx.event.EventDispatchChainImpl.dispatchEvent(EventDispatchChainImpl.java:114)
	at javafx.base@21.0.1/com.sun.javafx.event.BasicEventDispatcher.dispatchEvent(BasicEventDispatcher.java:56)
	at javafx.base@21.0.1/com.sun.javafx.event.EventDispatchChainImpl.dispatchEvent(EventDispatchChainImpl.java:114)
	at javafx.base@21.0.1/com.sun.javafx.event.BasicEventDispatcher.dispatchEvent(BasicEventDispatcher.java:56)
	at javafx.base@21.0.1/com.sun.javafx.event.EventDispatchChainImpl.dispatchEvent(EventDispatchChainImpl.java:114)
	at javafx.base@21.0.1/com.sun.javafx.event.BasicEventDispatcher.dispatchEvent(BasicEventDispatcher.java:56)
	at javafx.base@21.0.1/com.sun.javafx.event.EventDispatchChainImpl.dispatchEvent(EventDispatchChainImpl.java:114)
	at javafx.base@21.0.1/com.sun.javafx.event.EventUtil.fireEventImpl(EventUtil.java:74)
	at javafx.base@21.0.1/com.sun.javafx.event.EventUtil.fireEvent(EventUtil.java:49)
	at javafx.base@21.0.1/javafx.event.Event.fireEvent(Event.java:198)
	at javafx.graphics@21.0.1/javafx.scene.Node.fireEvent(Node.java:8875)
	at javafx.controls@21.0.1/javafx.scene.control.Button.fire(Button.java:203)
	at javafx.controls@21.0.1/com.sun.javafx.scene.control.behavior.ButtonBehavior.mouseReleased(ButtonBehavior.java:207)
	at javafx.controls@21.0.1/com.sun.javafx.scene.control.inputmap.InputMap.handle(InputMap.java:274)
	at javafx.base@21.0.1/com.sun.javafx.event.CompositeEventHandler$NormalEventHandlerRecord.handleBubblingEvent(CompositeEventHandler.java:247)
	at javafx.base@21.0.1/com.sun.javafx.event.CompositeEventHandler.dispatchBubblingEvent(CompositeEventHandler.java:80)
	at javafx.base@21.0.1/com.sun.javafx.event.EventHandlerManager.dispatchBubblingEvent(EventHandlerManager.java:232)
	at javafx.base@21.0.1/com.sun.javafx.event.EventHandlerManager.dispatchBubblingEvent(EventHandlerManager.java:189)
	at javafx.base@21.0.1/com.sun.javafx.event.CompositeEventDispatcher.dispatchBubblingEvent(CompositeEventDispatcher.java:59)
	at javafx.base@21.0.1/com.sun.javafx.event.BasicEventDispatcher.dispatchEvent(BasicEventDispatcher.java:58)
	at javafx.base@21.0.1/com.sun.javafx.event.EventDispatchChainImpl.dispatchEvent(EventDispatchChainImpl.java:114)
	at javafx.base@21.0.1/com.sun.javafx.event.BasicEventDispatcher.dispatchEvent(BasicEventDispatcher.java:56)
	at javafx.base@21.0.1/com.sun.javafx.event.EventDispatchChainImpl.dispatchEvent(EventDispatchChainImpl.java:114)
	at javafx.base@21.0.1/com.sun.javafx.event.BasicEventDispatcher.dispatchEvent(BasicEventDispatcher.java:56)
	at javafx.base@21.0.1/com.sun.javafx.event.EventDispatchChainImpl.dispatchEvent(EventDispatchChainImpl.java:114)
	at javafx.base@21.0.1/com.sun.javafx.event.BasicEventDispatcher.dispatchEvent(BasicEventDispatcher.java:56)
	at javafx.base@21.0.1/com.sun.javafx.event.EventDispatchChainImpl.dispatchEvent(EventDispatchChainImpl.java:114)
	at javafx.base@21.0.1/com.sun.javafx.event.EventUtil.fireEventImpl(EventUtil.java:74)
	at javafx.base@21.0.1/com.sun.javafx.event.EventUtil.fireEvent(EventUtil.java:54)
	at javafx.base@21.0.1/javafx.event.Event.fireEvent(Event.java:198)
	at javafx.graphics@21.0.1/javafx.scene.Scene$MouseHandler.process(Scene.java:3984)
	at javafx.graphics@21.0.1/javafx.scene.Scene.processMouseEvent(Scene.java:1890)
	at javafx.graphics@21.0.1/javafx.scene.Scene$ScenePeerListener.mouseEvent(Scene.java:2708)
	at javafx.graphics@21.0.1/com.sun.javafx.tk.quantum.GlassViewEventHandler$MouseEventNotification.run(GlassViewEventHandler.java:411)
	at javafx.graphics@21.0.1/com.sun.javafx.tk.quantum.GlassViewEventHandler$MouseEventNotification.run(GlassViewEventHandler.java:301)
	at java.base/java.security.AccessController.doPrivileged(AccessController.java:400)
	at javafx.graphics@21.0.1/com.sun.javafx.tk.quantum.GlassViewEventHandler.lambda$handleMouseEvent$2(GlassViewEventHandler.java:450)
	at javafx.graphics@21.0.1/com.sun.javafx.tk.quantum.QuantumToolkit.runWithoutRenderLock(QuantumToolkit.java:424)
	at javafx.graphics@21.0.1/com.sun.javafx.tk.quantum.GlassViewEventHandler.handleMouseEvent(GlassViewEventHandler.java:449)
	at javafx.graphics@21.0.1/com.sun.glass.ui.View.handleMouseEvent(View.java:551)
	at javafx.graphics@21.0.1/com.sun.glass.ui.View.notifyMouse(View.java:937)
	at javafx.graphics@21.0.1/com.sun.glass.ui.win.WinApplication._runLoop(Native Method)
	at javafx.graphics@21.0.1/com.sun.glass.ui.win.WinApplication.lambda$runLoop$3(WinApplication.java:185)
	at java.base/java.lang.Thread.run(Thread.java:1583)
2025-10-05 20:15:26 [JavaFX Application Thread] INFO  p.c.a.v.c.RecibosClienteController - Pantalla de recibos del cliente inicializada correctamente
2025-10-05 20:15:31 [JavaFX Application Thread] ERROR p.c.app.dao.impl.PrestamoDAOImpl - Error al buscar préstamos por cliente y estado: 11111111, ACTIVO
java.sql.SQLException: Column 'cliente_nombre' not found.
	at com.mysql.cj.jdbc.exceptions.SQLError.createSQLException(SQLError.java:130)
	at com.mysql.cj.jdbc.exceptions.SQLError.createSQLException(SQLError.java:98)
	at com.mysql.cj.jdbc.exceptions.SQLError.createSQLException(SQLError.java:90)
	at com.mysql.cj.jdbc.exceptions.SQLError.createSQLException(SQLError.java:64)
	at com.mysql.cj.jdbc.result.ResultSetImpl.findColumn(ResultSetImpl.java:584)
	at com.mysql.cj.jdbc.result.ResultSetImpl.getString(ResultSetImpl.java:896)
	at com.zaxxer.hikari.pool.HikariProxyResultSet.getString(HikariProxyResultSet.java)
	at pe.crediactiva.app.dao.impl.PrestamoDAOImpl.mapResultSetToPrestamo(PrestamoDAOImpl.java:522)
	at pe.crediactiva.app.dao.impl.PrestamoDAOImpl.findByClienteAndEstado(PrestamoDAOImpl.java:475)
	at pe.crediactiva.app.service.PrestamoService.obtenerPrestamosActivosPorCliente(PrestamoService.java:399)
	at pe.crediactiva.app.view.cliente.ClienteMainController.cargarEstadisticasResumen(ClienteMainController.java:198)
	at pe.crediactiva.app.view.cliente.ClienteMainController.initialize(ClienteMainController.java:147)
	at java.base/jdk.internal.reflect.DirectMethodHandleAccessor.invoke(DirectMethodHandleAccessor.java:103)
	at java.base/java.lang.reflect.Method.invoke(Method.java:580)
	at com.sun.javafx.reflect.Trampoline.invoke(MethodUtil.java:72)
	at java.base/jdk.internal.reflect.DirectMethodHandleAccessor.invoke(DirectMethodHandleAccessor.java:103)
	at java.base/java.lang.reflect.Method.invoke(Method.java:580)
	at javafx.base@21.0.1/com.sun.javafx.reflect.MethodUtil.invoke(MethodUtil.java:270)
	at javafx.fxml@21.0.1/com.sun.javafx.fxml.MethodHelper.invoke(MethodHelper.java:84)
	at javafx.fxml@21.0.1/javafx.fxml.FXMLLoader.loadImpl(FXMLLoader.java:2688)
	at javafx.fxml@21.0.1/javafx.fxml.FXMLLoader.loadImpl(FXMLLoader.java:2563)
	at javafx.fxml@21.0.1/javafx.fxml.FXMLLoader.load(FXMLLoader.java:2531)
	at pe.crediactiva.app.view.cliente.RecibosClienteController.handleVolver(RecibosClienteController.java:376)
	at java.base/jdk.internal.reflect.DirectMethodHandleAccessor.invoke(DirectMethodHandleAccessor.java:103)
	at java.base/java.lang.reflect.Method.invoke(Method.java:580)
	at com.sun.javafx.reflect.Trampoline.invoke(MethodUtil.java:72)
	at java.base/jdk.internal.reflect.DirectMethodHandleAccessor.invoke(DirectMethodHandleAccessor.java:103)
	at java.base/java.lang.reflect.Method.invoke(Method.java:580)
	at javafx.base@21.0.1/com.sun.javafx.reflect.MethodUtil.invoke(MethodUtil.java:270)
	at javafx.fxml@21.0.1/com.sun.javafx.fxml.MethodHelper.invoke(MethodHelper.java:84)
	at javafx.fxml@21.0.1/javafx.fxml.FXMLLoader$MethodHandler.invoke(FXMLLoader.java:1855)
	at javafx.fxml@21.0.1/javafx.fxml.FXMLLoader$ControllerMethodEventHandler.handle(FXMLLoader.java:1726)
	at javafx.base@21.0.1/com.sun.javafx.event.CompositeEventHandler.dispatchBubblingEvent(CompositeEventHandler.java:86)
	at javafx.base@21.0.1/com.sun.javafx.event.EventHandlerManager.dispatchBubblingEvent(EventHandlerManager.java:232)
	at javafx.base@21.0.1/com.sun.javafx.event.EventHandlerManager.dispatchBubblingEvent(EventHandlerManager.java:189)
	at javafx.base@21.0.1/com.sun.javafx.event.CompositeEventDispatcher.dispatchBubblingEvent(CompositeEventDispatcher.java:59)
	at javafx.base@21.0.1/com.sun.javafx.event.BasicEventDispatcher.dispatchEvent(BasicEventDispatcher.java:58)
	at javafx.base@21.0.1/com.sun.javafx.event.EventDispatchChainImpl.dispatchEvent(EventDispatchChainImpl.java:114)
	at javafx.base@21.0.1/com.sun.javafx.event.BasicEventDispatcher.dispatchEvent(BasicEventDispatcher.java:56)
	at javafx.base@21.0.1/com.sun.javafx.event.EventDispatchChainImpl.dispatchEvent(EventDispatchChainImpl.java:114)
	at javafx.base@21.0.1/com.sun.javafx.event.BasicEventDispatcher.dispatchEvent(BasicEventDispatcher.java:56)
	at javafx.base@21.0.1/com.sun.javafx.event.EventDispatchChainImpl.dispatchEvent(EventDispatchChainImpl.java:114)
	at javafx.base@21.0.1/com.sun.javafx.event.EventUtil.fireEventImpl(EventUtil.java:74)
	at javafx.base@21.0.1/com.sun.javafx.event.EventUtil.fireEvent(EventUtil.java:49)
	at javafx.base@21.0.1/javafx.event.Event.fireEvent(Event.java:198)
	at javafx.graphics@21.0.1/javafx.scene.Node.fireEvent(Node.java:8875)
	at javafx.controls@21.0.1/javafx.scene.control.Button.fire(Button.java:203)
	at javafx.controls@21.0.1/com.sun.javafx.scene.control.behavior.ButtonBehavior.mouseReleased(ButtonBehavior.java:207)
	at javafx.controls@21.0.1/com.sun.javafx.scene.control.inputmap.InputMap.handle(InputMap.java:274)
	at javafx.base@21.0.1/com.sun.javafx.event.CompositeEventHandler$NormalEventHandlerRecord.handleBubblingEvent(CompositeEventHandler.java:247)
	at javafx.base@21.0.1/com.sun.javafx.event.CompositeEventHandler.dispatchBubblingEvent(CompositeEventHandler.java:80)
	at javafx.base@21.0.1/com.sun.javafx.event.EventHandlerManager.dispatchBubblingEvent(EventHandlerManager.java:232)
	at javafx.base@21.0.1/com.sun.javafx.event.EventHandlerManager.dispatchBubblingEvent(EventHandlerManager.java:189)
	at javafx.base@21.0.1/com.sun.javafx.event.CompositeEventDispatcher.dispatchBubblingEvent(CompositeEventDispatcher.java:59)
	at javafx.base@21.0.1/com.sun.javafx.event.BasicEventDispatcher.dispatchEvent(BasicEventDispatcher.java:58)
	at javafx.base@21.0.1/com.sun.javafx.event.EventDispatchChainImpl.dispatchEvent(EventDispatchChainImpl.java:114)
	at javafx.base@21.0.1/com.sun.javafx.event.BasicEventDispatcher.dispatchEvent(BasicEventDispatcher.java:56)
	at javafx.base@21.0.1/com.sun.javafx.event.EventDispatchChainImpl.dispatchEvent(EventDispatchChainImpl.java:114)
	at javafx.base@21.0.1/com.sun.javafx.event.BasicEventDispatcher.dispatchEvent(BasicEventDispatcher.java:56)
	at javafx.base@21.0.1/com.sun.javafx.event.EventDispatchChainImpl.dispatchEvent(EventDispatchChainImpl.java:114)
	at javafx.base@21.0.1/com.sun.javafx.event.EventUtil.fireEventImpl(EventUtil.java:74)
	at javafx.base@21.0.1/com.sun.javafx.event.EventUtil.fireEvent(EventUtil.java:54)
	at javafx.base@21.0.1/javafx.event.Event.fireEvent(Event.java:198)
	at javafx.graphics@21.0.1/javafx.scene.Scene$MouseHandler.process(Scene.java:3984)
	at javafx.graphics@21.0.1/javafx.scene.Scene.processMouseEvent(Scene.java:1890)
	at javafx.graphics@21.0.1/javafx.scene.Scene$ScenePeerListener.mouseEvent(Scene.java:2708)
	at javafx.graphics@21.0.1/com.sun.javafx.tk.quantum.GlassViewEventHandler$MouseEventNotification.run(GlassViewEventHandler.java:411)
	at javafx.graphics@21.0.1/com.sun.javafx.tk.quantum.GlassViewEventHandler$MouseEventNotification.run(GlassViewEventHandler.java:301)
	at java.base/java.security.AccessController.doPrivileged(AccessController.java:400)
	at javafx.graphics@21.0.1/com.sun.javafx.tk.quantum.GlassViewEventHandler.lambda$handleMouseEvent$2(GlassViewEventHandler.java:450)
	at javafx.graphics@21.0.1/com.sun.javafx.tk.quantum.QuantumToolkit.runWithoutRenderLock(QuantumToolkit.java:424)
	at javafx.graphics@21.0.1/com.sun.javafx.tk.quantum.GlassViewEventHandler.handleMouseEvent(GlassViewEventHandler.java:449)
	at javafx.graphics@21.0.1/com.sun.glass.ui.View.handleMouseEvent(View.java:551)
	at javafx.graphics@21.0.1/com.sun.glass.ui.View.notifyMouse(View.java:937)
	at javafx.graphics@21.0.1/com.sun.glass.ui.win.WinApplication._runLoop(Native Method)
	at javafx.graphics@21.0.1/com.sun.glass.ui.win.WinApplication.lambda$runLoop$3(WinApplication.java:185)
	at java.base/java.lang.Thread.run(Thread.java:1583)
2025-10-05 20:15:34 [JavaFX Application Thread] INFO  p.c.a.v.c.CronogramasClienteController - Cargado cronograma con 26 cuotas para préstamo 1
2025-10-05 20:15:34 [JavaFX Application Thread] INFO  p.c.a.v.c.CronogramasClienteController - Cargados 1 préstamos para el cliente 11111111
2025-10-05 20:15:37 [JavaFX Application Thread] ERROR p.c.app.dao.impl.PrestamoDAOImpl - Error al buscar préstamos por cliente y estado: 11111111, ACTIVO
java.sql.SQLException: Column 'cliente_nombre' not found.
	at com.mysql.cj.jdbc.exceptions.SQLError.createSQLException(SQLError.java:130)
	at com.mysql.cj.jdbc.exceptions.SQLError.createSQLException(SQLError.java:98)
	at com.mysql.cj.jdbc.exceptions.SQLError.createSQLException(SQLError.java:90)
	at com.mysql.cj.jdbc.exceptions.SQLError.createSQLException(SQLError.java:64)
	at com.mysql.cj.jdbc.result.ResultSetImpl.findColumn(ResultSetImpl.java:584)
	at com.mysql.cj.jdbc.result.ResultSetImpl.getString(ResultSetImpl.java:896)
	at com.zaxxer.hikari.pool.HikariProxyResultSet.getString(HikariProxyResultSet.java)
	at pe.crediactiva.app.dao.impl.PrestamoDAOImpl.mapResultSetToPrestamo(PrestamoDAOImpl.java:522)
	at pe.crediactiva.app.dao.impl.PrestamoDAOImpl.findByClienteAndEstado(PrestamoDAOImpl.java:475)
	at pe.crediactiva.app.service.PrestamoService.obtenerPrestamosActivosPorCliente(PrestamoService.java:399)
	at pe.crediactiva.app.view.cliente.ClienteMainController.cargarEstadisticasResumen(ClienteMainController.java:198)
	at pe.crediactiva.app.view.cliente.ClienteMainController.initialize(ClienteMainController.java:147)
	at java.base/jdk.internal.reflect.DirectMethodHandleAccessor.invoke(DirectMethodHandleAccessor.java:103)
	at java.base/java.lang.reflect.Method.invoke(Method.java:580)
	at com.sun.javafx.reflect.Trampoline.invoke(MethodUtil.java:72)
	at java.base/jdk.internal.reflect.DirectMethodHandleAccessor.invoke(DirectMethodHandleAccessor.java:103)
	at java.base/java.lang.reflect.Method.invoke(Method.java:580)
	at javafx.base@21.0.1/com.sun.javafx.reflect.MethodUtil.invoke(MethodUtil.java:270)
	at javafx.fxml@21.0.1/com.sun.javafx.fxml.MethodHelper.invoke(MethodHelper.java:84)
	at javafx.fxml@21.0.1/javafx.fxml.FXMLLoader.loadImpl(FXMLLoader.java:2688)
	at javafx.fxml@21.0.1/javafx.fxml.FXMLLoader.loadImpl(FXMLLoader.java:2563)
	at javafx.fxml@21.0.1/javafx.fxml.FXMLLoader.load(FXMLLoader.java:2531)
	at pe.crediactiva.app.view.cliente.CronogramasClienteController.handleVolver(CronogramasClienteController.java:389)
	at java.base/jdk.internal.reflect.DirectMethodHandleAccessor.invoke(DirectMethodHandleAccessor.java:103)
	at java.base/java.lang.reflect.Method.invoke(Method.java:580)
	at com.sun.javafx.reflect.Trampoline.invoke(MethodUtil.java:72)
	at java.base/jdk.internal.reflect.DirectMethodHandleAccessor.invoke(DirectMethodHandleAccessor.java:103)
	at java.base/java.lang.reflect.Method.invoke(Method.java:580)
	at javafx.base@21.0.1/com.sun.javafx.reflect.MethodUtil.invoke(MethodUtil.java:270)
	at javafx.fxml@21.0.1/com.sun.javafx.fxml.MethodHelper.invoke(MethodHelper.java:84)
	at javafx.fxml@21.0.1/javafx.fxml.FXMLLoader$MethodHandler.invoke(FXMLLoader.java:1855)
	at javafx.fxml@21.0.1/javafx.fxml.FXMLLoader$ControllerMethodEventHandler.handle(FXMLLoader.java:1726)
	at javafx.base@21.0.1/com.sun.javafx.event.CompositeEventHandler.dispatchBubblingEvent(CompositeEventHandler.java:86)
	at javafx.base@21.0.1/com.sun.javafx.event.EventHandlerManager.dispatchBubblingEvent(EventHandlerManager.java:232)
	at javafx.base@21.0.1/com.sun.javafx.event.EventHandlerManager.dispatchBubblingEvent(EventHandlerManager.java:189)
	at javafx.base@21.0.1/com.sun.javafx.event.CompositeEventDispatcher.dispatchBubblingEvent(CompositeEventDispatcher.java:59)
	at javafx.base@21.0.1/com.sun.javafx.event.BasicEventDispatcher.dispatchEvent(BasicEventDispatcher.java:58)
	at javafx.base@21.0.1/com.sun.javafx.event.EventDispatchChainImpl.dispatchEvent(EventDispatchChainImpl.java:114)
	at javafx.base@21.0.1/com.sun.javafx.event.BasicEventDispatcher.dispatchEvent(BasicEventDispatcher.java:56)
	at javafx.base@21.0.1/com.sun.javafx.event.EventDispatchChainImpl.dispatchEvent(EventDispatchChainImpl.java:114)
	at javafx.base@21.0.1/com.sun.javafx.event.BasicEventDispatcher.dispatchEvent(BasicEventDispatcher.java:56)
	at javafx.base@21.0.1/com.sun.javafx.event.EventDispatchChainImpl.dispatchEvent(EventDispatchChainImpl.java:114)
	at javafx.base@21.0.1/com.sun.javafx.event.EventUtil.fireEventImpl(EventUtil.java:74)
	at javafx.base@21.0.1/com.sun.javafx.event.EventUtil.fireEvent(EventUtil.java:49)
	at javafx.base@21.0.1/javafx.event.Event.fireEvent(Event.java:198)
	at javafx.graphics@21.0.1/javafx.scene.Node.fireEvent(Node.java:8875)
	at javafx.controls@21.0.1/javafx.scene.control.Button.fire(Button.java:203)
	at javafx.controls@21.0.1/com.sun.javafx.scene.control.behavior.ButtonBehavior.mouseReleased(ButtonBehavior.java:207)
	at javafx.controls@21.0.1/com.sun.javafx.scene.control.inputmap.InputMap.handle(InputMap.java:274)
	at javafx.base@21.0.1/com.sun.javafx.event.CompositeEventHandler$NormalEventHandlerRecord.handleBubblingEvent(CompositeEventHandler.java:247)
	at javafx.base@21.0.1/com.sun.javafx.event.CompositeEventHandler.dispatchBubblingEvent(CompositeEventHandler.java:80)
	at javafx.base@21.0.1/com.sun.javafx.event.EventHandlerManager.dispatchBubblingEvent(EventHandlerManager.java:232)
	at javafx.base@21.0.1/com.sun.javafx.event.EventHandlerManager.dispatchBubblingEvent(EventHandlerManager.java:189)
	at javafx.base@21.0.1/com.sun.javafx.event.CompositeEventDispatcher.dispatchBubblingEvent(CompositeEventDispatcher.java:59)
	at javafx.base@21.0.1/com.sun.javafx.event.BasicEventDispatcher.dispatchEvent(BasicEventDispatcher.java:58)
	at javafx.base@21.0.1/com.sun.javafx.event.EventDispatchChainImpl.dispatchEvent(EventDispatchChainImpl.java:114)
	at javafx.base@21.0.1/com.sun.javafx.event.BasicEventDispatcher.dispatchEvent(BasicEventDispatcher.java:56)
	at javafx.base@21.0.1/com.sun.javafx.event.EventDispatchChainImpl.dispatchEvent(EventDispatchChainImpl.java:114)
	at javafx.base@21.0.1/com.sun.javafx.event.BasicEventDispatcher.dispatchEvent(BasicEventDispatcher.java:56)
	at javafx.base@21.0.1/com.sun.javafx.event.EventDispatchChainImpl.dispatchEvent(EventDispatchChainImpl.java:114)
	at javafx.base@21.0.1/com.sun.javafx.event.EventUtil.fireEventImpl(EventUtil.java:74)
	at javafx.base@21.0.1/com.sun.javafx.event.EventUtil.fireEvent(EventUtil.java:54)
	at javafx.base@21.0.1/javafx.event.Event.fireEvent(Event.java:198)
	at javafx.graphics@21.0.1/javafx.scene.Scene$MouseHandler.process(Scene.java:3984)
	at javafx.graphics@21.0.1/javafx.scene.Scene.processMouseEvent(Scene.java:1890)
	at javafx.graphics@21.0.1/javafx.scene.Scene$ScenePeerListener.mouseEvent(Scene.java:2708)
	at javafx.graphics@21.0.1/com.sun.javafx.tk.quantum.GlassViewEventHandler$MouseEventNotification.run(GlassViewEventHandler.java:411)
	at javafx.graphics@21.0.1/com.sun.javafx.tk.quantum.GlassViewEventHandler$MouseEventNotification.run(GlassViewEventHandler.java:301)
	at java.base/java.security.AccessController.doPrivileged(AccessController.java:400)
	at javafx.graphics@21.0.1/com.sun.javafx.tk.quantum.GlassViewEventHandler.lambda$handleMouseEvent$2(GlassViewEventHandler.java:450)
	at javafx.graphics@21.0.1/com.sun.javafx.tk.quantum.QuantumToolkit.runWithoutRenderLock(QuantumToolkit.java:424)
	at javafx.graphics@21.0.1/com.sun.javafx.tk.quantum.GlassViewEventHandler.handleMouseEvent(GlassViewEventHandler.java:449)
	at javafx.graphics@21.0.1/com.sun.glass.ui.View.handleMouseEvent(View.java:551)
	at javafx.graphics@21.0.1/com.sun.glass.ui.View.notifyMouse(View.java:937)
	at javafx.graphics@21.0.1/com.sun.glass.ui.win.WinApplication._runLoop(Native Method)
	at javafx.graphics@21.0.1/com.sun.glass.ui.win.WinApplication.lambda$runLoop$3(WinApplication.java:185)
	at java.base/java.lang.Thread.run(Thread.java:1583)
2025-10-05 20:15:42 [JavaFX Application Thread] INFO  p.c.app.config.DatabaseConfig - Pool de conexiones cerrado correctamente
2025-10-05 20:15:42 [JavaFX Application Thread] INFO  pe.crediactiva.app.Main - Aplicación CrediActiva cerrada
2025-10-05 20:18:02 [main] INFO  pe.crediactiva.app.Main - Iniciando aplicación CrediActiva Desktop v1.0.0
2025-10-05 20:18:02 [JavaFX Application Thread] INFO  pe.crediactiva.app.Main - Icono no encontrado, continuando sin icono
2025-10-05 20:18:02 [JavaFX Application Thread] INFO  p.c.app.config.DatabaseConfig - Propiedades de base de datos cargadas correctamente
2025-10-05 20:18:02 [JavaFX Application Thread] INFO  p.c.app.config.DatabaseConfig - Pool de conexiones HikariCP inicializado correctamente
2025-10-05 20:18:03 [JavaFX Application Thread] INFO  pe.crediactiva.app.Main - Aplicación CrediActiva iniciada correctamente
2025-10-05 20:18:15 [JavaFX Application Thread] INFO  p.c.app.dao.impl.UsuarioDAOImpl - Usuario autenticado exitosamente: 11111111
2025-10-05 20:18:15 [JavaFX Application Thread] INFO  p.c.a.service.AuthenticationService - Usuario autenticado exitosamente: 11111111 - CLIENTE
2025-10-05 20:18:15 [JavaFX Application Thread] INFO  p.c.app.view.LoginController - Usuario autenticado exitosamente: 11111111
2025-10-05 20:18:16 [JavaFX Application Thread] ERROR p.c.app.dao.impl.PrestamoDAOImpl - Error al buscar préstamos por cliente y estado: 11111111, ACTIVO
java.sql.SQLException: Column 'cliente_nombre' not found.
	at com.mysql.cj.jdbc.exceptions.SQLError.createSQLException(SQLError.java:130)
	at com.mysql.cj.jdbc.exceptions.SQLError.createSQLException(SQLError.java:98)
	at com.mysql.cj.jdbc.exceptions.SQLError.createSQLException(SQLError.java:90)
	at com.mysql.cj.jdbc.exceptions.SQLError.createSQLException(SQLError.java:64)
	at com.mysql.cj.jdbc.result.ResultSetImpl.findColumn(ResultSetImpl.java:584)
	at com.mysql.cj.jdbc.result.ResultSetImpl.getString(ResultSetImpl.java:896)
	at com.zaxxer.hikari.pool.HikariProxyResultSet.getString(HikariProxyResultSet.java)
	at pe.crediactiva.app.dao.impl.PrestamoDAOImpl.mapResultSetToPrestamo(PrestamoDAOImpl.java:522)
	at pe.crediactiva.app.dao.impl.PrestamoDAOImpl.findByClienteAndEstado(PrestamoDAOImpl.java:475)
	at pe.crediactiva.app.service.PrestamoService.obtenerPrestamosActivosPorCliente(PrestamoService.java:399)
	at pe.crediactiva.app.view.cliente.ClienteMainController.cargarEstadisticasResumen(ClienteMainController.java:198)
	at pe.crediactiva.app.view.cliente.ClienteMainController.initialize(ClienteMainController.java:147)
	at java.base/jdk.internal.reflect.DirectMethodHandleAccessor.invoke(DirectMethodHandleAccessor.java:103)
	at java.base/java.lang.reflect.Method.invoke(Method.java:580)
	at com.sun.javafx.reflect.Trampoline.invoke(MethodUtil.java:72)
	at java.base/jdk.internal.reflect.DirectMethodHandleAccessor.invoke(DirectMethodHandleAccessor.java:103)
	at java.base/java.lang.reflect.Method.invoke(Method.java:580)
	at javafx.base@21.0.1/com.sun.javafx.reflect.MethodUtil.invoke(MethodUtil.java:270)
	at javafx.fxml@21.0.1/com.sun.javafx.fxml.MethodHelper.invoke(MethodHelper.java:84)
	at javafx.fxml@21.0.1/javafx.fxml.FXMLLoader.loadImpl(FXMLLoader.java:2688)
	at javafx.fxml@21.0.1/javafx.fxml.FXMLLoader.loadImpl(FXMLLoader.java:2563)
	at javafx.fxml@21.0.1/javafx.fxml.FXMLLoader.load(FXMLLoader.java:2531)
	at pe.crediactiva.app.view.LoginController.redirectToMainScreen(LoginController.java:140)
	at pe.crediactiva.app.view.LoginController.handleLogin(LoginController.java:99)
	at java.base/jdk.internal.reflect.DirectMethodHandleAccessor.invoke(DirectMethodHandleAccessor.java:103)
	at java.base/java.lang.reflect.Method.invoke(Method.java:580)
	at com.sun.javafx.reflect.Trampoline.invoke(MethodUtil.java:72)
	at java.base/jdk.internal.reflect.DirectMethodHandleAccessor.invoke(DirectMethodHandleAccessor.java:103)
	at java.base/java.lang.reflect.Method.invoke(Method.java:580)
	at javafx.base@21.0.1/com.sun.javafx.reflect.MethodUtil.invoke(MethodUtil.java:270)
	at javafx.fxml@21.0.1/com.sun.javafx.fxml.MethodHelper.invoke(MethodHelper.java:84)
	at javafx.fxml@21.0.1/javafx.fxml.FXMLLoader$MethodHandler.invoke(FXMLLoader.java:1855)
	at javafx.fxml@21.0.1/javafx.fxml.FXMLLoader$ControllerMethodEventHandler.handle(FXMLLoader.java:1726)
	at javafx.base@21.0.1/com.sun.javafx.event.CompositeEventHandler.dispatchBubblingEvent(CompositeEventHandler.java:86)
	at javafx.base@21.0.1/com.sun.javafx.event.EventHandlerManager.dispatchBubblingEvent(EventHandlerManager.java:232)
	at javafx.base@21.0.1/com.sun.javafx.event.EventHandlerManager.dispatchBubblingEvent(EventHandlerManager.java:189)
	at javafx.base@21.0.1/com.sun.javafx.event.CompositeEventDispatcher.dispatchBubblingEvent(CompositeEventDispatcher.java:59)
	at javafx.base@21.0.1/com.sun.javafx.event.BasicEventDispatcher.dispatchEvent(BasicEventDispatcher.java:58)
	at javafx.base@21.0.1/com.sun.javafx.event.EventDispatchChainImpl.dispatchEvent(EventDispatchChainImpl.java:114)
	at javafx.base@21.0.1/com.sun.javafx.event.BasicEventDispatcher.dispatchEvent(BasicEventDispatcher.java:56)
	at javafx.base@21.0.1/com.sun.javafx.event.EventDispatchChainImpl.dispatchEvent(EventDispatchChainImpl.java:114)
	at javafx.base@21.0.1/com.sun.javafx.event.BasicEventDispatcher.dispatchEvent(BasicEventDispatcher.java:56)
	at javafx.base@21.0.1/com.sun.javafx.event.EventDispatchChainImpl.dispatchEvent(EventDispatchChainImpl.java:114)
	at javafx.base@21.0.1/com.sun.javafx.event.EventUtil.fireEventImpl(EventUtil.java:74)
	at javafx.base@21.0.1/com.sun.javafx.event.EventUtil.fireEvent(EventUtil.java:49)
	at javafx.base@21.0.1/javafx.event.Event.fireEvent(Event.java:198)
	at javafx.graphics@21.0.1/javafx.scene.Node.fireEvent(Node.java:8875)
	at javafx.controls@21.0.1/javafx.scene.control.Button.fire(Button.java:203)
	at javafx.controls@21.0.1/com.sun.javafx.scene.control.behavior.ButtonBehavior.mouseReleased(ButtonBehavior.java:207)
	at javafx.controls@21.0.1/com.sun.javafx.scene.control.inputmap.InputMap.handle(InputMap.java:274)
	at javafx.base@21.0.1/com.sun.javafx.event.CompositeEventHandler$NormalEventHandlerRecord.handleBubblingEvent(CompositeEventHandler.java:247)
	at javafx.base@21.0.1/com.sun.javafx.event.CompositeEventHandler.dispatchBubblingEvent(CompositeEventHandler.java:80)
	at javafx.base@21.0.1/com.sun.javafx.event.EventHandlerManager.dispatchBubblingEvent(EventHandlerManager.java:232)
	at javafx.base@21.0.1/com.sun.javafx.event.EventHandlerManager.dispatchBubblingEvent(EventHandlerManager.java:189)
	at javafx.base@21.0.1/com.sun.javafx.event.CompositeEventDispatcher.dispatchBubblingEvent(CompositeEventDispatcher.java:59)
	at javafx.base@21.0.1/com.sun.javafx.event.BasicEventDispatcher.dispatchEvent(BasicEventDispatcher.java:58)
	at javafx.base@21.0.1/com.sun.javafx.event.EventDispatchChainImpl.dispatchEvent(EventDispatchChainImpl.java:114)
	at javafx.base@21.0.1/com.sun.javafx.event.BasicEventDispatcher.dispatchEvent(BasicEventDispatcher.java:56)
	at javafx.base@21.0.1/com.sun.javafx.event.EventDispatchChainImpl.dispatchEvent(EventDispatchChainImpl.java:114)
	at javafx.base@21.0.1/com.sun.javafx.event.BasicEventDispatcher.dispatchEvent(BasicEventDispatcher.java:56)
	at javafx.base@21.0.1/com.sun.javafx.event.EventDispatchChainImpl.dispatchEvent(EventDispatchChainImpl.java:114)
	at javafx.base@21.0.1/com.sun.javafx.event.EventUtil.fireEventImpl(EventUtil.java:74)
	at javafx.base@21.0.1/com.sun.javafx.event.EventUtil.fireEvent(EventUtil.java:54)
	at javafx.base@21.0.1/javafx.event.Event.fireEvent(Event.java:198)
	at javafx.graphics@21.0.1/javafx.scene.Scene$MouseHandler.process(Scene.java:3984)
	at javafx.graphics@21.0.1/javafx.scene.Scene.processMouseEvent(Scene.java:1890)
	at javafx.graphics@21.0.1/javafx.scene.Scene$ScenePeerListener.mouseEvent(Scene.java:2708)
	at javafx.graphics@21.0.1/com.sun.javafx.tk.quantum.GlassViewEventHandler$MouseEventNotification.run(GlassViewEventHandler.java:411)
	at javafx.graphics@21.0.1/com.sun.javafx.tk.quantum.GlassViewEventHandler$MouseEventNotification.run(GlassViewEventHandler.java:301)
	at java.base/java.security.AccessController.doPrivileged(AccessController.java:400)
	at javafx.graphics@21.0.1/com.sun.javafx.tk.quantum.GlassViewEventHandler.lambda$handleMouseEvent$2(GlassViewEventHandler.java:450)
	at javafx.graphics@21.0.1/com.sun.javafx.tk.quantum.QuantumToolkit.runWithoutRenderLock(QuantumToolkit.java:424)
	at javafx.graphics@21.0.1/com.sun.javafx.tk.quantum.GlassViewEventHandler.handleMouseEvent(GlassViewEventHandler.java:449)
	at javafx.graphics@21.0.1/com.sun.glass.ui.View.handleMouseEvent(View.java:551)
	at javafx.graphics@21.0.1/com.sun.glass.ui.View.notifyMouse(View.java:937)
	at javafx.graphics@21.0.1/com.sun.glass.ui.win.WinApplication._runLoop(Native Method)
	at javafx.graphics@21.0.1/com.sun.glass.ui.win.WinApplication.lambda$runLoop$3(WinApplication.java:185)
	at java.base/java.lang.Thread.run(Thread.java:1583)
2025-10-05 20:18:16 [JavaFX Application Thread] INFO  p.c.app.view.LoginController - Usuario redirigido a pantalla principal: CLIENTE
2025-10-05 20:18:18 [JavaFX Application Thread] ERROR p.c.a.v.c.ClienteMainController - Error al cargar pantalla del simulador
javafx.fxml.LoadException: Missing resource key.
/C:/Users/USER/OneDrive/Escritorio/proyecto_v4.0/target/classes/fxml/cliente/SimuladorClienteView.fxml:49

	at javafx.fxml@21.0.1/javafx.fxml.FXMLLoader.constructLoadException(FXMLLoader.java:2718)
	at javafx.fxml@21.0.1/javafx.fxml.FXMLLoader$Element.resolvePrefixedValue(FXMLLoader.java:425)
	at javafx.fxml@21.0.1/javafx.fxml.FXMLLoader$Element.processValue(FXMLLoader.java:375)
	at javafx.fxml@21.0.1/javafx.fxml.FXMLLoader$Element.processPropertyAttribute(FXMLLoader.java:337)
	at javafx.fxml@21.0.1/javafx.fxml.FXMLLoader$Element.processInstancePropertyAttributes(FXMLLoader.java:248)
	at javafx.fxml@21.0.1/javafx.fxml.FXMLLoader$ValueElement.processEndElement(FXMLLoader.java:780)
	at javafx.fxml@21.0.1/javafx.fxml.FXMLLoader.processEndElement(FXMLLoader.java:2969)
	at javafx.fxml@21.0.1/javafx.fxml.FXMLLoader.loadImpl(FXMLLoader.java:2654)
	at javafx.fxml@21.0.1/javafx.fxml.FXMLLoader.loadImpl(FXMLLoader.java:2563)
	at javafx.fxml@21.0.1/javafx.fxml.FXMLLoader.load(FXMLLoader.java:2531)
	at pe.crediactiva.app.view.cliente.ClienteMainController.handleSimulador(ClienteMainController.java:353)
	at java.base/jdk.internal.reflect.DirectMethodHandleAccessor.invoke(DirectMethodHandleAccessor.java:103)
	at java.base/java.lang.reflect.Method.invoke(Method.java:580)
	at com.sun.javafx.reflect.Trampoline.invoke(MethodUtil.java:72)
	at java.base/jdk.internal.reflect.DirectMethodHandleAccessor.invoke(DirectMethodHandleAccessor.java:103)
	at java.base/java.lang.reflect.Method.invoke(Method.java:580)
	at javafx.base@21.0.1/com.sun.javafx.reflect.MethodUtil.invoke(MethodUtil.java:270)
	at javafx.fxml@21.0.1/com.sun.javafx.fxml.MethodHelper.invoke(MethodHelper.java:84)
	at javafx.fxml@21.0.1/javafx.fxml.FXMLLoader$MethodHandler.invoke(FXMLLoader.java:1855)
	at javafx.fxml@21.0.1/javafx.fxml.FXMLLoader$ControllerMethodEventHandler.handle(FXMLLoader.java:1726)
	at javafx.base@21.0.1/com.sun.javafx.event.CompositeEventHandler.dispatchBubblingEvent(CompositeEventHandler.java:86)
	at javafx.base@21.0.1/com.sun.javafx.event.EventHandlerManager.dispatchBubblingEvent(EventHandlerManager.java:232)
	at javafx.base@21.0.1/com.sun.javafx.event.EventHandlerManager.dispatchBubblingEvent(EventHandlerManager.java:189)
	at javafx.base@21.0.1/com.sun.javafx.event.CompositeEventDispatcher.dispatchBubblingEvent(CompositeEventDispatcher.java:59)
	at javafx.base@21.0.1/com.sun.javafx.event.BasicEventDispatcher.dispatchEvent(BasicEventDispatcher.java:58)
	at javafx.base@21.0.1/com.sun.javafx.event.EventDispatchChainImpl.dispatchEvent(EventDispatchChainImpl.java:114)
	at javafx.base@21.0.1/com.sun.javafx.event.BasicEventDispatcher.dispatchEvent(BasicEventDispatcher.java:56)
	at javafx.base@21.0.1/com.sun.javafx.event.EventDispatchChainImpl.dispatchEvent(EventDispatchChainImpl.java:114)
	at javafx.base@21.0.1/com.sun.javafx.event.BasicEventDispatcher.dispatchEvent(BasicEventDispatcher.java:56)
	at javafx.base@21.0.1/com.sun.javafx.event.EventDispatchChainImpl.dispatchEvent(EventDispatchChainImpl.java:114)
	at javafx.base@21.0.1/com.sun.javafx.event.BasicEventDispatcher.dispatchEvent(BasicEventDispatcher.java:56)
	at javafx.base@21.0.1/com.sun.javafx.event.EventDispatchChainImpl.dispatchEvent(EventDispatchChainImpl.java:114)
	at javafx.base@21.0.1/com.sun.javafx.event.EventUtil.fireEventImpl(EventUtil.java:74)
	at javafx.base@21.0.1/com.sun.javafx.event.EventUtil.fireEvent(EventUtil.java:49)
	at javafx.base@21.0.1/javafx.event.Event.fireEvent(Event.java:198)
	at javafx.graphics@21.0.1/javafx.scene.Node.fireEvent(Node.java:8875)
	at javafx.controls@21.0.1/javafx.scene.control.Button.fire(Button.java:203)
	at javafx.controls@21.0.1/com.sun.javafx.scene.control.behavior.ButtonBehavior.mouseReleased(ButtonBehavior.java:207)
	at javafx.controls@21.0.1/com.sun.javafx.scene.control.inputmap.InputMap.handle(InputMap.java:274)
	at javafx.base@21.0.1/com.sun.javafx.event.CompositeEventHandler$NormalEventHandlerRecord.handleBubblingEvent(CompositeEventHandler.java:247)
	at javafx.base@21.0.1/com.sun.javafx.event.CompositeEventHandler.dispatchBubblingEvent(CompositeEventHandler.java:80)
	at javafx.base@21.0.1/com.sun.javafx.event.EventHandlerManager.dispatchBubblingEvent(EventHandlerManager.java:232)
	at javafx.base@21.0.1/com.sun.javafx.event.EventHandlerManager.dispatchBubblingEvent(EventHandlerManager.java:189)
	at javafx.base@21.0.1/com.sun.javafx.event.CompositeEventDispatcher.dispatchBubblingEvent(CompositeEventDispatcher.java:59)
	at javafx.base@21.0.1/com.sun.javafx.event.BasicEventDispatcher.dispatchEvent(BasicEventDispatcher.java:58)
	at javafx.base@21.0.1/com.sun.javafx.event.EventDispatchChainImpl.dispatchEvent(EventDispatchChainImpl.java:114)
	at javafx.base@21.0.1/com.sun.javafx.event.BasicEventDispatcher.dispatchEvent(BasicEventDispatcher.java:56)
	at javafx.base@21.0.1/com.sun.javafx.event.EventDispatchChainImpl.dispatchEvent(EventDispatchChainImpl.java:114)
	at javafx.base@21.0.1/com.sun.javafx.event.BasicEventDispatcher.dispatchEvent(BasicEventDispatcher.java:56)
	at javafx.base@21.0.1/com.sun.javafx.event.EventDispatchChainImpl.dispatchEvent(EventDispatchChainImpl.java:114)
	at javafx.base@21.0.1/com.sun.javafx.event.BasicEventDispatcher.dispatchEvent(BasicEventDispatcher.java:56)
	at javafx.base@21.0.1/com.sun.javafx.event.EventDispatchChainImpl.dispatchEvent(EventDispatchChainImpl.java:114)
	at javafx.base@21.0.1/com.sun.javafx.event.EventUtil.fireEventImpl(EventUtil.java:74)
	at javafx.base@21.0.1/com.sun.javafx.event.EventUtil.fireEvent(EventUtil.java:54)
	at javafx.base@21.0.1/javafx.event.Event.fireEvent(Event.java:198)
	at javafx.graphics@21.0.1/javafx.scene.Scene$MouseHandler.process(Scene.java:3984)
	at javafx.graphics@21.0.1/javafx.scene.Scene.processMouseEvent(Scene.java:1890)
	at javafx.graphics@21.0.1/javafx.scene.Scene$ScenePeerListener.mouseEvent(Scene.java:2708)
	at javafx.graphics@21.0.1/com.sun.javafx.tk.quantum.GlassViewEventHandler$MouseEventNotification.run(GlassViewEventHandler.java:411)
	at javafx.graphics@21.0.1/com.sun.javafx.tk.quantum.GlassViewEventHandler$MouseEventNotification.run(GlassViewEventHandler.java:301)
	at java.base/java.security.AccessController.doPrivileged(AccessController.java:400)
	at javafx.graphics@21.0.1/com.sun.javafx.tk.quantum.GlassViewEventHandler.lambda$handleMouseEvent$2(GlassViewEventHandler.java:450)
	at javafx.graphics@21.0.1/com.sun.javafx.tk.quantum.QuantumToolkit.runWithoutRenderLock(QuantumToolkit.java:424)
	at javafx.graphics@21.0.1/com.sun.javafx.tk.quantum.GlassViewEventHandler.handleMouseEvent(GlassViewEventHandler.java:449)
	at javafx.graphics@21.0.1/com.sun.glass.ui.View.handleMouseEvent(View.java:551)
	at javafx.graphics@21.0.1/com.sun.glass.ui.View.notifyMouse(View.java:937)
	at javafx.graphics@21.0.1/com.sun.glass.ui.win.WinApplication._runLoop(Native Method)
	at javafx.graphics@21.0.1/com.sun.glass.ui.win.WinApplication.lambda$runLoop$3(WinApplication.java:185)
	at java.base/java.lang.Thread.run(Thread.java:1583)
2025-10-05 20:18:20 [JavaFX Application Thread] INFO  p.c.a.v.c.HistorialClienteController - Pantalla de historial del cliente inicializada correctamente
2025-10-05 20:18:36 [JavaFX Application Thread] ERROR p.c.app.dao.impl.PrestamoDAOImpl - Error al buscar préstamos por cliente y estado: 11111111, ACTIVO
java.sql.SQLException: Column 'cliente_nombre' not found.
	at com.mysql.cj.jdbc.exceptions.SQLError.createSQLException(SQLError.java:130)
	at com.mysql.cj.jdbc.exceptions.SQLError.createSQLException(SQLError.java:98)
	at com.mysql.cj.jdbc.exceptions.SQLError.createSQLException(SQLError.java:90)
	at com.mysql.cj.jdbc.exceptions.SQLError.createSQLException(SQLError.java:64)
	at com.mysql.cj.jdbc.result.ResultSetImpl.findColumn(ResultSetImpl.java:584)
	at com.mysql.cj.jdbc.result.ResultSetImpl.getString(ResultSetImpl.java:896)
	at com.zaxxer.hikari.pool.HikariProxyResultSet.getString(HikariProxyResultSet.java)
	at pe.crediactiva.app.dao.impl.PrestamoDAOImpl.mapResultSetToPrestamo(PrestamoDAOImpl.java:522)
	at pe.crediactiva.app.dao.impl.PrestamoDAOImpl.findByClienteAndEstado(PrestamoDAOImpl.java:475)
	at pe.crediactiva.app.service.PrestamoService.obtenerPrestamosActivosPorCliente(PrestamoService.java:399)
	at pe.crediactiva.app.view.cliente.ClienteMainController.cargarEstadisticasResumen(ClienteMainController.java:198)
	at pe.crediactiva.app.view.cliente.ClienteMainController.initialize(ClienteMainController.java:147)
	at java.base/jdk.internal.reflect.DirectMethodHandleAccessor.invoke(DirectMethodHandleAccessor.java:103)
	at java.base/java.lang.reflect.Method.invoke(Method.java:580)
	at com.sun.javafx.reflect.Trampoline.invoke(MethodUtil.java:72)
	at java.base/jdk.internal.reflect.DirectMethodHandleAccessor.invoke(DirectMethodHandleAccessor.java:103)
	at java.base/java.lang.reflect.Method.invoke(Method.java:580)
	at javafx.base@21.0.1/com.sun.javafx.reflect.MethodUtil.invoke(MethodUtil.java:270)
	at javafx.fxml@21.0.1/com.sun.javafx.fxml.MethodHelper.invoke(MethodHelper.java:84)
	at javafx.fxml@21.0.1/javafx.fxml.FXMLLoader.loadImpl(FXMLLoader.java:2688)
	at javafx.fxml@21.0.1/javafx.fxml.FXMLLoader.loadImpl(FXMLLoader.java:2563)
	at javafx.fxml@21.0.1/javafx.fxml.FXMLLoader.load(FXMLLoader.java:2531)
	at pe.crediactiva.app.view.cliente.HistorialClienteController.handleVolver(HistorialClienteController.java:497)
	at java.base/jdk.internal.reflect.DirectMethodHandleAccessor.invoke(DirectMethodHandleAccessor.java:103)
	at java.base/java.lang.reflect.Method.invoke(Method.java:580)
	at com.sun.javafx.reflect.Trampoline.invoke(MethodUtil.java:72)
	at java.base/jdk.internal.reflect.DirectMethodHandleAccessor.invoke(DirectMethodHandleAccessor.java:103)
	at java.base/java.lang.reflect.Method.invoke(Method.java:580)
	at javafx.base@21.0.1/com.sun.javafx.reflect.MethodUtil.invoke(MethodUtil.java:270)
	at javafx.fxml@21.0.1/com.sun.javafx.fxml.MethodHelper.invoke(MethodHelper.java:84)
	at javafx.fxml@21.0.1/javafx.fxml.FXMLLoader$MethodHandler.invoke(FXMLLoader.java:1855)
	at javafx.fxml@21.0.1/javafx.fxml.FXMLLoader$ControllerMethodEventHandler.handle(FXMLLoader.java:1726)
	at javafx.base@21.0.1/com.sun.javafx.event.CompositeEventHandler.dispatchBubblingEvent(CompositeEventHandler.java:86)
	at javafx.base@21.0.1/com.sun.javafx.event.EventHandlerManager.dispatchBubblingEvent(EventHandlerManager.java:232)
	at javafx.base@21.0.1/com.sun.javafx.event.EventHandlerManager.dispatchBubblingEvent(EventHandlerManager.java:189)
	at javafx.base@21.0.1/com.sun.javafx.event.CompositeEventDispatcher.dispatchBubblingEvent(CompositeEventDispatcher.java:59)
	at javafx.base@21.0.1/com.sun.javafx.event.BasicEventDispatcher.dispatchEvent(BasicEventDispatcher.java:58)
	at javafx.base@21.0.1/com.sun.javafx.event.EventDispatchChainImpl.dispatchEvent(EventDispatchChainImpl.java:114)
	at javafx.base@21.0.1/com.sun.javafx.event.BasicEventDispatcher.dispatchEvent(BasicEventDispatcher.java:56)
	at javafx.base@21.0.1/com.sun.javafx.event.EventDispatchChainImpl.dispatchEvent(EventDispatchChainImpl.java:114)
	at javafx.base@21.0.1/com.sun.javafx.event.BasicEventDispatcher.dispatchEvent(BasicEventDispatcher.java:56)
	at javafx.base@21.0.1/com.sun.javafx.event.EventDispatchChainImpl.dispatchEvent(EventDispatchChainImpl.java:114)
	at javafx.base@21.0.1/com.sun.javafx.event.EventUtil.fireEventImpl(EventUtil.java:74)
	at javafx.base@21.0.1/com.sun.javafx.event.EventUtil.fireEvent(EventUtil.java:49)
	at javafx.base@21.0.1/javafx.event.Event.fireEvent(Event.java:198)
	at javafx.graphics@21.0.1/javafx.scene.Node.fireEvent(Node.java:8875)
	at javafx.controls@21.0.1/javafx.scene.control.Button.fire(Button.java:203)
	at javafx.controls@21.0.1/com.sun.javafx.scene.control.behavior.ButtonBehavior.mouseReleased(ButtonBehavior.java:207)
	at javafx.controls@21.0.1/com.sun.javafx.scene.control.inputmap.InputMap.handle(InputMap.java:274)
	at javafx.base@21.0.1/com.sun.javafx.event.CompositeEventHandler$NormalEventHandlerRecord.handleBubblingEvent(CompositeEventHandler.java:247)
	at javafx.base@21.0.1/com.sun.javafx.event.CompositeEventHandler.dispatchBubblingEvent(CompositeEventHandler.java:80)
	at javafx.base@21.0.1/com.sun.javafx.event.EventHandlerManager.dispatchBubblingEvent(EventHandlerManager.java:232)
	at javafx.base@21.0.1/com.sun.javafx.event.EventHandlerManager.dispatchBubblingEvent(EventHandlerManager.java:189)
	at javafx.base@21.0.1/com.sun.javafx.event.CompositeEventDispatcher.dispatchBubblingEvent(CompositeEventDispatcher.java:59)
	at javafx.base@21.0.1/com.sun.javafx.event.BasicEventDispatcher.dispatchEvent(BasicEventDispatcher.java:58)
	at javafx.base@21.0.1/com.sun.javafx.event.EventDispatchChainImpl.dispatchEvent(EventDispatchChainImpl.java:114)
	at javafx.base@21.0.1/com.sun.javafx.event.BasicEventDispatcher.dispatchEvent(BasicEventDispatcher.java:56)
	at javafx.base@21.0.1/com.sun.javafx.event.EventDispatchChainImpl.dispatchEvent(EventDispatchChainImpl.java:114)
	at javafx.base@21.0.1/com.sun.javafx.event.BasicEventDispatcher.dispatchEvent(BasicEventDispatcher.java:56)
	at javafx.base@21.0.1/com.sun.javafx.event.EventDispatchChainImpl.dispatchEvent(EventDispatchChainImpl.java:114)
	at javafx.base@21.0.1/com.sun.javafx.event.EventUtil.fireEventImpl(EventUtil.java:74)
	at javafx.base@21.0.1/com.sun.javafx.event.EventUtil.fireEvent(EventUtil.java:54)
	at javafx.base@21.0.1/javafx.event.Event.fireEvent(Event.java:198)
	at javafx.graphics@21.0.1/javafx.scene.Scene$MouseHandler.process(Scene.java:3984)
	at javafx.graphics@21.0.1/javafx.scene.Scene.processMouseEvent(Scene.java:1890)
	at javafx.graphics@21.0.1/javafx.scene.Scene$ScenePeerListener.mouseEvent(Scene.java:2708)
	at javafx.graphics@21.0.1/com.sun.javafx.tk.quantum.GlassViewEventHandler$MouseEventNotification.run(GlassViewEventHandler.java:411)
	at javafx.graphics@21.0.1/com.sun.javafx.tk.quantum.GlassViewEventHandler$MouseEventNotification.run(GlassViewEventHandler.java:301)
	at java.base/java.security.AccessController.doPrivileged(AccessController.java:400)
	at javafx.graphics@21.0.1/com.sun.javafx.tk.quantum.GlassViewEventHandler.lambda$handleMouseEvent$2(GlassViewEventHandler.java:450)
	at javafx.graphics@21.0.1/com.sun.javafx.tk.quantum.QuantumToolkit.runWithoutRenderLock(QuantumToolkit.java:424)
	at javafx.graphics@21.0.1/com.sun.javafx.tk.quantum.GlassViewEventHandler.handleMouseEvent(GlassViewEventHandler.java:449)
	at javafx.graphics@21.0.1/com.sun.glass.ui.View.handleMouseEvent(View.java:551)
	at javafx.graphics@21.0.1/com.sun.glass.ui.View.notifyMouse(View.java:937)
	at javafx.graphics@21.0.1/com.sun.glass.ui.win.WinApplication._runLoop(Native Method)
	at javafx.graphics@21.0.1/com.sun.glass.ui.win.WinApplication.lambda$runLoop$3(WinApplication.java:185)
	at java.base/java.lang.Thread.run(Thread.java:1583)
2025-10-05 20:18:38 [JavaFX Application Thread] ERROR p.c.a.v.c.ClienteMainController - Error al cargar pantalla del simulador
javafx.fxml.LoadException: Missing resource key.
/C:/Users/USER/OneDrive/Escritorio/proyecto_v4.0/target/classes/fxml/cliente/SimuladorClienteView.fxml:49

	at javafx.fxml@21.0.1/javafx.fxml.FXMLLoader.constructLoadException(FXMLLoader.java:2718)
	at javafx.fxml@21.0.1/javafx.fxml.FXMLLoader$Element.resolvePrefixedValue(FXMLLoader.java:425)
	at javafx.fxml@21.0.1/javafx.fxml.FXMLLoader$Element.processValue(FXMLLoader.java:375)
	at javafx.fxml@21.0.1/javafx.fxml.FXMLLoader$Element.processPropertyAttribute(FXMLLoader.java:337)
	at javafx.fxml@21.0.1/javafx.fxml.FXMLLoader$Element.processInstancePropertyAttributes(FXMLLoader.java:248)
	at javafx.fxml@21.0.1/javafx.fxml.FXMLLoader$ValueElement.processEndElement(FXMLLoader.java:780)
	at javafx.fxml@21.0.1/javafx.fxml.FXMLLoader.processEndElement(FXMLLoader.java:2969)
	at javafx.fxml@21.0.1/javafx.fxml.FXMLLoader.loadImpl(FXMLLoader.java:2654)
	at javafx.fxml@21.0.1/javafx.fxml.FXMLLoader.loadImpl(FXMLLoader.java:2563)
	at javafx.fxml@21.0.1/javafx.fxml.FXMLLoader.load(FXMLLoader.java:2531)
	at pe.crediactiva.app.view.cliente.ClienteMainController.handleSimulador(ClienteMainController.java:353)
	at java.base/jdk.internal.reflect.DirectMethodHandleAccessor.invoke(DirectMethodHandleAccessor.java:103)
	at java.base/java.lang.reflect.Method.invoke(Method.java:580)
	at com.sun.javafx.reflect.Trampoline.invoke(MethodUtil.java:72)
	at java.base/jdk.internal.reflect.DirectMethodHandleAccessor.invoke(DirectMethodHandleAccessor.java:103)
	at java.base/java.lang.reflect.Method.invoke(Method.java:580)
	at javafx.base@21.0.1/com.sun.javafx.reflect.MethodUtil.invoke(MethodUtil.java:270)
	at javafx.fxml@21.0.1/com.sun.javafx.fxml.MethodHelper.invoke(MethodHelper.java:84)
	at javafx.fxml@21.0.1/javafx.fxml.FXMLLoader$MethodHandler.invoke(FXMLLoader.java:1855)
	at javafx.fxml@21.0.1/javafx.fxml.FXMLLoader$ControllerMethodEventHandler.handle(FXMLLoader.java:1726)
	at javafx.base@21.0.1/com.sun.javafx.event.CompositeEventHandler.dispatchBubblingEvent(CompositeEventHandler.java:86)
	at javafx.base@21.0.1/com.sun.javafx.event.EventHandlerManager.dispatchBubblingEvent(EventHandlerManager.java:232)
	at javafx.base@21.0.1/com.sun.javafx.event.EventHandlerManager.dispatchBubblingEvent(EventHandlerManager.java:189)
	at javafx.base@21.0.1/com.sun.javafx.event.CompositeEventDispatcher.dispatchBubblingEvent(CompositeEventDispatcher.java:59)
	at javafx.base@21.0.1/com.sun.javafx.event.BasicEventDispatcher.dispatchEvent(BasicEventDispatcher.java:58)
	at javafx.base@21.0.1/com.sun.javafx.event.EventDispatchChainImpl.dispatchEvent(EventDispatchChainImpl.java:114)
	at javafx.base@21.0.1/com.sun.javafx.event.BasicEventDispatcher.dispatchEvent(BasicEventDispatcher.java:56)
	at javafx.base@21.0.1/com.sun.javafx.event.EventDispatchChainImpl.dispatchEvent(EventDispatchChainImpl.java:114)
	at javafx.base@21.0.1/com.sun.javafx.event.BasicEventDispatcher.dispatchEvent(BasicEventDispatcher.java:56)
	at javafx.base@21.0.1/com.sun.javafx.event.EventDispatchChainImpl.dispatchEvent(EventDispatchChainImpl.java:114)
	at javafx.base@21.0.1/com.sun.javafx.event.BasicEventDispatcher.dispatchEvent(BasicEventDispatcher.java:56)
	at javafx.base@21.0.1/com.sun.javafx.event.EventDispatchChainImpl.dispatchEvent(EventDispatchChainImpl.java:114)
	at javafx.base@21.0.1/com.sun.javafx.event.EventUtil.fireEventImpl(EventUtil.java:74)
	at javafx.base@21.0.1/com.sun.javafx.event.EventUtil.fireEvent(EventUtil.java:49)
	at javafx.base@21.0.1/javafx.event.Event.fireEvent(Event.java:198)
	at javafx.graphics@21.0.1/javafx.scene.Node.fireEvent(Node.java:8875)
	at javafx.controls@21.0.1/javafx.scene.control.Button.fire(Button.java:203)
	at javafx.controls@21.0.1/com.sun.javafx.scene.control.behavior.ButtonBehavior.mouseReleased(ButtonBehavior.java:207)
	at javafx.controls@21.0.1/com.sun.javafx.scene.control.inputmap.InputMap.handle(InputMap.java:274)
	at javafx.base@21.0.1/com.sun.javafx.event.CompositeEventHandler$NormalEventHandlerRecord.handleBubblingEvent(CompositeEventHandler.java:247)
	at javafx.base@21.0.1/com.sun.javafx.event.CompositeEventHandler.dispatchBubblingEvent(CompositeEventHandler.java:80)
	at javafx.base@21.0.1/com.sun.javafx.event.EventHandlerManager.dispatchBubblingEvent(EventHandlerManager.java:232)
	at javafx.base@21.0.1/com.sun.javafx.event.EventHandlerManager.dispatchBubblingEvent(EventHandlerManager.java:189)
	at javafx.base@21.0.1/com.sun.javafx.event.CompositeEventDispatcher.dispatchBubblingEvent(CompositeEventDispatcher.java:59)
	at javafx.base@21.0.1/com.sun.javafx.event.BasicEventDispatcher.dispatchEvent(BasicEventDispatcher.java:58)
	at javafx.base@21.0.1/com.sun.javafx.event.EventDispatchChainImpl.dispatchEvent(EventDispatchChainImpl.java:114)
	at javafx.base@21.0.1/com.sun.javafx.event.BasicEventDispatcher.dispatchEvent(BasicEventDispatcher.java:56)
	at javafx.base@21.0.1/com.sun.javafx.event.EventDispatchChainImpl.dispatchEvent(EventDispatchChainImpl.java:114)
	at javafx.base@21.0.1/com.sun.javafx.event.BasicEventDispatcher.dispatchEvent(BasicEventDispatcher.java:56)
	at javafx.base@21.0.1/com.sun.javafx.event.EventDispatchChainImpl.dispatchEvent(EventDispatchChainImpl.java:114)
	at javafx.base@21.0.1/com.sun.javafx.event.BasicEventDispatcher.dispatchEvent(BasicEventDispatcher.java:56)
	at javafx.base@21.0.1/com.sun.javafx.event.EventDispatchChainImpl.dispatchEvent(EventDispatchChainImpl.java:114)
	at javafx.base@21.0.1/com.sun.javafx.event.EventUtil.fireEventImpl(EventUtil.java:74)
	at javafx.base@21.0.1/com.sun.javafx.event.EventUtil.fireEvent(EventUtil.java:54)
	at javafx.base@21.0.1/javafx.event.Event.fireEvent(Event.java:198)
	at javafx.graphics@21.0.1/javafx.scene.Scene$MouseHandler.process(Scene.java:3984)
	at javafx.graphics@21.0.1/javafx.scene.Scene.processMouseEvent(Scene.java:1890)
	at javafx.graphics@21.0.1/javafx.scene.Scene$ScenePeerListener.mouseEvent(Scene.java:2708)
	at javafx.graphics@21.0.1/com.sun.javafx.tk.quantum.GlassViewEventHandler$MouseEventNotification.run(GlassViewEventHandler.java:411)
	at javafx.graphics@21.0.1/com.sun.javafx.tk.quantum.GlassViewEventHandler$MouseEventNotification.run(GlassViewEventHandler.java:301)
	at java.base/java.security.AccessController.doPrivileged(AccessController.java:400)
	at javafx.graphics@21.0.1/com.sun.javafx.tk.quantum.GlassViewEventHandler.lambda$handleMouseEvent$2(GlassViewEventHandler.java:450)
	at javafx.graphics@21.0.1/com.sun.javafx.tk.quantum.QuantumToolkit.runWithoutRenderLock(QuantumToolkit.java:424)
	at javafx.graphics@21.0.1/com.sun.javafx.tk.quantum.GlassViewEventHandler.handleMouseEvent(GlassViewEventHandler.java:449)
	at javafx.graphics@21.0.1/com.sun.glass.ui.View.handleMouseEvent(View.java:551)
	at javafx.graphics@21.0.1/com.sun.glass.ui.View.notifyMouse(View.java:937)
	at javafx.graphics@21.0.1/com.sun.glass.ui.win.WinApplication._runLoop(Native Method)
	at javafx.graphics@21.0.1/com.sun.glass.ui.win.WinApplication.lambda$runLoop$3(WinApplication.java:185)
	at java.base/java.lang.Thread.run(Thread.java:1583)
2025-10-05 20:18:41 [JavaFX Application Thread] INFO  p.c.app.config.DatabaseConfig - Pool de conexiones cerrado correctamente
2025-10-05 20:18:41 [JavaFX Application Thread] INFO  pe.crediactiva.app.Main - Aplicación CrediActiva cerrada
2025-10-05 20:21:35 [JavaFX Application Thread] INFO  p.c.app.config.DatabaseConfig - Pool de conexiones cerrado correctamente
2025-10-05 20:21:35 [JavaFX Application Thread] INFO  pe.crediactiva.app.Main - Aplicación CrediActiva cerrada
2025-10-05 20:21:54 [main] INFO  pe.crediactiva.app.Main - Iniciando aplicación CrediActiva Desktop v1.0.0
2025-10-05 20:21:54 [JavaFX Application Thread] INFO  pe.crediactiva.app.Main - Icono no encontrado, continuando sin icono
2025-10-05 20:21:54 [JavaFX Application Thread] INFO  p.c.app.config.DatabaseConfig - Propiedades de base de datos cargadas correctamente
2025-10-05 20:21:54 [JavaFX Application Thread] INFO  p.c.app.config.DatabaseConfig - Pool de conexiones HikariCP inicializado correctamente
2025-10-05 20:21:55 [JavaFX Application Thread] INFO  pe.crediactiva.app.Main - Aplicación CrediActiva iniciada correctamente
2025-10-05 20:22:14 [JavaFX Application Thread] INFO  p.c.app.dao.impl.UsuarioDAOImpl - Usuario autenticado exitosamente: 11111111
2025-10-05 20:22:14 [JavaFX Application Thread] INFO  p.c.a.service.AuthenticationService - Usuario autenticado exitosamente: 11111111 - CLIENTE
2025-10-05 20:22:14 [JavaFX Application Thread] INFO  p.c.app.view.LoginController - Usuario autenticado exitosamente: 11111111
2025-10-05 20:22:15 [JavaFX Application Thread] ERROR p.c.app.dao.impl.PrestamoDAOImpl - Error al buscar préstamos por cliente y estado: 11111111, ACTIVO
java.sql.SQLException: Column 'cliente_nombre' not found.
	at com.mysql.cj.jdbc.exceptions.SQLError.createSQLException(SQLError.java:130)
	at com.mysql.cj.jdbc.exceptions.SQLError.createSQLException(SQLError.java:98)
	at com.mysql.cj.jdbc.exceptions.SQLError.createSQLException(SQLError.java:90)
	at com.mysql.cj.jdbc.exceptions.SQLError.createSQLException(SQLError.java:64)
	at com.mysql.cj.jdbc.result.ResultSetImpl.findColumn(ResultSetImpl.java:584)
	at com.mysql.cj.jdbc.result.ResultSetImpl.getString(ResultSetImpl.java:896)
	at com.zaxxer.hikari.pool.HikariProxyResultSet.getString(HikariProxyResultSet.java)
	at pe.crediactiva.app.dao.impl.PrestamoDAOImpl.mapResultSetToPrestamo(PrestamoDAOImpl.java:522)
	at pe.crediactiva.app.dao.impl.PrestamoDAOImpl.findByClienteAndEstado(PrestamoDAOImpl.java:475)
	at pe.crediactiva.app.service.PrestamoService.obtenerPrestamosActivosPorCliente(PrestamoService.java:399)
	at pe.crediactiva.app.view.cliente.ClienteMainController.cargarEstadisticasResumen(ClienteMainController.java:198)
	at pe.crediactiva.app.view.cliente.ClienteMainController.initialize(ClienteMainController.java:147)
	at java.base/jdk.internal.reflect.DirectMethodHandleAccessor.invoke(DirectMethodHandleAccessor.java:103)
	at java.base/java.lang.reflect.Method.invoke(Method.java:580)
	at com.sun.javafx.reflect.Trampoline.invoke(MethodUtil.java:72)
	at java.base/jdk.internal.reflect.DirectMethodHandleAccessor.invoke(DirectMethodHandleAccessor.java:103)
	at java.base/java.lang.reflect.Method.invoke(Method.java:580)
	at javafx.base@21.0.1/com.sun.javafx.reflect.MethodUtil.invoke(MethodUtil.java:270)
	at javafx.fxml@21.0.1/com.sun.javafx.fxml.MethodHelper.invoke(MethodHelper.java:84)
	at javafx.fxml@21.0.1/javafx.fxml.FXMLLoader.loadImpl(FXMLLoader.java:2688)
	at javafx.fxml@21.0.1/javafx.fxml.FXMLLoader.loadImpl(FXMLLoader.java:2563)
	at javafx.fxml@21.0.1/javafx.fxml.FXMLLoader.load(FXMLLoader.java:2531)
	at pe.crediactiva.app.view.LoginController.redirectToMainScreen(LoginController.java:140)
	at pe.crediactiva.app.view.LoginController.handleLogin(LoginController.java:99)
	at java.base/jdk.internal.reflect.DirectMethodHandleAccessor.invoke(DirectMethodHandleAccessor.java:103)
	at java.base/java.lang.reflect.Method.invoke(Method.java:580)
	at com.sun.javafx.reflect.Trampoline.invoke(MethodUtil.java:72)
	at java.base/jdk.internal.reflect.DirectMethodHandleAccessor.invoke(DirectMethodHandleAccessor.java:103)
	at java.base/java.lang.reflect.Method.invoke(Method.java:580)
	at javafx.base@21.0.1/com.sun.javafx.reflect.MethodUtil.invoke(MethodUtil.java:270)
	at javafx.fxml@21.0.1/com.sun.javafx.fxml.MethodHelper.invoke(MethodHelper.java:84)
	at javafx.fxml@21.0.1/javafx.fxml.FXMLLoader$MethodHandler.invoke(FXMLLoader.java:1855)
	at javafx.fxml@21.0.1/javafx.fxml.FXMLLoader$ControllerMethodEventHandler.handle(FXMLLoader.java:1726)
	at javafx.base@21.0.1/com.sun.javafx.event.CompositeEventHandler.dispatchBubblingEvent(CompositeEventHandler.java:86)
	at javafx.base@21.0.1/com.sun.javafx.event.EventHandlerManager.dispatchBubblingEvent(EventHandlerManager.java:232)
	at javafx.base@21.0.1/com.sun.javafx.event.EventHandlerManager.dispatchBubblingEvent(EventHandlerManager.java:189)
	at javafx.base@21.0.1/com.sun.javafx.event.CompositeEventDispatcher.dispatchBubblingEvent(CompositeEventDispatcher.java:59)
	at javafx.base@21.0.1/com.sun.javafx.event.BasicEventDispatcher.dispatchEvent(BasicEventDispatcher.java:58)
	at javafx.base@21.0.1/com.sun.javafx.event.EventDispatchChainImpl.dispatchEvent(EventDispatchChainImpl.java:114)
	at javafx.base@21.0.1/com.sun.javafx.event.BasicEventDispatcher.dispatchEvent(BasicEventDispatcher.java:56)
	at javafx.base@21.0.1/com.sun.javafx.event.EventDispatchChainImpl.dispatchEvent(EventDispatchChainImpl.java:114)
	at javafx.base@21.0.1/com.sun.javafx.event.BasicEventDispatcher.dispatchEvent(BasicEventDispatcher.java:56)
	at javafx.base@21.0.1/com.sun.javafx.event.EventDispatchChainImpl.dispatchEvent(EventDispatchChainImpl.java:114)
	at javafx.base@21.0.1/com.sun.javafx.event.EventUtil.fireEventImpl(EventUtil.java:74)
	at javafx.base@21.0.1/com.sun.javafx.event.EventUtil.fireEvent(EventUtil.java:49)
	at javafx.base@21.0.1/javafx.event.Event.fireEvent(Event.java:198)
	at javafx.graphics@21.0.1/javafx.scene.Node.fireEvent(Node.java:8875)
	at javafx.controls@21.0.1/javafx.scene.control.Button.fire(Button.java:203)
	at javafx.controls@21.0.1/com.sun.javafx.scene.control.behavior.ButtonBehavior.mouseReleased(ButtonBehavior.java:207)
	at javafx.controls@21.0.1/com.sun.javafx.scene.control.inputmap.InputMap.handle(InputMap.java:274)
	at javafx.base@21.0.1/com.sun.javafx.event.CompositeEventHandler$NormalEventHandlerRecord.handleBubblingEvent(CompositeEventHandler.java:247)
	at javafx.base@21.0.1/com.sun.javafx.event.CompositeEventHandler.dispatchBubblingEvent(CompositeEventHandler.java:80)
	at javafx.base@21.0.1/com.sun.javafx.event.EventHandlerManager.dispatchBubblingEvent(EventHandlerManager.java:232)
	at javafx.base@21.0.1/com.sun.javafx.event.EventHandlerManager.dispatchBubblingEvent(EventHandlerManager.java:189)
	at javafx.base@21.0.1/com.sun.javafx.event.CompositeEventDispatcher.dispatchBubblingEvent(CompositeEventDispatcher.java:59)
	at javafx.base@21.0.1/com.sun.javafx.event.BasicEventDispatcher.dispatchEvent(BasicEventDispatcher.java:58)
	at javafx.base@21.0.1/com.sun.javafx.event.EventDispatchChainImpl.dispatchEvent(EventDispatchChainImpl.java:114)
	at javafx.base@21.0.1/com.sun.javafx.event.BasicEventDispatcher.dispatchEvent(BasicEventDispatcher.java:56)
	at javafx.base@21.0.1/com.sun.javafx.event.EventDispatchChainImpl.dispatchEvent(EventDispatchChainImpl.java:114)
	at javafx.base@21.0.1/com.sun.javafx.event.BasicEventDispatcher.dispatchEvent(BasicEventDispatcher.java:56)
	at javafx.base@21.0.1/com.sun.javafx.event.EventDispatchChainImpl.dispatchEvent(EventDispatchChainImpl.java:114)
	at javafx.base@21.0.1/com.sun.javafx.event.EventUtil.fireEventImpl(EventUtil.java:74)
	at javafx.base@21.0.1/com.sun.javafx.event.EventUtil.fireEvent(EventUtil.java:54)
	at javafx.base@21.0.1/javafx.event.Event.fireEvent(Event.java:198)
	at javafx.graphics@21.0.1/javafx.scene.Scene$MouseHandler.process(Scene.java:3984)
	at javafx.graphics@21.0.1/javafx.scene.Scene.processMouseEvent(Scene.java:1890)
	at javafx.graphics@21.0.1/javafx.scene.Scene$ScenePeerListener.mouseEvent(Scene.java:2708)
	at javafx.graphics@21.0.1/com.sun.javafx.tk.quantum.GlassViewEventHandler$MouseEventNotification.run(GlassViewEventHandler.java:411)
	at javafx.graphics@21.0.1/com.sun.javafx.tk.quantum.GlassViewEventHandler$MouseEventNotification.run(GlassViewEventHandler.java:301)
	at java.base/java.security.AccessController.doPrivileged(AccessController.java:400)
	at javafx.graphics@21.0.1/com.sun.javafx.tk.quantum.GlassViewEventHandler.lambda$handleMouseEvent$2(GlassViewEventHandler.java:450)
	at javafx.graphics@21.0.1/com.sun.javafx.tk.quantum.QuantumToolkit.runWithoutRenderLock(QuantumToolkit.java:424)
	at javafx.graphics@21.0.1/com.sun.javafx.tk.quantum.GlassViewEventHandler.handleMouseEvent(GlassViewEventHandler.java:449)
	at javafx.graphics@21.0.1/com.sun.glass.ui.View.handleMouseEvent(View.java:551)
	at javafx.graphics@21.0.1/com.sun.glass.ui.View.notifyMouse(View.java:937)
	at javafx.graphics@21.0.1/com.sun.glass.ui.win.WinApplication._runLoop(Native Method)
	at javafx.graphics@21.0.1/com.sun.glass.ui.win.WinApplication.lambda$runLoop$3(WinApplication.java:185)
	at java.base/java.lang.Thread.run(Thread.java:1583)
2025-10-05 20:22:15 [JavaFX Application Thread] INFO  p.c.app.view.LoginController - Usuario redirigido a pantalla principal: CLIENTE
2025-10-05 20:22:16 [JavaFX Application Thread] ERROR p.c.a.v.c.ClienteMainController - Error al cargar pantalla del simulador
javafx.fxml.LoadException: Missing resource key.
/C:/Users/USER/OneDrive/Escritorio/proyecto_v4.0/target/classes/fxml/cliente/SimuladorClienteView.fxml:48

	at javafx.fxml@21.0.1/javafx.fxml.FXMLLoader.constructLoadException(FXMLLoader.java:2718)
	at javafx.fxml@21.0.1/javafx.fxml.FXMLLoader$Element.resolvePrefixedValue(FXMLLoader.java:425)
	at javafx.fxml@21.0.1/javafx.fxml.FXMLLoader$Element.processValue(FXMLLoader.java:375)
	at javafx.fxml@21.0.1/javafx.fxml.FXMLLoader$Element.processPropertyAttribute(FXMLLoader.java:337)
	at javafx.fxml@21.0.1/javafx.fxml.FXMLLoader$Element.processInstancePropertyAttributes(FXMLLoader.java:248)
	at javafx.fxml@21.0.1/javafx.fxml.FXMLLoader$ValueElement.processEndElement(FXMLLoader.java:780)
	at javafx.fxml@21.0.1/javafx.fxml.FXMLLoader.processEndElement(FXMLLoader.java:2969)
	at javafx.fxml@21.0.1/javafx.fxml.FXMLLoader.loadImpl(FXMLLoader.java:2654)
	at javafx.fxml@21.0.1/javafx.fxml.FXMLLoader.loadImpl(FXMLLoader.java:2563)
	at javafx.fxml@21.0.1/javafx.fxml.FXMLLoader.load(FXMLLoader.java:2531)
	at pe.crediactiva.app.view.cliente.ClienteMainController.handleSimulador(ClienteMainController.java:353)
	at java.base/jdk.internal.reflect.DirectMethodHandleAccessor.invoke(DirectMethodHandleAccessor.java:103)
	at java.base/java.lang.reflect.Method.invoke(Method.java:580)
	at com.sun.javafx.reflect.Trampoline.invoke(MethodUtil.java:72)
	at java.base/jdk.internal.reflect.DirectMethodHandleAccessor.invoke(DirectMethodHandleAccessor.java:103)
	at java.base/java.lang.reflect.Method.invoke(Method.java:580)
	at javafx.base@21.0.1/com.sun.javafx.reflect.MethodUtil.invoke(MethodUtil.java:270)
	at javafx.fxml@21.0.1/com.sun.javafx.fxml.MethodHelper.invoke(MethodHelper.java:84)
	at javafx.fxml@21.0.1/javafx.fxml.FXMLLoader$MethodHandler.invoke(FXMLLoader.java:1855)
	at javafx.fxml@21.0.1/javafx.fxml.FXMLLoader$ControllerMethodEventHandler.handle(FXMLLoader.java:1726)
	at javafx.base@21.0.1/com.sun.javafx.event.CompositeEventHandler.dispatchBubblingEvent(CompositeEventHandler.java:86)
	at javafx.base@21.0.1/com.sun.javafx.event.EventHandlerManager.dispatchBubblingEvent(EventHandlerManager.java:232)
	at javafx.base@21.0.1/com.sun.javafx.event.EventHandlerManager.dispatchBubblingEvent(EventHandlerManager.java:189)
	at javafx.base@21.0.1/com.sun.javafx.event.CompositeEventDispatcher.dispatchBubblingEvent(CompositeEventDispatcher.java:59)
	at javafx.base@21.0.1/com.sun.javafx.event.BasicEventDispatcher.dispatchEvent(BasicEventDispatcher.java:58)
	at javafx.base@21.0.1/com.sun.javafx.event.EventDispatchChainImpl.dispatchEvent(EventDispatchChainImpl.java:114)
	at javafx.base@21.0.1/com.sun.javafx.event.BasicEventDispatcher.dispatchEvent(BasicEventDispatcher.java:56)
	at javafx.base@21.0.1/com.sun.javafx.event.EventDispatchChainImpl.dispatchEvent(EventDispatchChainImpl.java:114)
	at javafx.base@21.0.1/com.sun.javafx.event.BasicEventDispatcher.dispatchEvent(BasicEventDispatcher.java:56)
	at javafx.base@21.0.1/com.sun.javafx.event.EventDispatchChainImpl.dispatchEvent(EventDispatchChainImpl.java:114)
	at javafx.base@21.0.1/com.sun.javafx.event.BasicEventDispatcher.dispatchEvent(BasicEventDispatcher.java:56)
	at javafx.base@21.0.1/com.sun.javafx.event.EventDispatchChainImpl.dispatchEvent(EventDispatchChainImpl.java:114)
	at javafx.base@21.0.1/com.sun.javafx.event.EventUtil.fireEventImpl(EventUtil.java:74)
	at javafx.base@21.0.1/com.sun.javafx.event.EventUtil.fireEvent(EventUtil.java:49)
	at javafx.base@21.0.1/javafx.event.Event.fireEvent(Event.java:198)
	at javafx.graphics@21.0.1/javafx.scene.Node.fireEvent(Node.java:8875)
	at javafx.controls@21.0.1/javafx.scene.control.Button.fire(Button.java:203)
	at javafx.controls@21.0.1/com.sun.javafx.scene.control.behavior.ButtonBehavior.mouseReleased(ButtonBehavior.java:207)
	at javafx.controls@21.0.1/com.sun.javafx.scene.control.inputmap.InputMap.handle(InputMap.java:274)
	at javafx.base@21.0.1/com.sun.javafx.event.CompositeEventHandler$NormalEventHandlerRecord.handleBubblingEvent(CompositeEventHandler.java:247)
	at javafx.base@21.0.1/com.sun.javafx.event.CompositeEventHandler.dispatchBubblingEvent(CompositeEventHandler.java:80)
	at javafx.base@21.0.1/com.sun.javafx.event.EventHandlerManager.dispatchBubblingEvent(EventHandlerManager.java:232)
	at javafx.base@21.0.1/com.sun.javafx.event.EventHandlerManager.dispatchBubblingEvent(EventHandlerManager.java:189)
	at javafx.base@21.0.1/com.sun.javafx.event.CompositeEventDispatcher.dispatchBubblingEvent(CompositeEventDispatcher.java:59)
	at javafx.base@21.0.1/com.sun.javafx.event.BasicEventDispatcher.dispatchEvent(BasicEventDispatcher.java:58)
	at javafx.base@21.0.1/com.sun.javafx.event.EventDispatchChainImpl.dispatchEvent(EventDispatchChainImpl.java:114)
	at javafx.base@21.0.1/com.sun.javafx.event.BasicEventDispatcher.dispatchEvent(BasicEventDispatcher.java:56)
	at javafx.base@21.0.1/com.sun.javafx.event.EventDispatchChainImpl.dispatchEvent(EventDispatchChainImpl.java:114)
	at javafx.base@21.0.1/com.sun.javafx.event.BasicEventDispatcher.dispatchEvent(BasicEventDispatcher.java:56)
	at javafx.base@21.0.1/com.sun.javafx.event.EventDispatchChainImpl.dispatchEvent(EventDispatchChainImpl.java:114)
	at javafx.base@21.0.1/com.sun.javafx.event.BasicEventDispatcher.dispatchEvent(BasicEventDispatcher.java:56)
	at javafx.base@21.0.1/com.sun.javafx.event.EventDispatchChainImpl.dispatchEvent(EventDispatchChainImpl.java:114)
	at javafx.base@21.0.1/com.sun.javafx.event.EventUtil.fireEventImpl(EventUtil.java:74)
	at javafx.base@21.0.1/com.sun.javafx.event.EventUtil.fireEvent(EventUtil.java:54)
	at javafx.base@21.0.1/javafx.event.Event.fireEvent(Event.java:198)
	at javafx.graphics@21.0.1/javafx.scene.Scene$MouseHandler.process(Scene.java:3984)
	at javafx.graphics@21.0.1/javafx.scene.Scene.processMouseEvent(Scene.java:1890)
	at javafx.graphics@21.0.1/javafx.scene.Scene$ScenePeerListener.mouseEvent(Scene.java:2708)
	at javafx.graphics@21.0.1/com.sun.javafx.tk.quantum.GlassViewEventHandler$MouseEventNotification.run(GlassViewEventHandler.java:411)
	at javafx.graphics@21.0.1/com.sun.javafx.tk.quantum.GlassViewEventHandler$MouseEventNotification.run(GlassViewEventHandler.java:301)
	at java.base/java.security.AccessController.doPrivileged(AccessController.java:400)
	at javafx.graphics@21.0.1/com.sun.javafx.tk.quantum.GlassViewEventHandler.lambda$handleMouseEvent$2(GlassViewEventHandler.java:450)
	at javafx.graphics@21.0.1/com.sun.javafx.tk.quantum.QuantumToolkit.runWithoutRenderLock(QuantumToolkit.java:424)
	at javafx.graphics@21.0.1/com.sun.javafx.tk.quantum.GlassViewEventHandler.handleMouseEvent(GlassViewEventHandler.java:449)
	at javafx.graphics@21.0.1/com.sun.glass.ui.View.handleMouseEvent(View.java:551)
	at javafx.graphics@21.0.1/com.sun.glass.ui.View.notifyMouse(View.java:937)
	at javafx.graphics@21.0.1/com.sun.glass.ui.win.WinApplication._runLoop(Native Method)
	at javafx.graphics@21.0.1/com.sun.glass.ui.win.WinApplication.lambda$runLoop$3(WinApplication.java:185)
	at java.base/java.lang.Thread.run(Thread.java:1583)
2025-10-05 20:22:19 [JavaFX Application Thread] INFO  p.c.a.v.c.RecibosClienteController - Pantalla de recibos del cliente inicializada correctamente
2025-10-05 20:22:21 [JavaFX Application Thread] ERROR p.c.app.dao.impl.PrestamoDAOImpl - Error al buscar préstamos por cliente y estado: 11111111, ACTIVO
java.sql.SQLException: Column 'cliente_nombre' not found.
	at com.mysql.cj.jdbc.exceptions.SQLError.createSQLException(SQLError.java:130)
	at com.mysql.cj.jdbc.exceptions.SQLError.createSQLException(SQLError.java:98)
	at com.mysql.cj.jdbc.exceptions.SQLError.createSQLException(SQLError.java:90)
	at com.mysql.cj.jdbc.exceptions.SQLError.createSQLException(SQLError.java:64)
	at com.mysql.cj.jdbc.result.ResultSetImpl.findColumn(ResultSetImpl.java:584)
	at com.mysql.cj.jdbc.result.ResultSetImpl.getString(ResultSetImpl.java:896)
	at com.zaxxer.hikari.pool.HikariProxyResultSet.getString(HikariProxyResultSet.java)
	at pe.crediactiva.app.dao.impl.PrestamoDAOImpl.mapResultSetToPrestamo(PrestamoDAOImpl.java:522)
	at pe.crediactiva.app.dao.impl.PrestamoDAOImpl.findByClienteAndEstado(PrestamoDAOImpl.java:475)
	at pe.crediactiva.app.service.PrestamoService.obtenerPrestamosActivosPorCliente(PrestamoService.java:399)
	at pe.crediactiva.app.view.cliente.ClienteMainController.cargarEstadisticasResumen(ClienteMainController.java:198)
	at pe.crediactiva.app.view.cliente.ClienteMainController.initialize(ClienteMainController.java:147)
	at java.base/jdk.internal.reflect.DirectMethodHandleAccessor.invoke(DirectMethodHandleAccessor.java:103)
	at java.base/java.lang.reflect.Method.invoke(Method.java:580)
	at com.sun.javafx.reflect.Trampoline.invoke(MethodUtil.java:72)
	at java.base/jdk.internal.reflect.DirectMethodHandleAccessor.invoke(DirectMethodHandleAccessor.java:103)
	at java.base/java.lang.reflect.Method.invoke(Method.java:580)
	at javafx.base@21.0.1/com.sun.javafx.reflect.MethodUtil.invoke(MethodUtil.java:270)
	at javafx.fxml@21.0.1/com.sun.javafx.fxml.MethodHelper.invoke(MethodHelper.java:84)
	at javafx.fxml@21.0.1/javafx.fxml.FXMLLoader.loadImpl(FXMLLoader.java:2688)
	at javafx.fxml@21.0.1/javafx.fxml.FXMLLoader.loadImpl(FXMLLoader.java:2563)
	at javafx.fxml@21.0.1/javafx.fxml.FXMLLoader.load(FXMLLoader.java:2531)
	at pe.crediactiva.app.view.cliente.RecibosClienteController.handleVolver(RecibosClienteController.java:380)
	at java.base/jdk.internal.reflect.DirectMethodHandleAccessor.invoke(DirectMethodHandleAccessor.java:103)
	at java.base/java.lang.reflect.Method.invoke(Method.java:580)
	at com.sun.javafx.reflect.Trampoline.invoke(MethodUtil.java:72)
	at java.base/jdk.internal.reflect.DirectMethodHandleAccessor.invoke(DirectMethodHandleAccessor.java:103)
	at java.base/java.lang.reflect.Method.invoke(Method.java:580)
	at javafx.base@21.0.1/com.sun.javafx.reflect.MethodUtil.invoke(MethodUtil.java:270)
	at javafx.fxml@21.0.1/com.sun.javafx.fxml.MethodHelper.invoke(MethodHelper.java:84)
	at javafx.fxml@21.0.1/javafx.fxml.FXMLLoader$MethodHandler.invoke(FXMLLoader.java:1855)
	at javafx.fxml@21.0.1/javafx.fxml.FXMLLoader$ControllerMethodEventHandler.handle(FXMLLoader.java:1726)
	at javafx.base@21.0.1/com.sun.javafx.event.CompositeEventHandler.dispatchBubblingEvent(CompositeEventHandler.java:86)
	at javafx.base@21.0.1/com.sun.javafx.event.EventHandlerManager.dispatchBubblingEvent(EventHandlerManager.java:232)
	at javafx.base@21.0.1/com.sun.javafx.event.EventHandlerManager.dispatchBubblingEvent(EventHandlerManager.java:189)
	at javafx.base@21.0.1/com.sun.javafx.event.CompositeEventDispatcher.dispatchBubblingEvent(CompositeEventDispatcher.java:59)
	at javafx.base@21.0.1/com.sun.javafx.event.BasicEventDispatcher.dispatchEvent(BasicEventDispatcher.java:58)
	at javafx.base@21.0.1/com.sun.javafx.event.EventDispatchChainImpl.dispatchEvent(EventDispatchChainImpl.java:114)
	at javafx.base@21.0.1/com.sun.javafx.event.BasicEventDispatcher.dispatchEvent(BasicEventDispatcher.java:56)
	at javafx.base@21.0.1/com.sun.javafx.event.EventDispatchChainImpl.dispatchEvent(EventDispatchChainImpl.java:114)
	at javafx.base@21.0.1/com.sun.javafx.event.BasicEventDispatcher.dispatchEvent(BasicEventDispatcher.java:56)
	at javafx.base@21.0.1/com.sun.javafx.event.EventDispatchChainImpl.dispatchEvent(EventDispatchChainImpl.java:114)
	at javafx.base@21.0.1/com.sun.javafx.event.EventUtil.fireEventImpl(EventUtil.java:74)
	at javafx.base@21.0.1/com.sun.javafx.event.EventUtil.fireEvent(EventUtil.java:49)
	at javafx.base@21.0.1/javafx.event.Event.fireEvent(Event.java:198)
	at javafx.graphics@21.0.1/javafx.scene.Node.fireEvent(Node.java:8875)
	at javafx.controls@21.0.1/javafx.scene.control.Button.fire(Button.java:203)
	at javafx.controls@21.0.1/com.sun.javafx.scene.control.behavior.ButtonBehavior.mouseReleased(ButtonBehavior.java:207)
	at javafx.controls@21.0.1/com.sun.javafx.scene.control.inputmap.InputMap.handle(InputMap.java:274)
	at javafx.base@21.0.1/com.sun.javafx.event.CompositeEventHandler$NormalEventHandlerRecord.handleBubblingEvent(CompositeEventHandler.java:247)
	at javafx.base@21.0.1/com.sun.javafx.event.CompositeEventHandler.dispatchBubblingEvent(CompositeEventHandler.java:80)
	at javafx.base@21.0.1/com.sun.javafx.event.EventHandlerManager.dispatchBubblingEvent(EventHandlerManager.java:232)
	at javafx.base@21.0.1/com.sun.javafx.event.EventHandlerManager.dispatchBubblingEvent(EventHandlerManager.java:189)
	at javafx.base@21.0.1/com.sun.javafx.event.CompositeEventDispatcher.dispatchBubblingEvent(CompositeEventDispatcher.java:59)
	at javafx.base@21.0.1/com.sun.javafx.event.BasicEventDispatcher.dispatchEvent(BasicEventDispatcher.java:58)
	at javafx.base@21.0.1/com.sun.javafx.event.EventDispatchChainImpl.dispatchEvent(EventDispatchChainImpl.java:114)
	at javafx.base@21.0.1/com.sun.javafx.event.BasicEventDispatcher.dispatchEvent(BasicEventDispatcher.java:56)
	at javafx.base@21.0.1/com.sun.javafx.event.EventDispatchChainImpl.dispatchEvent(EventDispatchChainImpl.java:114)
	at javafx.base@21.0.1/com.sun.javafx.event.BasicEventDispatcher.dispatchEvent(BasicEventDispatcher.java:56)
	at javafx.base@21.0.1/com.sun.javafx.event.EventDispatchChainImpl.dispatchEvent(EventDispatchChainImpl.java:114)
	at javafx.base@21.0.1/com.sun.javafx.event.EventUtil.fireEventImpl(EventUtil.java:74)
	at javafx.base@21.0.1/com.sun.javafx.event.EventUtil.fireEvent(EventUtil.java:54)
	at javafx.base@21.0.1/javafx.event.Event.fireEvent(Event.java:198)
	at javafx.graphics@21.0.1/javafx.scene.Scene$MouseHandler.process(Scene.java:3984)
	at javafx.graphics@21.0.1/javafx.scene.Scene.processMouseEvent(Scene.java:1890)
	at javafx.graphics@21.0.1/javafx.scene.Scene$ScenePeerListener.mouseEvent(Scene.java:2708)
	at javafx.graphics@21.0.1/com.sun.javafx.tk.quantum.GlassViewEventHandler$MouseEventNotification.run(GlassViewEventHandler.java:411)
	at javafx.graphics@21.0.1/com.sun.javafx.tk.quantum.GlassViewEventHandler$MouseEventNotification.run(GlassViewEventHandler.java:301)
	at java.base/java.security.AccessController.doPrivileged(AccessController.java:400)
	at javafx.graphics@21.0.1/com.sun.javafx.tk.quantum.GlassViewEventHandler.lambda$handleMouseEvent$2(GlassViewEventHandler.java:450)
	at javafx.graphics@21.0.1/com.sun.javafx.tk.quantum.QuantumToolkit.runWithoutRenderLock(QuantumToolkit.java:424)
	at javafx.graphics@21.0.1/com.sun.javafx.tk.quantum.GlassViewEventHandler.handleMouseEvent(GlassViewEventHandler.java:449)
	at javafx.graphics@21.0.1/com.sun.glass.ui.View.handleMouseEvent(View.java:551)
	at javafx.graphics@21.0.1/com.sun.glass.ui.View.notifyMouse(View.java:937)
	at javafx.graphics@21.0.1/com.sun.glass.ui.win.WinApplication._runLoop(Native Method)
	at javafx.graphics@21.0.1/com.sun.glass.ui.win.WinApplication.lambda$runLoop$3(WinApplication.java:185)
	at java.base/java.lang.Thread.run(Thread.java:1583)
2025-10-05 20:22:22 [JavaFX Application Thread] INFO  p.c.a.v.c.HistorialClienteController - Pantalla de historial del cliente inicializada correctamente
2025-10-05 20:22:24 [JavaFX Application Thread] ERROR p.c.app.dao.impl.PrestamoDAOImpl - Error al buscar préstamos por cliente y estado: 11111111, ACTIVO
java.sql.SQLException: Column 'cliente_nombre' not found.
	at com.mysql.cj.jdbc.exceptions.SQLError.createSQLException(SQLError.java:130)
	at com.mysql.cj.jdbc.exceptions.SQLError.createSQLException(SQLError.java:98)
	at com.mysql.cj.jdbc.exceptions.SQLError.createSQLException(SQLError.java:90)
	at com.mysql.cj.jdbc.exceptions.SQLError.createSQLException(SQLError.java:64)
	at com.mysql.cj.jdbc.result.ResultSetImpl.findColumn(ResultSetImpl.java:584)
	at com.mysql.cj.jdbc.result.ResultSetImpl.getString(ResultSetImpl.java:896)
	at com.zaxxer.hikari.pool.HikariProxyResultSet.getString(HikariProxyResultSet.java)
	at pe.crediactiva.app.dao.impl.PrestamoDAOImpl.mapResultSetToPrestamo(PrestamoDAOImpl.java:522)
	at pe.crediactiva.app.dao.impl.PrestamoDAOImpl.findByClienteAndEstado(PrestamoDAOImpl.java:475)
	at pe.crediactiva.app.service.PrestamoService.obtenerPrestamosActivosPorCliente(PrestamoService.java:399)
	at pe.crediactiva.app.view.cliente.ClienteMainController.cargarEstadisticasResumen(ClienteMainController.java:198)
	at pe.crediactiva.app.view.cliente.ClienteMainController.initialize(ClienteMainController.java:147)
	at java.base/jdk.internal.reflect.DirectMethodHandleAccessor.invoke(DirectMethodHandleAccessor.java:103)
	at java.base/java.lang.reflect.Method.invoke(Method.java:580)
	at com.sun.javafx.reflect.Trampoline.invoke(MethodUtil.java:72)
	at java.base/jdk.internal.reflect.DirectMethodHandleAccessor.invoke(DirectMethodHandleAccessor.java:103)
	at java.base/java.lang.reflect.Method.invoke(Method.java:580)
	at javafx.base@21.0.1/com.sun.javafx.reflect.MethodUtil.invoke(MethodUtil.java:270)
	at javafx.fxml@21.0.1/com.sun.javafx.fxml.MethodHelper.invoke(MethodHelper.java:84)
	at javafx.fxml@21.0.1/javafx.fxml.FXMLLoader.loadImpl(FXMLLoader.java:2688)
	at javafx.fxml@21.0.1/javafx.fxml.FXMLLoader.loadImpl(FXMLLoader.java:2563)
	at javafx.fxml@21.0.1/javafx.fxml.FXMLLoader.load(FXMLLoader.java:2531)
	at pe.crediactiva.app.view.cliente.HistorialClienteController.handleVolver(HistorialClienteController.java:497)
	at java.base/jdk.internal.reflect.DirectMethodHandleAccessor.invoke(DirectMethodHandleAccessor.java:103)
	at java.base/java.lang.reflect.Method.invoke(Method.java:580)
	at com.sun.javafx.reflect.Trampoline.invoke(MethodUtil.java:72)
	at java.base/jdk.internal.reflect.DirectMethodHandleAccessor.invoke(DirectMethodHandleAccessor.java:103)
	at java.base/java.lang.reflect.Method.invoke(Method.java:580)
	at javafx.base@21.0.1/com.sun.javafx.reflect.MethodUtil.invoke(MethodUtil.java:270)
	at javafx.fxml@21.0.1/com.sun.javafx.fxml.MethodHelper.invoke(MethodHelper.java:84)
	at javafx.fxml@21.0.1/javafx.fxml.FXMLLoader$MethodHandler.invoke(FXMLLoader.java:1855)
	at javafx.fxml@21.0.1/javafx.fxml.FXMLLoader$ControllerMethodEventHandler.handle(FXMLLoader.java:1726)
	at javafx.base@21.0.1/com.sun.javafx.event.CompositeEventHandler.dispatchBubblingEvent(CompositeEventHandler.java:86)
	at javafx.base@21.0.1/com.sun.javafx.event.EventHandlerManager.dispatchBubblingEvent(EventHandlerManager.java:232)
	at javafx.base@21.0.1/com.sun.javafx.event.EventHandlerManager.dispatchBubblingEvent(EventHandlerManager.java:189)
	at javafx.base@21.0.1/com.sun.javafx.event.CompositeEventDispatcher.dispatchBubblingEvent(CompositeEventDispatcher.java:59)
	at javafx.base@21.0.1/com.sun.javafx.event.BasicEventDispatcher.dispatchEvent(BasicEventDispatcher.java:58)
	at javafx.base@21.0.1/com.sun.javafx.event.EventDispatchChainImpl.dispatchEvent(EventDispatchChainImpl.java:114)
	at javafx.base@21.0.1/com.sun.javafx.event.BasicEventDispatcher.dispatchEvent(BasicEventDispatcher.java:56)
	at javafx.base@21.0.1/com.sun.javafx.event.EventDispatchChainImpl.dispatchEvent(EventDispatchChainImpl.java:114)
	at javafx.base@21.0.1/com.sun.javafx.event.BasicEventDispatcher.dispatchEvent(BasicEventDispatcher.java:56)
	at javafx.base@21.0.1/com.sun.javafx.event.EventDispatchChainImpl.dispatchEvent(EventDispatchChainImpl.java:114)
	at javafx.base@21.0.1/com.sun.javafx.event.EventUtil.fireEventImpl(EventUtil.java:74)
	at javafx.base@21.0.1/com.sun.javafx.event.EventUtil.fireEvent(EventUtil.java:49)
	at javafx.base@21.0.1/javafx.event.Event.fireEvent(Event.java:198)
	at javafx.graphics@21.0.1/javafx.scene.Node.fireEvent(Node.java:8875)
	at javafx.controls@21.0.1/javafx.scene.control.Button.fire(Button.java:203)
	at javafx.controls@21.0.1/com.sun.javafx.scene.control.behavior.ButtonBehavior.mouseReleased(ButtonBehavior.java:207)
	at javafx.controls@21.0.1/com.sun.javafx.scene.control.inputmap.InputMap.handle(InputMap.java:274)
	at javafx.base@21.0.1/com.sun.javafx.event.CompositeEventHandler$NormalEventHandlerRecord.handleBubblingEvent(CompositeEventHandler.java:247)
	at javafx.base@21.0.1/com.sun.javafx.event.CompositeEventHandler.dispatchBubblingEvent(CompositeEventHandler.java:80)
	at javafx.base@21.0.1/com.sun.javafx.event.EventHandlerManager.dispatchBubblingEvent(EventHandlerManager.java:232)
	at javafx.base@21.0.1/com.sun.javafx.event.EventHandlerManager.dispatchBubblingEvent(EventHandlerManager.java:189)
	at javafx.base@21.0.1/com.sun.javafx.event.CompositeEventDispatcher.dispatchBubblingEvent(CompositeEventDispatcher.java:59)
	at javafx.base@21.0.1/com.sun.javafx.event.BasicEventDispatcher.dispatchEvent(BasicEventDispatcher.java:58)
	at javafx.base@21.0.1/com.sun.javafx.event.EventDispatchChainImpl.dispatchEvent(EventDispatchChainImpl.java:114)
	at javafx.base@21.0.1/com.sun.javafx.event.BasicEventDispatcher.dispatchEvent(BasicEventDispatcher.java:56)
	at javafx.base@21.0.1/com.sun.javafx.event.EventDispatchChainImpl.dispatchEvent(EventDispatchChainImpl.java:114)
	at javafx.base@21.0.1/com.sun.javafx.event.BasicEventDispatcher.dispatchEvent(BasicEventDispatcher.java:56)
	at javafx.base@21.0.1/com.sun.javafx.event.EventDispatchChainImpl.dispatchEvent(EventDispatchChainImpl.java:114)
	at javafx.base@21.0.1/com.sun.javafx.event.EventUtil.fireEventImpl(EventUtil.java:74)
	at javafx.base@21.0.1/com.sun.javafx.event.EventUtil.fireEvent(EventUtil.java:54)
	at javafx.base@21.0.1/javafx.event.Event.fireEvent(Event.java:198)
	at javafx.graphics@21.0.1/javafx.scene.Scene$MouseHandler.process(Scene.java:3984)
	at javafx.graphics@21.0.1/javafx.scene.Scene.processMouseEvent(Scene.java:1890)
	at javafx.graphics@21.0.1/javafx.scene.Scene$ScenePeerListener.mouseEvent(Scene.java:2708)
	at javafx.graphics@21.0.1/com.sun.javafx.tk.quantum.GlassViewEventHandler$MouseEventNotification.run(GlassViewEventHandler.java:411)
	at javafx.graphics@21.0.1/com.sun.javafx.tk.quantum.GlassViewEventHandler$MouseEventNotification.run(GlassViewEventHandler.java:301)
	at java.base/java.security.AccessController.doPrivileged(AccessController.java:400)
	at javafx.graphics@21.0.1/com.sun.javafx.tk.quantum.GlassViewEventHandler.lambda$handleMouseEvent$2(GlassViewEventHandler.java:450)
	at javafx.graphics@21.0.1/com.sun.javafx.tk.quantum.QuantumToolkit.runWithoutRenderLock(QuantumToolkit.java:424)
	at javafx.graphics@21.0.1/com.sun.javafx.tk.quantum.GlassViewEventHandler.handleMouseEvent(GlassViewEventHandler.java:449)
	at javafx.graphics@21.0.1/com.sun.glass.ui.View.handleMouseEvent(View.java:551)
	at javafx.graphics@21.0.1/com.sun.glass.ui.View.notifyMouse(View.java:937)
	at javafx.graphics@21.0.1/com.sun.glass.ui.win.WinApplication._runLoop(Native Method)
	at javafx.graphics@21.0.1/com.sun.glass.ui.win.WinApplication.lambda$runLoop$3(WinApplication.java:185)
	at java.base/java.lang.Thread.run(Thread.java:1583)
2025-10-05 20:22:25 [JavaFX Application Thread] ERROR p.c.a.v.c.ClienteMainController - Error al cargar pantalla del simulador
javafx.fxml.LoadException: Missing resource key.
/C:/Users/USER/OneDrive/Escritorio/proyecto_v4.0/target/classes/fxml/cliente/SimuladorClienteView.fxml:48

	at javafx.fxml@21.0.1/javafx.fxml.FXMLLoader.constructLoadException(FXMLLoader.java:2718)
	at javafx.fxml@21.0.1/javafx.fxml.FXMLLoader$Element.resolvePrefixedValue(FXMLLoader.java:425)
	at javafx.fxml@21.0.1/javafx.fxml.FXMLLoader$Element.processValue(FXMLLoader.java:375)
	at javafx.fxml@21.0.1/javafx.fxml.FXMLLoader$Element.processPropertyAttribute(FXMLLoader.java:337)
	at javafx.fxml@21.0.1/javafx.fxml.FXMLLoader$Element.processInstancePropertyAttributes(FXMLLoader.java:248)
	at javafx.fxml@21.0.1/javafx.fxml.FXMLLoader$ValueElement.processEndElement(FXMLLoader.java:780)
	at javafx.fxml@21.0.1/javafx.fxml.FXMLLoader.processEndElement(FXMLLoader.java:2969)
	at javafx.fxml@21.0.1/javafx.fxml.FXMLLoader.loadImpl(FXMLLoader.java:2654)
	at javafx.fxml@21.0.1/javafx.fxml.FXMLLoader.loadImpl(FXMLLoader.java:2563)
	at javafx.fxml@21.0.1/javafx.fxml.FXMLLoader.load(FXMLLoader.java:2531)
	at pe.crediactiva.app.view.cliente.ClienteMainController.handleSimulador(ClienteMainController.java:353)
	at java.base/jdk.internal.reflect.DirectMethodHandleAccessor.invoke(DirectMethodHandleAccessor.java:103)
	at java.base/java.lang.reflect.Method.invoke(Method.java:580)
	at com.sun.javafx.reflect.Trampoline.invoke(MethodUtil.java:72)
	at java.base/jdk.internal.reflect.DirectMethodHandleAccessor.invoke(DirectMethodHandleAccessor.java:103)
	at java.base/java.lang.reflect.Method.invoke(Method.java:580)
	at javafx.base@21.0.1/com.sun.javafx.reflect.MethodUtil.invoke(MethodUtil.java:270)
	at javafx.fxml@21.0.1/com.sun.javafx.fxml.MethodHelper.invoke(MethodHelper.java:84)
	at javafx.fxml@21.0.1/javafx.fxml.FXMLLoader$MethodHandler.invoke(FXMLLoader.java:1855)
	at javafx.fxml@21.0.1/javafx.fxml.FXMLLoader$ControllerMethodEventHandler.handle(FXMLLoader.java:1726)
	at javafx.base@21.0.1/com.sun.javafx.event.CompositeEventHandler.dispatchBubblingEvent(CompositeEventHandler.java:86)
	at javafx.base@21.0.1/com.sun.javafx.event.EventHandlerManager.dispatchBubblingEvent(EventHandlerManager.java:232)
	at javafx.base@21.0.1/com.sun.javafx.event.EventHandlerManager.dispatchBubblingEvent(EventHandlerManager.java:189)
	at javafx.base@21.0.1/com.sun.javafx.event.CompositeEventDispatcher.dispatchBubblingEvent(CompositeEventDispatcher.java:59)
	at javafx.base@21.0.1/com.sun.javafx.event.BasicEventDispatcher.dispatchEvent(BasicEventDispatcher.java:58)
	at javafx.base@21.0.1/com.sun.javafx.event.EventDispatchChainImpl.dispatchEvent(EventDispatchChainImpl.java:114)
	at javafx.base@21.0.1/com.sun.javafx.event.BasicEventDispatcher.dispatchEvent(BasicEventDispatcher.java:56)
	at javafx.base@21.0.1/com.sun.javafx.event.EventDispatchChainImpl.dispatchEvent(EventDispatchChainImpl.java:114)
	at javafx.base@21.0.1/com.sun.javafx.event.BasicEventDispatcher.dispatchEvent(BasicEventDispatcher.java:56)
	at javafx.base@21.0.1/com.sun.javafx.event.EventDispatchChainImpl.dispatchEvent(EventDispatchChainImpl.java:114)
	at javafx.base@21.0.1/com.sun.javafx.event.BasicEventDispatcher.dispatchEvent(BasicEventDispatcher.java:56)
	at javafx.base@21.0.1/com.sun.javafx.event.EventDispatchChainImpl.dispatchEvent(EventDispatchChainImpl.java:114)
	at javafx.base@21.0.1/com.sun.javafx.event.EventUtil.fireEventImpl(EventUtil.java:74)
	at javafx.base@21.0.1/com.sun.javafx.event.EventUtil.fireEvent(EventUtil.java:49)
	at javafx.base@21.0.1/javafx.event.Event.fireEvent(Event.java:198)
	at javafx.graphics@21.0.1/javafx.scene.Node.fireEvent(Node.java:8875)
	at javafx.controls@21.0.1/javafx.scene.control.Button.fire(Button.java:203)
	at javafx.controls@21.0.1/com.sun.javafx.scene.control.behavior.ButtonBehavior.mouseReleased(ButtonBehavior.java:207)
	at javafx.controls@21.0.1/com.sun.javafx.scene.control.inputmap.InputMap.handle(InputMap.java:274)
	at javafx.base@21.0.1/com.sun.javafx.event.CompositeEventHandler$NormalEventHandlerRecord.handleBubblingEvent(CompositeEventHandler.java:247)
	at javafx.base@21.0.1/com.sun.javafx.event.CompositeEventHandler.dispatchBubblingEvent(CompositeEventHandler.java:80)
	at javafx.base@21.0.1/com.sun.javafx.event.EventHandlerManager.dispatchBubblingEvent(EventHandlerManager.java:232)
	at javafx.base@21.0.1/com.sun.javafx.event.EventHandlerManager.dispatchBubblingEvent(EventHandlerManager.java:189)
	at javafx.base@21.0.1/com.sun.javafx.event.CompositeEventDispatcher.dispatchBubblingEvent(CompositeEventDispatcher.java:59)
	at javafx.base@21.0.1/com.sun.javafx.event.BasicEventDispatcher.dispatchEvent(BasicEventDispatcher.java:58)
	at javafx.base@21.0.1/com.sun.javafx.event.EventDispatchChainImpl.dispatchEvent(EventDispatchChainImpl.java:114)
	at javafx.base@21.0.1/com.sun.javafx.event.BasicEventDispatcher.dispatchEvent(BasicEventDispatcher.java:56)
	at javafx.base@21.0.1/com.sun.javafx.event.EventDispatchChainImpl.dispatchEvent(EventDispatchChainImpl.java:114)
	at javafx.base@21.0.1/com.sun.javafx.event.BasicEventDispatcher.dispatchEvent(BasicEventDispatcher.java:56)
	at javafx.base@21.0.1/com.sun.javafx.event.EventDispatchChainImpl.dispatchEvent(EventDispatchChainImpl.java:114)
	at javafx.base@21.0.1/com.sun.javafx.event.BasicEventDispatcher.dispatchEvent(BasicEventDispatcher.java:56)
	at javafx.base@21.0.1/com.sun.javafx.event.EventDispatchChainImpl.dispatchEvent(EventDispatchChainImpl.java:114)
	at javafx.base@21.0.1/com.sun.javafx.event.EventUtil.fireEventImpl(EventUtil.java:74)
	at javafx.base@21.0.1/com.sun.javafx.event.EventUtil.fireEvent(EventUtil.java:54)
	at javafx.base@21.0.1/javafx.event.Event.fireEvent(Event.java:198)
	at javafx.graphics@21.0.1/javafx.scene.Scene$MouseHandler.process(Scene.java:3984)
	at javafx.graphics@21.0.1/javafx.scene.Scene.processMouseEvent(Scene.java:1890)
	at javafx.graphics@21.0.1/javafx.scene.Scene$ScenePeerListener.mouseEvent(Scene.java:2708)
	at javafx.graphics@21.0.1/com.sun.javafx.tk.quantum.GlassViewEventHandler$MouseEventNotification.run(GlassViewEventHandler.java:411)
	at javafx.graphics@21.0.1/com.sun.javafx.tk.quantum.GlassViewEventHandler$MouseEventNotification.run(GlassViewEventHandler.java:301)
	at java.base/java.security.AccessController.doPrivileged(AccessController.java:400)
	at javafx.graphics@21.0.1/com.sun.javafx.tk.quantum.GlassViewEventHandler.lambda$handleMouseEvent$2(GlassViewEventHandler.java:450)
	at javafx.graphics@21.0.1/com.sun.javafx.tk.quantum.QuantumToolkit.runWithoutRenderLock(QuantumToolkit.java:424)
	at javafx.graphics@21.0.1/com.sun.javafx.tk.quantum.GlassViewEventHandler.handleMouseEvent(GlassViewEventHandler.java:449)
	at javafx.graphics@21.0.1/com.sun.glass.ui.View.handleMouseEvent(View.java:551)
	at javafx.graphics@21.0.1/com.sun.glass.ui.View.notifyMouse(View.java:937)
	at javafx.graphics@21.0.1/com.sun.glass.ui.win.WinApplication._runLoop(Native Method)
	at javafx.graphics@21.0.1/com.sun.glass.ui.win.WinApplication.lambda$runLoop$3(WinApplication.java:185)
	at java.base/java.lang.Thread.run(Thread.java:1583)
2025-10-05 20:22:36 [JavaFX Application Thread] INFO  p.c.app.config.DatabaseConfig - Pool de conexiones cerrado correctamente
2025-10-05 20:22:36 [JavaFX Application Thread] INFO  pe.crediactiva.app.Main - Aplicación CrediActiva cerrada
2025-10-05 20:25:25 [main] INFO  pe.crediactiva.app.Main - Iniciando aplicación CrediActiva Desktop v1.0.0
2025-10-05 20:25:25 [JavaFX Application Thread] INFO  pe.crediactiva.app.Main - Icono no encontrado, continuando sin icono
2025-10-05 20:25:25 [JavaFX Application Thread] INFO  p.c.app.config.DatabaseConfig - Propiedades de base de datos cargadas correctamente
2025-10-05 20:25:25 [JavaFX Application Thread] INFO  p.c.app.config.DatabaseConfig - Pool de conexiones HikariCP inicializado correctamente
2025-10-05 20:25:26 [JavaFX Application Thread] INFO  pe.crediactiva.app.Main - Aplicación CrediActiva iniciada correctamente
2025-10-05 20:25:52 [JavaFX Application Thread] INFO  p.c.app.dao.impl.UsuarioDAOImpl - Usuario autenticado exitosamente: 11111111
2025-10-05 20:25:52 [JavaFX Application Thread] INFO  p.c.a.service.AuthenticationService - Usuario autenticado exitosamente: 11111111 - CLIENTE
2025-10-05 20:25:52 [JavaFX Application Thread] INFO  p.c.app.view.LoginController - Usuario autenticado exitosamente: 11111111
2025-10-05 20:25:52 [JavaFX Application Thread] ERROR p.c.app.dao.impl.PrestamoDAOImpl - Error al buscar préstamos por cliente y estado: 11111111, ACTIVO
java.sql.SQLException: Column 'cliente_nombre' not found.
	at com.mysql.cj.jdbc.exceptions.SQLError.createSQLException(SQLError.java:130)
	at com.mysql.cj.jdbc.exceptions.SQLError.createSQLException(SQLError.java:98)
	at com.mysql.cj.jdbc.exceptions.SQLError.createSQLException(SQLError.java:90)
	at com.mysql.cj.jdbc.exceptions.SQLError.createSQLException(SQLError.java:64)
	at com.mysql.cj.jdbc.result.ResultSetImpl.findColumn(ResultSetImpl.java:584)
	at com.mysql.cj.jdbc.result.ResultSetImpl.getString(ResultSetImpl.java:896)
	at com.zaxxer.hikari.pool.HikariProxyResultSet.getString(HikariProxyResultSet.java)
	at pe.crediactiva.app.dao.impl.PrestamoDAOImpl.mapResultSetToPrestamo(PrestamoDAOImpl.java:522)
	at pe.crediactiva.app.dao.impl.PrestamoDAOImpl.findByClienteAndEstado(PrestamoDAOImpl.java:475)
	at pe.crediactiva.app.service.PrestamoService.obtenerPrestamosActivosPorCliente(PrestamoService.java:399)
	at pe.crediactiva.app.view.cliente.ClienteMainController.cargarEstadisticasResumen(ClienteMainController.java:198)
	at pe.crediactiva.app.view.cliente.ClienteMainController.initialize(ClienteMainController.java:147)
	at java.base/jdk.internal.reflect.DirectMethodHandleAccessor.invoke(DirectMethodHandleAccessor.java:103)
	at java.base/java.lang.reflect.Method.invoke(Method.java:580)
	at com.sun.javafx.reflect.Trampoline.invoke(MethodUtil.java:72)
	at java.base/jdk.internal.reflect.DirectMethodHandleAccessor.invoke(DirectMethodHandleAccessor.java:103)
	at java.base/java.lang.reflect.Method.invoke(Method.java:580)
	at javafx.base@21.0.1/com.sun.javafx.reflect.MethodUtil.invoke(MethodUtil.java:270)
	at javafx.fxml@21.0.1/com.sun.javafx.fxml.MethodHelper.invoke(MethodHelper.java:84)
	at javafx.fxml@21.0.1/javafx.fxml.FXMLLoader.loadImpl(FXMLLoader.java:2688)
	at javafx.fxml@21.0.1/javafx.fxml.FXMLLoader.loadImpl(FXMLLoader.java:2563)
	at javafx.fxml@21.0.1/javafx.fxml.FXMLLoader.load(FXMLLoader.java:2531)
	at pe.crediactiva.app.view.LoginController.redirectToMainScreen(LoginController.java:140)
	at pe.crediactiva.app.view.LoginController.handleLogin(LoginController.java:99)
	at java.base/jdk.internal.reflect.DirectMethodHandleAccessor.invoke(DirectMethodHandleAccessor.java:103)
	at java.base/java.lang.reflect.Method.invoke(Method.java:580)
	at com.sun.javafx.reflect.Trampoline.invoke(MethodUtil.java:72)
	at java.base/jdk.internal.reflect.DirectMethodHandleAccessor.invoke(DirectMethodHandleAccessor.java:103)
	at java.base/java.lang.reflect.Method.invoke(Method.java:580)
	at javafx.base@21.0.1/com.sun.javafx.reflect.MethodUtil.invoke(MethodUtil.java:270)
	at javafx.fxml@21.0.1/com.sun.javafx.fxml.MethodHelper.invoke(MethodHelper.java:84)
	at javafx.fxml@21.0.1/javafx.fxml.FXMLLoader$MethodHandler.invoke(FXMLLoader.java:1855)
	at javafx.fxml@21.0.1/javafx.fxml.FXMLLoader$ControllerMethodEventHandler.handle(FXMLLoader.java:1726)
	at javafx.base@21.0.1/com.sun.javafx.event.CompositeEventHandler.dispatchBubblingEvent(CompositeEventHandler.java:86)
	at javafx.base@21.0.1/com.sun.javafx.event.EventHandlerManager.dispatchBubblingEvent(EventHandlerManager.java:232)
	at javafx.base@21.0.1/com.sun.javafx.event.EventHandlerManager.dispatchBubblingEvent(EventHandlerManager.java:189)
	at javafx.base@21.0.1/com.sun.javafx.event.CompositeEventDispatcher.dispatchBubblingEvent(CompositeEventDispatcher.java:59)
	at javafx.base@21.0.1/com.sun.javafx.event.BasicEventDispatcher.dispatchEvent(BasicEventDispatcher.java:58)
	at javafx.base@21.0.1/com.sun.javafx.event.EventDispatchChainImpl.dispatchEvent(EventDispatchChainImpl.java:114)
	at javafx.base@21.0.1/com.sun.javafx.event.BasicEventDispatcher.dispatchEvent(BasicEventDispatcher.java:56)
	at javafx.base@21.0.1/com.sun.javafx.event.EventDispatchChainImpl.dispatchEvent(EventDispatchChainImpl.java:114)
	at javafx.base@21.0.1/com.sun.javafx.event.BasicEventDispatcher.dispatchEvent(BasicEventDispatcher.java:56)
	at javafx.base@21.0.1/com.sun.javafx.event.EventDispatchChainImpl.dispatchEvent(EventDispatchChainImpl.java:114)
	at javafx.base@21.0.1/com.sun.javafx.event.EventUtil.fireEventImpl(EventUtil.java:74)
	at javafx.base@21.0.1/com.sun.javafx.event.EventUtil.fireEvent(EventUtil.java:49)
	at javafx.base@21.0.1/javafx.event.Event.fireEvent(Event.java:198)
	at javafx.graphics@21.0.1/javafx.scene.Node.fireEvent(Node.java:8875)
	at javafx.controls@21.0.1/javafx.scene.control.Button.fire(Button.java:203)
	at javafx.controls@21.0.1/com.sun.javafx.scene.control.behavior.ButtonBehavior.mouseReleased(ButtonBehavior.java:207)
	at javafx.controls@21.0.1/com.sun.javafx.scene.control.inputmap.InputMap.handle(InputMap.java:274)
	at javafx.base@21.0.1/com.sun.javafx.event.CompositeEventHandler$NormalEventHandlerRecord.handleBubblingEvent(CompositeEventHandler.java:247)
	at javafx.base@21.0.1/com.sun.javafx.event.CompositeEventHandler.dispatchBubblingEvent(CompositeEventHandler.java:80)
	at javafx.base@21.0.1/com.sun.javafx.event.EventHandlerManager.dispatchBubblingEvent(EventHandlerManager.java:232)
	at javafx.base@21.0.1/com.sun.javafx.event.EventHandlerManager.dispatchBubblingEvent(EventHandlerManager.java:189)
	at javafx.base@21.0.1/com.sun.javafx.event.CompositeEventDispatcher.dispatchBubblingEvent(CompositeEventDispatcher.java:59)
	at javafx.base@21.0.1/com.sun.javafx.event.BasicEventDispatcher.dispatchEvent(BasicEventDispatcher.java:58)
	at javafx.base@21.0.1/com.sun.javafx.event.EventDispatchChainImpl.dispatchEvent(EventDispatchChainImpl.java:114)
	at javafx.base@21.0.1/com.sun.javafx.event.BasicEventDispatcher.dispatchEvent(BasicEventDispatcher.java:56)
	at javafx.base@21.0.1/com.sun.javafx.event.EventDispatchChainImpl.dispatchEvent(EventDispatchChainImpl.java:114)
	at javafx.base@21.0.1/com.sun.javafx.event.BasicEventDispatcher.dispatchEvent(BasicEventDispatcher.java:56)
	at javafx.base@21.0.1/com.sun.javafx.event.EventDispatchChainImpl.dispatchEvent(EventDispatchChainImpl.java:114)
	at javafx.base@21.0.1/com.sun.javafx.event.EventUtil.fireEventImpl(EventUtil.java:74)
	at javafx.base@21.0.1/com.sun.javafx.event.EventUtil.fireEvent(EventUtil.java:54)
	at javafx.base@21.0.1/javafx.event.Event.fireEvent(Event.java:198)
	at javafx.graphics@21.0.1/javafx.scene.Scene$MouseHandler.process(Scene.java:3984)
	at javafx.graphics@21.0.1/javafx.scene.Scene.processMouseEvent(Scene.java:1890)
	at javafx.graphics@21.0.1/javafx.scene.Scene$ScenePeerListener.mouseEvent(Scene.java:2708)
	at javafx.graphics@21.0.1/com.sun.javafx.tk.quantum.GlassViewEventHandler$MouseEventNotification.run(GlassViewEventHandler.java:411)
	at javafx.graphics@21.0.1/com.sun.javafx.tk.quantum.GlassViewEventHandler$MouseEventNotification.run(GlassViewEventHandler.java:301)
	at java.base/java.security.AccessController.doPrivileged(AccessController.java:400)
	at javafx.graphics@21.0.1/com.sun.javafx.tk.quantum.GlassViewEventHandler.lambda$handleMouseEvent$2(GlassViewEventHandler.java:450)
	at javafx.graphics@21.0.1/com.sun.javafx.tk.quantum.QuantumToolkit.runWithoutRenderLock(QuantumToolkit.java:424)
	at javafx.graphics@21.0.1/com.sun.javafx.tk.quantum.GlassViewEventHandler.handleMouseEvent(GlassViewEventHandler.java:449)
	at javafx.graphics@21.0.1/com.sun.glass.ui.View.handleMouseEvent(View.java:551)
	at javafx.graphics@21.0.1/com.sun.glass.ui.View.notifyMouse(View.java:937)
	at javafx.graphics@21.0.1/com.sun.glass.ui.win.WinApplication._runLoop(Native Method)
	at javafx.graphics@21.0.1/com.sun.glass.ui.win.WinApplication.lambda$runLoop$3(WinApplication.java:185)
	at java.base/java.lang.Thread.run(Thread.java:1583)
2025-10-05 20:25:53 [JavaFX Application Thread] INFO  p.c.app.view.LoginController - Usuario redirigido a pantalla principal: CLIENTE
2025-10-05 20:25:55 [JavaFX Application Thread] ERROR p.c.a.v.c.ClienteMainController - Error al cargar pantalla del simulador
javafx.fxml.LoadException: Missing resource key.
/C:/Users/USER/OneDrive/Escritorio/proyecto_v4.0/target/classes/fxml/cliente/SimuladorClienteView.fxml:48

	at javafx.fxml@21.0.1/javafx.fxml.FXMLLoader.constructLoadException(FXMLLoader.java:2718)
	at javafx.fxml@21.0.1/javafx.fxml.FXMLLoader$Element.resolvePrefixedValue(FXMLLoader.java:425)
	at javafx.fxml@21.0.1/javafx.fxml.FXMLLoader$Element.processValue(FXMLLoader.java:375)
	at javafx.fxml@21.0.1/javafx.fxml.FXMLLoader$Element.processPropertyAttribute(FXMLLoader.java:337)
	at javafx.fxml@21.0.1/javafx.fxml.FXMLLoader$Element.processInstancePropertyAttributes(FXMLLoader.java:248)
	at javafx.fxml@21.0.1/javafx.fxml.FXMLLoader$ValueElement.processEndElement(FXMLLoader.java:780)
	at javafx.fxml@21.0.1/javafx.fxml.FXMLLoader.processEndElement(FXMLLoader.java:2969)
	at javafx.fxml@21.0.1/javafx.fxml.FXMLLoader.loadImpl(FXMLLoader.java:2654)
	at javafx.fxml@21.0.1/javafx.fxml.FXMLLoader.loadImpl(FXMLLoader.java:2563)
	at javafx.fxml@21.0.1/javafx.fxml.FXMLLoader.load(FXMLLoader.java:2531)
	at pe.crediactiva.app.view.cliente.ClienteMainController.handleSimulador(ClienteMainController.java:353)
	at java.base/jdk.internal.reflect.DirectMethodHandleAccessor.invoke(DirectMethodHandleAccessor.java:103)
	at java.base/java.lang.reflect.Method.invoke(Method.java:580)
	at com.sun.javafx.reflect.Trampoline.invoke(MethodUtil.java:72)
	at java.base/jdk.internal.reflect.DirectMethodHandleAccessor.invoke(DirectMethodHandleAccessor.java:103)
	at java.base/java.lang.reflect.Method.invoke(Method.java:580)
	at javafx.base@21.0.1/com.sun.javafx.reflect.MethodUtil.invoke(MethodUtil.java:270)
	at javafx.fxml@21.0.1/com.sun.javafx.fxml.MethodHelper.invoke(MethodHelper.java:84)
	at javafx.fxml@21.0.1/javafx.fxml.FXMLLoader$MethodHandler.invoke(FXMLLoader.java:1855)
	at javafx.fxml@21.0.1/javafx.fxml.FXMLLoader$ControllerMethodEventHandler.handle(FXMLLoader.java:1726)
	at javafx.base@21.0.1/com.sun.javafx.event.CompositeEventHandler.dispatchBubblingEvent(CompositeEventHandler.java:86)
	at javafx.base@21.0.1/com.sun.javafx.event.EventHandlerManager.dispatchBubblingEvent(EventHandlerManager.java:232)
	at javafx.base@21.0.1/com.sun.javafx.event.EventHandlerManager.dispatchBubblingEvent(EventHandlerManager.java:189)
	at javafx.base@21.0.1/com.sun.javafx.event.CompositeEventDispatcher.dispatchBubblingEvent(CompositeEventDispatcher.java:59)
	at javafx.base@21.0.1/com.sun.javafx.event.BasicEventDispatcher.dispatchEvent(BasicEventDispatcher.java:58)
	at javafx.base@21.0.1/com.sun.javafx.event.EventDispatchChainImpl.dispatchEvent(EventDispatchChainImpl.java:114)
	at javafx.base@21.0.1/com.sun.javafx.event.BasicEventDispatcher.dispatchEvent(BasicEventDispatcher.java:56)
	at javafx.base@21.0.1/com.sun.javafx.event.EventDispatchChainImpl.dispatchEvent(EventDispatchChainImpl.java:114)
	at javafx.base@21.0.1/com.sun.javafx.event.BasicEventDispatcher.dispatchEvent(BasicEventDispatcher.java:56)
	at javafx.base@21.0.1/com.sun.javafx.event.EventDispatchChainImpl.dispatchEvent(EventDispatchChainImpl.java:114)
	at javafx.base@21.0.1/com.sun.javafx.event.BasicEventDispatcher.dispatchEvent(BasicEventDispatcher.java:56)
	at javafx.base@21.0.1/com.sun.javafx.event.EventDispatchChainImpl.dispatchEvent(EventDispatchChainImpl.java:114)
	at javafx.base@21.0.1/com.sun.javafx.event.EventUtil.fireEventImpl(EventUtil.java:74)
	at javafx.base@21.0.1/com.sun.javafx.event.EventUtil.fireEvent(EventUtil.java:49)
	at javafx.base@21.0.1/javafx.event.Event.fireEvent(Event.java:198)
	at javafx.graphics@21.0.1/javafx.scene.Node.fireEvent(Node.java:8875)
	at javafx.controls@21.0.1/javafx.scene.control.Button.fire(Button.java:203)
	at javafx.controls@21.0.1/com.sun.javafx.scene.control.behavior.ButtonBehavior.mouseReleased(ButtonBehavior.java:207)
	at javafx.controls@21.0.1/com.sun.javafx.scene.control.inputmap.InputMap.handle(InputMap.java:274)
	at javafx.base@21.0.1/com.sun.javafx.event.CompositeEventHandler$NormalEventHandlerRecord.handleBubblingEvent(CompositeEventHandler.java:247)
	at javafx.base@21.0.1/com.sun.javafx.event.CompositeEventHandler.dispatchBubblingEvent(CompositeEventHandler.java:80)
	at javafx.base@21.0.1/com.sun.javafx.event.EventHandlerManager.dispatchBubblingEvent(EventHandlerManager.java:232)
	at javafx.base@21.0.1/com.sun.javafx.event.EventHandlerManager.dispatchBubblingEvent(EventHandlerManager.java:189)
	at javafx.base@21.0.1/com.sun.javafx.event.CompositeEventDispatcher.dispatchBubblingEvent(CompositeEventDispatcher.java:59)
	at javafx.base@21.0.1/com.sun.javafx.event.BasicEventDispatcher.dispatchEvent(BasicEventDispatcher.java:58)
	at javafx.base@21.0.1/com.sun.javafx.event.EventDispatchChainImpl.dispatchEvent(EventDispatchChainImpl.java:114)
	at javafx.base@21.0.1/com.sun.javafx.event.BasicEventDispatcher.dispatchEvent(BasicEventDispatcher.java:56)
	at javafx.base@21.0.1/com.sun.javafx.event.EventDispatchChainImpl.dispatchEvent(EventDispatchChainImpl.java:114)
	at javafx.base@21.0.1/com.sun.javafx.event.BasicEventDispatcher.dispatchEvent(BasicEventDispatcher.java:56)
	at javafx.base@21.0.1/com.sun.javafx.event.EventDispatchChainImpl.dispatchEvent(EventDispatchChainImpl.java:114)
	at javafx.base@21.0.1/com.sun.javafx.event.BasicEventDispatcher.dispatchEvent(BasicEventDispatcher.java:56)
	at javafx.base@21.0.1/com.sun.javafx.event.EventDispatchChainImpl.dispatchEvent(EventDispatchChainImpl.java:114)
	at javafx.base@21.0.1/com.sun.javafx.event.EventUtil.fireEventImpl(EventUtil.java:74)
	at javafx.base@21.0.1/com.sun.javafx.event.EventUtil.fireEvent(EventUtil.java:54)
	at javafx.base@21.0.1/javafx.event.Event.fireEvent(Event.java:198)
	at javafx.graphics@21.0.1/javafx.scene.Scene$MouseHandler.process(Scene.java:3984)
	at javafx.graphics@21.0.1/javafx.scene.Scene.processMouseEvent(Scene.java:1890)
	at javafx.graphics@21.0.1/javafx.scene.Scene$ScenePeerListener.mouseEvent(Scene.java:2708)
	at javafx.graphics@21.0.1/com.sun.javafx.tk.quantum.GlassViewEventHandler$MouseEventNotification.run(GlassViewEventHandler.java:411)
	at javafx.graphics@21.0.1/com.sun.javafx.tk.quantum.GlassViewEventHandler$MouseEventNotification.run(GlassViewEventHandler.java:301)
	at java.base/java.security.AccessController.doPrivileged(AccessController.java:400)
	at javafx.graphics@21.0.1/com.sun.javafx.tk.quantum.GlassViewEventHandler.lambda$handleMouseEvent$2(GlassViewEventHandler.java:450)
	at javafx.graphics@21.0.1/com.sun.javafx.tk.quantum.QuantumToolkit.runWithoutRenderLock(QuantumToolkit.java:424)
	at javafx.graphics@21.0.1/com.sun.javafx.tk.quantum.GlassViewEventHandler.handleMouseEvent(GlassViewEventHandler.java:449)
	at javafx.graphics@21.0.1/com.sun.glass.ui.View.handleMouseEvent(View.java:551)
	at javafx.graphics@21.0.1/com.sun.glass.ui.View.notifyMouse(View.java:937)
	at javafx.graphics@21.0.1/com.sun.glass.ui.win.WinApplication._runLoop(Native Method)
	at javafx.graphics@21.0.1/com.sun.glass.ui.win.WinApplication.lambda$runLoop$3(WinApplication.java:185)
	at java.base/java.lang.Thread.run(Thread.java:1583)
2025-10-05 20:25:57 [JavaFX Application Thread] ERROR p.c.a.v.c.ClienteMainController - Error al cargar pantalla del simulador
javafx.fxml.LoadException: Missing resource key.
/C:/Users/USER/OneDrive/Escritorio/proyecto_v4.0/target/classes/fxml/cliente/SimuladorClienteView.fxml:48

	at javafx.fxml@21.0.1/javafx.fxml.FXMLLoader.constructLoadException(FXMLLoader.java:2718)
	at javafx.fxml@21.0.1/javafx.fxml.FXMLLoader$Element.resolvePrefixedValue(FXMLLoader.java:425)
	at javafx.fxml@21.0.1/javafx.fxml.FXMLLoader$Element.processValue(FXMLLoader.java:375)
	at javafx.fxml@21.0.1/javafx.fxml.FXMLLoader$Element.processPropertyAttribute(FXMLLoader.java:337)
	at javafx.fxml@21.0.1/javafx.fxml.FXMLLoader$Element.processInstancePropertyAttributes(FXMLLoader.java:248)
	at javafx.fxml@21.0.1/javafx.fxml.FXMLLoader$ValueElement.processEndElement(FXMLLoader.java:780)
	at javafx.fxml@21.0.1/javafx.fxml.FXMLLoader.processEndElement(FXMLLoader.java:2969)
	at javafx.fxml@21.0.1/javafx.fxml.FXMLLoader.loadImpl(FXMLLoader.java:2654)
	at javafx.fxml@21.0.1/javafx.fxml.FXMLLoader.loadImpl(FXMLLoader.java:2563)
	at javafx.fxml@21.0.1/javafx.fxml.FXMLLoader.load(FXMLLoader.java:2531)
	at pe.crediactiva.app.view.cliente.ClienteMainController.handleSimulador(ClienteMainController.java:353)
	at java.base/jdk.internal.reflect.DirectMethodHandleAccessor.invoke(DirectMethodHandleAccessor.java:103)
	at java.base/java.lang.reflect.Method.invoke(Method.java:580)
	at com.sun.javafx.reflect.Trampoline.invoke(MethodUtil.java:72)
	at java.base/jdk.internal.reflect.DirectMethodHandleAccessor.invoke(DirectMethodHandleAccessor.java:103)
	at java.base/java.lang.reflect.Method.invoke(Method.java:580)
	at javafx.base@21.0.1/com.sun.javafx.reflect.MethodUtil.invoke(MethodUtil.java:270)
	at javafx.fxml@21.0.1/com.sun.javafx.fxml.MethodHelper.invoke(MethodHelper.java:84)
	at javafx.fxml@21.0.1/javafx.fxml.FXMLLoader$MethodHandler.invoke(FXMLLoader.java:1855)
	at javafx.fxml@21.0.1/javafx.fxml.FXMLLoader$ControllerMethodEventHandler.handle(FXMLLoader.java:1726)
	at javafx.base@21.0.1/com.sun.javafx.event.CompositeEventHandler.dispatchBubblingEvent(CompositeEventHandler.java:86)
	at javafx.base@21.0.1/com.sun.javafx.event.EventHandlerManager.dispatchBubblingEvent(EventHandlerManager.java:232)
	at javafx.base@21.0.1/com.sun.javafx.event.EventHandlerManager.dispatchBubblingEvent(EventHandlerManager.java:189)
	at javafx.base@21.0.1/com.sun.javafx.event.CompositeEventDispatcher.dispatchBubblingEvent(CompositeEventDispatcher.java:59)
	at javafx.base@21.0.1/com.sun.javafx.event.BasicEventDispatcher.dispatchEvent(BasicEventDispatcher.java:58)
	at javafx.base@21.0.1/com.sun.javafx.event.EventDispatchChainImpl.dispatchEvent(EventDispatchChainImpl.java:114)
	at javafx.base@21.0.1/com.sun.javafx.event.BasicEventDispatcher.dispatchEvent(BasicEventDispatcher.java:56)
	at javafx.base@21.0.1/com.sun.javafx.event.EventDispatchChainImpl.dispatchEvent(EventDispatchChainImpl.java:114)
	at javafx.base@21.0.1/com.sun.javafx.event.BasicEventDispatcher.dispatchEvent(BasicEventDispatcher.java:56)
	at javafx.base@21.0.1/com.sun.javafx.event.EventDispatchChainImpl.dispatchEvent(EventDispatchChainImpl.java:114)
	at javafx.base@21.0.1/com.sun.javafx.event.BasicEventDispatcher.dispatchEvent(BasicEventDispatcher.java:56)
	at javafx.base@21.0.1/com.sun.javafx.event.EventDispatchChainImpl.dispatchEvent(EventDispatchChainImpl.java:114)
	at javafx.base@21.0.1/com.sun.javafx.event.EventUtil.fireEventImpl(EventUtil.java:74)
	at javafx.base@21.0.1/com.sun.javafx.event.EventUtil.fireEvent(EventUtil.java:49)
	at javafx.base@21.0.1/javafx.event.Event.fireEvent(Event.java:198)
	at javafx.graphics@21.0.1/javafx.scene.Node.fireEvent(Node.java:8875)
	at javafx.controls@21.0.1/javafx.scene.control.Button.fire(Button.java:203)
	at javafx.controls@21.0.1/com.sun.javafx.scene.control.behavior.ButtonBehavior.mouseReleased(ButtonBehavior.java:207)
	at javafx.controls@21.0.1/com.sun.javafx.scene.control.inputmap.InputMap.handle(InputMap.java:274)
	at javafx.base@21.0.1/com.sun.javafx.event.CompositeEventHandler$NormalEventHandlerRecord.handleBubblingEvent(CompositeEventHandler.java:247)
	at javafx.base@21.0.1/com.sun.javafx.event.CompositeEventHandler.dispatchBubblingEvent(CompositeEventHandler.java:80)
	at javafx.base@21.0.1/com.sun.javafx.event.EventHandlerManager.dispatchBubblingEvent(EventHandlerManager.java:232)
	at javafx.base@21.0.1/com.sun.javafx.event.EventHandlerManager.dispatchBubblingEvent(EventHandlerManager.java:189)
	at javafx.base@21.0.1/com.sun.javafx.event.CompositeEventDispatcher.dispatchBubblingEvent(CompositeEventDispatcher.java:59)
	at javafx.base@21.0.1/com.sun.javafx.event.BasicEventDispatcher.dispatchEvent(BasicEventDispatcher.java:58)
	at javafx.base@21.0.1/com.sun.javafx.event.EventDispatchChainImpl.dispatchEvent(EventDispatchChainImpl.java:114)
	at javafx.base@21.0.1/com.sun.javafx.event.BasicEventDispatcher.dispatchEvent(BasicEventDispatcher.java:56)
	at javafx.base@21.0.1/com.sun.javafx.event.EventDispatchChainImpl.dispatchEvent(EventDispatchChainImpl.java:114)
	at javafx.base@21.0.1/com.sun.javafx.event.BasicEventDispatcher.dispatchEvent(BasicEventDispatcher.java:56)
	at javafx.base@21.0.1/com.sun.javafx.event.EventDispatchChainImpl.dispatchEvent(EventDispatchChainImpl.java:114)
	at javafx.base@21.0.1/com.sun.javafx.event.BasicEventDispatcher.dispatchEvent(BasicEventDispatcher.java:56)
	at javafx.base@21.0.1/com.sun.javafx.event.EventDispatchChainImpl.dispatchEvent(EventDispatchChainImpl.java:114)
	at javafx.base@21.0.1/com.sun.javafx.event.EventUtil.fireEventImpl(EventUtil.java:74)
	at javafx.base@21.0.1/com.sun.javafx.event.EventUtil.fireEvent(EventUtil.java:54)
	at javafx.base@21.0.1/javafx.event.Event.fireEvent(Event.java:198)
	at javafx.graphics@21.0.1/javafx.scene.Scene$MouseHandler.process(Scene.java:3984)
	at javafx.graphics@21.0.1/javafx.scene.Scene.processMouseEvent(Scene.java:1890)
	at javafx.graphics@21.0.1/javafx.scene.Scene$ScenePeerListener.mouseEvent(Scene.java:2708)
	at javafx.graphics@21.0.1/com.sun.javafx.tk.quantum.GlassViewEventHandler$MouseEventNotification.run(GlassViewEventHandler.java:411)
	at javafx.graphics@21.0.1/com.sun.javafx.tk.quantum.GlassViewEventHandler$MouseEventNotification.run(GlassViewEventHandler.java:301)
	at java.base/java.security.AccessController.doPrivileged(AccessController.java:400)
	at javafx.graphics@21.0.1/com.sun.javafx.tk.quantum.GlassViewEventHandler.lambda$handleMouseEvent$2(GlassViewEventHandler.java:450)
	at javafx.graphics@21.0.1/com.sun.javafx.tk.quantum.QuantumToolkit.runWithoutRenderLock(QuantumToolkit.java:424)
	at javafx.graphics@21.0.1/com.sun.javafx.tk.quantum.GlassViewEventHandler.handleMouseEvent(GlassViewEventHandler.java:449)
	at javafx.graphics@21.0.1/com.sun.glass.ui.View.handleMouseEvent(View.java:551)
	at javafx.graphics@21.0.1/com.sun.glass.ui.View.notifyMouse(View.java:937)
	at javafx.graphics@21.0.1/com.sun.glass.ui.win.WinApplication._runLoop(Native Method)
	at javafx.graphics@21.0.1/com.sun.glass.ui.win.WinApplication.lambda$runLoop$3(WinApplication.java:185)
	at java.base/java.lang.Thread.run(Thread.java:1583)
2025-10-05 20:25:59 [JavaFX Application Thread] ERROR p.c.a.v.c.ClienteMainController - Error al cargar pantalla del simulador
javafx.fxml.LoadException: Missing resource key.
/C:/Users/USER/OneDrive/Escritorio/proyecto_v4.0/target/classes/fxml/cliente/SimuladorClienteView.fxml:48

	at javafx.fxml@21.0.1/javafx.fxml.FXMLLoader.constructLoadException(FXMLLoader.java:2718)
	at javafx.fxml@21.0.1/javafx.fxml.FXMLLoader$Element.resolvePrefixedValue(FXMLLoader.java:425)
	at javafx.fxml@21.0.1/javafx.fxml.FXMLLoader$Element.processValue(FXMLLoader.java:375)
	at javafx.fxml@21.0.1/javafx.fxml.FXMLLoader$Element.processPropertyAttribute(FXMLLoader.java:337)
	at javafx.fxml@21.0.1/javafx.fxml.FXMLLoader$Element.processInstancePropertyAttributes(FXMLLoader.java:248)
	at javafx.fxml@21.0.1/javafx.fxml.FXMLLoader$ValueElement.processEndElement(FXMLLoader.java:780)
	at javafx.fxml@21.0.1/javafx.fxml.FXMLLoader.processEndElement(FXMLLoader.java:2969)
	at javafx.fxml@21.0.1/javafx.fxml.FXMLLoader.loadImpl(FXMLLoader.java:2654)
	at javafx.fxml@21.0.1/javafx.fxml.FXMLLoader.loadImpl(FXMLLoader.java:2563)
	at javafx.fxml@21.0.1/javafx.fxml.FXMLLoader.load(FXMLLoader.java:2531)
	at pe.crediactiva.app.view.cliente.ClienteMainController.handleSimulador(ClienteMainController.java:353)
	at java.base/jdk.internal.reflect.DirectMethodHandleAccessor.invoke(DirectMethodHandleAccessor.java:103)
	at java.base/java.lang.reflect.Method.invoke(Method.java:580)
	at com.sun.javafx.reflect.Trampoline.invoke(MethodUtil.java:72)
	at java.base/jdk.internal.reflect.DirectMethodHandleAccessor.invoke(DirectMethodHandleAccessor.java:103)
	at java.base/java.lang.reflect.Method.invoke(Method.java:580)
	at javafx.base@21.0.1/com.sun.javafx.reflect.MethodUtil.invoke(MethodUtil.java:270)
	at javafx.fxml@21.0.1/com.sun.javafx.fxml.MethodHelper.invoke(MethodHelper.java:84)
	at javafx.fxml@21.0.1/javafx.fxml.FXMLLoader$MethodHandler.invoke(FXMLLoader.java:1855)
	at javafx.fxml@21.0.1/javafx.fxml.FXMLLoader$ControllerMethodEventHandler.handle(FXMLLoader.java:1726)
	at javafx.base@21.0.1/com.sun.javafx.event.CompositeEventHandler.dispatchBubblingEvent(CompositeEventHandler.java:86)
	at javafx.base@21.0.1/com.sun.javafx.event.EventHandlerManager.dispatchBubblingEvent(EventHandlerManager.java:232)
	at javafx.base@21.0.1/com.sun.javafx.event.EventHandlerManager.dispatchBubblingEvent(EventHandlerManager.java:189)
	at javafx.base@21.0.1/com.sun.javafx.event.CompositeEventDispatcher.dispatchBubblingEvent(CompositeEventDispatcher.java:59)
	at javafx.base@21.0.1/com.sun.javafx.event.BasicEventDispatcher.dispatchEvent(BasicEventDispatcher.java:58)
	at javafx.base@21.0.1/com.sun.javafx.event.EventDispatchChainImpl.dispatchEvent(EventDispatchChainImpl.java:114)
	at javafx.base@21.0.1/com.sun.javafx.event.BasicEventDispatcher.dispatchEvent(BasicEventDispatcher.java:56)
	at javafx.base@21.0.1/com.sun.javafx.event.EventDispatchChainImpl.dispatchEvent(EventDispatchChainImpl.java:114)
	at javafx.base@21.0.1/com.sun.javafx.event.BasicEventDispatcher.dispatchEvent(BasicEventDispatcher.java:56)
	at javafx.base@21.0.1/com.sun.javafx.event.EventDispatchChainImpl.dispatchEvent(EventDispatchChainImpl.java:114)
	at javafx.base@21.0.1/com.sun.javafx.event.BasicEventDispatcher.dispatchEvent(BasicEventDispatcher.java:56)
	at javafx.base@21.0.1/com.sun.javafx.event.EventDispatchChainImpl.dispatchEvent(EventDispatchChainImpl.java:114)
	at javafx.base@21.0.1/com.sun.javafx.event.EventUtil.fireEventImpl(EventUtil.java:74)
	at javafx.base@21.0.1/com.sun.javafx.event.EventUtil.fireEvent(EventUtil.java:49)
	at javafx.base@21.0.1/javafx.event.Event.fireEvent(Event.java:198)
	at javafx.graphics@21.0.1/javafx.scene.Node.fireEvent(Node.java:8875)
	at javafx.controls@21.0.1/javafx.scene.control.Button.fire(Button.java:203)
	at javafx.controls@21.0.1/com.sun.javafx.scene.control.behavior.ButtonBehavior.mouseReleased(ButtonBehavior.java:207)
	at javafx.controls@21.0.1/com.sun.javafx.scene.control.inputmap.InputMap.handle(InputMap.java:274)
	at javafx.base@21.0.1/com.sun.javafx.event.CompositeEventHandler$NormalEventHandlerRecord.handleBubblingEvent(CompositeEventHandler.java:247)
	at javafx.base@21.0.1/com.sun.javafx.event.CompositeEventHandler.dispatchBubblingEvent(CompositeEventHandler.java:80)
	at javafx.base@21.0.1/com.sun.javafx.event.EventHandlerManager.dispatchBubblingEvent(EventHandlerManager.java:232)
	at javafx.base@21.0.1/com.sun.javafx.event.EventHandlerManager.dispatchBubblingEvent(EventHandlerManager.java:189)
	at javafx.base@21.0.1/com.sun.javafx.event.CompositeEventDispatcher.dispatchBubblingEvent(CompositeEventDispatcher.java:59)
	at javafx.base@21.0.1/com.sun.javafx.event.BasicEventDispatcher.dispatchEvent(BasicEventDispatcher.java:58)
	at javafx.base@21.0.1/com.sun.javafx.event.EventDispatchChainImpl.dispatchEvent(EventDispatchChainImpl.java:114)
	at javafx.base@21.0.1/com.sun.javafx.event.BasicEventDispatcher.dispatchEvent(BasicEventDispatcher.java:56)
	at javafx.base@21.0.1/com.sun.javafx.event.EventDispatchChainImpl.dispatchEvent(EventDispatchChainImpl.java:114)
	at javafx.base@21.0.1/com.sun.javafx.event.BasicEventDispatcher.dispatchEvent(BasicEventDispatcher.java:56)
	at javafx.base@21.0.1/com.sun.javafx.event.EventDispatchChainImpl.dispatchEvent(EventDispatchChainImpl.java:114)
	at javafx.base@21.0.1/com.sun.javafx.event.BasicEventDispatcher.dispatchEvent(BasicEventDispatcher.java:56)
	at javafx.base@21.0.1/com.sun.javafx.event.EventDispatchChainImpl.dispatchEvent(EventDispatchChainImpl.java:114)
	at javafx.base@21.0.1/com.sun.javafx.event.EventUtil.fireEventImpl(EventUtil.java:74)
	at javafx.base@21.0.1/com.sun.javafx.event.EventUtil.fireEvent(EventUtil.java:54)
	at javafx.base@21.0.1/javafx.event.Event.fireEvent(Event.java:198)
	at javafx.graphics@21.0.1/javafx.scene.Scene$MouseHandler.process(Scene.java:3984)
	at javafx.graphics@21.0.1/javafx.scene.Scene.processMouseEvent(Scene.java:1890)
	at javafx.graphics@21.0.1/javafx.scene.Scene$ScenePeerListener.mouseEvent(Scene.java:2708)
	at javafx.graphics@21.0.1/com.sun.javafx.tk.quantum.GlassViewEventHandler$MouseEventNotification.run(GlassViewEventHandler.java:411)
	at javafx.graphics@21.0.1/com.sun.javafx.tk.quantum.GlassViewEventHandler$MouseEventNotification.run(GlassViewEventHandler.java:301)
	at java.base/java.security.AccessController.doPrivileged(AccessController.java:400)
	at javafx.graphics@21.0.1/com.sun.javafx.tk.quantum.GlassViewEventHandler.lambda$handleMouseEvent$2(GlassViewEventHandler.java:450)
	at javafx.graphics@21.0.1/com.sun.javafx.tk.quantum.QuantumToolkit.runWithoutRenderLock(QuantumToolkit.java:424)
	at javafx.graphics@21.0.1/com.sun.javafx.tk.quantum.GlassViewEventHandler.handleMouseEvent(GlassViewEventHandler.java:449)
	at javafx.graphics@21.0.1/com.sun.glass.ui.View.handleMouseEvent(View.java:551)
	at javafx.graphics@21.0.1/com.sun.glass.ui.View.notifyMouse(View.java:937)
	at javafx.graphics@21.0.1/com.sun.glass.ui.win.WinApplication._runLoop(Native Method)
	at javafx.graphics@21.0.1/com.sun.glass.ui.win.WinApplication.lambda$runLoop$3(WinApplication.java:185)
	at java.base/java.lang.Thread.run(Thread.java:1583)
2025-10-05 20:26:02 [JavaFX Application Thread] INFO  p.c.app.config.DatabaseConfig - Pool de conexiones cerrado correctamente
2025-10-05 20:26:02 [JavaFX Application Thread] INFO  pe.crediactiva.app.Main - Aplicación CrediActiva cerrada
2025-10-05 20:29:09 [main] INFO  pe.crediactiva.app.Main - Iniciando aplicación CrediActiva Desktop v1.0.0
2025-10-05 20:29:09 [JavaFX Application Thread] INFO  pe.crediactiva.app.Main - Icono no encontrado, continuando sin icono
2025-10-05 20:29:09 [JavaFX Application Thread] INFO  p.c.app.config.DatabaseConfig - Propiedades de base de datos cargadas correctamente
2025-10-05 20:29:10 [JavaFX Application Thread] INFO  p.c.app.config.DatabaseConfig - Pool de conexiones HikariCP inicializado correctamente
2025-10-05 20:29:11 [JavaFX Application Thread] INFO  pe.crediactiva.app.Main - Aplicación CrediActiva iniciada correctamente
2025-10-05 20:29:24 [JavaFX Application Thread] INFO  p.c.app.dao.impl.UsuarioDAOImpl - Usuario autenticado exitosamente: 11111111
2025-10-05 20:29:24 [JavaFX Application Thread] INFO  p.c.a.service.AuthenticationService - Usuario autenticado exitosamente: 11111111 - CLIENTE
2025-10-05 20:29:24 [JavaFX Application Thread] INFO  p.c.app.view.LoginController - Usuario autenticado exitosamente: 11111111
2025-10-05 20:29:24 [JavaFX Application Thread] ERROR p.c.app.dao.impl.PrestamoDAOImpl - Error al buscar préstamos por cliente y estado: 11111111, ACTIVO
java.sql.SQLException: Column 'cliente_nombre' not found.
	at com.mysql.cj.jdbc.exceptions.SQLError.createSQLException(SQLError.java:130)
	at com.mysql.cj.jdbc.exceptions.SQLError.createSQLException(SQLError.java:98)
	at com.mysql.cj.jdbc.exceptions.SQLError.createSQLException(SQLError.java:90)
	at com.mysql.cj.jdbc.exceptions.SQLError.createSQLException(SQLError.java:64)
	at com.mysql.cj.jdbc.result.ResultSetImpl.findColumn(ResultSetImpl.java:584)
	at com.mysql.cj.jdbc.result.ResultSetImpl.getString(ResultSetImpl.java:896)
	at com.zaxxer.hikari.pool.HikariProxyResultSet.getString(HikariProxyResultSet.java)
	at pe.crediactiva.app.dao.impl.PrestamoDAOImpl.mapResultSetToPrestamo(PrestamoDAOImpl.java:522)
	at pe.crediactiva.app.dao.impl.PrestamoDAOImpl.findByClienteAndEstado(PrestamoDAOImpl.java:475)
	at pe.crediactiva.app.service.PrestamoService.obtenerPrestamosActivosPorCliente(PrestamoService.java:399)
	at pe.crediactiva.app.view.cliente.ClienteMainController.cargarEstadisticasResumen(ClienteMainController.java:198)
	at pe.crediactiva.app.view.cliente.ClienteMainController.initialize(ClienteMainController.java:147)
	at java.base/jdk.internal.reflect.DirectMethodHandleAccessor.invoke(DirectMethodHandleAccessor.java:103)
	at java.base/java.lang.reflect.Method.invoke(Method.java:580)
	at com.sun.javafx.reflect.Trampoline.invoke(MethodUtil.java:72)
	at java.base/jdk.internal.reflect.DirectMethodHandleAccessor.invoke(DirectMethodHandleAccessor.java:103)
	at java.base/java.lang.reflect.Method.invoke(Method.java:580)
	at javafx.base@21.0.1/com.sun.javafx.reflect.MethodUtil.invoke(MethodUtil.java:270)
	at javafx.fxml@21.0.1/com.sun.javafx.fxml.MethodHelper.invoke(MethodHelper.java:84)
	at javafx.fxml@21.0.1/javafx.fxml.FXMLLoader.loadImpl(FXMLLoader.java:2688)
	at javafx.fxml@21.0.1/javafx.fxml.FXMLLoader.loadImpl(FXMLLoader.java:2563)
	at javafx.fxml@21.0.1/javafx.fxml.FXMLLoader.load(FXMLLoader.java:2531)
	at pe.crediactiva.app.view.LoginController.redirectToMainScreen(LoginController.java:140)
	at pe.crediactiva.app.view.LoginController.handleLogin(LoginController.java:99)
	at java.base/jdk.internal.reflect.DirectMethodHandleAccessor.invoke(DirectMethodHandleAccessor.java:103)
	at java.base/java.lang.reflect.Method.invoke(Method.java:580)
	at com.sun.javafx.reflect.Trampoline.invoke(MethodUtil.java:72)
	at java.base/jdk.internal.reflect.DirectMethodHandleAccessor.invoke(DirectMethodHandleAccessor.java:103)
	at java.base/java.lang.reflect.Method.invoke(Method.java:580)
	at javafx.base@21.0.1/com.sun.javafx.reflect.MethodUtil.invoke(MethodUtil.java:270)
	at javafx.fxml@21.0.1/com.sun.javafx.fxml.MethodHelper.invoke(MethodHelper.java:84)
	at javafx.fxml@21.0.1/javafx.fxml.FXMLLoader$MethodHandler.invoke(FXMLLoader.java:1855)
	at javafx.fxml@21.0.1/javafx.fxml.FXMLLoader$ControllerMethodEventHandler.handle(FXMLLoader.java:1726)
	at javafx.base@21.0.1/com.sun.javafx.event.CompositeEventHandler.dispatchBubblingEvent(CompositeEventHandler.java:86)
	at javafx.base@21.0.1/com.sun.javafx.event.EventHandlerManager.dispatchBubblingEvent(EventHandlerManager.java:232)
	at javafx.base@21.0.1/com.sun.javafx.event.EventHandlerManager.dispatchBubblingEvent(EventHandlerManager.java:189)
	at javafx.base@21.0.1/com.sun.javafx.event.CompositeEventDispatcher.dispatchBubblingEvent(CompositeEventDispatcher.java:59)
	at javafx.base@21.0.1/com.sun.javafx.event.BasicEventDispatcher.dispatchEvent(BasicEventDispatcher.java:58)
	at javafx.base@21.0.1/com.sun.javafx.event.EventDispatchChainImpl.dispatchEvent(EventDispatchChainImpl.java:114)
	at javafx.base@21.0.1/com.sun.javafx.event.BasicEventDispatcher.dispatchEvent(BasicEventDispatcher.java:56)
	at javafx.base@21.0.1/com.sun.javafx.event.EventDispatchChainImpl.dispatchEvent(EventDispatchChainImpl.java:114)
	at javafx.base@21.0.1/com.sun.javafx.event.BasicEventDispatcher.dispatchEvent(BasicEventDispatcher.java:56)
	at javafx.base@21.0.1/com.sun.javafx.event.EventDispatchChainImpl.dispatchEvent(EventDispatchChainImpl.java:114)
	at javafx.base@21.0.1/com.sun.javafx.event.EventUtil.fireEventImpl(EventUtil.java:74)
	at javafx.base@21.0.1/com.sun.javafx.event.EventUtil.fireEvent(EventUtil.java:49)
	at javafx.base@21.0.1/javafx.event.Event.fireEvent(Event.java:198)
	at javafx.graphics@21.0.1/javafx.scene.Node.fireEvent(Node.java:8875)
	at javafx.controls@21.0.1/javafx.scene.control.Button.fire(Button.java:203)
	at javafx.controls@21.0.1/com.sun.javafx.scene.control.behavior.ButtonBehavior.mouseReleased(ButtonBehavior.java:207)
	at javafx.controls@21.0.1/com.sun.javafx.scene.control.inputmap.InputMap.handle(InputMap.java:274)
	at javafx.base@21.0.1/com.sun.javafx.event.CompositeEventHandler$NormalEventHandlerRecord.handleBubblingEvent(CompositeEventHandler.java:247)
	at javafx.base@21.0.1/com.sun.javafx.event.CompositeEventHandler.dispatchBubblingEvent(CompositeEventHandler.java:80)
	at javafx.base@21.0.1/com.sun.javafx.event.EventHandlerManager.dispatchBubblingEvent(EventHandlerManager.java:232)
	at javafx.base@21.0.1/com.sun.javafx.event.EventHandlerManager.dispatchBubblingEvent(EventHandlerManager.java:189)
	at javafx.base@21.0.1/com.sun.javafx.event.CompositeEventDispatcher.dispatchBubblingEvent(CompositeEventDispatcher.java:59)
	at javafx.base@21.0.1/com.sun.javafx.event.BasicEventDispatcher.dispatchEvent(BasicEventDispatcher.java:58)
	at javafx.base@21.0.1/com.sun.javafx.event.EventDispatchChainImpl.dispatchEvent(EventDispatchChainImpl.java:114)
	at javafx.base@21.0.1/com.sun.javafx.event.BasicEventDispatcher.dispatchEvent(BasicEventDispatcher.java:56)
	at javafx.base@21.0.1/com.sun.javafx.event.EventDispatchChainImpl.dispatchEvent(EventDispatchChainImpl.java:114)
	at javafx.base@21.0.1/com.sun.javafx.event.BasicEventDispatcher.dispatchEvent(BasicEventDispatcher.java:56)
	at javafx.base@21.0.1/com.sun.javafx.event.EventDispatchChainImpl.dispatchEvent(EventDispatchChainImpl.java:114)
	at javafx.base@21.0.1/com.sun.javafx.event.EventUtil.fireEventImpl(EventUtil.java:74)
	at javafx.base@21.0.1/com.sun.javafx.event.EventUtil.fireEvent(EventUtil.java:54)
	at javafx.base@21.0.1/javafx.event.Event.fireEvent(Event.java:198)
	at javafx.graphics@21.0.1/javafx.scene.Scene$MouseHandler.process(Scene.java:3984)
	at javafx.graphics@21.0.1/javafx.scene.Scene.processMouseEvent(Scene.java:1890)
	at javafx.graphics@21.0.1/javafx.scene.Scene$ScenePeerListener.mouseEvent(Scene.java:2708)
	at javafx.graphics@21.0.1/com.sun.javafx.tk.quantum.GlassViewEventHandler$MouseEventNotification.run(GlassViewEventHandler.java:411)
	at javafx.graphics@21.0.1/com.sun.javafx.tk.quantum.GlassViewEventHandler$MouseEventNotification.run(GlassViewEventHandler.java:301)
	at java.base/java.security.AccessController.doPrivileged(AccessController.java:400)
	at javafx.graphics@21.0.1/com.sun.javafx.tk.quantum.GlassViewEventHandler.lambda$handleMouseEvent$2(GlassViewEventHandler.java:450)
	at javafx.graphics@21.0.1/com.sun.javafx.tk.quantum.QuantumToolkit.runWithoutRenderLock(QuantumToolkit.java:424)
	at javafx.graphics@21.0.1/com.sun.javafx.tk.quantum.GlassViewEventHandler.handleMouseEvent(GlassViewEventHandler.java:449)
	at javafx.graphics@21.0.1/com.sun.glass.ui.View.handleMouseEvent(View.java:551)
	at javafx.graphics@21.0.1/com.sun.glass.ui.View.notifyMouse(View.java:937)
	at javafx.graphics@21.0.1/com.sun.glass.ui.win.WinApplication._runLoop(Native Method)
	at javafx.graphics@21.0.1/com.sun.glass.ui.win.WinApplication.lambda$runLoop$3(WinApplication.java:185)
	at java.base/java.lang.Thread.run(Thread.java:1583)
2025-10-05 20:29:24 [JavaFX Application Thread] INFO  p.c.app.view.LoginController - Usuario redirigido a pantalla principal: CLIENTE
2025-10-05 20:29:29 [JavaFX Application Thread] ERROR p.c.a.v.c.ClienteMainController - Error al cargar pantalla del simulador
javafx.fxml.LoadException: Missing resource key.
/C:/Users/USER/OneDrive/Escritorio/proyecto_v4.0/target/classes/fxml/cliente/SimuladorClienteView.fxml:50

	at javafx.fxml@21.0.1/javafx.fxml.FXMLLoader.constructLoadException(FXMLLoader.java:2718)
	at javafx.fxml@21.0.1/javafx.fxml.FXMLLoader$Element.resolvePrefixedValue(FXMLLoader.java:425)
	at javafx.fxml@21.0.1/javafx.fxml.FXMLLoader$Element.processValue(FXMLLoader.java:375)
	at javafx.fxml@21.0.1/javafx.fxml.FXMLLoader$Element.processPropertyAttribute(FXMLLoader.java:337)
	at javafx.fxml@21.0.1/javafx.fxml.FXMLLoader$Element.processInstancePropertyAttributes(FXMLLoader.java:248)
	at javafx.fxml@21.0.1/javafx.fxml.FXMLLoader$ValueElement.processEndElement(FXMLLoader.java:780)
	at javafx.fxml@21.0.1/javafx.fxml.FXMLLoader.processEndElement(FXMLLoader.java:2969)
	at javafx.fxml@21.0.1/javafx.fxml.FXMLLoader.loadImpl(FXMLLoader.java:2654)
	at javafx.fxml@21.0.1/javafx.fxml.FXMLLoader.loadImpl(FXMLLoader.java:2563)
	at javafx.fxml@21.0.1/javafx.fxml.FXMLLoader.load(FXMLLoader.java:2531)
	at pe.crediactiva.app.view.cliente.ClienteMainController.handleSimulador(ClienteMainController.java:353)
	at java.base/jdk.internal.reflect.DirectMethodHandleAccessor.invoke(DirectMethodHandleAccessor.java:103)
	at java.base/java.lang.reflect.Method.invoke(Method.java:580)
	at com.sun.javafx.reflect.Trampoline.invoke(MethodUtil.java:72)
	at java.base/jdk.internal.reflect.DirectMethodHandleAccessor.invoke(DirectMethodHandleAccessor.java:103)
	at java.base/java.lang.reflect.Method.invoke(Method.java:580)
	at javafx.base@21.0.1/com.sun.javafx.reflect.MethodUtil.invoke(MethodUtil.java:270)
	at javafx.fxml@21.0.1/com.sun.javafx.fxml.MethodHelper.invoke(MethodHelper.java:84)
	at javafx.fxml@21.0.1/javafx.fxml.FXMLLoader$MethodHandler.invoke(FXMLLoader.java:1855)
	at javafx.fxml@21.0.1/javafx.fxml.FXMLLoader$ControllerMethodEventHandler.handle(FXMLLoader.java:1726)
	at javafx.base@21.0.1/com.sun.javafx.event.CompositeEventHandler.dispatchBubblingEvent(CompositeEventHandler.java:86)
	at javafx.base@21.0.1/com.sun.javafx.event.EventHandlerManager.dispatchBubblingEvent(EventHandlerManager.java:232)
	at javafx.base@21.0.1/com.sun.javafx.event.EventHandlerManager.dispatchBubblingEvent(EventHandlerManager.java:189)
	at javafx.base@21.0.1/com.sun.javafx.event.CompositeEventDispatcher.dispatchBubblingEvent(CompositeEventDispatcher.java:59)
	at javafx.base@21.0.1/com.sun.javafx.event.BasicEventDispatcher.dispatchEvent(BasicEventDispatcher.java:58)
	at javafx.base@21.0.1/com.sun.javafx.event.EventDispatchChainImpl.dispatchEvent(EventDispatchChainImpl.java:114)
	at javafx.base@21.0.1/com.sun.javafx.event.BasicEventDispatcher.dispatchEvent(BasicEventDispatcher.java:56)
	at javafx.base@21.0.1/com.sun.javafx.event.EventDispatchChainImpl.dispatchEvent(EventDispatchChainImpl.java:114)
	at javafx.base@21.0.1/com.sun.javafx.event.BasicEventDispatcher.dispatchEvent(BasicEventDispatcher.java:56)
	at javafx.base@21.0.1/com.sun.javafx.event.EventDispatchChainImpl.dispatchEvent(EventDispatchChainImpl.java:114)
	at javafx.base@21.0.1/com.sun.javafx.event.BasicEventDispatcher.dispatchEvent(BasicEventDispatcher.java:56)
	at javafx.base@21.0.1/com.sun.javafx.event.EventDispatchChainImpl.dispatchEvent(EventDispatchChainImpl.java:114)
	at javafx.base@21.0.1/com.sun.javafx.event.EventUtil.fireEventImpl(EventUtil.java:74)
	at javafx.base@21.0.1/com.sun.javafx.event.EventUtil.fireEvent(EventUtil.java:49)
	at javafx.base@21.0.1/javafx.event.Event.fireEvent(Event.java:198)
	at javafx.graphics@21.0.1/javafx.scene.Node.fireEvent(Node.java:8875)
	at javafx.controls@21.0.1/javafx.scene.control.Button.fire(Button.java:203)
	at javafx.controls@21.0.1/com.sun.javafx.scene.control.behavior.ButtonBehavior.mouseReleased(ButtonBehavior.java:207)
	at javafx.controls@21.0.1/com.sun.javafx.scene.control.inputmap.InputMap.handle(InputMap.java:274)
	at javafx.base@21.0.1/com.sun.javafx.event.CompositeEventHandler$NormalEventHandlerRecord.handleBubblingEvent(CompositeEventHandler.java:247)
	at javafx.base@21.0.1/com.sun.javafx.event.CompositeEventHandler.dispatchBubblingEvent(CompositeEventHandler.java:80)
	at javafx.base@21.0.1/com.sun.javafx.event.EventHandlerManager.dispatchBubblingEvent(EventHandlerManager.java:232)
	at javafx.base@21.0.1/com.sun.javafx.event.EventHandlerManager.dispatchBubblingEvent(EventHandlerManager.java:189)
	at javafx.base@21.0.1/com.sun.javafx.event.CompositeEventDispatcher.dispatchBubblingEvent(CompositeEventDispatcher.java:59)
	at javafx.base@21.0.1/com.sun.javafx.event.BasicEventDispatcher.dispatchEvent(BasicEventDispatcher.java:58)
	at javafx.base@21.0.1/com.sun.javafx.event.EventDispatchChainImpl.dispatchEvent(EventDispatchChainImpl.java:114)
	at javafx.base@21.0.1/com.sun.javafx.event.BasicEventDispatcher.dispatchEvent(BasicEventDispatcher.java:56)
	at javafx.base@21.0.1/com.sun.javafx.event.EventDispatchChainImpl.dispatchEvent(EventDispatchChainImpl.java:114)
	at javafx.base@21.0.1/com.sun.javafx.event.BasicEventDispatcher.dispatchEvent(BasicEventDispatcher.java:56)
	at javafx.base@21.0.1/com.sun.javafx.event.EventDispatchChainImpl.dispatchEvent(EventDispatchChainImpl.java:114)
	at javafx.base@21.0.1/com.sun.javafx.event.BasicEventDispatcher.dispatchEvent(BasicEventDispatcher.java:56)
	at javafx.base@21.0.1/com.sun.javafx.event.EventDispatchChainImpl.dispatchEvent(EventDispatchChainImpl.java:114)
	at javafx.base@21.0.1/com.sun.javafx.event.EventUtil.fireEventImpl(EventUtil.java:74)
	at javafx.base@21.0.1/com.sun.javafx.event.EventUtil.fireEvent(EventUtil.java:54)
	at javafx.base@21.0.1/javafx.event.Event.fireEvent(Event.java:198)
	at javafx.graphics@21.0.1/javafx.scene.Scene$MouseHandler.process(Scene.java:3984)
	at javafx.graphics@21.0.1/javafx.scene.Scene.processMouseEvent(Scene.java:1890)
	at javafx.graphics@21.0.1/javafx.scene.Scene$ScenePeerListener.mouseEvent(Scene.java:2708)
	at javafx.graphics@21.0.1/com.sun.javafx.tk.quantum.GlassViewEventHandler$MouseEventNotification.run(GlassViewEventHandler.java:411)
	at javafx.graphics@21.0.1/com.sun.javafx.tk.quantum.GlassViewEventHandler$MouseEventNotification.run(GlassViewEventHandler.java:301)
	at java.base/java.security.AccessController.doPrivileged(AccessController.java:400)
	at javafx.graphics@21.0.1/com.sun.javafx.tk.quantum.GlassViewEventHandler.lambda$handleMouseEvent$2(GlassViewEventHandler.java:450)
	at javafx.graphics@21.0.1/com.sun.javafx.tk.quantum.QuantumToolkit.runWithoutRenderLock(QuantumToolkit.java:424)
	at javafx.graphics@21.0.1/com.sun.javafx.tk.quantum.GlassViewEventHandler.handleMouseEvent(GlassViewEventHandler.java:449)
	at javafx.graphics@21.0.1/com.sun.glass.ui.View.handleMouseEvent(View.java:551)
	at javafx.graphics@21.0.1/com.sun.glass.ui.View.notifyMouse(View.java:937)
	at javafx.graphics@21.0.1/com.sun.glass.ui.win.WinApplication._runLoop(Native Method)
	at javafx.graphics@21.0.1/com.sun.glass.ui.win.WinApplication.lambda$runLoop$3(WinApplication.java:185)
	at java.base/java.lang.Thread.run(Thread.java:1583)
2025-10-05 20:30:01 [JavaFX Application Thread] INFO  p.c.app.config.DatabaseConfig - Pool de conexiones cerrado correctamente
2025-10-05 20:30:01 [JavaFX Application Thread] INFO  pe.crediactiva.app.Main - Aplicación CrediActiva cerrada
2025-10-05 20:30:15 [main] INFO  pe.crediactiva.app.Main - Iniciando aplicación CrediActiva Desktop v1.0.0
2025-10-05 20:30:15 [JavaFX Application Thread] INFO  pe.crediactiva.app.Main - Icono no encontrado, continuando sin icono
2025-10-05 20:30:15 [JavaFX Application Thread] INFO  p.c.app.config.DatabaseConfig - Propiedades de base de datos cargadas correctamente
2025-10-05 20:30:15 [JavaFX Application Thread] INFO  p.c.app.config.DatabaseConfig - Pool de conexiones HikariCP inicializado correctamente
2025-10-05 20:30:17 [JavaFX Application Thread] INFO  pe.crediactiva.app.Main - Aplicación CrediActiva iniciada correctamente
2025-10-05 20:30:33 [JavaFX Application Thread] INFO  p.c.app.dao.impl.UsuarioDAOImpl - Usuario autenticado exitosamente: 11111111
2025-10-05 20:30:33 [JavaFX Application Thread] INFO  p.c.a.service.AuthenticationService - Usuario autenticado exitosamente: 11111111 - CLIENTE
2025-10-05 20:30:33 [JavaFX Application Thread] INFO  p.c.app.view.LoginController - Usuario autenticado exitosamente: 11111111
2025-10-05 20:30:33 [JavaFX Application Thread] ERROR p.c.app.dao.impl.PrestamoDAOImpl - Error al buscar préstamos por cliente y estado: 11111111, ACTIVO
java.sql.SQLException: Column 'cliente_nombre' not found.
	at com.mysql.cj.jdbc.exceptions.SQLError.createSQLException(SQLError.java:130)
	at com.mysql.cj.jdbc.exceptions.SQLError.createSQLException(SQLError.java:98)
	at com.mysql.cj.jdbc.exceptions.SQLError.createSQLException(SQLError.java:90)
	at com.mysql.cj.jdbc.exceptions.SQLError.createSQLException(SQLError.java:64)
	at com.mysql.cj.jdbc.result.ResultSetImpl.findColumn(ResultSetImpl.java:584)
	at com.mysql.cj.jdbc.result.ResultSetImpl.getString(ResultSetImpl.java:896)
	at com.zaxxer.hikari.pool.HikariProxyResultSet.getString(HikariProxyResultSet.java)
	at pe.crediactiva.app.dao.impl.PrestamoDAOImpl.mapResultSetToPrestamo(PrestamoDAOImpl.java:522)
	at pe.crediactiva.app.dao.impl.PrestamoDAOImpl.findByClienteAndEstado(PrestamoDAOImpl.java:475)
	at pe.crediactiva.app.service.PrestamoService.obtenerPrestamosActivosPorCliente(PrestamoService.java:399)
	at pe.crediactiva.app.view.cliente.ClienteMainController.cargarEstadisticasResumen(ClienteMainController.java:198)
	at pe.crediactiva.app.view.cliente.ClienteMainController.initialize(ClienteMainController.java:147)
	at java.base/jdk.internal.reflect.DirectMethodHandleAccessor.invoke(DirectMethodHandleAccessor.java:103)
	at java.base/java.lang.reflect.Method.invoke(Method.java:580)
	at com.sun.javafx.reflect.Trampoline.invoke(MethodUtil.java:72)
	at java.base/jdk.internal.reflect.DirectMethodHandleAccessor.invoke(DirectMethodHandleAccessor.java:103)
	at java.base/java.lang.reflect.Method.invoke(Method.java:580)
	at javafx.base@21.0.1/com.sun.javafx.reflect.MethodUtil.invoke(MethodUtil.java:270)
	at javafx.fxml@21.0.1/com.sun.javafx.fxml.MethodHelper.invoke(MethodHelper.java:84)
	at javafx.fxml@21.0.1/javafx.fxml.FXMLLoader.loadImpl(FXMLLoader.java:2688)
	at javafx.fxml@21.0.1/javafx.fxml.FXMLLoader.loadImpl(FXMLLoader.java:2563)
	at javafx.fxml@21.0.1/javafx.fxml.FXMLLoader.load(FXMLLoader.java:2531)
	at pe.crediactiva.app.view.LoginController.redirectToMainScreen(LoginController.java:140)
	at pe.crediactiva.app.view.LoginController.handleLogin(LoginController.java:99)
	at java.base/jdk.internal.reflect.DirectMethodHandleAccessor.invoke(DirectMethodHandleAccessor.java:103)
	at java.base/java.lang.reflect.Method.invoke(Method.java:580)
	at com.sun.javafx.reflect.Trampoline.invoke(MethodUtil.java:72)
	at java.base/jdk.internal.reflect.DirectMethodHandleAccessor.invoke(DirectMethodHandleAccessor.java:103)
	at java.base/java.lang.reflect.Method.invoke(Method.java:580)
	at javafx.base@21.0.1/com.sun.javafx.reflect.MethodUtil.invoke(MethodUtil.java:270)
	at javafx.fxml@21.0.1/com.sun.javafx.fxml.MethodHelper.invoke(MethodHelper.java:84)
	at javafx.fxml@21.0.1/javafx.fxml.FXMLLoader$MethodHandler.invoke(FXMLLoader.java:1855)
	at javafx.fxml@21.0.1/javafx.fxml.FXMLLoader$ControllerMethodEventHandler.handle(FXMLLoader.java:1726)
	at javafx.base@21.0.1/com.sun.javafx.event.CompositeEventHandler.dispatchBubblingEvent(CompositeEventHandler.java:86)
	at javafx.base@21.0.1/com.sun.javafx.event.EventHandlerManager.dispatchBubblingEvent(EventHandlerManager.java:232)
	at javafx.base@21.0.1/com.sun.javafx.event.EventHandlerManager.dispatchBubblingEvent(EventHandlerManager.java:189)
	at javafx.base@21.0.1/com.sun.javafx.event.CompositeEventDispatcher.dispatchBubblingEvent(CompositeEventDispatcher.java:59)
	at javafx.base@21.0.1/com.sun.javafx.event.BasicEventDispatcher.dispatchEvent(BasicEventDispatcher.java:58)
	at javafx.base@21.0.1/com.sun.javafx.event.EventDispatchChainImpl.dispatchEvent(EventDispatchChainImpl.java:114)
	at javafx.base@21.0.1/com.sun.javafx.event.BasicEventDispatcher.dispatchEvent(BasicEventDispatcher.java:56)
	at javafx.base@21.0.1/com.sun.javafx.event.EventDispatchChainImpl.dispatchEvent(EventDispatchChainImpl.java:114)
	at javafx.base@21.0.1/com.sun.javafx.event.BasicEventDispatcher.dispatchEvent(BasicEventDispatcher.java:56)
	at javafx.base@21.0.1/com.sun.javafx.event.EventDispatchChainImpl.dispatchEvent(EventDispatchChainImpl.java:114)
	at javafx.base@21.0.1/com.sun.javafx.event.EventUtil.fireEventImpl(EventUtil.java:74)
	at javafx.base@21.0.1/com.sun.javafx.event.EventUtil.fireEvent(EventUtil.java:49)
	at javafx.base@21.0.1/javafx.event.Event.fireEvent(Event.java:198)
	at javafx.graphics@21.0.1/javafx.scene.Node.fireEvent(Node.java:8875)
	at javafx.controls@21.0.1/javafx.scene.control.Button.fire(Button.java:203)
	at javafx.controls@21.0.1/com.sun.javafx.scene.control.behavior.ButtonBehavior.mouseReleased(ButtonBehavior.java:207)
	at javafx.controls@21.0.1/com.sun.javafx.scene.control.inputmap.InputMap.handle(InputMap.java:274)
	at javafx.base@21.0.1/com.sun.javafx.event.CompositeEventHandler$NormalEventHandlerRecord.handleBubblingEvent(CompositeEventHandler.java:247)
	at javafx.base@21.0.1/com.sun.javafx.event.CompositeEventHandler.dispatchBubblingEvent(CompositeEventHandler.java:80)
	at javafx.base@21.0.1/com.sun.javafx.event.EventHandlerManager.dispatchBubblingEvent(EventHandlerManager.java:232)
	at javafx.base@21.0.1/com.sun.javafx.event.EventHandlerManager.dispatchBubblingEvent(EventHandlerManager.java:189)
	at javafx.base@21.0.1/com.sun.javafx.event.CompositeEventDispatcher.dispatchBubblingEvent(CompositeEventDispatcher.java:59)
	at javafx.base@21.0.1/com.sun.javafx.event.BasicEventDispatcher.dispatchEvent(BasicEventDispatcher.java:58)
	at javafx.base@21.0.1/com.sun.javafx.event.EventDispatchChainImpl.dispatchEvent(EventDispatchChainImpl.java:114)
	at javafx.base@21.0.1/com.sun.javafx.event.BasicEventDispatcher.dispatchEvent(BasicEventDispatcher.java:56)
	at javafx.base@21.0.1/com.sun.javafx.event.EventDispatchChainImpl.dispatchEvent(EventDispatchChainImpl.java:114)
	at javafx.base@21.0.1/com.sun.javafx.event.BasicEventDispatcher.dispatchEvent(BasicEventDispatcher.java:56)
	at javafx.base@21.0.1/com.sun.javafx.event.EventDispatchChainImpl.dispatchEvent(EventDispatchChainImpl.java:114)
	at javafx.base@21.0.1/com.sun.javafx.event.EventUtil.fireEventImpl(EventUtil.java:74)
	at javafx.base@21.0.1/com.sun.javafx.event.EventUtil.fireEvent(EventUtil.java:54)
	at javafx.base@21.0.1/javafx.event.Event.fireEvent(Event.java:198)
	at javafx.graphics@21.0.1/javafx.scene.Scene$MouseHandler.process(Scene.java:3984)
	at javafx.graphics@21.0.1/javafx.scene.Scene.processMouseEvent(Scene.java:1890)
	at javafx.graphics@21.0.1/javafx.scene.Scene$ScenePeerListener.mouseEvent(Scene.java:2708)
	at javafx.graphics@21.0.1/com.sun.javafx.tk.quantum.GlassViewEventHandler$MouseEventNotification.run(GlassViewEventHandler.java:411)
	at javafx.graphics@21.0.1/com.sun.javafx.tk.quantum.GlassViewEventHandler$MouseEventNotification.run(GlassViewEventHandler.java:301)
	at java.base/java.security.AccessController.doPrivileged(AccessController.java:400)
	at javafx.graphics@21.0.1/com.sun.javafx.tk.quantum.GlassViewEventHandler.lambda$handleMouseEvent$2(GlassViewEventHandler.java:450)
	at javafx.graphics@21.0.1/com.sun.javafx.tk.quantum.QuantumToolkit.runWithoutRenderLock(QuantumToolkit.java:424)
	at javafx.graphics@21.0.1/com.sun.javafx.tk.quantum.GlassViewEventHandler.handleMouseEvent(GlassViewEventHandler.java:449)
	at javafx.graphics@21.0.1/com.sun.glass.ui.View.handleMouseEvent(View.java:551)
	at javafx.graphics@21.0.1/com.sun.glass.ui.View.notifyMouse(View.java:937)
	at javafx.graphics@21.0.1/com.sun.glass.ui.win.WinApplication._runLoop(Native Method)
	at javafx.graphics@21.0.1/com.sun.glass.ui.win.WinApplication.lambda$runLoop$3(WinApplication.java:185)
	at java.base/java.lang.Thread.run(Thread.java:1583)
2025-10-05 20:30:34 [JavaFX Application Thread] INFO  p.c.app.view.LoginController - Usuario redirigido a pantalla principal: CLIENTE
2025-10-05 20:30:36 [JavaFX Application Thread] ERROR p.c.a.v.c.ClienteMainController - Error al cargar pantalla del simulador
javafx.fxml.LoadException: Missing resource key.
/C:/Users/USER/OneDrive/Escritorio/proyecto_v4.0/target/classes/fxml/cliente/SimuladorClienteView.fxml:50

	at javafx.fxml@21.0.1/javafx.fxml.FXMLLoader.constructLoadException(FXMLLoader.java:2718)
	at javafx.fxml@21.0.1/javafx.fxml.FXMLLoader$Element.resolvePrefixedValue(FXMLLoader.java:425)
	at javafx.fxml@21.0.1/javafx.fxml.FXMLLoader$Element.processValue(FXMLLoader.java:375)
	at javafx.fxml@21.0.1/javafx.fxml.FXMLLoader$Element.processPropertyAttribute(FXMLLoader.java:337)
	at javafx.fxml@21.0.1/javafx.fxml.FXMLLoader$Element.processInstancePropertyAttributes(FXMLLoader.java:248)
	at javafx.fxml@21.0.1/javafx.fxml.FXMLLoader$ValueElement.processEndElement(FXMLLoader.java:780)
	at javafx.fxml@21.0.1/javafx.fxml.FXMLLoader.processEndElement(FXMLLoader.java:2969)
	at javafx.fxml@21.0.1/javafx.fxml.FXMLLoader.loadImpl(FXMLLoader.java:2654)
	at javafx.fxml@21.0.1/javafx.fxml.FXMLLoader.loadImpl(FXMLLoader.java:2563)
	at javafx.fxml@21.0.1/javafx.fxml.FXMLLoader.load(FXMLLoader.java:2531)
	at pe.crediactiva.app.view.cliente.ClienteMainController.handleSimulador(ClienteMainController.java:353)
	at java.base/jdk.internal.reflect.DirectMethodHandleAccessor.invoke(DirectMethodHandleAccessor.java:103)
	at java.base/java.lang.reflect.Method.invoke(Method.java:580)
	at com.sun.javafx.reflect.Trampoline.invoke(MethodUtil.java:72)
	at java.base/jdk.internal.reflect.DirectMethodHandleAccessor.invoke(DirectMethodHandleAccessor.java:103)
	at java.base/java.lang.reflect.Method.invoke(Method.java:580)
	at javafx.base@21.0.1/com.sun.javafx.reflect.MethodUtil.invoke(MethodUtil.java:270)
	at javafx.fxml@21.0.1/com.sun.javafx.fxml.MethodHelper.invoke(MethodHelper.java:84)
	at javafx.fxml@21.0.1/javafx.fxml.FXMLLoader$MethodHandler.invoke(FXMLLoader.java:1855)
	at javafx.fxml@21.0.1/javafx.fxml.FXMLLoader$ControllerMethodEventHandler.handle(FXMLLoader.java:1726)
	at javafx.base@21.0.1/com.sun.javafx.event.CompositeEventHandler.dispatchBubblingEvent(CompositeEventHandler.java:86)
	at javafx.base@21.0.1/com.sun.javafx.event.EventHandlerManager.dispatchBubblingEvent(EventHandlerManager.java:232)
	at javafx.base@21.0.1/com.sun.javafx.event.EventHandlerManager.dispatchBubblingEvent(EventHandlerManager.java:189)
	at javafx.base@21.0.1/com.sun.javafx.event.CompositeEventDispatcher.dispatchBubblingEvent(CompositeEventDispatcher.java:59)
	at javafx.base@21.0.1/com.sun.javafx.event.BasicEventDispatcher.dispatchEvent(BasicEventDispatcher.java:58)
	at javafx.base@21.0.1/com.sun.javafx.event.EventDispatchChainImpl.dispatchEvent(EventDispatchChainImpl.java:114)
	at javafx.base@21.0.1/com.sun.javafx.event.BasicEventDispatcher.dispatchEvent(BasicEventDispatcher.java:56)
	at javafx.base@21.0.1/com.sun.javafx.event.EventDispatchChainImpl.dispatchEvent(EventDispatchChainImpl.java:114)
	at javafx.base@21.0.1/com.sun.javafx.event.BasicEventDispatcher.dispatchEvent(BasicEventDispatcher.java:56)
	at javafx.base@21.0.1/com.sun.javafx.event.EventDispatchChainImpl.dispatchEvent(EventDispatchChainImpl.java:114)
	at javafx.base@21.0.1/com.sun.javafx.event.BasicEventDispatcher.dispatchEvent(BasicEventDispatcher.java:56)
	at javafx.base@21.0.1/com.sun.javafx.event.EventDispatchChainImpl.dispatchEvent(EventDispatchChainImpl.java:114)
	at javafx.base@21.0.1/com.sun.javafx.event.EventUtil.fireEventImpl(EventUtil.java:74)
	at javafx.base@21.0.1/com.sun.javafx.event.EventUtil.fireEvent(EventUtil.java:49)
	at javafx.base@21.0.1/javafx.event.Event.fireEvent(Event.java:198)
	at javafx.graphics@21.0.1/javafx.scene.Node.fireEvent(Node.java:8875)
	at javafx.controls@21.0.1/javafx.scene.control.Button.fire(Button.java:203)
	at javafx.controls@21.0.1/com.sun.javafx.scene.control.behavior.ButtonBehavior.mouseReleased(ButtonBehavior.java:207)
	at javafx.controls@21.0.1/com.sun.javafx.scene.control.inputmap.InputMap.handle(InputMap.java:274)
	at javafx.base@21.0.1/com.sun.javafx.event.CompositeEventHandler$NormalEventHandlerRecord.handleBubblingEvent(CompositeEventHandler.java:247)
	at javafx.base@21.0.1/com.sun.javafx.event.CompositeEventHandler.dispatchBubblingEvent(CompositeEventHandler.java:80)
	at javafx.base@21.0.1/com.sun.javafx.event.EventHandlerManager.dispatchBubblingEvent(EventHandlerManager.java:232)
	at javafx.base@21.0.1/com.sun.javafx.event.EventHandlerManager.dispatchBubblingEvent(EventHandlerManager.java:189)
	at javafx.base@21.0.1/com.sun.javafx.event.CompositeEventDispatcher.dispatchBubblingEvent(CompositeEventDispatcher.java:59)
	at javafx.base@21.0.1/com.sun.javafx.event.BasicEventDispatcher.dispatchEvent(BasicEventDispatcher.java:58)
	at javafx.base@21.0.1/com.sun.javafx.event.EventDispatchChainImpl.dispatchEvent(EventDispatchChainImpl.java:114)
	at javafx.base@21.0.1/com.sun.javafx.event.BasicEventDispatcher.dispatchEvent(BasicEventDispatcher.java:56)
	at javafx.base@21.0.1/com.sun.javafx.event.EventDispatchChainImpl.dispatchEvent(EventDispatchChainImpl.java:114)
	at javafx.base@21.0.1/com.sun.javafx.event.BasicEventDispatcher.dispatchEvent(BasicEventDispatcher.java:56)
	at javafx.base@21.0.1/com.sun.javafx.event.EventDispatchChainImpl.dispatchEvent(EventDispatchChainImpl.java:114)
	at javafx.base@21.0.1/com.sun.javafx.event.BasicEventDispatcher.dispatchEvent(BasicEventDispatcher.java:56)
	at javafx.base@21.0.1/com.sun.javafx.event.EventDispatchChainImpl.dispatchEvent(EventDispatchChainImpl.java:114)
	at javafx.base@21.0.1/com.sun.javafx.event.EventUtil.fireEventImpl(EventUtil.java:74)
	at javafx.base@21.0.1/com.sun.javafx.event.EventUtil.fireEvent(EventUtil.java:54)
	at javafx.base@21.0.1/javafx.event.Event.fireEvent(Event.java:198)
	at javafx.graphics@21.0.1/javafx.scene.Scene$MouseHandler.process(Scene.java:3984)
	at javafx.graphics@21.0.1/javafx.scene.Scene.processMouseEvent(Scene.java:1890)
	at javafx.graphics@21.0.1/javafx.scene.Scene$ScenePeerListener.mouseEvent(Scene.java:2708)
	at javafx.graphics@21.0.1/com.sun.javafx.tk.quantum.GlassViewEventHandler$MouseEventNotification.run(GlassViewEventHandler.java:411)
	at javafx.graphics@21.0.1/com.sun.javafx.tk.quantum.GlassViewEventHandler$MouseEventNotification.run(GlassViewEventHandler.java:301)
	at java.base/java.security.AccessController.doPrivileged(AccessController.java:400)
	at javafx.graphics@21.0.1/com.sun.javafx.tk.quantum.GlassViewEventHandler.lambda$handleMouseEvent$2(GlassViewEventHandler.java:450)
	at javafx.graphics@21.0.1/com.sun.javafx.tk.quantum.QuantumToolkit.runWithoutRenderLock(QuantumToolkit.java:424)
	at javafx.graphics@21.0.1/com.sun.javafx.tk.quantum.GlassViewEventHandler.handleMouseEvent(GlassViewEventHandler.java:449)
	at javafx.graphics@21.0.1/com.sun.glass.ui.View.handleMouseEvent(View.java:551)
	at javafx.graphics@21.0.1/com.sun.glass.ui.View.notifyMouse(View.java:937)
	at javafx.graphics@21.0.1/com.sun.glass.ui.win.WinApplication._runLoop(Native Method)
	at javafx.graphics@21.0.1/com.sun.glass.ui.win.WinApplication.lambda$runLoop$3(WinApplication.java:185)
	at java.base/java.lang.Thread.run(Thread.java:1583)
2025-10-05 20:33:13 [main] INFO  pe.crediactiva.app.Main - Iniciando aplicación CrediActiva Desktop v1.0.0
2025-10-05 20:33:13 [JavaFX Application Thread] INFO  pe.crediactiva.app.Main - Icono no encontrado, continuando sin icono
2025-10-05 20:33:13 [JavaFX Application Thread] INFO  p.c.app.config.DatabaseConfig - Propiedades de base de datos cargadas correctamente
2025-10-05 20:33:13 [JavaFX Application Thread] INFO  p.c.app.config.DatabaseConfig - Pool de conexiones HikariCP inicializado correctamente
2025-10-05 20:33:14 [JavaFX Application Thread] INFO  pe.crediactiva.app.Main - Aplicación CrediActiva iniciada correctamente
2025-10-05 20:33:24 [JavaFX Application Thread] INFO  p.c.app.dao.impl.UsuarioDAOImpl - Usuario autenticado exitosamente: 11111111
2025-10-05 20:33:24 [JavaFX Application Thread] INFO  p.c.a.service.AuthenticationService - Usuario autenticado exitosamente: 11111111 - CLIENTE
2025-10-05 20:33:24 [JavaFX Application Thread] INFO  p.c.app.view.LoginController - Usuario autenticado exitosamente: 11111111
2025-10-05 20:33:24 [JavaFX Application Thread] ERROR p.c.app.dao.impl.PrestamoDAOImpl - Error al buscar préstamos por cliente y estado: 11111111, ACTIVO
java.sql.SQLException: Column 'cliente_nombre' not found.
	at com.mysql.cj.jdbc.exceptions.SQLError.createSQLException(SQLError.java:130)
	at com.mysql.cj.jdbc.exceptions.SQLError.createSQLException(SQLError.java:98)
	at com.mysql.cj.jdbc.exceptions.SQLError.createSQLException(SQLError.java:90)
	at com.mysql.cj.jdbc.exceptions.SQLError.createSQLException(SQLError.java:64)
	at com.mysql.cj.jdbc.result.ResultSetImpl.findColumn(ResultSetImpl.java:584)
	at com.mysql.cj.jdbc.result.ResultSetImpl.getString(ResultSetImpl.java:896)
	at com.zaxxer.hikari.pool.HikariProxyResultSet.getString(HikariProxyResultSet.java)
	at pe.crediactiva.app.dao.impl.PrestamoDAOImpl.mapResultSetToPrestamo(PrestamoDAOImpl.java:522)
	at pe.crediactiva.app.dao.impl.PrestamoDAOImpl.findByClienteAndEstado(PrestamoDAOImpl.java:475)
	at pe.crediactiva.app.service.PrestamoService.obtenerPrestamosActivosPorCliente(PrestamoService.java:399)
	at pe.crediactiva.app.view.cliente.ClienteMainController.cargarEstadisticasResumen(ClienteMainController.java:198)
	at pe.crediactiva.app.view.cliente.ClienteMainController.initialize(ClienteMainController.java:147)
	at java.base/jdk.internal.reflect.DirectMethodHandleAccessor.invoke(DirectMethodHandleAccessor.java:103)
	at java.base/java.lang.reflect.Method.invoke(Method.java:580)
	at com.sun.javafx.reflect.Trampoline.invoke(MethodUtil.java:72)
	at java.base/jdk.internal.reflect.DirectMethodHandleAccessor.invoke(DirectMethodHandleAccessor.java:103)
	at java.base/java.lang.reflect.Method.invoke(Method.java:580)
	at javafx.base@21.0.1/com.sun.javafx.reflect.MethodUtil.invoke(MethodUtil.java:270)
	at javafx.fxml@21.0.1/com.sun.javafx.fxml.MethodHelper.invoke(MethodHelper.java:84)
	at javafx.fxml@21.0.1/javafx.fxml.FXMLLoader.loadImpl(FXMLLoader.java:2688)
	at javafx.fxml@21.0.1/javafx.fxml.FXMLLoader.loadImpl(FXMLLoader.java:2563)
	at javafx.fxml@21.0.1/javafx.fxml.FXMLLoader.load(FXMLLoader.java:2531)
	at pe.crediactiva.app.view.LoginController.redirectToMainScreen(LoginController.java:140)
	at pe.crediactiva.app.view.LoginController.handleLogin(LoginController.java:99)
	at java.base/jdk.internal.reflect.DirectMethodHandleAccessor.invoke(DirectMethodHandleAccessor.java:103)
	at java.base/java.lang.reflect.Method.invoke(Method.java:580)
	at com.sun.javafx.reflect.Trampoline.invoke(MethodUtil.java:72)
	at java.base/jdk.internal.reflect.DirectMethodHandleAccessor.invoke(DirectMethodHandleAccessor.java:103)
	at java.base/java.lang.reflect.Method.invoke(Method.java:580)
	at javafx.base@21.0.1/com.sun.javafx.reflect.MethodUtil.invoke(MethodUtil.java:270)
	at javafx.fxml@21.0.1/com.sun.javafx.fxml.MethodHelper.invoke(MethodHelper.java:84)
	at javafx.fxml@21.0.1/javafx.fxml.FXMLLoader$MethodHandler.invoke(FXMLLoader.java:1855)
	at javafx.fxml@21.0.1/javafx.fxml.FXMLLoader$ControllerMethodEventHandler.handle(FXMLLoader.java:1726)
	at javafx.base@21.0.1/com.sun.javafx.event.CompositeEventHandler.dispatchBubblingEvent(CompositeEventHandler.java:86)
	at javafx.base@21.0.1/com.sun.javafx.event.EventHandlerManager.dispatchBubblingEvent(EventHandlerManager.java:232)
	at javafx.base@21.0.1/com.sun.javafx.event.EventHandlerManager.dispatchBubblingEvent(EventHandlerManager.java:189)
	at javafx.base@21.0.1/com.sun.javafx.event.CompositeEventDispatcher.dispatchBubblingEvent(CompositeEventDispatcher.java:59)
	at javafx.base@21.0.1/com.sun.javafx.event.BasicEventDispatcher.dispatchEvent(BasicEventDispatcher.java:58)
	at javafx.base@21.0.1/com.sun.javafx.event.EventDispatchChainImpl.dispatchEvent(EventDispatchChainImpl.java:114)
	at javafx.base@21.0.1/com.sun.javafx.event.BasicEventDispatcher.dispatchEvent(BasicEventDispatcher.java:56)
	at javafx.base@21.0.1/com.sun.javafx.event.EventDispatchChainImpl.dispatchEvent(EventDispatchChainImpl.java:114)
	at javafx.base@21.0.1/com.sun.javafx.event.BasicEventDispatcher.dispatchEvent(BasicEventDispatcher.java:56)
	at javafx.base@21.0.1/com.sun.javafx.event.EventDispatchChainImpl.dispatchEvent(EventDispatchChainImpl.java:114)
	at javafx.base@21.0.1/com.sun.javafx.event.EventUtil.fireEventImpl(EventUtil.java:74)
	at javafx.base@21.0.1/com.sun.javafx.event.EventUtil.fireEvent(EventUtil.java:49)
	at javafx.base@21.0.1/javafx.event.Event.fireEvent(Event.java:198)
	at javafx.graphics@21.0.1/javafx.scene.Node.fireEvent(Node.java:8875)
	at javafx.controls@21.0.1/javafx.scene.control.Button.fire(Button.java:203)
	at javafx.controls@21.0.1/com.sun.javafx.scene.control.behavior.ButtonBehavior.mouseReleased(ButtonBehavior.java:207)
	at javafx.controls@21.0.1/com.sun.javafx.scene.control.inputmap.InputMap.handle(InputMap.java:274)
	at javafx.base@21.0.1/com.sun.javafx.event.CompositeEventHandler$NormalEventHandlerRecord.handleBubblingEvent(CompositeEventHandler.java:247)
	at javafx.base@21.0.1/com.sun.javafx.event.CompositeEventHandler.dispatchBubblingEvent(CompositeEventHandler.java:80)
	at javafx.base@21.0.1/com.sun.javafx.event.EventHandlerManager.dispatchBubblingEvent(EventHandlerManager.java:232)
	at javafx.base@21.0.1/com.sun.javafx.event.EventHandlerManager.dispatchBubblingEvent(EventHandlerManager.java:189)
	at javafx.base@21.0.1/com.sun.javafx.event.CompositeEventDispatcher.dispatchBubblingEvent(CompositeEventDispatcher.java:59)
	at javafx.base@21.0.1/com.sun.javafx.event.BasicEventDispatcher.dispatchEvent(BasicEventDispatcher.java:58)
	at javafx.base@21.0.1/com.sun.javafx.event.EventDispatchChainImpl.dispatchEvent(EventDispatchChainImpl.java:114)
	at javafx.base@21.0.1/com.sun.javafx.event.BasicEventDispatcher.dispatchEvent(BasicEventDispatcher.java:56)
	at javafx.base@21.0.1/com.sun.javafx.event.EventDispatchChainImpl.dispatchEvent(EventDispatchChainImpl.java:114)
	at javafx.base@21.0.1/com.sun.javafx.event.BasicEventDispatcher.dispatchEvent(BasicEventDispatcher.java:56)
	at javafx.base@21.0.1/com.sun.javafx.event.EventDispatchChainImpl.dispatchEvent(EventDispatchChainImpl.java:114)
	at javafx.base@21.0.1/com.sun.javafx.event.EventUtil.fireEventImpl(EventUtil.java:74)
	at javafx.base@21.0.1/com.sun.javafx.event.EventUtil.fireEvent(EventUtil.java:54)
	at javafx.base@21.0.1/javafx.event.Event.fireEvent(Event.java:198)
	at javafx.graphics@21.0.1/javafx.scene.Scene$MouseHandler.process(Scene.java:3984)
	at javafx.graphics@21.0.1/javafx.scene.Scene.processMouseEvent(Scene.java:1890)
	at javafx.graphics@21.0.1/javafx.scene.Scene$ScenePeerListener.mouseEvent(Scene.java:2708)
	at javafx.graphics@21.0.1/com.sun.javafx.tk.quantum.GlassViewEventHandler$MouseEventNotification.run(GlassViewEventHandler.java:411)
	at javafx.graphics@21.0.1/com.sun.javafx.tk.quantum.GlassViewEventHandler$MouseEventNotification.run(GlassViewEventHandler.java:301)
	at java.base/java.security.AccessController.doPrivileged(AccessController.java:400)
	at javafx.graphics@21.0.1/com.sun.javafx.tk.quantum.GlassViewEventHandler.lambda$handleMouseEvent$2(GlassViewEventHandler.java:450)
	at javafx.graphics@21.0.1/com.sun.javafx.tk.quantum.QuantumToolkit.runWithoutRenderLock(QuantumToolkit.java:424)
	at javafx.graphics@21.0.1/com.sun.javafx.tk.quantum.GlassViewEventHandler.handleMouseEvent(GlassViewEventHandler.java:449)
	at javafx.graphics@21.0.1/com.sun.glass.ui.View.handleMouseEvent(View.java:551)
	at javafx.graphics@21.0.1/com.sun.glass.ui.View.notifyMouse(View.java:937)
	at javafx.graphics@21.0.1/com.sun.glass.ui.win.WinApplication._runLoop(Native Method)
	at javafx.graphics@21.0.1/com.sun.glass.ui.win.WinApplication.lambda$runLoop$3(WinApplication.java:185)
	at java.base/java.lang.Thread.run(Thread.java:1583)
2025-10-05 20:33:25 [JavaFX Application Thread] INFO  p.c.app.view.LoginController - Usuario redirigido a pantalla principal: CLIENTE
2025-10-05 20:33:27 [JavaFX Application Thread] INFO  p.c.a.v.c.SimuladorClienteController - Simulador de crédito inicializado correctamente
2025-10-05 20:34:50 [JavaFX Application Thread] INFO  p.c.app.config.DatabaseConfig - Pool de conexiones cerrado correctamente
2025-10-05 20:34:50 [JavaFX Application Thread] INFO  pe.crediactiva.app.Main - Aplicación CrediActiva cerrada
2025-10-05 20:41:18 [main] INFO  pe.crediactiva.app.Main - Iniciando aplicación CrediActiva Desktop v1.0.0
2025-10-05 20:41:18 [JavaFX Application Thread] INFO  pe.crediactiva.app.Main - Icono no encontrado, continuando sin icono
2025-10-05 20:41:18 [JavaFX Application Thread] INFO  p.c.app.config.DatabaseConfig - Propiedades de base de datos cargadas correctamente
2025-10-05 20:41:18 [JavaFX Application Thread] INFO  p.c.app.config.DatabaseConfig - Pool de conexiones HikariCP inicializado correctamente
2025-10-05 20:41:19 [JavaFX Application Thread] INFO  pe.crediactiva.app.Main - Aplicación CrediActiva iniciada correctamente
2025-10-05 20:41:36 [JavaFX Application Thread] INFO  p.c.app.dao.impl.UsuarioDAOImpl - Usuario autenticado exitosamente: 11111111
2025-10-05 20:41:36 [JavaFX Application Thread] INFO  p.c.a.service.AuthenticationService - Usuario autenticado exitosamente: 11111111 - CLIENTE
2025-10-05 20:41:36 [JavaFX Application Thread] INFO  p.c.app.view.LoginController - Usuario autenticado exitosamente: 11111111
2025-10-05 20:41:36 [JavaFX Application Thread] ERROR p.c.app.dao.impl.PrestamoDAOImpl - Error al buscar préstamos por cliente y estado: 11111111, ACTIVO
java.sql.SQLException: Column 'cliente_nombre' not found.
	at com.mysql.cj.jdbc.exceptions.SQLError.createSQLException(SQLError.java:130)
	at com.mysql.cj.jdbc.exceptions.SQLError.createSQLException(SQLError.java:98)
	at com.mysql.cj.jdbc.exceptions.SQLError.createSQLException(SQLError.java:90)
	at com.mysql.cj.jdbc.exceptions.SQLError.createSQLException(SQLError.java:64)
	at com.mysql.cj.jdbc.result.ResultSetImpl.findColumn(ResultSetImpl.java:584)
	at com.mysql.cj.jdbc.result.ResultSetImpl.getString(ResultSetImpl.java:896)
	at com.zaxxer.hikari.pool.HikariProxyResultSet.getString(HikariProxyResultSet.java)
	at pe.crediactiva.app.dao.impl.PrestamoDAOImpl.mapResultSetToPrestamo(PrestamoDAOImpl.java:522)
	at pe.crediactiva.app.dao.impl.PrestamoDAOImpl.findByClienteAndEstado(PrestamoDAOImpl.java:475)
	at pe.crediactiva.app.service.PrestamoService.obtenerPrestamosActivosPorCliente(PrestamoService.java:399)
	at pe.crediactiva.app.view.cliente.ClienteMainController.cargarEstadisticasResumen(ClienteMainController.java:198)
	at pe.crediactiva.app.view.cliente.ClienteMainController.initialize(ClienteMainController.java:147)
	at java.base/jdk.internal.reflect.DirectMethodHandleAccessor.invoke(DirectMethodHandleAccessor.java:103)
	at java.base/java.lang.reflect.Method.invoke(Method.java:580)
	at com.sun.javafx.reflect.Trampoline.invoke(MethodUtil.java:72)
	at java.base/jdk.internal.reflect.DirectMethodHandleAccessor.invoke(DirectMethodHandleAccessor.java:103)
	at java.base/java.lang.reflect.Method.invoke(Method.java:580)
	at javafx.base@21.0.1/com.sun.javafx.reflect.MethodUtil.invoke(MethodUtil.java:270)
	at javafx.fxml@21.0.1/com.sun.javafx.fxml.MethodHelper.invoke(MethodHelper.java:84)
	at javafx.fxml@21.0.1/javafx.fxml.FXMLLoader.loadImpl(FXMLLoader.java:2688)
	at javafx.fxml@21.0.1/javafx.fxml.FXMLLoader.loadImpl(FXMLLoader.java:2563)
	at javafx.fxml@21.0.1/javafx.fxml.FXMLLoader.load(FXMLLoader.java:2531)
	at pe.crediactiva.app.view.LoginController.redirectToMainScreen(LoginController.java:140)
	at pe.crediactiva.app.view.LoginController.handleLogin(LoginController.java:99)
	at java.base/jdk.internal.reflect.DirectMethodHandleAccessor.invoke(DirectMethodHandleAccessor.java:103)
	at java.base/java.lang.reflect.Method.invoke(Method.java:580)
	at com.sun.javafx.reflect.Trampoline.invoke(MethodUtil.java:72)
	at java.base/jdk.internal.reflect.DirectMethodHandleAccessor.invoke(DirectMethodHandleAccessor.java:103)
	at java.base/java.lang.reflect.Method.invoke(Method.java:580)
	at javafx.base@21.0.1/com.sun.javafx.reflect.MethodUtil.invoke(MethodUtil.java:270)
	at javafx.fxml@21.0.1/com.sun.javafx.fxml.MethodHelper.invoke(MethodHelper.java:84)
	at javafx.fxml@21.0.1/javafx.fxml.FXMLLoader$MethodHandler.invoke(FXMLLoader.java:1855)
	at javafx.fxml@21.0.1/javafx.fxml.FXMLLoader$ControllerMethodEventHandler.handle(FXMLLoader.java:1726)
	at javafx.base@21.0.1/com.sun.javafx.event.CompositeEventHandler.dispatchBubblingEvent(CompositeEventHandler.java:86)
	at javafx.base@21.0.1/com.sun.javafx.event.EventHandlerManager.dispatchBubblingEvent(EventHandlerManager.java:232)
	at javafx.base@21.0.1/com.sun.javafx.event.EventHandlerManager.dispatchBubblingEvent(EventHandlerManager.java:189)
	at javafx.base@21.0.1/com.sun.javafx.event.CompositeEventDispatcher.dispatchBubblingEvent(CompositeEventDispatcher.java:59)
	at javafx.base@21.0.1/com.sun.javafx.event.BasicEventDispatcher.dispatchEvent(BasicEventDispatcher.java:58)
	at javafx.base@21.0.1/com.sun.javafx.event.EventDispatchChainImpl.dispatchEvent(EventDispatchChainImpl.java:114)
	at javafx.base@21.0.1/com.sun.javafx.event.BasicEventDispatcher.dispatchEvent(BasicEventDispatcher.java:56)
	at javafx.base@21.0.1/com.sun.javafx.event.EventDispatchChainImpl.dispatchEvent(EventDispatchChainImpl.java:114)
	at javafx.base@21.0.1/com.sun.javafx.event.BasicEventDispatcher.dispatchEvent(BasicEventDispatcher.java:56)
	at javafx.base@21.0.1/com.sun.javafx.event.EventDispatchChainImpl.dispatchEvent(EventDispatchChainImpl.java:114)
	at javafx.base@21.0.1/com.sun.javafx.event.EventUtil.fireEventImpl(EventUtil.java:74)
	at javafx.base@21.0.1/com.sun.javafx.event.EventUtil.fireEvent(EventUtil.java:49)
	at javafx.base@21.0.1/javafx.event.Event.fireEvent(Event.java:198)
	at javafx.graphics@21.0.1/javafx.scene.Node.fireEvent(Node.java:8875)
	at javafx.controls@21.0.1/javafx.scene.control.Button.fire(Button.java:203)
	at javafx.controls@21.0.1/com.sun.javafx.scene.control.behavior.ButtonBehavior.mouseReleased(ButtonBehavior.java:207)
	at javafx.controls@21.0.1/com.sun.javafx.scene.control.inputmap.InputMap.handle(InputMap.java:274)
	at javafx.base@21.0.1/com.sun.javafx.event.CompositeEventHandler$NormalEventHandlerRecord.handleBubblingEvent(CompositeEventHandler.java:247)
	at javafx.base@21.0.1/com.sun.javafx.event.CompositeEventHandler.dispatchBubblingEvent(CompositeEventHandler.java:80)
	at javafx.base@21.0.1/com.sun.javafx.event.EventHandlerManager.dispatchBubblingEvent(EventHandlerManager.java:232)
	at javafx.base@21.0.1/com.sun.javafx.event.EventHandlerManager.dispatchBubblingEvent(EventHandlerManager.java:189)
	at javafx.base@21.0.1/com.sun.javafx.event.CompositeEventDispatcher.dispatchBubblingEvent(CompositeEventDispatcher.java:59)
	at javafx.base@21.0.1/com.sun.javafx.event.BasicEventDispatcher.dispatchEvent(BasicEventDispatcher.java:58)
	at javafx.base@21.0.1/com.sun.javafx.event.EventDispatchChainImpl.dispatchEvent(EventDispatchChainImpl.java:114)
	at javafx.base@21.0.1/com.sun.javafx.event.BasicEventDispatcher.dispatchEvent(BasicEventDispatcher.java:56)
	at javafx.base@21.0.1/com.sun.javafx.event.EventDispatchChainImpl.dispatchEvent(EventDispatchChainImpl.java:114)
	at javafx.base@21.0.1/com.sun.javafx.event.BasicEventDispatcher.dispatchEvent(BasicEventDispatcher.java:56)
	at javafx.base@21.0.1/com.sun.javafx.event.EventDispatchChainImpl.dispatchEvent(EventDispatchChainImpl.java:114)
	at javafx.base@21.0.1/com.sun.javafx.event.EventUtil.fireEventImpl(EventUtil.java:74)
	at javafx.base@21.0.1/com.sun.javafx.event.EventUtil.fireEvent(EventUtil.java:54)
	at javafx.base@21.0.1/javafx.event.Event.fireEvent(Event.java:198)
	at javafx.graphics@21.0.1/javafx.scene.Scene$MouseHandler.process(Scene.java:3984)
	at javafx.graphics@21.0.1/javafx.scene.Scene.processMouseEvent(Scene.java:1890)
	at javafx.graphics@21.0.1/javafx.scene.Scene$ScenePeerListener.mouseEvent(Scene.java:2708)
	at javafx.graphics@21.0.1/com.sun.javafx.tk.quantum.GlassViewEventHandler$MouseEventNotification.run(GlassViewEventHandler.java:411)
	at javafx.graphics@21.0.1/com.sun.javafx.tk.quantum.GlassViewEventHandler$MouseEventNotification.run(GlassViewEventHandler.java:301)
	at java.base/java.security.AccessController.doPrivileged(AccessController.java:400)
	at javafx.graphics@21.0.1/com.sun.javafx.tk.quantum.GlassViewEventHandler.lambda$handleMouseEvent$2(GlassViewEventHandler.java:450)
	at javafx.graphics@21.0.1/com.sun.javafx.tk.quantum.QuantumToolkit.runWithoutRenderLock(QuantumToolkit.java:424)
	at javafx.graphics@21.0.1/com.sun.javafx.tk.quantum.GlassViewEventHandler.handleMouseEvent(GlassViewEventHandler.java:449)
	at javafx.graphics@21.0.1/com.sun.glass.ui.View.handleMouseEvent(View.java:551)
	at javafx.graphics@21.0.1/com.sun.glass.ui.View.notifyMouse(View.java:937)
	at javafx.graphics@21.0.1/com.sun.glass.ui.win.WinApplication._runLoop(Native Method)
	at javafx.graphics@21.0.1/com.sun.glass.ui.win.WinApplication.lambda$runLoop$3(WinApplication.java:185)
	at java.base/java.lang.Thread.run(Thread.java:1583)
2025-10-05 20:41:36 [JavaFX Application Thread] INFO  p.c.app.view.LoginController - Usuario redirigido a pantalla principal: CLIENTE
2025-10-05 20:41:50 [JavaFX Application Thread] INFO  p.c.a.v.c.PrestamosClienteController - Cargados 1 préstamos para el cliente 11111111
2025-10-05 20:41:52 [JavaFX Application Thread] ERROR p.c.app.dao.impl.PrestamoDAOImpl - Error al buscar préstamos por cliente y estado: 11111111, ACTIVO
java.sql.SQLException: Column 'cliente_nombre' not found.
	at com.mysql.cj.jdbc.exceptions.SQLError.createSQLException(SQLError.java:130)
	at com.mysql.cj.jdbc.exceptions.SQLError.createSQLException(SQLError.java:98)
	at com.mysql.cj.jdbc.exceptions.SQLError.createSQLException(SQLError.java:90)
	at com.mysql.cj.jdbc.exceptions.SQLError.createSQLException(SQLError.java:64)
	at com.mysql.cj.jdbc.result.ResultSetImpl.findColumn(ResultSetImpl.java:584)
	at com.mysql.cj.jdbc.result.ResultSetImpl.getString(ResultSetImpl.java:896)
	at com.zaxxer.hikari.pool.HikariProxyResultSet.getString(HikariProxyResultSet.java)
	at pe.crediactiva.app.dao.impl.PrestamoDAOImpl.mapResultSetToPrestamo(PrestamoDAOImpl.java:522)
	at pe.crediactiva.app.dao.impl.PrestamoDAOImpl.findByClienteAndEstado(PrestamoDAOImpl.java:475)
	at pe.crediactiva.app.service.PrestamoService.obtenerPrestamosActivosPorCliente(PrestamoService.java:399)
	at pe.crediactiva.app.view.cliente.ClienteMainController.cargarEstadisticasResumen(ClienteMainController.java:198)
	at pe.crediactiva.app.view.cliente.ClienteMainController.initialize(ClienteMainController.java:147)
	at java.base/jdk.internal.reflect.DirectMethodHandleAccessor.invoke(DirectMethodHandleAccessor.java:103)
	at java.base/java.lang.reflect.Method.invoke(Method.java:580)
	at com.sun.javafx.reflect.Trampoline.invoke(MethodUtil.java:72)
	at java.base/jdk.internal.reflect.DirectMethodHandleAccessor.invoke(DirectMethodHandleAccessor.java:103)
	at java.base/java.lang.reflect.Method.invoke(Method.java:580)
	at javafx.base@21.0.1/com.sun.javafx.reflect.MethodUtil.invoke(MethodUtil.java:270)
	at javafx.fxml@21.0.1/com.sun.javafx.fxml.MethodHelper.invoke(MethodHelper.java:84)
	at javafx.fxml@21.0.1/javafx.fxml.FXMLLoader.loadImpl(FXMLLoader.java:2688)
	at javafx.fxml@21.0.1/javafx.fxml.FXMLLoader.loadImpl(FXMLLoader.java:2563)
	at javafx.fxml@21.0.1/javafx.fxml.FXMLLoader.load(FXMLLoader.java:2531)
	at pe.crediactiva.app.view.cliente.PrestamosClienteController.handleVolver(PrestamosClienteController.java:287)
	at java.base/jdk.internal.reflect.DirectMethodHandleAccessor.invoke(DirectMethodHandleAccessor.java:103)
	at java.base/java.lang.reflect.Method.invoke(Method.java:580)
	at com.sun.javafx.reflect.Trampoline.invoke(MethodUtil.java:72)
	at java.base/jdk.internal.reflect.DirectMethodHandleAccessor.invoke(DirectMethodHandleAccessor.java:103)
	at java.base/java.lang.reflect.Method.invoke(Method.java:580)
	at javafx.base@21.0.1/com.sun.javafx.reflect.MethodUtil.invoke(MethodUtil.java:270)
	at javafx.fxml@21.0.1/com.sun.javafx.fxml.MethodHelper.invoke(MethodHelper.java:84)
	at javafx.fxml@21.0.1/javafx.fxml.FXMLLoader$MethodHandler.invoke(FXMLLoader.java:1855)
	at javafx.fxml@21.0.1/javafx.fxml.FXMLLoader$ControllerMethodEventHandler.handle(FXMLLoader.java:1726)
	at javafx.base@21.0.1/com.sun.javafx.event.CompositeEventHandler.dispatchBubblingEvent(CompositeEventHandler.java:86)
	at javafx.base@21.0.1/com.sun.javafx.event.EventHandlerManager.dispatchBubblingEvent(EventHandlerManager.java:232)
	at javafx.base@21.0.1/com.sun.javafx.event.EventHandlerManager.dispatchBubblingEvent(EventHandlerManager.java:189)
	at javafx.base@21.0.1/com.sun.javafx.event.CompositeEventDispatcher.dispatchBubblingEvent(CompositeEventDispatcher.java:59)
	at javafx.base@21.0.1/com.sun.javafx.event.BasicEventDispatcher.dispatchEvent(BasicEventDispatcher.java:58)
	at javafx.base@21.0.1/com.sun.javafx.event.EventDispatchChainImpl.dispatchEvent(EventDispatchChainImpl.java:114)
	at javafx.base@21.0.1/com.sun.javafx.event.BasicEventDispatcher.dispatchEvent(BasicEventDispatcher.java:56)
	at javafx.base@21.0.1/com.sun.javafx.event.EventDispatchChainImpl.dispatchEvent(EventDispatchChainImpl.java:114)
	at javafx.base@21.0.1/com.sun.javafx.event.BasicEventDispatcher.dispatchEvent(BasicEventDispatcher.java:56)
	at javafx.base@21.0.1/com.sun.javafx.event.EventDispatchChainImpl.dispatchEvent(EventDispatchChainImpl.java:114)
	at javafx.base@21.0.1/com.sun.javafx.event.EventUtil.fireEventImpl(EventUtil.java:74)
	at javafx.base@21.0.1/com.sun.javafx.event.EventUtil.fireEvent(EventUtil.java:49)
	at javafx.base@21.0.1/javafx.event.Event.fireEvent(Event.java:198)
	at javafx.graphics@21.0.1/javafx.scene.Node.fireEvent(Node.java:8875)
	at javafx.controls@21.0.1/javafx.scene.control.Button.fire(Button.java:203)
	at javafx.controls@21.0.1/com.sun.javafx.scene.control.behavior.ButtonBehavior.mouseReleased(ButtonBehavior.java:207)
	at javafx.controls@21.0.1/com.sun.javafx.scene.control.inputmap.InputMap.handle(InputMap.java:274)
	at javafx.base@21.0.1/com.sun.javafx.event.CompositeEventHandler$NormalEventHandlerRecord.handleBubblingEvent(CompositeEventHandler.java:247)
	at javafx.base@21.0.1/com.sun.javafx.event.CompositeEventHandler.dispatchBubblingEvent(CompositeEventHandler.java:80)
	at javafx.base@21.0.1/com.sun.javafx.event.EventHandlerManager.dispatchBubblingEvent(EventHandlerManager.java:232)
	at javafx.base@21.0.1/com.sun.javafx.event.EventHandlerManager.dispatchBubblingEvent(EventHandlerManager.java:189)
	at javafx.base@21.0.1/com.sun.javafx.event.CompositeEventDispatcher.dispatchBubblingEvent(CompositeEventDispatcher.java:59)
	at javafx.base@21.0.1/com.sun.javafx.event.BasicEventDispatcher.dispatchEvent(BasicEventDispatcher.java:58)
	at javafx.base@21.0.1/com.sun.javafx.event.EventDispatchChainImpl.dispatchEvent(EventDispatchChainImpl.java:114)
	at javafx.base@21.0.1/com.sun.javafx.event.BasicEventDispatcher.dispatchEvent(BasicEventDispatcher.java:56)
	at javafx.base@21.0.1/com.sun.javafx.event.EventDispatchChainImpl.dispatchEvent(EventDispatchChainImpl.java:114)
	at javafx.base@21.0.1/com.sun.javafx.event.BasicEventDispatcher.dispatchEvent(BasicEventDispatcher.java:56)
	at javafx.base@21.0.1/com.sun.javafx.event.EventDispatchChainImpl.dispatchEvent(EventDispatchChainImpl.java:114)
	at javafx.base@21.0.1/com.sun.javafx.event.EventUtil.fireEventImpl(EventUtil.java:74)
	at javafx.base@21.0.1/com.sun.javafx.event.EventUtil.fireEvent(EventUtil.java:54)
	at javafx.base@21.0.1/javafx.event.Event.fireEvent(Event.java:198)
	at javafx.graphics@21.0.1/javafx.scene.Scene$MouseHandler.process(Scene.java:3984)
	at javafx.graphics@21.0.1/javafx.scene.Scene.processMouseEvent(Scene.java:1890)
	at javafx.graphics@21.0.1/javafx.scene.Scene$ScenePeerListener.mouseEvent(Scene.java:2708)
	at javafx.graphics@21.0.1/com.sun.javafx.tk.quantum.GlassViewEventHandler$MouseEventNotification.run(GlassViewEventHandler.java:411)
	at javafx.graphics@21.0.1/com.sun.javafx.tk.quantum.GlassViewEventHandler$MouseEventNotification.run(GlassViewEventHandler.java:301)
	at java.base/java.security.AccessController.doPrivileged(AccessController.java:400)
	at javafx.graphics@21.0.1/com.sun.javafx.tk.quantum.GlassViewEventHandler.lambda$handleMouseEvent$2(GlassViewEventHandler.java:450)
	at javafx.graphics@21.0.1/com.sun.javafx.tk.quantum.QuantumToolkit.runWithoutRenderLock(QuantumToolkit.java:424)
	at javafx.graphics@21.0.1/com.sun.javafx.tk.quantum.GlassViewEventHandler.handleMouseEvent(GlassViewEventHandler.java:449)
	at javafx.graphics@21.0.1/com.sun.glass.ui.View.handleMouseEvent(View.java:551)
	at javafx.graphics@21.0.1/com.sun.glass.ui.View.notifyMouse(View.java:937)
	at javafx.graphics@21.0.1/com.sun.glass.ui.win.WinApplication._runLoop(Native Method)
	at javafx.graphics@21.0.1/com.sun.glass.ui.win.WinApplication.lambda$runLoop$3(WinApplication.java:185)
	at java.base/java.lang.Thread.run(Thread.java:1583)
2025-10-05 20:41:53 [JavaFX Application Thread] INFO  p.c.a.v.c.CronogramasClienteController - Cargado cronograma con 26 cuotas para préstamo 1
2025-10-05 20:41:53 [JavaFX Application Thread] INFO  p.c.a.v.c.CronogramasClienteController - Cargados 1 préstamos para el cliente 11111111
2025-10-05 20:41:55 [JavaFX Application Thread] ERROR p.c.app.dao.impl.PrestamoDAOImpl - Error al buscar préstamos por cliente y estado: 11111111, ACTIVO
java.sql.SQLException: Column 'cliente_nombre' not found.
	at com.mysql.cj.jdbc.exceptions.SQLError.createSQLException(SQLError.java:130)
	at com.mysql.cj.jdbc.exceptions.SQLError.createSQLException(SQLError.java:98)
	at com.mysql.cj.jdbc.exceptions.SQLError.createSQLException(SQLError.java:90)
	at com.mysql.cj.jdbc.exceptions.SQLError.createSQLException(SQLError.java:64)
	at com.mysql.cj.jdbc.result.ResultSetImpl.findColumn(ResultSetImpl.java:584)
	at com.mysql.cj.jdbc.result.ResultSetImpl.getString(ResultSetImpl.java:896)
	at com.zaxxer.hikari.pool.HikariProxyResultSet.getString(HikariProxyResultSet.java)
	at pe.crediactiva.app.dao.impl.PrestamoDAOImpl.mapResultSetToPrestamo(PrestamoDAOImpl.java:522)
	at pe.crediactiva.app.dao.impl.PrestamoDAOImpl.findByClienteAndEstado(PrestamoDAOImpl.java:475)
	at pe.crediactiva.app.service.PrestamoService.obtenerPrestamosActivosPorCliente(PrestamoService.java:399)
	at pe.crediactiva.app.view.cliente.ClienteMainController.cargarEstadisticasResumen(ClienteMainController.java:198)
	at pe.crediactiva.app.view.cliente.ClienteMainController.initialize(ClienteMainController.java:147)
	at java.base/jdk.internal.reflect.DirectMethodHandleAccessor.invoke(DirectMethodHandleAccessor.java:103)
	at java.base/java.lang.reflect.Method.invoke(Method.java:580)
	at com.sun.javafx.reflect.Trampoline.invoke(MethodUtil.java:72)
	at java.base/jdk.internal.reflect.DirectMethodHandleAccessor.invoke(DirectMethodHandleAccessor.java:103)
	at java.base/java.lang.reflect.Method.invoke(Method.java:580)
	at javafx.base@21.0.1/com.sun.javafx.reflect.MethodUtil.invoke(MethodUtil.java:270)
	at javafx.fxml@21.0.1/com.sun.javafx.fxml.MethodHelper.invoke(MethodHelper.java:84)
	at javafx.fxml@21.0.1/javafx.fxml.FXMLLoader.loadImpl(FXMLLoader.java:2688)
	at javafx.fxml@21.0.1/javafx.fxml.FXMLLoader.loadImpl(FXMLLoader.java:2563)
	at javafx.fxml@21.0.1/javafx.fxml.FXMLLoader.load(FXMLLoader.java:2531)
	at pe.crediactiva.app.view.cliente.CronogramasClienteController.handleVolver(CronogramasClienteController.java:393)
	at java.base/jdk.internal.reflect.DirectMethodHandleAccessor.invoke(DirectMethodHandleAccessor.java:103)
	at java.base/java.lang.reflect.Method.invoke(Method.java:580)
	at com.sun.javafx.reflect.Trampoline.invoke(MethodUtil.java:72)
	at java.base/jdk.internal.reflect.DirectMethodHandleAccessor.invoke(DirectMethodHandleAccessor.java:103)
	at java.base/java.lang.reflect.Method.invoke(Method.java:580)
	at javafx.base@21.0.1/com.sun.javafx.reflect.MethodUtil.invoke(MethodUtil.java:270)
	at javafx.fxml@21.0.1/com.sun.javafx.fxml.MethodHelper.invoke(MethodHelper.java:84)
	at javafx.fxml@21.0.1/javafx.fxml.FXMLLoader$MethodHandler.invoke(FXMLLoader.java:1855)
	at javafx.fxml@21.0.1/javafx.fxml.FXMLLoader$ControllerMethodEventHandler.handle(FXMLLoader.java:1726)
	at javafx.base@21.0.1/com.sun.javafx.event.CompositeEventHandler.dispatchBubblingEvent(CompositeEventHandler.java:86)
	at javafx.base@21.0.1/com.sun.javafx.event.EventHandlerManager.dispatchBubblingEvent(EventHandlerManager.java:232)
	at javafx.base@21.0.1/com.sun.javafx.event.EventHandlerManager.dispatchBubblingEvent(EventHandlerManager.java:189)
	at javafx.base@21.0.1/com.sun.javafx.event.CompositeEventDispatcher.dispatchBubblingEvent(CompositeEventDispatcher.java:59)
	at javafx.base@21.0.1/com.sun.javafx.event.BasicEventDispatcher.dispatchEvent(BasicEventDispatcher.java:58)
	at javafx.base@21.0.1/com.sun.javafx.event.EventDispatchChainImpl.dispatchEvent(EventDispatchChainImpl.java:114)
	at javafx.base@21.0.1/com.sun.javafx.event.BasicEventDispatcher.dispatchEvent(BasicEventDispatcher.java:56)
	at javafx.base@21.0.1/com.sun.javafx.event.EventDispatchChainImpl.dispatchEvent(EventDispatchChainImpl.java:114)
	at javafx.base@21.0.1/com.sun.javafx.event.BasicEventDispatcher.dispatchEvent(BasicEventDispatcher.java:56)
	at javafx.base@21.0.1/com.sun.javafx.event.EventDispatchChainImpl.dispatchEvent(EventDispatchChainImpl.java:114)
	at javafx.base@21.0.1/com.sun.javafx.event.EventUtil.fireEventImpl(EventUtil.java:74)
	at javafx.base@21.0.1/com.sun.javafx.event.EventUtil.fireEvent(EventUtil.java:49)
	at javafx.base@21.0.1/javafx.event.Event.fireEvent(Event.java:198)
	at javafx.graphics@21.0.1/javafx.scene.Node.fireEvent(Node.java:8875)
	at javafx.controls@21.0.1/javafx.scene.control.Button.fire(Button.java:203)
	at javafx.controls@21.0.1/com.sun.javafx.scene.control.behavior.ButtonBehavior.mouseReleased(ButtonBehavior.java:207)
	at javafx.controls@21.0.1/com.sun.javafx.scene.control.inputmap.InputMap.handle(InputMap.java:274)
	at javafx.base@21.0.1/com.sun.javafx.event.CompositeEventHandler$NormalEventHandlerRecord.handleBubblingEvent(CompositeEventHandler.java:247)
	at javafx.base@21.0.1/com.sun.javafx.event.CompositeEventHandler.dispatchBubblingEvent(CompositeEventHandler.java:80)
	at javafx.base@21.0.1/com.sun.javafx.event.EventHandlerManager.dispatchBubblingEvent(EventHandlerManager.java:232)
	at javafx.base@21.0.1/com.sun.javafx.event.EventHandlerManager.dispatchBubblingEvent(EventHandlerManager.java:189)
	at javafx.base@21.0.1/com.sun.javafx.event.CompositeEventDispatcher.dispatchBubblingEvent(CompositeEventDispatcher.java:59)
	at javafx.base@21.0.1/com.sun.javafx.event.BasicEventDispatcher.dispatchEvent(BasicEventDispatcher.java:58)
	at javafx.base@21.0.1/com.sun.javafx.event.EventDispatchChainImpl.dispatchEvent(EventDispatchChainImpl.java:114)
	at javafx.base@21.0.1/com.sun.javafx.event.BasicEventDispatcher.dispatchEvent(BasicEventDispatcher.java:56)
	at javafx.base@21.0.1/com.sun.javafx.event.EventDispatchChainImpl.dispatchEvent(EventDispatchChainImpl.java:114)
	at javafx.base@21.0.1/com.sun.javafx.event.BasicEventDispatcher.dispatchEvent(BasicEventDispatcher.java:56)
	at javafx.base@21.0.1/com.sun.javafx.event.EventDispatchChainImpl.dispatchEvent(EventDispatchChainImpl.java:114)
	at javafx.base@21.0.1/com.sun.javafx.event.EventUtil.fireEventImpl(EventUtil.java:74)
	at javafx.base@21.0.1/com.sun.javafx.event.EventUtil.fireEvent(EventUtil.java:54)
	at javafx.base@21.0.1/javafx.event.Event.fireEvent(Event.java:198)
	at javafx.graphics@21.0.1/javafx.scene.Scene$MouseHandler.process(Scene.java:3984)
	at javafx.graphics@21.0.1/javafx.scene.Scene.processMouseEvent(Scene.java:1890)
	at javafx.graphics@21.0.1/javafx.scene.Scene$ScenePeerListener.mouseEvent(Scene.java:2708)
	at javafx.graphics@21.0.1/com.sun.javafx.tk.quantum.GlassViewEventHandler$MouseEventNotification.run(GlassViewEventHandler.java:411)
	at javafx.graphics@21.0.1/com.sun.javafx.tk.quantum.GlassViewEventHandler$MouseEventNotification.run(GlassViewEventHandler.java:301)
	at java.base/java.security.AccessController.doPrivileged(AccessController.java:400)
	at javafx.graphics@21.0.1/com.sun.javafx.tk.quantum.GlassViewEventHandler.lambda$handleMouseEvent$2(GlassViewEventHandler.java:450)
	at javafx.graphics@21.0.1/com.sun.javafx.tk.quantum.QuantumToolkit.runWithoutRenderLock(QuantumToolkit.java:424)
	at javafx.graphics@21.0.1/com.sun.javafx.tk.quantum.GlassViewEventHandler.handleMouseEvent(GlassViewEventHandler.java:449)
	at javafx.graphics@21.0.1/com.sun.glass.ui.View.handleMouseEvent(View.java:551)
	at javafx.graphics@21.0.1/com.sun.glass.ui.View.notifyMouse(View.java:937)
	at javafx.graphics@21.0.1/com.sun.glass.ui.win.WinApplication._runLoop(Native Method)
	at javafx.graphics@21.0.1/com.sun.glass.ui.win.WinApplication.lambda$runLoop$3(WinApplication.java:185)
	at java.base/java.lang.Thread.run(Thread.java:1583)
2025-10-05 20:41:57 [JavaFX Application Thread] ERROR p.c.a.v.c.ClienteMainController - Error al cargar pantalla del simulador
javafx.fxml.LoadException: 
/C:/Users/USER/OneDrive/Escritorio/proyecto_v4.0/target/classes/fxml/cliente/SimuladorClienteView.fxml:118

	at javafx.fxml@21.0.1/javafx.fxml.FXMLLoader.constructLoadException(FXMLLoader.java:2722)
	at javafx.fxml@21.0.1/javafx.fxml.FXMLLoader.loadImpl(FXMLLoader.java:2665)
	at javafx.fxml@21.0.1/javafx.fxml.FXMLLoader.loadImpl(FXMLLoader.java:2563)
	at javafx.fxml@21.0.1/javafx.fxml.FXMLLoader.load(FXMLLoader.java:2531)
	at pe.crediactiva.app.view.cliente.ClienteMainController.handleSimulador(ClienteMainController.java:353)
	at pe.crediactiva.app.view.cliente.ClienteMainController.handleSimularCredito(ClienteMainController.java:414)
	at java.base/jdk.internal.reflect.DirectMethodHandleAccessor.invoke(DirectMethodHandleAccessor.java:103)
	at java.base/java.lang.reflect.Method.invoke(Method.java:580)
	at com.sun.javafx.reflect.Trampoline.invoke(MethodUtil.java:72)
	at java.base/jdk.internal.reflect.DirectMethodHandleAccessor.invoke(DirectMethodHandleAccessor.java:103)
	at java.base/java.lang.reflect.Method.invoke(Method.java:580)
	at javafx.base@21.0.1/com.sun.javafx.reflect.MethodUtil.invoke(MethodUtil.java:270)
	at javafx.fxml@21.0.1/com.sun.javafx.fxml.MethodHelper.invoke(MethodHelper.java:84)
	at javafx.fxml@21.0.1/javafx.fxml.FXMLLoader$MethodHandler.invoke(FXMLLoader.java:1855)
	at javafx.fxml@21.0.1/javafx.fxml.FXMLLoader$ControllerMethodEventHandler.handle(FXMLLoader.java:1726)
	at javafx.base@21.0.1/com.sun.javafx.event.CompositeEventHandler.dispatchBubblingEvent(CompositeEventHandler.java:86)
	at javafx.base@21.0.1/com.sun.javafx.event.EventHandlerManager.dispatchBubblingEvent(EventHandlerManager.java:232)
	at javafx.base@21.0.1/com.sun.javafx.event.EventHandlerManager.dispatchBubblingEvent(EventHandlerManager.java:189)
	at javafx.base@21.0.1/com.sun.javafx.event.CompositeEventDispatcher.dispatchBubblingEvent(CompositeEventDispatcher.java:59)
	at javafx.base@21.0.1/com.sun.javafx.event.BasicEventDispatcher.dispatchEvent(BasicEventDispatcher.java:58)
	at javafx.base@21.0.1/com.sun.javafx.event.EventDispatchChainImpl.dispatchEvent(EventDispatchChainImpl.java:114)
	at javafx.base@21.0.1/com.sun.javafx.event.BasicEventDispatcher.dispatchEvent(BasicEventDispatcher.java:56)
	at javafx.base@21.0.1/com.sun.javafx.event.EventDispatchChainImpl.dispatchEvent(EventDispatchChainImpl.java:114)
	at javafx.base@21.0.1/com.sun.javafx.event.BasicEventDispatcher.dispatchEvent(BasicEventDispatcher.java:56)
	at javafx.base@21.0.1/com.sun.javafx.event.EventDispatchChainImpl.dispatchEvent(EventDispatchChainImpl.java:114)
	at javafx.base@21.0.1/com.sun.javafx.event.BasicEventDispatcher.dispatchEvent(BasicEventDispatcher.java:56)
	at javafx.base@21.0.1/com.sun.javafx.event.EventDispatchChainImpl.dispatchEvent(EventDispatchChainImpl.java:114)
	at javafx.base@21.0.1/com.sun.javafx.event.EventUtil.fireEventImpl(EventUtil.java:74)
	at javafx.base@21.0.1/com.sun.javafx.event.EventUtil.fireEvent(EventUtil.java:49)
	at javafx.base@21.0.1/javafx.event.Event.fireEvent(Event.java:198)
	at javafx.graphics@21.0.1/javafx.scene.Node.fireEvent(Node.java:8875)
	at javafx.controls@21.0.1/javafx.scene.control.Button.fire(Button.java:203)
	at javafx.controls@21.0.1/com.sun.javafx.scene.control.behavior.ButtonBehavior.mouseReleased(ButtonBehavior.java:207)
	at javafx.controls@21.0.1/com.sun.javafx.scene.control.inputmap.InputMap.handle(InputMap.java:274)
	at javafx.base@21.0.1/com.sun.javafx.event.CompositeEventHandler$NormalEventHandlerRecord.handleBubblingEvent(CompositeEventHandler.java:247)
	at javafx.base@21.0.1/com.sun.javafx.event.CompositeEventHandler.dispatchBubblingEvent(CompositeEventHandler.java:80)
	at javafx.base@21.0.1/com.sun.javafx.event.EventHandlerManager.dispatchBubblingEvent(EventHandlerManager.java:232)
	at javafx.base@21.0.1/com.sun.javafx.event.EventHandlerManager.dispatchBubblingEvent(EventHandlerManager.java:189)
	at javafx.base@21.0.1/com.sun.javafx.event.CompositeEventDispatcher.dispatchBubblingEvent(CompositeEventDispatcher.java:59)
	at javafx.base@21.0.1/com.sun.javafx.event.BasicEventDispatcher.dispatchEvent(BasicEventDispatcher.java:58)
	at javafx.base@21.0.1/com.sun.javafx.event.EventDispatchChainImpl.dispatchEvent(EventDispatchChainImpl.java:114)
	at javafx.base@21.0.1/com.sun.javafx.event.BasicEventDispatcher.dispatchEvent(BasicEventDispatcher.java:56)
	at javafx.base@21.0.1/com.sun.javafx.event.EventDispatchChainImpl.dispatchEvent(EventDispatchChainImpl.java:114)
	at javafx.base@21.0.1/com.sun.javafx.event.BasicEventDispatcher.dispatchEvent(BasicEventDispatcher.java:56)
	at javafx.base@21.0.1/com.sun.javafx.event.EventDispatchChainImpl.dispatchEvent(EventDispatchChainImpl.java:114)
	at javafx.base@21.0.1/com.sun.javafx.event.BasicEventDispatcher.dispatchEvent(BasicEventDispatcher.java:56)
	at javafx.base@21.0.1/com.sun.javafx.event.EventDispatchChainImpl.dispatchEvent(EventDispatchChainImpl.java:114)
	at javafx.base@21.0.1/com.sun.javafx.event.EventUtil.fireEventImpl(EventUtil.java:74)
	at javafx.base@21.0.1/com.sun.javafx.event.EventUtil.fireEvent(EventUtil.java:54)
	at javafx.base@21.0.1/javafx.event.Event.fireEvent(Event.java:198)
	at javafx.graphics@21.0.1/javafx.scene.Scene$MouseHandler.process(Scene.java:3984)
	at javafx.graphics@21.0.1/javafx.scene.Scene.processMouseEvent(Scene.java:1890)
	at javafx.graphics@21.0.1/javafx.scene.Scene$ScenePeerListener.mouseEvent(Scene.java:2708)
	at javafx.graphics@21.0.1/com.sun.javafx.tk.quantum.GlassViewEventHandler$MouseEventNotification.run(GlassViewEventHandler.java:411)
	at javafx.graphics@21.0.1/com.sun.javafx.tk.quantum.GlassViewEventHandler$MouseEventNotification.run(GlassViewEventHandler.java:301)
	at java.base/java.security.AccessController.doPrivileged(AccessController.java:400)
	at javafx.graphics@21.0.1/com.sun.javafx.tk.quantum.GlassViewEventHandler.lambda$handleMouseEvent$2(GlassViewEventHandler.java:450)
	at javafx.graphics@21.0.1/com.sun.javafx.tk.quantum.QuantumToolkit.runWithoutRenderLock(QuantumToolkit.java:424)
	at javafx.graphics@21.0.1/com.sun.javafx.tk.quantum.GlassViewEventHandler.handleMouseEvent(GlassViewEventHandler.java:449)
	at javafx.graphics@21.0.1/com.sun.glass.ui.View.handleMouseEvent(View.java:551)
	at javafx.graphics@21.0.1/com.sun.glass.ui.View.notifyMouse(View.java:937)
	at javafx.graphics@21.0.1/com.sun.glass.ui.win.WinApplication._runLoop(Native Method)
	at javafx.graphics@21.0.1/com.sun.glass.ui.win.WinApplication.lambda$runLoop$3(WinApplication.java:185)
	at java.base/java.lang.Thread.run(Thread.java:1583)
Caused by: javax.xml.stream.XMLStreamException: ParseError at [row,col]:[118,6]
Message: The element type "ScrollPane" must be terminated by the matching end-tag "</ScrollPane>".
	at java.xml/com.sun.org.apache.xerces.internal.impl.XMLStreamReaderImpl.next(XMLStreamReaderImpl.java:652)
	at java.xml/javax.xml.stream.util.StreamReaderDelegate.next(StreamReaderDelegate.java:84)
	at javafx.fxml@21.0.1/javafx.fxml.FXMLLoader.loadImpl(FXMLLoader.java:2635)
	... 62 common frames omitted
2025-10-05 20:42:01 [JavaFX Application Thread] ERROR p.c.a.v.c.ClienteMainController - Error al cargar pantalla del simulador
javafx.fxml.LoadException: 
/C:/Users/USER/OneDrive/Escritorio/proyecto_v4.0/target/classes/fxml/cliente/SimuladorClienteView.fxml:118

	at javafx.fxml@21.0.1/javafx.fxml.FXMLLoader.constructLoadException(FXMLLoader.java:2722)
	at javafx.fxml@21.0.1/javafx.fxml.FXMLLoader.loadImpl(FXMLLoader.java:2665)
	at javafx.fxml@21.0.1/javafx.fxml.FXMLLoader.loadImpl(FXMLLoader.java:2563)
	at javafx.fxml@21.0.1/javafx.fxml.FXMLLoader.load(FXMLLoader.java:2531)
	at pe.crediactiva.app.view.cliente.ClienteMainController.handleSimulador(ClienteMainController.java:353)
	at java.base/jdk.internal.reflect.DirectMethodHandleAccessor.invoke(DirectMethodHandleAccessor.java:103)
	at java.base/java.lang.reflect.Method.invoke(Method.java:580)
	at com.sun.javafx.reflect.Trampoline.invoke(MethodUtil.java:72)
	at java.base/jdk.internal.reflect.DirectMethodHandleAccessor.invoke(DirectMethodHandleAccessor.java:103)
	at java.base/java.lang.reflect.Method.invoke(Method.java:580)
	at javafx.base@21.0.1/com.sun.javafx.reflect.MethodUtil.invoke(MethodUtil.java:270)
	at javafx.fxml@21.0.1/com.sun.javafx.fxml.MethodHelper.invoke(MethodHelper.java:84)
	at javafx.fxml@21.0.1/javafx.fxml.FXMLLoader$MethodHandler.invoke(FXMLLoader.java:1855)
	at javafx.fxml@21.0.1/javafx.fxml.FXMLLoader$ControllerMethodEventHandler.handle(FXMLLoader.java:1726)
	at javafx.base@21.0.1/com.sun.javafx.event.CompositeEventHandler.dispatchBubblingEvent(CompositeEventHandler.java:86)
	at javafx.base@21.0.1/com.sun.javafx.event.EventHandlerManager.dispatchBubblingEvent(EventHandlerManager.java:232)
	at javafx.base@21.0.1/com.sun.javafx.event.EventHandlerManager.dispatchBubblingEvent(EventHandlerManager.java:189)
	at javafx.base@21.0.1/com.sun.javafx.event.CompositeEventDispatcher.dispatchBubblingEvent(CompositeEventDispatcher.java:59)
	at javafx.base@21.0.1/com.sun.javafx.event.BasicEventDispatcher.dispatchEvent(BasicEventDispatcher.java:58)
	at javafx.base@21.0.1/com.sun.javafx.event.EventDispatchChainImpl.dispatchEvent(EventDispatchChainImpl.java:114)
	at javafx.base@21.0.1/com.sun.javafx.event.BasicEventDispatcher.dispatchEvent(BasicEventDispatcher.java:56)
	at javafx.base@21.0.1/com.sun.javafx.event.EventDispatchChainImpl.dispatchEvent(EventDispatchChainImpl.java:114)
	at javafx.base@21.0.1/com.sun.javafx.event.BasicEventDispatcher.dispatchEvent(BasicEventDispatcher.java:56)
	at javafx.base@21.0.1/com.sun.javafx.event.EventDispatchChainImpl.dispatchEvent(EventDispatchChainImpl.java:114)
	at javafx.base@21.0.1/com.sun.javafx.event.BasicEventDispatcher.dispatchEvent(BasicEventDispatcher.java:56)
	at javafx.base@21.0.1/com.sun.javafx.event.EventDispatchChainImpl.dispatchEvent(EventDispatchChainImpl.java:114)
	at javafx.base@21.0.1/com.sun.javafx.event.EventUtil.fireEventImpl(EventUtil.java:74)
	at javafx.base@21.0.1/com.sun.javafx.event.EventUtil.fireEvent(EventUtil.java:49)
	at javafx.base@21.0.1/javafx.event.Event.fireEvent(Event.java:198)
	at javafx.graphics@21.0.1/javafx.scene.Node.fireEvent(Node.java:8875)
	at javafx.controls@21.0.1/javafx.scene.control.Button.fire(Button.java:203)
	at javafx.controls@21.0.1/com.sun.javafx.scene.control.behavior.ButtonBehavior.mouseReleased(ButtonBehavior.java:207)
	at javafx.controls@21.0.1/com.sun.javafx.scene.control.inputmap.InputMap.handle(InputMap.java:274)
	at javafx.base@21.0.1/com.sun.javafx.event.CompositeEventHandler$NormalEventHandlerRecord.handleBubblingEvent(CompositeEventHandler.java:247)
	at javafx.base@21.0.1/com.sun.javafx.event.CompositeEventHandler.dispatchBubblingEvent(CompositeEventHandler.java:80)
	at javafx.base@21.0.1/com.sun.javafx.event.EventHandlerManager.dispatchBubblingEvent(EventHandlerManager.java:232)
	at javafx.base@21.0.1/com.sun.javafx.event.EventHandlerManager.dispatchBubblingEvent(EventHandlerManager.java:189)
	at javafx.base@21.0.1/com.sun.javafx.event.CompositeEventDispatcher.dispatchBubblingEvent(CompositeEventDispatcher.java:59)
	at javafx.base@21.0.1/com.sun.javafx.event.BasicEventDispatcher.dispatchEvent(BasicEventDispatcher.java:58)
	at javafx.base@21.0.1/com.sun.javafx.event.EventDispatchChainImpl.dispatchEvent(EventDispatchChainImpl.java:114)
	at javafx.base@21.0.1/com.sun.javafx.event.BasicEventDispatcher.dispatchEvent(BasicEventDispatcher.java:56)
	at javafx.base@21.0.1/com.sun.javafx.event.EventDispatchChainImpl.dispatchEvent(EventDispatchChainImpl.java:114)
	at javafx.base@21.0.1/com.sun.javafx.event.BasicEventDispatcher.dispatchEvent(BasicEventDispatcher.java:56)
	at javafx.base@21.0.1/com.sun.javafx.event.EventDispatchChainImpl.dispatchEvent(EventDispatchChainImpl.java:114)
	at javafx.base@21.0.1/com.sun.javafx.event.BasicEventDispatcher.dispatchEvent(BasicEventDispatcher.java:56)
	at javafx.base@21.0.1/com.sun.javafx.event.EventDispatchChainImpl.dispatchEvent(EventDispatchChainImpl.java:114)
	at javafx.base@21.0.1/com.sun.javafx.event.EventUtil.fireEventImpl(EventUtil.java:74)
	at javafx.base@21.0.1/com.sun.javafx.event.EventUtil.fireEvent(EventUtil.java:54)
	at javafx.base@21.0.1/javafx.event.Event.fireEvent(Event.java:198)
	at javafx.graphics@21.0.1/javafx.scene.Scene$MouseHandler.process(Scene.java:3984)
	at javafx.graphics@21.0.1/javafx.scene.Scene.processMouseEvent(Scene.java:1890)
	at javafx.graphics@21.0.1/javafx.scene.Scene$ScenePeerListener.mouseEvent(Scene.java:2708)
	at javafx.graphics@21.0.1/com.sun.javafx.tk.quantum.GlassViewEventHandler$MouseEventNotification.run(GlassViewEventHandler.java:411)
	at javafx.graphics@21.0.1/com.sun.javafx.tk.quantum.GlassViewEventHandler$MouseEventNotification.run(GlassViewEventHandler.java:301)
	at java.base/java.security.AccessController.doPrivileged(AccessController.java:400)
	at javafx.graphics@21.0.1/com.sun.javafx.tk.quantum.GlassViewEventHandler.lambda$handleMouseEvent$2(GlassViewEventHandler.java:450)
	at javafx.graphics@21.0.1/com.sun.javafx.tk.quantum.QuantumToolkit.runWithoutRenderLock(QuantumToolkit.java:424)
	at javafx.graphics@21.0.1/com.sun.javafx.tk.quantum.GlassViewEventHandler.handleMouseEvent(GlassViewEventHandler.java:449)
	at javafx.graphics@21.0.1/com.sun.glass.ui.View.handleMouseEvent(View.java:551)
	at javafx.graphics@21.0.1/com.sun.glass.ui.View.notifyMouse(View.java:937)
	at javafx.graphics@21.0.1/com.sun.glass.ui.win.WinApplication._runLoop(Native Method)
	at javafx.graphics@21.0.1/com.sun.glass.ui.win.WinApplication.lambda$runLoop$3(WinApplication.java:185)
	at java.base/java.lang.Thread.run(Thread.java:1583)
Caused by: javax.xml.stream.XMLStreamException: ParseError at [row,col]:[118,6]
Message: The element type "ScrollPane" must be terminated by the matching end-tag "</ScrollPane>".
	at java.xml/com.sun.org.apache.xerces.internal.impl.XMLStreamReaderImpl.next(XMLStreamReaderImpl.java:652)
	at java.xml/javax.xml.stream.util.StreamReaderDelegate.next(StreamReaderDelegate.java:84)
	at javafx.fxml@21.0.1/javafx.fxml.FXMLLoader.loadImpl(FXMLLoader.java:2635)
	... 61 common frames omitted
2025-10-05 20:42:03 [JavaFX Application Thread] ERROR p.c.a.v.c.ClienteMainController - Error al cargar pantalla del simulador
javafx.fxml.LoadException: 
/C:/Users/USER/OneDrive/Escritorio/proyecto_v4.0/target/classes/fxml/cliente/SimuladorClienteView.fxml:118

	at javafx.fxml@21.0.1/javafx.fxml.FXMLLoader.constructLoadException(FXMLLoader.java:2722)
	at javafx.fxml@21.0.1/javafx.fxml.FXMLLoader.loadImpl(FXMLLoader.java:2665)
	at javafx.fxml@21.0.1/javafx.fxml.FXMLLoader.loadImpl(FXMLLoader.java:2563)
	at javafx.fxml@21.0.1/javafx.fxml.FXMLLoader.load(FXMLLoader.java:2531)
	at pe.crediactiva.app.view.cliente.ClienteMainController.handleSimulador(ClienteMainController.java:353)
	at java.base/jdk.internal.reflect.DirectMethodHandleAccessor.invoke(DirectMethodHandleAccessor.java:103)
	at java.base/java.lang.reflect.Method.invoke(Method.java:580)
	at com.sun.javafx.reflect.Trampoline.invoke(MethodUtil.java:72)
	at java.base/jdk.internal.reflect.DirectMethodHandleAccessor.invoke(DirectMethodHandleAccessor.java:103)
	at java.base/java.lang.reflect.Method.invoke(Method.java:580)
	at javafx.base@21.0.1/com.sun.javafx.reflect.MethodUtil.invoke(MethodUtil.java:270)
	at javafx.fxml@21.0.1/com.sun.javafx.fxml.MethodHelper.invoke(MethodHelper.java:84)
	at javafx.fxml@21.0.1/javafx.fxml.FXMLLoader$MethodHandler.invoke(FXMLLoader.java:1855)
	at javafx.fxml@21.0.1/javafx.fxml.FXMLLoader$ControllerMethodEventHandler.handle(FXMLLoader.java:1726)
	at javafx.base@21.0.1/com.sun.javafx.event.CompositeEventHandler.dispatchBubblingEvent(CompositeEventHandler.java:86)
	at javafx.base@21.0.1/com.sun.javafx.event.EventHandlerManager.dispatchBubblingEvent(EventHandlerManager.java:232)
	at javafx.base@21.0.1/com.sun.javafx.event.EventHandlerManager.dispatchBubblingEvent(EventHandlerManager.java:189)
	at javafx.base@21.0.1/com.sun.javafx.event.CompositeEventDispatcher.dispatchBubblingEvent(CompositeEventDispatcher.java:59)
	at javafx.base@21.0.1/com.sun.javafx.event.BasicEventDispatcher.dispatchEvent(BasicEventDispatcher.java:58)
	at javafx.base@21.0.1/com.sun.javafx.event.EventDispatchChainImpl.dispatchEvent(EventDispatchChainImpl.java:114)
	at javafx.base@21.0.1/com.sun.javafx.event.BasicEventDispatcher.dispatchEvent(BasicEventDispatcher.java:56)
	at javafx.base@21.0.1/com.sun.javafx.event.EventDispatchChainImpl.dispatchEvent(EventDispatchChainImpl.java:114)
	at javafx.base@21.0.1/com.sun.javafx.event.BasicEventDispatcher.dispatchEvent(BasicEventDispatcher.java:56)
	at javafx.base@21.0.1/com.sun.javafx.event.EventDispatchChainImpl.dispatchEvent(EventDispatchChainImpl.java:114)
	at javafx.base@21.0.1/com.sun.javafx.event.BasicEventDispatcher.dispatchEvent(BasicEventDispatcher.java:56)
	at javafx.base@21.0.1/com.sun.javafx.event.EventDispatchChainImpl.dispatchEvent(EventDispatchChainImpl.java:114)
	at javafx.base@21.0.1/com.sun.javafx.event.EventUtil.fireEventImpl(EventUtil.java:74)
	at javafx.base@21.0.1/com.sun.javafx.event.EventUtil.fireEvent(EventUtil.java:49)
	at javafx.base@21.0.1/javafx.event.Event.fireEvent(Event.java:198)
	at javafx.graphics@21.0.1/javafx.scene.Node.fireEvent(Node.java:8875)
	at javafx.controls@21.0.1/javafx.scene.control.Button.fire(Button.java:203)
	at javafx.controls@21.0.1/com.sun.javafx.scene.control.behavior.ButtonBehavior.mouseReleased(ButtonBehavior.java:207)
	at javafx.controls@21.0.1/com.sun.javafx.scene.control.inputmap.InputMap.handle(InputMap.java:274)
	at javafx.base@21.0.1/com.sun.javafx.event.CompositeEventHandler$NormalEventHandlerRecord.handleBubblingEvent(CompositeEventHandler.java:247)
	at javafx.base@21.0.1/com.sun.javafx.event.CompositeEventHandler.dispatchBubblingEvent(CompositeEventHandler.java:80)
	at javafx.base@21.0.1/com.sun.javafx.event.EventHandlerManager.dispatchBubblingEvent(EventHandlerManager.java:232)
	at javafx.base@21.0.1/com.sun.javafx.event.EventHandlerManager.dispatchBubblingEvent(EventHandlerManager.java:189)
	at javafx.base@21.0.1/com.sun.javafx.event.CompositeEventDispatcher.dispatchBubblingEvent(CompositeEventDispatcher.java:59)
	at javafx.base@21.0.1/com.sun.javafx.event.BasicEventDispatcher.dispatchEvent(BasicEventDispatcher.java:58)
	at javafx.base@21.0.1/com.sun.javafx.event.EventDispatchChainImpl.dispatchEvent(EventDispatchChainImpl.java:114)
	at javafx.base@21.0.1/com.sun.javafx.event.BasicEventDispatcher.dispatchEvent(BasicEventDispatcher.java:56)
	at javafx.base@21.0.1/com.sun.javafx.event.EventDispatchChainImpl.dispatchEvent(EventDispatchChainImpl.java:114)
	at javafx.base@21.0.1/com.sun.javafx.event.BasicEventDispatcher.dispatchEvent(BasicEventDispatcher.java:56)
	at javafx.base@21.0.1/com.sun.javafx.event.EventDispatchChainImpl.dispatchEvent(EventDispatchChainImpl.java:114)
	at javafx.base@21.0.1/com.sun.javafx.event.BasicEventDispatcher.dispatchEvent(BasicEventDispatcher.java:56)
	at javafx.base@21.0.1/com.sun.javafx.event.EventDispatchChainImpl.dispatchEvent(EventDispatchChainImpl.java:114)
	at javafx.base@21.0.1/com.sun.javafx.event.EventUtil.fireEventImpl(EventUtil.java:74)
	at javafx.base@21.0.1/com.sun.javafx.event.EventUtil.fireEvent(EventUtil.java:54)
	at javafx.base@21.0.1/javafx.event.Event.fireEvent(Event.java:198)
	at javafx.graphics@21.0.1/javafx.scene.Scene$MouseHandler.process(Scene.java:3984)
	at javafx.graphics@21.0.1/javafx.scene.Scene.processMouseEvent(Scene.java:1890)
	at javafx.graphics@21.0.1/javafx.scene.Scene$ScenePeerListener.mouseEvent(Scene.java:2708)
	at javafx.graphics@21.0.1/com.sun.javafx.tk.quantum.GlassViewEventHandler$MouseEventNotification.run(GlassViewEventHandler.java:411)
	at javafx.graphics@21.0.1/com.sun.javafx.tk.quantum.GlassViewEventHandler$MouseEventNotification.run(GlassViewEventHandler.java:301)
	at java.base/java.security.AccessController.doPrivileged(AccessController.java:400)
	at javafx.graphics@21.0.1/com.sun.javafx.tk.quantum.GlassViewEventHandler.lambda$handleMouseEvent$2(GlassViewEventHandler.java:450)
	at javafx.graphics@21.0.1/com.sun.javafx.tk.quantum.QuantumToolkit.runWithoutRenderLock(QuantumToolkit.java:424)
	at javafx.graphics@21.0.1/com.sun.javafx.tk.quantum.GlassViewEventHandler.handleMouseEvent(GlassViewEventHandler.java:449)
	at javafx.graphics@21.0.1/com.sun.glass.ui.View.handleMouseEvent(View.java:551)
	at javafx.graphics@21.0.1/com.sun.glass.ui.View.notifyMouse(View.java:937)
	at javafx.graphics@21.0.1/com.sun.glass.ui.win.WinApplication._runLoop(Native Method)
	at javafx.graphics@21.0.1/com.sun.glass.ui.win.WinApplication.lambda$runLoop$3(WinApplication.java:185)
	at java.base/java.lang.Thread.run(Thread.java:1583)
Caused by: javax.xml.stream.XMLStreamException: ParseError at [row,col]:[118,6]
Message: The element type "ScrollPane" must be terminated by the matching end-tag "</ScrollPane>".
	at java.xml/com.sun.org.apache.xerces.internal.impl.XMLStreamReaderImpl.next(XMLStreamReaderImpl.java:652)
	at java.xml/javax.xml.stream.util.StreamReaderDelegate.next(StreamReaderDelegate.java:84)
	at javafx.fxml@21.0.1/javafx.fxml.FXMLLoader.loadImpl(FXMLLoader.java:2635)
	... 61 common frames omitted
2025-10-05 20:42:06 [JavaFX Application Thread] ERROR p.c.a.v.c.ClienteMainController - Error al cargar pantalla del simulador
javafx.fxml.LoadException: 
/C:/Users/USER/OneDrive/Escritorio/proyecto_v4.0/target/classes/fxml/cliente/SimuladorClienteView.fxml:118

	at javafx.fxml@21.0.1/javafx.fxml.FXMLLoader.constructLoadException(FXMLLoader.java:2722)
	at javafx.fxml@21.0.1/javafx.fxml.FXMLLoader.loadImpl(FXMLLoader.java:2665)
	at javafx.fxml@21.0.1/javafx.fxml.FXMLLoader.loadImpl(FXMLLoader.java:2563)
	at javafx.fxml@21.0.1/javafx.fxml.FXMLLoader.load(FXMLLoader.java:2531)
	at pe.crediactiva.app.view.cliente.ClienteMainController.handleSimulador(ClienteMainController.java:353)
	at java.base/jdk.internal.reflect.DirectMethodHandleAccessor.invoke(DirectMethodHandleAccessor.java:103)
	at java.base/java.lang.reflect.Method.invoke(Method.java:580)
	at com.sun.javafx.reflect.Trampoline.invoke(MethodUtil.java:72)
	at java.base/jdk.internal.reflect.DirectMethodHandleAccessor.invoke(DirectMethodHandleAccessor.java:103)
	at java.base/java.lang.reflect.Method.invoke(Method.java:580)
	at javafx.base@21.0.1/com.sun.javafx.reflect.MethodUtil.invoke(MethodUtil.java:270)
	at javafx.fxml@21.0.1/com.sun.javafx.fxml.MethodHelper.invoke(MethodHelper.java:84)
	at javafx.fxml@21.0.1/javafx.fxml.FXMLLoader$MethodHandler.invoke(FXMLLoader.java:1855)
	at javafx.fxml@21.0.1/javafx.fxml.FXMLLoader$ControllerMethodEventHandler.handle(FXMLLoader.java:1726)
	at javafx.base@21.0.1/com.sun.javafx.event.CompositeEventHandler.dispatchBubblingEvent(CompositeEventHandler.java:86)
	at javafx.base@21.0.1/com.sun.javafx.event.EventHandlerManager.dispatchBubblingEvent(EventHandlerManager.java:232)
	at javafx.base@21.0.1/com.sun.javafx.event.EventHandlerManager.dispatchBubblingEvent(EventHandlerManager.java:189)
	at javafx.base@21.0.1/com.sun.javafx.event.CompositeEventDispatcher.dispatchBubblingEvent(CompositeEventDispatcher.java:59)
	at javafx.base@21.0.1/com.sun.javafx.event.BasicEventDispatcher.dispatchEvent(BasicEventDispatcher.java:58)
	at javafx.base@21.0.1/com.sun.javafx.event.EventDispatchChainImpl.dispatchEvent(EventDispatchChainImpl.java:114)
	at javafx.base@21.0.1/com.sun.javafx.event.BasicEventDispatcher.dispatchEvent(BasicEventDispatcher.java:56)
	at javafx.base@21.0.1/com.sun.javafx.event.EventDispatchChainImpl.dispatchEvent(EventDispatchChainImpl.java:114)
	at javafx.base@21.0.1/com.sun.javafx.event.BasicEventDispatcher.dispatchEvent(BasicEventDispatcher.java:56)
	at javafx.base@21.0.1/com.sun.javafx.event.EventDispatchChainImpl.dispatchEvent(EventDispatchChainImpl.java:114)
	at javafx.base@21.0.1/com.sun.javafx.event.BasicEventDispatcher.dispatchEvent(BasicEventDispatcher.java:56)
	at javafx.base@21.0.1/com.sun.javafx.event.EventDispatchChainImpl.dispatchEvent(EventDispatchChainImpl.java:114)
	at javafx.base@21.0.1/com.sun.javafx.event.EventUtil.fireEventImpl(EventUtil.java:74)
	at javafx.base@21.0.1/com.sun.javafx.event.EventUtil.fireEvent(EventUtil.java:49)
	at javafx.base@21.0.1/javafx.event.Event.fireEvent(Event.java:198)
	at javafx.graphics@21.0.1/javafx.scene.Node.fireEvent(Node.java:8875)
	at javafx.controls@21.0.1/javafx.scene.control.Button.fire(Button.java:203)
	at javafx.controls@21.0.1/com.sun.javafx.scene.control.behavior.ButtonBehavior.mouseReleased(ButtonBehavior.java:207)
	at javafx.controls@21.0.1/com.sun.javafx.scene.control.inputmap.InputMap.handle(InputMap.java:274)
	at javafx.base@21.0.1/com.sun.javafx.event.CompositeEventHandler$NormalEventHandlerRecord.handleBubblingEvent(CompositeEventHandler.java:247)
	at javafx.base@21.0.1/com.sun.javafx.event.CompositeEventHandler.dispatchBubblingEvent(CompositeEventHandler.java:80)
	at javafx.base@21.0.1/com.sun.javafx.event.EventHandlerManager.dispatchBubblingEvent(EventHandlerManager.java:232)
	at javafx.base@21.0.1/com.sun.javafx.event.EventHandlerManager.dispatchBubblingEvent(EventHandlerManager.java:189)
	at javafx.base@21.0.1/com.sun.javafx.event.CompositeEventDispatcher.dispatchBubblingEvent(CompositeEventDispatcher.java:59)
	at javafx.base@21.0.1/com.sun.javafx.event.BasicEventDispatcher.dispatchEvent(BasicEventDispatcher.java:58)
	at javafx.base@21.0.1/com.sun.javafx.event.EventDispatchChainImpl.dispatchEvent(EventDispatchChainImpl.java:114)
	at javafx.base@21.0.1/com.sun.javafx.event.BasicEventDispatcher.dispatchEvent(BasicEventDispatcher.java:56)
	at javafx.base@21.0.1/com.sun.javafx.event.EventDispatchChainImpl.dispatchEvent(EventDispatchChainImpl.java:114)
	at javafx.base@21.0.1/com.sun.javafx.event.BasicEventDispatcher.dispatchEvent(BasicEventDispatcher.java:56)
	at javafx.base@21.0.1/com.sun.javafx.event.EventDispatchChainImpl.dispatchEvent(EventDispatchChainImpl.java:114)
	at javafx.base@21.0.1/com.sun.javafx.event.BasicEventDispatcher.dispatchEvent(BasicEventDispatcher.java:56)
	at javafx.base@21.0.1/com.sun.javafx.event.EventDispatchChainImpl.dispatchEvent(EventDispatchChainImpl.java:114)
	at javafx.base@21.0.1/com.sun.javafx.event.EventUtil.fireEventImpl(EventUtil.java:74)
	at javafx.base@21.0.1/com.sun.javafx.event.EventUtil.fireEvent(EventUtil.java:54)
	at javafx.base@21.0.1/javafx.event.Event.fireEvent(Event.java:198)
	at javafx.graphics@21.0.1/javafx.scene.Scene$MouseHandler.process(Scene.java:3984)
	at javafx.graphics@21.0.1/javafx.scene.Scene.processMouseEvent(Scene.java:1890)
	at javafx.graphics@21.0.1/javafx.scene.Scene$ScenePeerListener.mouseEvent(Scene.java:2708)
	at javafx.graphics@21.0.1/com.sun.javafx.tk.quantum.GlassViewEventHandler$MouseEventNotification.run(GlassViewEventHandler.java:411)
	at javafx.graphics@21.0.1/com.sun.javafx.tk.quantum.GlassViewEventHandler$MouseEventNotification.run(GlassViewEventHandler.java:301)
	at java.base/java.security.AccessController.doPrivileged(AccessController.java:400)
	at javafx.graphics@21.0.1/com.sun.javafx.tk.quantum.GlassViewEventHandler.lambda$handleMouseEvent$2(GlassViewEventHandler.java:450)
	at javafx.graphics@21.0.1/com.sun.javafx.tk.quantum.QuantumToolkit.runWithoutRenderLock(QuantumToolkit.java:424)
	at javafx.graphics@21.0.1/com.sun.javafx.tk.quantum.GlassViewEventHandler.handleMouseEvent(GlassViewEventHandler.java:449)
	at javafx.graphics@21.0.1/com.sun.glass.ui.View.handleMouseEvent(View.java:551)
	at javafx.graphics@21.0.1/com.sun.glass.ui.View.notifyMouse(View.java:937)
	at javafx.graphics@21.0.1/com.sun.glass.ui.win.WinApplication._runLoop(Native Method)
	at javafx.graphics@21.0.1/com.sun.glass.ui.win.WinApplication.lambda$runLoop$3(WinApplication.java:185)
	at java.base/java.lang.Thread.run(Thread.java:1583)
Caused by: javax.xml.stream.XMLStreamException: ParseError at [row,col]:[118,6]
Message: The element type "ScrollPane" must be terminated by the matching end-tag "</ScrollPane>".
	at java.xml/com.sun.org.apache.xerces.internal.impl.XMLStreamReaderImpl.next(XMLStreamReaderImpl.java:652)
	at java.xml/javax.xml.stream.util.StreamReaderDelegate.next(StreamReaderDelegate.java:84)
	at javafx.fxml@21.0.1/javafx.fxml.FXMLLoader.loadImpl(FXMLLoader.java:2635)
	... 61 common frames omitted
2025-10-05 20:42:09 [JavaFX Application Thread] INFO  p.c.a.v.c.RecibosClienteController - Pantalla de recibos del cliente inicializada correctamente
2025-10-05 20:42:11 [JavaFX Application Thread] ERROR p.c.app.dao.impl.PrestamoDAOImpl - Error al buscar préstamos por cliente y estado: 11111111, ACTIVO
java.sql.SQLException: Column 'cliente_nombre' not found.
	at com.mysql.cj.jdbc.exceptions.SQLError.createSQLException(SQLError.java:130)
	at com.mysql.cj.jdbc.exceptions.SQLError.createSQLException(SQLError.java:98)
	at com.mysql.cj.jdbc.exceptions.SQLError.createSQLException(SQLError.java:90)
	at com.mysql.cj.jdbc.exceptions.SQLError.createSQLException(SQLError.java:64)
	at com.mysql.cj.jdbc.result.ResultSetImpl.findColumn(ResultSetImpl.java:584)
	at com.mysql.cj.jdbc.result.ResultSetImpl.getString(ResultSetImpl.java:896)
	at com.zaxxer.hikari.pool.HikariProxyResultSet.getString(HikariProxyResultSet.java)
	at pe.crediactiva.app.dao.impl.PrestamoDAOImpl.mapResultSetToPrestamo(PrestamoDAOImpl.java:522)
	at pe.crediactiva.app.dao.impl.PrestamoDAOImpl.findByClienteAndEstado(PrestamoDAOImpl.java:475)
	at pe.crediactiva.app.service.PrestamoService.obtenerPrestamosActivosPorCliente(PrestamoService.java:399)
	at pe.crediactiva.app.view.cliente.ClienteMainController.cargarEstadisticasResumen(ClienteMainController.java:198)
	at pe.crediactiva.app.view.cliente.ClienteMainController.initialize(ClienteMainController.java:147)
	at java.base/jdk.internal.reflect.DirectMethodHandleAccessor.invoke(DirectMethodHandleAccessor.java:103)
	at java.base/java.lang.reflect.Method.invoke(Method.java:580)
	at com.sun.javafx.reflect.Trampoline.invoke(MethodUtil.java:72)
	at java.base/jdk.internal.reflect.DirectMethodHandleAccessor.invoke(DirectMethodHandleAccessor.java:103)
	at java.base/java.lang.reflect.Method.invoke(Method.java:580)
	at javafx.base@21.0.1/com.sun.javafx.reflect.MethodUtil.invoke(MethodUtil.java:270)
	at javafx.fxml@21.0.1/com.sun.javafx.fxml.MethodHelper.invoke(MethodHelper.java:84)
	at javafx.fxml@21.0.1/javafx.fxml.FXMLLoader.loadImpl(FXMLLoader.java:2688)
	at javafx.fxml@21.0.1/javafx.fxml.FXMLLoader.loadImpl(FXMLLoader.java:2563)
	at javafx.fxml@21.0.1/javafx.fxml.FXMLLoader.load(FXMLLoader.java:2531)
	at pe.crediactiva.app.view.cliente.RecibosClienteController.handleVolver(RecibosClienteController.java:380)
	at java.base/jdk.internal.reflect.DirectMethodHandleAccessor.invoke(DirectMethodHandleAccessor.java:103)
	at java.base/java.lang.reflect.Method.invoke(Method.java:580)
	at com.sun.javafx.reflect.Trampoline.invoke(MethodUtil.java:72)
	at java.base/jdk.internal.reflect.DirectMethodHandleAccessor.invoke(DirectMethodHandleAccessor.java:103)
	at java.base/java.lang.reflect.Method.invoke(Method.java:580)
	at javafx.base@21.0.1/com.sun.javafx.reflect.MethodUtil.invoke(MethodUtil.java:270)
	at javafx.fxml@21.0.1/com.sun.javafx.fxml.MethodHelper.invoke(MethodHelper.java:84)
	at javafx.fxml@21.0.1/javafx.fxml.FXMLLoader$MethodHandler.invoke(FXMLLoader.java:1855)
	at javafx.fxml@21.0.1/javafx.fxml.FXMLLoader$ControllerMethodEventHandler.handle(FXMLLoader.java:1726)
	at javafx.base@21.0.1/com.sun.javafx.event.CompositeEventHandler.dispatchBubblingEvent(CompositeEventHandler.java:86)
	at javafx.base@21.0.1/com.sun.javafx.event.EventHandlerManager.dispatchBubblingEvent(EventHandlerManager.java:232)
	at javafx.base@21.0.1/com.sun.javafx.event.EventHandlerManager.dispatchBubblingEvent(EventHandlerManager.java:189)
	at javafx.base@21.0.1/com.sun.javafx.event.CompositeEventDispatcher.dispatchBubblingEvent(CompositeEventDispatcher.java:59)
	at javafx.base@21.0.1/com.sun.javafx.event.BasicEventDispatcher.dispatchEvent(BasicEventDispatcher.java:58)
	at javafx.base@21.0.1/com.sun.javafx.event.EventDispatchChainImpl.dispatchEvent(EventDispatchChainImpl.java:114)
	at javafx.base@21.0.1/com.sun.javafx.event.BasicEventDispatcher.dispatchEvent(BasicEventDispatcher.java:56)
	at javafx.base@21.0.1/com.sun.javafx.event.EventDispatchChainImpl.dispatchEvent(EventDispatchChainImpl.java:114)
	at javafx.base@21.0.1/com.sun.javafx.event.BasicEventDispatcher.dispatchEvent(BasicEventDispatcher.java:56)
	at javafx.base@21.0.1/com.sun.javafx.event.EventDispatchChainImpl.dispatchEvent(EventDispatchChainImpl.java:114)
	at javafx.base@21.0.1/com.sun.javafx.event.EventUtil.fireEventImpl(EventUtil.java:74)
	at javafx.base@21.0.1/com.sun.javafx.event.EventUtil.fireEvent(EventUtil.java:49)
	at javafx.base@21.0.1/javafx.event.Event.fireEvent(Event.java:198)
	at javafx.graphics@21.0.1/javafx.scene.Node.fireEvent(Node.java:8875)
	at javafx.controls@21.0.1/javafx.scene.control.Button.fire(Button.java:203)
	at javafx.controls@21.0.1/com.sun.javafx.scene.control.behavior.ButtonBehavior.mouseReleased(ButtonBehavior.java:207)
	at javafx.controls@21.0.1/com.sun.javafx.scene.control.inputmap.InputMap.handle(InputMap.java:274)
	at javafx.base@21.0.1/com.sun.javafx.event.CompositeEventHandler$NormalEventHandlerRecord.handleBubblingEvent(CompositeEventHandler.java:247)
	at javafx.base@21.0.1/com.sun.javafx.event.CompositeEventHandler.dispatchBubblingEvent(CompositeEventHandler.java:80)
	at javafx.base@21.0.1/com.sun.javafx.event.EventHandlerManager.dispatchBubblingEvent(EventHandlerManager.java:232)
	at javafx.base@21.0.1/com.sun.javafx.event.EventHandlerManager.dispatchBubblingEvent(EventHandlerManager.java:189)
	at javafx.base@21.0.1/com.sun.javafx.event.CompositeEventDispatcher.dispatchBubblingEvent(CompositeEventDispatcher.java:59)
	at javafx.base@21.0.1/com.sun.javafx.event.BasicEventDispatcher.dispatchEvent(BasicEventDispatcher.java:58)
	at javafx.base@21.0.1/com.sun.javafx.event.EventDispatchChainImpl.dispatchEvent(EventDispatchChainImpl.java:114)
	at javafx.base@21.0.1/com.sun.javafx.event.BasicEventDispatcher.dispatchEvent(BasicEventDispatcher.java:56)
	at javafx.base@21.0.1/com.sun.javafx.event.EventDispatchChainImpl.dispatchEvent(EventDispatchChainImpl.java:114)
	at javafx.base@21.0.1/com.sun.javafx.event.BasicEventDispatcher.dispatchEvent(BasicEventDispatcher.java:56)
	at javafx.base@21.0.1/com.sun.javafx.event.EventDispatchChainImpl.dispatchEvent(EventDispatchChainImpl.java:114)
	at javafx.base@21.0.1/com.sun.javafx.event.EventUtil.fireEventImpl(EventUtil.java:74)
	at javafx.base@21.0.1/com.sun.javafx.event.EventUtil.fireEvent(EventUtil.java:54)
	at javafx.base@21.0.1/javafx.event.Event.fireEvent(Event.java:198)
	at javafx.graphics@21.0.1/javafx.scene.Scene$MouseHandler.process(Scene.java:3984)
	at javafx.graphics@21.0.1/javafx.scene.Scene.processMouseEvent(Scene.java:1890)
	at javafx.graphics@21.0.1/javafx.scene.Scene$ScenePeerListener.mouseEvent(Scene.java:2708)
	at javafx.graphics@21.0.1/com.sun.javafx.tk.quantum.GlassViewEventHandler$MouseEventNotification.run(GlassViewEventHandler.java:411)
	at javafx.graphics@21.0.1/com.sun.javafx.tk.quantum.GlassViewEventHandler$MouseEventNotification.run(GlassViewEventHandler.java:301)
	at java.base/java.security.AccessController.doPrivileged(AccessController.java:400)
	at javafx.graphics@21.0.1/com.sun.javafx.tk.quantum.GlassViewEventHandler.lambda$handleMouseEvent$2(GlassViewEventHandler.java:450)
	at javafx.graphics@21.0.1/com.sun.javafx.tk.quantum.QuantumToolkit.runWithoutRenderLock(QuantumToolkit.java:424)
	at javafx.graphics@21.0.1/com.sun.javafx.tk.quantum.GlassViewEventHandler.handleMouseEvent(GlassViewEventHandler.java:449)
	at javafx.graphics@21.0.1/com.sun.glass.ui.View.handleMouseEvent(View.java:551)
	at javafx.graphics@21.0.1/com.sun.glass.ui.View.notifyMouse(View.java:937)
	at javafx.graphics@21.0.1/com.sun.glass.ui.win.WinApplication._runLoop(Native Method)
	at javafx.graphics@21.0.1/com.sun.glass.ui.win.WinApplication.lambda$runLoop$3(WinApplication.java:185)
	at java.base/java.lang.Thread.run(Thread.java:1583)
2025-10-05 20:42:13 [JavaFX Application Thread] INFO  p.c.a.v.c.HistorialClienteController - Pantalla de historial del cliente inicializada correctamente
2025-10-05 20:42:16 [JavaFX Application Thread] ERROR p.c.app.dao.impl.PrestamoDAOImpl - Error al buscar préstamos por cliente y estado: 11111111, ACTIVO
java.sql.SQLException: Column 'cliente_nombre' not found.
	at com.mysql.cj.jdbc.exceptions.SQLError.createSQLException(SQLError.java:130)
	at com.mysql.cj.jdbc.exceptions.SQLError.createSQLException(SQLError.java:98)
	at com.mysql.cj.jdbc.exceptions.SQLError.createSQLException(SQLError.java:90)
	at com.mysql.cj.jdbc.exceptions.SQLError.createSQLException(SQLError.java:64)
	at com.mysql.cj.jdbc.result.ResultSetImpl.findColumn(ResultSetImpl.java:584)
	at com.mysql.cj.jdbc.result.ResultSetImpl.getString(ResultSetImpl.java:896)
	at com.zaxxer.hikari.pool.HikariProxyResultSet.getString(HikariProxyResultSet.java)
	at pe.crediactiva.app.dao.impl.PrestamoDAOImpl.mapResultSetToPrestamo(PrestamoDAOImpl.java:522)
	at pe.crediactiva.app.dao.impl.PrestamoDAOImpl.findByClienteAndEstado(PrestamoDAOImpl.java:475)
	at pe.crediactiva.app.service.PrestamoService.obtenerPrestamosActivosPorCliente(PrestamoService.java:399)
	at pe.crediactiva.app.view.cliente.ClienteMainController.cargarEstadisticasResumen(ClienteMainController.java:198)
	at pe.crediactiva.app.view.cliente.ClienteMainController.initialize(ClienteMainController.java:147)
	at java.base/jdk.internal.reflect.DirectMethodHandleAccessor.invoke(DirectMethodHandleAccessor.java:103)
	at java.base/java.lang.reflect.Method.invoke(Method.java:580)
	at com.sun.javafx.reflect.Trampoline.invoke(MethodUtil.java:72)
	at java.base/jdk.internal.reflect.DirectMethodHandleAccessor.invoke(DirectMethodHandleAccessor.java:103)
	at java.base/java.lang.reflect.Method.invoke(Method.java:580)
	at javafx.base@21.0.1/com.sun.javafx.reflect.MethodUtil.invoke(MethodUtil.java:270)
	at javafx.fxml@21.0.1/com.sun.javafx.fxml.MethodHelper.invoke(MethodHelper.java:84)
	at javafx.fxml@21.0.1/javafx.fxml.FXMLLoader.loadImpl(FXMLLoader.java:2688)
	at javafx.fxml@21.0.1/javafx.fxml.FXMLLoader.loadImpl(FXMLLoader.java:2563)
	at javafx.fxml@21.0.1/javafx.fxml.FXMLLoader.load(FXMLLoader.java:2531)
	at pe.crediactiva.app.view.cliente.HistorialClienteController.handleVolver(HistorialClienteController.java:497)
	at java.base/jdk.internal.reflect.DirectMethodHandleAccessor.invoke(DirectMethodHandleAccessor.java:103)
	at java.base/java.lang.reflect.Method.invoke(Method.java:580)
	at com.sun.javafx.reflect.Trampoline.invoke(MethodUtil.java:72)
	at java.base/jdk.internal.reflect.DirectMethodHandleAccessor.invoke(DirectMethodHandleAccessor.java:103)
	at java.base/java.lang.reflect.Method.invoke(Method.java:580)
	at javafx.base@21.0.1/com.sun.javafx.reflect.MethodUtil.invoke(MethodUtil.java:270)
	at javafx.fxml@21.0.1/com.sun.javafx.fxml.MethodHelper.invoke(MethodHelper.java:84)
	at javafx.fxml@21.0.1/javafx.fxml.FXMLLoader$MethodHandler.invoke(FXMLLoader.java:1855)
	at javafx.fxml@21.0.1/javafx.fxml.FXMLLoader$ControllerMethodEventHandler.handle(FXMLLoader.java:1726)
	at javafx.base@21.0.1/com.sun.javafx.event.CompositeEventHandler.dispatchBubblingEvent(CompositeEventHandler.java:86)
	at javafx.base@21.0.1/com.sun.javafx.event.EventHandlerManager.dispatchBubblingEvent(EventHandlerManager.java:232)
	at javafx.base@21.0.1/com.sun.javafx.event.EventHandlerManager.dispatchBubblingEvent(EventHandlerManager.java:189)
	at javafx.base@21.0.1/com.sun.javafx.event.CompositeEventDispatcher.dispatchBubblingEvent(CompositeEventDispatcher.java:59)
	at javafx.base@21.0.1/com.sun.javafx.event.BasicEventDispatcher.dispatchEvent(BasicEventDispatcher.java:58)
	at javafx.base@21.0.1/com.sun.javafx.event.EventDispatchChainImpl.dispatchEvent(EventDispatchChainImpl.java:114)
	at javafx.base@21.0.1/com.sun.javafx.event.BasicEventDispatcher.dispatchEvent(BasicEventDispatcher.java:56)
	at javafx.base@21.0.1/com.sun.javafx.event.EventDispatchChainImpl.dispatchEvent(EventDispatchChainImpl.java:114)
	at javafx.base@21.0.1/com.sun.javafx.event.BasicEventDispatcher.dispatchEvent(BasicEventDispatcher.java:56)
	at javafx.base@21.0.1/com.sun.javafx.event.EventDispatchChainImpl.dispatchEvent(EventDispatchChainImpl.java:114)
	at javafx.base@21.0.1/com.sun.javafx.event.EventUtil.fireEventImpl(EventUtil.java:74)
	at javafx.base@21.0.1/com.sun.javafx.event.EventUtil.fireEvent(EventUtil.java:49)
	at javafx.base@21.0.1/javafx.event.Event.fireEvent(Event.java:198)
	at javafx.graphics@21.0.1/javafx.scene.Node.fireEvent(Node.java:8875)
	at javafx.controls@21.0.1/javafx.scene.control.Button.fire(Button.java:203)
	at javafx.controls@21.0.1/com.sun.javafx.scene.control.behavior.ButtonBehavior.mouseReleased(ButtonBehavior.java:207)
	at javafx.controls@21.0.1/com.sun.javafx.scene.control.inputmap.InputMap.handle(InputMap.java:274)
	at javafx.base@21.0.1/com.sun.javafx.event.CompositeEventHandler$NormalEventHandlerRecord.handleBubblingEvent(CompositeEventHandler.java:247)
	at javafx.base@21.0.1/com.sun.javafx.event.CompositeEventHandler.dispatchBubblingEvent(CompositeEventHandler.java:80)
	at javafx.base@21.0.1/com.sun.javafx.event.EventHandlerManager.dispatchBubblingEvent(EventHandlerManager.java:232)
	at javafx.base@21.0.1/com.sun.javafx.event.EventHandlerManager.dispatchBubblingEvent(EventHandlerManager.java:189)
	at javafx.base@21.0.1/com.sun.javafx.event.CompositeEventDispatcher.dispatchBubblingEvent(CompositeEventDispatcher.java:59)
	at javafx.base@21.0.1/com.sun.javafx.event.BasicEventDispatcher.dispatchEvent(BasicEventDispatcher.java:58)
	at javafx.base@21.0.1/com.sun.javafx.event.EventDispatchChainImpl.dispatchEvent(EventDispatchChainImpl.java:114)
	at javafx.base@21.0.1/com.sun.javafx.event.BasicEventDispatcher.dispatchEvent(BasicEventDispatcher.java:56)
	at javafx.base@21.0.1/com.sun.javafx.event.EventDispatchChainImpl.dispatchEvent(EventDispatchChainImpl.java:114)
	at javafx.base@21.0.1/com.sun.javafx.event.BasicEventDispatcher.dispatchEvent(BasicEventDispatcher.java:56)
	at javafx.base@21.0.1/com.sun.javafx.event.EventDispatchChainImpl.dispatchEvent(EventDispatchChainImpl.java:114)
	at javafx.base@21.0.1/com.sun.javafx.event.EventUtil.fireEventImpl(EventUtil.java:74)
	at javafx.base@21.0.1/com.sun.javafx.event.EventUtil.fireEvent(EventUtil.java:54)
	at javafx.base@21.0.1/javafx.event.Event.fireEvent(Event.java:198)
	at javafx.graphics@21.0.1/javafx.scene.Scene$MouseHandler.process(Scene.java:3984)
	at javafx.graphics@21.0.1/javafx.scene.Scene.processMouseEvent(Scene.java:1890)
	at javafx.graphics@21.0.1/javafx.scene.Scene$ScenePeerListener.mouseEvent(Scene.java:2708)
	at javafx.graphics@21.0.1/com.sun.javafx.tk.quantum.GlassViewEventHandler$MouseEventNotification.run(GlassViewEventHandler.java:411)
	at javafx.graphics@21.0.1/com.sun.javafx.tk.quantum.GlassViewEventHandler$MouseEventNotification.run(GlassViewEventHandler.java:301)
	at java.base/java.security.AccessController.doPrivileged(AccessController.java:400)
	at javafx.graphics@21.0.1/com.sun.javafx.tk.quantum.GlassViewEventHandler.lambda$handleMouseEvent$2(GlassViewEventHandler.java:450)
	at javafx.graphics@21.0.1/com.sun.javafx.tk.quantum.QuantumToolkit.runWithoutRenderLock(QuantumToolkit.java:424)
	at javafx.graphics@21.0.1/com.sun.javafx.tk.quantum.GlassViewEventHandler.handleMouseEvent(GlassViewEventHandler.java:449)
	at javafx.graphics@21.0.1/com.sun.glass.ui.View.handleMouseEvent(View.java:551)
	at javafx.graphics@21.0.1/com.sun.glass.ui.View.notifyMouse(View.java:937)
	at javafx.graphics@21.0.1/com.sun.glass.ui.win.WinApplication._runLoop(Native Method)
	at javafx.graphics@21.0.1/com.sun.glass.ui.win.WinApplication.lambda$runLoop$3(WinApplication.java:185)
	at java.base/java.lang.Thread.run(Thread.java:1583)
2025-10-05 20:42:18 [JavaFX Application Thread] INFO  p.c.app.config.DatabaseConfig - Pool de conexiones cerrado correctamente
2025-10-05 20:42:18 [JavaFX Application Thread] INFO  pe.crediactiva.app.Main - Aplicación CrediActiva cerrada
2025-10-05 20:46:00 [main] INFO  pe.crediactiva.app.Main - Iniciando aplicación CrediActiva Desktop v1.0.0
2025-10-05 20:46:00 [JavaFX Application Thread] INFO  pe.crediactiva.app.Main - Icono no encontrado, continuando sin icono
2025-10-05 20:46:00 [JavaFX Application Thread] INFO  p.c.app.config.DatabaseConfig - Propiedades de base de datos cargadas correctamente
2025-10-05 20:46:00 [JavaFX Application Thread] INFO  p.c.app.config.DatabaseConfig - Pool de conexiones HikariCP inicializado correctamente
2025-10-05 20:46:01 [JavaFX Application Thread] INFO  pe.crediactiva.app.Main - Aplicación CrediActiva iniciada correctamente
2025-10-05 20:46:37 [JavaFX Application Thread] INFO  p.c.app.dao.impl.UsuarioDAOImpl - Usuario autenticado exitosamente: 11111111
2025-10-05 20:46:37 [JavaFX Application Thread] INFO  p.c.a.service.AuthenticationService - Usuario autenticado exitosamente: 11111111 - CLIENTE
2025-10-05 20:46:37 [JavaFX Application Thread] INFO  p.c.app.view.LoginController - Usuario autenticado exitosamente: 11111111
2025-10-05 20:46:37 [JavaFX Application Thread] ERROR p.c.app.dao.impl.PrestamoDAOImpl - Error al buscar préstamos por cliente y estado: 11111111, ACTIVO
java.sql.SQLException: Column 'cliente_nombre' not found.
	at com.mysql.cj.jdbc.exceptions.SQLError.createSQLException(SQLError.java:130)
	at com.mysql.cj.jdbc.exceptions.SQLError.createSQLException(SQLError.java:98)
	at com.mysql.cj.jdbc.exceptions.SQLError.createSQLException(SQLError.java:90)
	at com.mysql.cj.jdbc.exceptions.SQLError.createSQLException(SQLError.java:64)
	at com.mysql.cj.jdbc.result.ResultSetImpl.findColumn(ResultSetImpl.java:584)
	at com.mysql.cj.jdbc.result.ResultSetImpl.getString(ResultSetImpl.java:896)
	at com.zaxxer.hikari.pool.HikariProxyResultSet.getString(HikariProxyResultSet.java)
	at pe.crediactiva.app.dao.impl.PrestamoDAOImpl.mapResultSetToPrestamo(PrestamoDAOImpl.java:522)
	at pe.crediactiva.app.dao.impl.PrestamoDAOImpl.findByClienteAndEstado(PrestamoDAOImpl.java:475)
	at pe.crediactiva.app.service.PrestamoService.obtenerPrestamosActivosPorCliente(PrestamoService.java:399)
	at pe.crediactiva.app.view.cliente.ClienteMainController.cargarEstadisticasResumen(ClienteMainController.java:198)
	at pe.crediactiva.app.view.cliente.ClienteMainController.initialize(ClienteMainController.java:147)
	at java.base/jdk.internal.reflect.DirectMethodHandleAccessor.invoke(DirectMethodHandleAccessor.java:103)
	at java.base/java.lang.reflect.Method.invoke(Method.java:580)
	at com.sun.javafx.reflect.Trampoline.invoke(MethodUtil.java:72)
	at java.base/jdk.internal.reflect.DirectMethodHandleAccessor.invoke(DirectMethodHandleAccessor.java:103)
	at java.base/java.lang.reflect.Method.invoke(Method.java:580)
	at javafx.base@21.0.1/com.sun.javafx.reflect.MethodUtil.invoke(MethodUtil.java:270)
	at javafx.fxml@21.0.1/com.sun.javafx.fxml.MethodHelper.invoke(MethodHelper.java:84)
	at javafx.fxml@21.0.1/javafx.fxml.FXMLLoader.loadImpl(FXMLLoader.java:2688)
	at javafx.fxml@21.0.1/javafx.fxml.FXMLLoader.loadImpl(FXMLLoader.java:2563)
	at javafx.fxml@21.0.1/javafx.fxml.FXMLLoader.load(FXMLLoader.java:2531)
	at pe.crediactiva.app.view.LoginController.redirectToMainScreen(LoginController.java:140)
	at pe.crediactiva.app.view.LoginController.handleLogin(LoginController.java:99)
	at java.base/jdk.internal.reflect.DirectMethodHandleAccessor.invoke(DirectMethodHandleAccessor.java:103)
	at java.base/java.lang.reflect.Method.invoke(Method.java:580)
	at com.sun.javafx.reflect.Trampoline.invoke(MethodUtil.java:72)
	at java.base/jdk.internal.reflect.DirectMethodHandleAccessor.invoke(DirectMethodHandleAccessor.java:103)
	at java.base/java.lang.reflect.Method.invoke(Method.java:580)
	at javafx.base@21.0.1/com.sun.javafx.reflect.MethodUtil.invoke(MethodUtil.java:270)
	at javafx.fxml@21.0.1/com.sun.javafx.fxml.MethodHelper.invoke(MethodHelper.java:84)
	at javafx.fxml@21.0.1/javafx.fxml.FXMLLoader$MethodHandler.invoke(FXMLLoader.java:1855)
	at javafx.fxml@21.0.1/javafx.fxml.FXMLLoader$ControllerMethodEventHandler.handle(FXMLLoader.java:1726)
	at javafx.base@21.0.1/com.sun.javafx.event.CompositeEventHandler.dispatchBubblingEvent(CompositeEventHandler.java:86)
	at javafx.base@21.0.1/com.sun.javafx.event.EventHandlerManager.dispatchBubblingEvent(EventHandlerManager.java:232)
	at javafx.base@21.0.1/com.sun.javafx.event.EventHandlerManager.dispatchBubblingEvent(EventHandlerManager.java:189)
	at javafx.base@21.0.1/com.sun.javafx.event.CompositeEventDispatcher.dispatchBubblingEvent(CompositeEventDispatcher.java:59)
	at javafx.base@21.0.1/com.sun.javafx.event.BasicEventDispatcher.dispatchEvent(BasicEventDispatcher.java:58)
	at javafx.base@21.0.1/com.sun.javafx.event.EventDispatchChainImpl.dispatchEvent(EventDispatchChainImpl.java:114)
	at javafx.base@21.0.1/com.sun.javafx.event.BasicEventDispatcher.dispatchEvent(BasicEventDispatcher.java:56)
	at javafx.base@21.0.1/com.sun.javafx.event.EventDispatchChainImpl.dispatchEvent(EventDispatchChainImpl.java:114)
	at javafx.base@21.0.1/com.sun.javafx.event.BasicEventDispatcher.dispatchEvent(BasicEventDispatcher.java:56)
	at javafx.base@21.0.1/com.sun.javafx.event.EventDispatchChainImpl.dispatchEvent(EventDispatchChainImpl.java:114)
	at javafx.base@21.0.1/com.sun.javafx.event.EventUtil.fireEventImpl(EventUtil.java:74)
	at javafx.base@21.0.1/com.sun.javafx.event.EventUtil.fireEvent(EventUtil.java:49)
	at javafx.base@21.0.1/javafx.event.Event.fireEvent(Event.java:198)
	at javafx.graphics@21.0.1/javafx.scene.Node.fireEvent(Node.java:8875)
	at javafx.controls@21.0.1/javafx.scene.control.Button.fire(Button.java:203)
	at javafx.controls@21.0.1/com.sun.javafx.scene.control.behavior.ButtonBehavior.mouseReleased(ButtonBehavior.java:207)
	at javafx.controls@21.0.1/com.sun.javafx.scene.control.inputmap.InputMap.handle(InputMap.java:274)
	at javafx.base@21.0.1/com.sun.javafx.event.CompositeEventHandler$NormalEventHandlerRecord.handleBubblingEvent(CompositeEventHandler.java:247)
	at javafx.base@21.0.1/com.sun.javafx.event.CompositeEventHandler.dispatchBubblingEvent(CompositeEventHandler.java:80)
	at javafx.base@21.0.1/com.sun.javafx.event.EventHandlerManager.dispatchBubblingEvent(EventHandlerManager.java:232)
	at javafx.base@21.0.1/com.sun.javafx.event.EventHandlerManager.dispatchBubblingEvent(EventHandlerManager.java:189)
	at javafx.base@21.0.1/com.sun.javafx.event.CompositeEventDispatcher.dispatchBubblingEvent(CompositeEventDispatcher.java:59)
	at javafx.base@21.0.1/com.sun.javafx.event.BasicEventDispatcher.dispatchEvent(BasicEventDispatcher.java:58)
	at javafx.base@21.0.1/com.sun.javafx.event.EventDispatchChainImpl.dispatchEvent(EventDispatchChainImpl.java:114)
	at javafx.base@21.0.1/com.sun.javafx.event.BasicEventDispatcher.dispatchEvent(BasicEventDispatcher.java:56)
	at javafx.base@21.0.1/com.sun.javafx.event.EventDispatchChainImpl.dispatchEvent(EventDispatchChainImpl.java:114)
	at javafx.base@21.0.1/com.sun.javafx.event.BasicEventDispatcher.dispatchEvent(BasicEventDispatcher.java:56)
	at javafx.base@21.0.1/com.sun.javafx.event.EventDispatchChainImpl.dispatchEvent(EventDispatchChainImpl.java:114)
	at javafx.base@21.0.1/com.sun.javafx.event.EventUtil.fireEventImpl(EventUtil.java:74)
	at javafx.base@21.0.1/com.sun.javafx.event.EventUtil.fireEvent(EventUtil.java:54)
	at javafx.base@21.0.1/javafx.event.Event.fireEvent(Event.java:198)
	at javafx.graphics@21.0.1/javafx.scene.Scene$MouseHandler.process(Scene.java:3984)
	at javafx.graphics@21.0.1/javafx.scene.Scene.processMouseEvent(Scene.java:1890)
	at javafx.graphics@21.0.1/javafx.scene.Scene$ScenePeerListener.mouseEvent(Scene.java:2708)
	at javafx.graphics@21.0.1/com.sun.javafx.tk.quantum.GlassViewEventHandler$MouseEventNotification.run(GlassViewEventHandler.java:411)
	at javafx.graphics@21.0.1/com.sun.javafx.tk.quantum.GlassViewEventHandler$MouseEventNotification.run(GlassViewEventHandler.java:301)
	at java.base/java.security.AccessController.doPrivileged(AccessController.java:400)
	at javafx.graphics@21.0.1/com.sun.javafx.tk.quantum.GlassViewEventHandler.lambda$handleMouseEvent$2(GlassViewEventHandler.java:450)
	at javafx.graphics@21.0.1/com.sun.javafx.tk.quantum.QuantumToolkit.runWithoutRenderLock(QuantumToolkit.java:424)
	at javafx.graphics@21.0.1/com.sun.javafx.tk.quantum.GlassViewEventHandler.handleMouseEvent(GlassViewEventHandler.java:449)
	at javafx.graphics@21.0.1/com.sun.glass.ui.View.handleMouseEvent(View.java:551)
	at javafx.graphics@21.0.1/com.sun.glass.ui.View.notifyMouse(View.java:937)
	at javafx.graphics@21.0.1/com.sun.glass.ui.win.WinApplication._runLoop(Native Method)
	at javafx.graphics@21.0.1/com.sun.glass.ui.win.WinApplication.lambda$runLoop$3(WinApplication.java:185)
	at java.base/java.lang.Thread.run(Thread.java:1583)
2025-10-05 20:46:38 [JavaFX Application Thread] INFO  p.c.app.view.LoginController - Usuario redirigido a pantalla principal: CLIENTE
2025-10-05 20:46:41 [JavaFX Application Thread] ERROR p.c.a.v.c.ClienteMainController - Error al cargar pantalla del simulador
javafx.fxml.LoadException: 
/C:/Users/USER/OneDrive/Escritorio/proyecto_v4.0/target/classes/fxml/cliente/SimuladorClienteView.fxml:118

	at javafx.fxml@21.0.1/javafx.fxml.FXMLLoader.constructLoadException(FXMLLoader.java:2722)
	at javafx.fxml@21.0.1/javafx.fxml.FXMLLoader.loadImpl(FXMLLoader.java:2665)
	at javafx.fxml@21.0.1/javafx.fxml.FXMLLoader.loadImpl(FXMLLoader.java:2563)
	at javafx.fxml@21.0.1/javafx.fxml.FXMLLoader.load(FXMLLoader.java:2531)
	at pe.crediactiva.app.view.cliente.ClienteMainController.handleSimulador(ClienteMainController.java:353)
	at java.base/jdk.internal.reflect.DirectMethodHandleAccessor.invoke(DirectMethodHandleAccessor.java:103)
	at java.base/java.lang.reflect.Method.invoke(Method.java:580)
	at com.sun.javafx.reflect.Trampoline.invoke(MethodUtil.java:72)
	at java.base/jdk.internal.reflect.DirectMethodHandleAccessor.invoke(DirectMethodHandleAccessor.java:103)
	at java.base/java.lang.reflect.Method.invoke(Method.java:580)
	at javafx.base@21.0.1/com.sun.javafx.reflect.MethodUtil.invoke(MethodUtil.java:270)
	at javafx.fxml@21.0.1/com.sun.javafx.fxml.MethodHelper.invoke(MethodHelper.java:84)
	at javafx.fxml@21.0.1/javafx.fxml.FXMLLoader$MethodHandler.invoke(FXMLLoader.java:1855)
	at javafx.fxml@21.0.1/javafx.fxml.FXMLLoader$ControllerMethodEventHandler.handle(FXMLLoader.java:1726)
	at javafx.base@21.0.1/com.sun.javafx.event.CompositeEventHandler.dispatchBubblingEvent(CompositeEventHandler.java:86)
	at javafx.base@21.0.1/com.sun.javafx.event.EventHandlerManager.dispatchBubblingEvent(EventHandlerManager.java:232)
	at javafx.base@21.0.1/com.sun.javafx.event.EventHandlerManager.dispatchBubblingEvent(EventHandlerManager.java:189)
	at javafx.base@21.0.1/com.sun.javafx.event.CompositeEventDispatcher.dispatchBubblingEvent(CompositeEventDispatcher.java:59)
	at javafx.base@21.0.1/com.sun.javafx.event.BasicEventDispatcher.dispatchEvent(BasicEventDispatcher.java:58)
	at javafx.base@21.0.1/com.sun.javafx.event.EventDispatchChainImpl.dispatchEvent(EventDispatchChainImpl.java:114)
	at javafx.base@21.0.1/com.sun.javafx.event.BasicEventDispatcher.dispatchEvent(BasicEventDispatcher.java:56)
	at javafx.base@21.0.1/com.sun.javafx.event.EventDispatchChainImpl.dispatchEvent(EventDispatchChainImpl.java:114)
	at javafx.base@21.0.1/com.sun.javafx.event.BasicEventDispatcher.dispatchEvent(BasicEventDispatcher.java:56)
	at javafx.base@21.0.1/com.sun.javafx.event.EventDispatchChainImpl.dispatchEvent(EventDispatchChainImpl.java:114)
	at javafx.base@21.0.1/com.sun.javafx.event.BasicEventDispatcher.dispatchEvent(BasicEventDispatcher.java:56)
	at javafx.base@21.0.1/com.sun.javafx.event.EventDispatchChainImpl.dispatchEvent(EventDispatchChainImpl.java:114)
	at javafx.base@21.0.1/com.sun.javafx.event.EventUtil.fireEventImpl(EventUtil.java:74)
	at javafx.base@21.0.1/com.sun.javafx.event.EventUtil.fireEvent(EventUtil.java:49)
	at javafx.base@21.0.1/javafx.event.Event.fireEvent(Event.java:198)
	at javafx.graphics@21.0.1/javafx.scene.Node.fireEvent(Node.java:8875)
	at javafx.controls@21.0.1/javafx.scene.control.Button.fire(Button.java:203)
	at javafx.controls@21.0.1/com.sun.javafx.scene.control.behavior.ButtonBehavior.mouseReleased(ButtonBehavior.java:207)
	at javafx.controls@21.0.1/com.sun.javafx.scene.control.inputmap.InputMap.handle(InputMap.java:274)
	at javafx.base@21.0.1/com.sun.javafx.event.CompositeEventHandler$NormalEventHandlerRecord.handleBubblingEvent(CompositeEventHandler.java:247)
	at javafx.base@21.0.1/com.sun.javafx.event.CompositeEventHandler.dispatchBubblingEvent(CompositeEventHandler.java:80)
	at javafx.base@21.0.1/com.sun.javafx.event.EventHandlerManager.dispatchBubblingEvent(EventHandlerManager.java:232)
	at javafx.base@21.0.1/com.sun.javafx.event.EventHandlerManager.dispatchBubblingEvent(EventHandlerManager.java:189)
	at javafx.base@21.0.1/com.sun.javafx.event.CompositeEventDispatcher.dispatchBubblingEvent(CompositeEventDispatcher.java:59)
	at javafx.base@21.0.1/com.sun.javafx.event.BasicEventDispatcher.dispatchEvent(BasicEventDispatcher.java:58)
	at javafx.base@21.0.1/com.sun.javafx.event.EventDispatchChainImpl.dispatchEvent(EventDispatchChainImpl.java:114)
	at javafx.base@21.0.1/com.sun.javafx.event.BasicEventDispatcher.dispatchEvent(BasicEventDispatcher.java:56)
	at javafx.base@21.0.1/com.sun.javafx.event.EventDispatchChainImpl.dispatchEvent(EventDispatchChainImpl.java:114)
	at javafx.base@21.0.1/com.sun.javafx.event.BasicEventDispatcher.dispatchEvent(BasicEventDispatcher.java:56)
	at javafx.base@21.0.1/com.sun.javafx.event.EventDispatchChainImpl.dispatchEvent(EventDispatchChainImpl.java:114)
	at javafx.base@21.0.1/com.sun.javafx.event.BasicEventDispatcher.dispatchEvent(BasicEventDispatcher.java:56)
	at javafx.base@21.0.1/com.sun.javafx.event.EventDispatchChainImpl.dispatchEvent(EventDispatchChainImpl.java:114)
	at javafx.base@21.0.1/com.sun.javafx.event.EventUtil.fireEventImpl(EventUtil.java:74)
	at javafx.base@21.0.1/com.sun.javafx.event.EventUtil.fireEvent(EventUtil.java:54)
	at javafx.base@21.0.1/javafx.event.Event.fireEvent(Event.java:198)
	at javafx.graphics@21.0.1/javafx.scene.Scene$MouseHandler.process(Scene.java:3984)
	at javafx.graphics@21.0.1/javafx.scene.Scene.processMouseEvent(Scene.java:1890)
	at javafx.graphics@21.0.1/javafx.scene.Scene$ScenePeerListener.mouseEvent(Scene.java:2708)
	at javafx.graphics@21.0.1/com.sun.javafx.tk.quantum.GlassViewEventHandler$MouseEventNotification.run(GlassViewEventHandler.java:411)
	at javafx.graphics@21.0.1/com.sun.javafx.tk.quantum.GlassViewEventHandler$MouseEventNotification.run(GlassViewEventHandler.java:301)
	at java.base/java.security.AccessController.doPrivileged(AccessController.java:400)
	at javafx.graphics@21.0.1/com.sun.javafx.tk.quantum.GlassViewEventHandler.lambda$handleMouseEvent$2(GlassViewEventHandler.java:450)
	at javafx.graphics@21.0.1/com.sun.javafx.tk.quantum.QuantumToolkit.runWithoutRenderLock(QuantumToolkit.java:424)
	at javafx.graphics@21.0.1/com.sun.javafx.tk.quantum.GlassViewEventHandler.handleMouseEvent(GlassViewEventHandler.java:449)
	at javafx.graphics@21.0.1/com.sun.glass.ui.View.handleMouseEvent(View.java:551)
	at javafx.graphics@21.0.1/com.sun.glass.ui.View.notifyMouse(View.java:937)
	at javafx.graphics@21.0.1/com.sun.glass.ui.win.WinApplication._runLoop(Native Method)
	at javafx.graphics@21.0.1/com.sun.glass.ui.win.WinApplication.lambda$runLoop$3(WinApplication.java:185)
	at java.base/java.lang.Thread.run(Thread.java:1583)
Caused by: javax.xml.stream.XMLStreamException: ParseError at [row,col]:[118,6]
Message: The element type "ScrollPane" must be terminated by the matching end-tag "</ScrollPane>".
	at java.xml/com.sun.org.apache.xerces.internal.impl.XMLStreamReaderImpl.next(XMLStreamReaderImpl.java:652)
	at java.xml/javax.xml.stream.util.StreamReaderDelegate.next(StreamReaderDelegate.java:84)
	at javafx.fxml@21.0.1/javafx.fxml.FXMLLoader.loadImpl(FXMLLoader.java:2635)
	... 61 common frames omitted
2025-10-05 20:47:05 [JavaFX Application Thread] INFO  p.c.app.config.DatabaseConfig - Pool de conexiones cerrado correctamente
2025-10-05 20:47:05 [JavaFX Application Thread] INFO  pe.crediactiva.app.Main - Aplicación CrediActiva cerrada
2025-10-05 20:50:08 [main] INFO  pe.crediactiva.app.Main - Iniciando aplicación CrediActiva Desktop v1.0.0
2025-10-05 20:50:08 [JavaFX Application Thread] INFO  pe.crediactiva.app.Main - Icono no encontrado, continuando sin icono
2025-10-05 20:50:08 [JavaFX Application Thread] INFO  p.c.app.config.DatabaseConfig - Propiedades de base de datos cargadas correctamente
2025-10-05 20:50:08 [JavaFX Application Thread] INFO  p.c.app.config.DatabaseConfig - Pool de conexiones HikariCP inicializado correctamente
2025-10-05 20:50:09 [JavaFX Application Thread] INFO  pe.crediactiva.app.Main - Aplicación CrediActiva iniciada correctamente
2025-10-05 20:50:40 [JavaFX Application Thread] INFO  p.c.app.dao.impl.UsuarioDAOImpl - Usuario autenticado exitosamente: 11111111
2025-10-05 20:50:40 [JavaFX Application Thread] INFO  p.c.a.service.AuthenticationService - Usuario autenticado exitosamente: 11111111 - CLIENTE
2025-10-05 20:50:40 [JavaFX Application Thread] INFO  p.c.app.view.LoginController - Usuario autenticado exitosamente: 11111111
2025-10-05 20:50:40 [JavaFX Application Thread] ERROR p.c.app.dao.impl.PrestamoDAOImpl - Error al buscar préstamos por cliente y estado: 11111111, ACTIVO
java.sql.SQLException: Column 'cliente_nombre' not found.
	at com.mysql.cj.jdbc.exceptions.SQLError.createSQLException(SQLError.java:130)
	at com.mysql.cj.jdbc.exceptions.SQLError.createSQLException(SQLError.java:98)
	at com.mysql.cj.jdbc.exceptions.SQLError.createSQLException(SQLError.java:90)
	at com.mysql.cj.jdbc.exceptions.SQLError.createSQLException(SQLError.java:64)
	at com.mysql.cj.jdbc.result.ResultSetImpl.findColumn(ResultSetImpl.java:584)
	at com.mysql.cj.jdbc.result.ResultSetImpl.getString(ResultSetImpl.java:896)
	at com.zaxxer.hikari.pool.HikariProxyResultSet.getString(HikariProxyResultSet.java)
	at pe.crediactiva.app.dao.impl.PrestamoDAOImpl.mapResultSetToPrestamo(PrestamoDAOImpl.java:522)
	at pe.crediactiva.app.dao.impl.PrestamoDAOImpl.findByClienteAndEstado(PrestamoDAOImpl.java:475)
	at pe.crediactiva.app.service.PrestamoService.obtenerPrestamosActivosPorCliente(PrestamoService.java:399)
	at pe.crediactiva.app.view.cliente.ClienteMainController.cargarEstadisticasResumen(ClienteMainController.java:198)
	at pe.crediactiva.app.view.cliente.ClienteMainController.initialize(ClienteMainController.java:147)
	at java.base/jdk.internal.reflect.DirectMethodHandleAccessor.invoke(DirectMethodHandleAccessor.java:103)
	at java.base/java.lang.reflect.Method.invoke(Method.java:580)
	at com.sun.javafx.reflect.Trampoline.invoke(MethodUtil.java:72)
	at java.base/jdk.internal.reflect.DirectMethodHandleAccessor.invoke(DirectMethodHandleAccessor.java:103)
	at java.base/java.lang.reflect.Method.invoke(Method.java:580)
	at javafx.base@21.0.1/com.sun.javafx.reflect.MethodUtil.invoke(MethodUtil.java:270)
	at javafx.fxml@21.0.1/com.sun.javafx.fxml.MethodHelper.invoke(MethodHelper.java:84)
	at javafx.fxml@21.0.1/javafx.fxml.FXMLLoader.loadImpl(FXMLLoader.java:2688)
	at javafx.fxml@21.0.1/javafx.fxml.FXMLLoader.loadImpl(FXMLLoader.java:2563)
	at javafx.fxml@21.0.1/javafx.fxml.FXMLLoader.load(FXMLLoader.java:2531)
	at pe.crediactiva.app.view.LoginController.redirectToMainScreen(LoginController.java:140)
	at pe.crediactiva.app.view.LoginController.handleLogin(LoginController.java:99)
	at java.base/jdk.internal.reflect.DirectMethodHandleAccessor.invoke(DirectMethodHandleAccessor.java:103)
	at java.base/java.lang.reflect.Method.invoke(Method.java:580)
	at com.sun.javafx.reflect.Trampoline.invoke(MethodUtil.java:72)
	at java.base/jdk.internal.reflect.DirectMethodHandleAccessor.invoke(DirectMethodHandleAccessor.java:103)
	at java.base/java.lang.reflect.Method.invoke(Method.java:580)
	at javafx.base@21.0.1/com.sun.javafx.reflect.MethodUtil.invoke(MethodUtil.java:270)
	at javafx.fxml@21.0.1/com.sun.javafx.fxml.MethodHelper.invoke(MethodHelper.java:84)
	at javafx.fxml@21.0.1/javafx.fxml.FXMLLoader$MethodHandler.invoke(FXMLLoader.java:1855)
	at javafx.fxml@21.0.1/javafx.fxml.FXMLLoader$ControllerMethodEventHandler.handle(FXMLLoader.java:1726)
	at javafx.base@21.0.1/com.sun.javafx.event.CompositeEventHandler.dispatchBubblingEvent(CompositeEventHandler.java:86)
	at javafx.base@21.0.1/com.sun.javafx.event.EventHandlerManager.dispatchBubblingEvent(EventHandlerManager.java:232)
	at javafx.base@21.0.1/com.sun.javafx.event.EventHandlerManager.dispatchBubblingEvent(EventHandlerManager.java:189)
	at javafx.base@21.0.1/com.sun.javafx.event.CompositeEventDispatcher.dispatchBubblingEvent(CompositeEventDispatcher.java:59)
	at javafx.base@21.0.1/com.sun.javafx.event.BasicEventDispatcher.dispatchEvent(BasicEventDispatcher.java:58)
	at javafx.base@21.0.1/com.sun.javafx.event.EventDispatchChainImpl.dispatchEvent(EventDispatchChainImpl.java:114)
	at javafx.base@21.0.1/com.sun.javafx.event.BasicEventDispatcher.dispatchEvent(BasicEventDispatcher.java:56)
	at javafx.base@21.0.1/com.sun.javafx.event.EventDispatchChainImpl.dispatchEvent(EventDispatchChainImpl.java:114)
	at javafx.base@21.0.1/com.sun.javafx.event.BasicEventDispatcher.dispatchEvent(BasicEventDispatcher.java:56)
	at javafx.base@21.0.1/com.sun.javafx.event.EventDispatchChainImpl.dispatchEvent(EventDispatchChainImpl.java:114)
	at javafx.base@21.0.1/com.sun.javafx.event.EventUtil.fireEventImpl(EventUtil.java:74)
	at javafx.base@21.0.1/com.sun.javafx.event.EventUtil.fireEvent(EventUtil.java:49)
	at javafx.base@21.0.1/javafx.event.Event.fireEvent(Event.java:198)
	at javafx.graphics@21.0.1/javafx.scene.Node.fireEvent(Node.java:8875)
	at javafx.controls@21.0.1/javafx.scene.control.Button.fire(Button.java:203)
	at javafx.controls@21.0.1/com.sun.javafx.scene.control.behavior.ButtonBehavior.mouseReleased(ButtonBehavior.java:207)
	at javafx.controls@21.0.1/com.sun.javafx.scene.control.inputmap.InputMap.handle(InputMap.java:274)
	at javafx.base@21.0.1/com.sun.javafx.event.CompositeEventHandler$NormalEventHandlerRecord.handleBubblingEvent(CompositeEventHandler.java:247)
	at javafx.base@21.0.1/com.sun.javafx.event.CompositeEventHandler.dispatchBubblingEvent(CompositeEventHandler.java:80)
	at javafx.base@21.0.1/com.sun.javafx.event.EventHandlerManager.dispatchBubblingEvent(EventHandlerManager.java:232)
	at javafx.base@21.0.1/com.sun.javafx.event.EventHandlerManager.dispatchBubblingEvent(EventHandlerManager.java:189)
	at javafx.base@21.0.1/com.sun.javafx.event.CompositeEventDispatcher.dispatchBubblingEvent(CompositeEventDispatcher.java:59)
	at javafx.base@21.0.1/com.sun.javafx.event.BasicEventDispatcher.dispatchEvent(BasicEventDispatcher.java:58)
	at javafx.base@21.0.1/com.sun.javafx.event.EventDispatchChainImpl.dispatchEvent(EventDispatchChainImpl.java:114)
	at javafx.base@21.0.1/com.sun.javafx.event.BasicEventDispatcher.dispatchEvent(BasicEventDispatcher.java:56)
	at javafx.base@21.0.1/com.sun.javafx.event.EventDispatchChainImpl.dispatchEvent(EventDispatchChainImpl.java:114)
	at javafx.base@21.0.1/com.sun.javafx.event.BasicEventDispatcher.dispatchEvent(BasicEventDispatcher.java:56)
	at javafx.base@21.0.1/com.sun.javafx.event.EventDispatchChainImpl.dispatchEvent(EventDispatchChainImpl.java:114)
	at javafx.base@21.0.1/com.sun.javafx.event.EventUtil.fireEventImpl(EventUtil.java:74)
	at javafx.base@21.0.1/com.sun.javafx.event.EventUtil.fireEvent(EventUtil.java:54)
	at javafx.base@21.0.1/javafx.event.Event.fireEvent(Event.java:198)
	at javafx.graphics@21.0.1/javafx.scene.Scene$MouseHandler.process(Scene.java:3984)
	at javafx.graphics@21.0.1/javafx.scene.Scene.processMouseEvent(Scene.java:1890)
	at javafx.graphics@21.0.1/javafx.scene.Scene$ScenePeerListener.mouseEvent(Scene.java:2708)
	at javafx.graphics@21.0.1/com.sun.javafx.tk.quantum.GlassViewEventHandler$MouseEventNotification.run(GlassViewEventHandler.java:411)
	at javafx.graphics@21.0.1/com.sun.javafx.tk.quantum.GlassViewEventHandler$MouseEventNotification.run(GlassViewEventHandler.java:301)
	at java.base/java.security.AccessController.doPrivileged(AccessController.java:400)
	at javafx.graphics@21.0.1/com.sun.javafx.tk.quantum.GlassViewEventHandler.lambda$handleMouseEvent$2(GlassViewEventHandler.java:450)
	at javafx.graphics@21.0.1/com.sun.javafx.tk.quantum.QuantumToolkit.runWithoutRenderLock(QuantumToolkit.java:424)
	at javafx.graphics@21.0.1/com.sun.javafx.tk.quantum.GlassViewEventHandler.handleMouseEvent(GlassViewEventHandler.java:449)
	at javafx.graphics@21.0.1/com.sun.glass.ui.View.handleMouseEvent(View.java:551)
	at javafx.graphics@21.0.1/com.sun.glass.ui.View.notifyMouse(View.java:937)
	at javafx.graphics@21.0.1/com.sun.glass.ui.win.WinApplication._runLoop(Native Method)
	at javafx.graphics@21.0.1/com.sun.glass.ui.win.WinApplication.lambda$runLoop$3(WinApplication.java:185)
	at java.base/java.lang.Thread.run(Thread.java:1583)
2025-10-05 20:50:41 [JavaFX Application Thread] INFO  p.c.app.view.LoginController - Usuario redirigido a pantalla principal: CLIENTE
2025-10-05 20:50:53 [JavaFX Application Thread] INFO  p.c.a.v.c.SimuladorClienteController - Simulador de crédito inicializado correctamente
2025-10-05 20:50:55 [JavaFX Application Thread] ERROR p.c.app.dao.impl.PrestamoDAOImpl - Error al buscar préstamos por cliente y estado: 11111111, ACTIVO
java.sql.SQLException: Column 'cliente_nombre' not found.
	at com.mysql.cj.jdbc.exceptions.SQLError.createSQLException(SQLError.java:130)
	at com.mysql.cj.jdbc.exceptions.SQLError.createSQLException(SQLError.java:98)
	at com.mysql.cj.jdbc.exceptions.SQLError.createSQLException(SQLError.java:90)
	at com.mysql.cj.jdbc.exceptions.SQLError.createSQLException(SQLError.java:64)
	at com.mysql.cj.jdbc.result.ResultSetImpl.findColumn(ResultSetImpl.java:584)
	at com.mysql.cj.jdbc.result.ResultSetImpl.getString(ResultSetImpl.java:896)
	at com.zaxxer.hikari.pool.HikariProxyResultSet.getString(HikariProxyResultSet.java)
	at pe.crediactiva.app.dao.impl.PrestamoDAOImpl.mapResultSetToPrestamo(PrestamoDAOImpl.java:522)
	at pe.crediactiva.app.dao.impl.PrestamoDAOImpl.findByClienteAndEstado(PrestamoDAOImpl.java:475)
	at pe.crediactiva.app.service.PrestamoService.obtenerPrestamosActivosPorCliente(PrestamoService.java:399)
	at pe.crediactiva.app.view.cliente.ClienteMainController.cargarEstadisticasResumen(ClienteMainController.java:198)
	at pe.crediactiva.app.view.cliente.ClienteMainController.initialize(ClienteMainController.java:147)
	at java.base/jdk.internal.reflect.DirectMethodHandleAccessor.invoke(DirectMethodHandleAccessor.java:103)
	at java.base/java.lang.reflect.Method.invoke(Method.java:580)
	at com.sun.javafx.reflect.Trampoline.invoke(MethodUtil.java:72)
	at java.base/jdk.internal.reflect.DirectMethodHandleAccessor.invoke(DirectMethodHandleAccessor.java:103)
	at java.base/java.lang.reflect.Method.invoke(Method.java:580)
	at javafx.base@21.0.1/com.sun.javafx.reflect.MethodUtil.invoke(MethodUtil.java:270)
	at javafx.fxml@21.0.1/com.sun.javafx.fxml.MethodHelper.invoke(MethodHelper.java:84)
	at javafx.fxml@21.0.1/javafx.fxml.FXMLLoader.loadImpl(FXMLLoader.java:2688)
	at javafx.fxml@21.0.1/javafx.fxml.FXMLLoader.loadImpl(FXMLLoader.java:2563)
	at javafx.fxml@21.0.1/javafx.fxml.FXMLLoader.load(FXMLLoader.java:2531)
	at pe.crediactiva.app.view.cliente.SimuladorClienteController.handleVolver(SimuladorClienteController.java:431)
	at java.base/jdk.internal.reflect.DirectMethodHandleAccessor.invoke(DirectMethodHandleAccessor.java:103)
	at java.base/java.lang.reflect.Method.invoke(Method.java:580)
	at com.sun.javafx.reflect.Trampoline.invoke(MethodUtil.java:72)
	at java.base/jdk.internal.reflect.DirectMethodHandleAccessor.invoke(DirectMethodHandleAccessor.java:103)
	at java.base/java.lang.reflect.Method.invoke(Method.java:580)
	at javafx.base@21.0.1/com.sun.javafx.reflect.MethodUtil.invoke(MethodUtil.java:270)
	at javafx.fxml@21.0.1/com.sun.javafx.fxml.MethodHelper.invoke(MethodHelper.java:84)
	at javafx.fxml@21.0.1/javafx.fxml.FXMLLoader$MethodHandler.invoke(FXMLLoader.java:1855)
	at javafx.fxml@21.0.1/javafx.fxml.FXMLLoader$ControllerMethodEventHandler.handle(FXMLLoader.java:1726)
	at javafx.base@21.0.1/com.sun.javafx.event.CompositeEventHandler.dispatchBubblingEvent(CompositeEventHandler.java:86)
	at javafx.base@21.0.1/com.sun.javafx.event.EventHandlerManager.dispatchBubblingEvent(EventHandlerManager.java:232)
	at javafx.base@21.0.1/com.sun.javafx.event.EventHandlerManager.dispatchBubblingEvent(EventHandlerManager.java:189)
	at javafx.base@21.0.1/com.sun.javafx.event.CompositeEventDispatcher.dispatchBubblingEvent(CompositeEventDispatcher.java:59)
	at javafx.base@21.0.1/com.sun.javafx.event.BasicEventDispatcher.dispatchEvent(BasicEventDispatcher.java:58)
	at javafx.base@21.0.1/com.sun.javafx.event.EventDispatchChainImpl.dispatchEvent(EventDispatchChainImpl.java:114)
	at javafx.base@21.0.1/com.sun.javafx.event.BasicEventDispatcher.dispatchEvent(BasicEventDispatcher.java:56)
	at javafx.base@21.0.1/com.sun.javafx.event.EventDispatchChainImpl.dispatchEvent(EventDispatchChainImpl.java:114)
	at javafx.base@21.0.1/com.sun.javafx.event.BasicEventDispatcher.dispatchEvent(BasicEventDispatcher.java:56)
	at javafx.base@21.0.1/com.sun.javafx.event.EventDispatchChainImpl.dispatchEvent(EventDispatchChainImpl.java:114)
	at javafx.base@21.0.1/com.sun.javafx.event.EventUtil.fireEventImpl(EventUtil.java:74)
	at javafx.base@21.0.1/com.sun.javafx.event.EventUtil.fireEvent(EventUtil.java:49)
	at javafx.base@21.0.1/javafx.event.Event.fireEvent(Event.java:198)
	at javafx.graphics@21.0.1/javafx.scene.Node.fireEvent(Node.java:8875)
	at javafx.controls@21.0.1/javafx.scene.control.Button.fire(Button.java:203)
	at javafx.controls@21.0.1/com.sun.javafx.scene.control.behavior.ButtonBehavior.mouseReleased(ButtonBehavior.java:207)
	at javafx.controls@21.0.1/com.sun.javafx.scene.control.inputmap.InputMap.handle(InputMap.java:274)
	at javafx.base@21.0.1/com.sun.javafx.event.CompositeEventHandler$NormalEventHandlerRecord.handleBubblingEvent(CompositeEventHandler.java:247)
	at javafx.base@21.0.1/com.sun.javafx.event.CompositeEventHandler.dispatchBubblingEvent(CompositeEventHandler.java:80)
	at javafx.base@21.0.1/com.sun.javafx.event.EventHandlerManager.dispatchBubblingEvent(EventHandlerManager.java:232)
	at javafx.base@21.0.1/com.sun.javafx.event.EventHandlerManager.dispatchBubblingEvent(EventHandlerManager.java:189)
	at javafx.base@21.0.1/com.sun.javafx.event.CompositeEventDispatcher.dispatchBubblingEvent(CompositeEventDispatcher.java:59)
	at javafx.base@21.0.1/com.sun.javafx.event.BasicEventDispatcher.dispatchEvent(BasicEventDispatcher.java:58)
	at javafx.base@21.0.1/com.sun.javafx.event.EventDispatchChainImpl.dispatchEvent(EventDispatchChainImpl.java:114)
	at javafx.base@21.0.1/com.sun.javafx.event.BasicEventDispatcher.dispatchEvent(BasicEventDispatcher.java:56)
	at javafx.base@21.0.1/com.sun.javafx.event.EventDispatchChainImpl.dispatchEvent(EventDispatchChainImpl.java:114)
	at javafx.base@21.0.1/com.sun.javafx.event.BasicEventDispatcher.dispatchEvent(BasicEventDispatcher.java:56)
	at javafx.base@21.0.1/com.sun.javafx.event.EventDispatchChainImpl.dispatchEvent(EventDispatchChainImpl.java:114)
	at javafx.base@21.0.1/com.sun.javafx.event.EventUtil.fireEventImpl(EventUtil.java:74)
	at javafx.base@21.0.1/com.sun.javafx.event.EventUtil.fireEvent(EventUtil.java:54)
	at javafx.base@21.0.1/javafx.event.Event.fireEvent(Event.java:198)
	at javafx.graphics@21.0.1/javafx.scene.Scene$MouseHandler.process(Scene.java:3984)
	at javafx.graphics@21.0.1/javafx.scene.Scene.processMouseEvent(Scene.java:1890)
	at javafx.graphics@21.0.1/javafx.scene.Scene$ScenePeerListener.mouseEvent(Scene.java:2708)
	at javafx.graphics@21.0.1/com.sun.javafx.tk.quantum.GlassViewEventHandler$MouseEventNotification.run(GlassViewEventHandler.java:411)
	at javafx.graphics@21.0.1/com.sun.javafx.tk.quantum.GlassViewEventHandler$MouseEventNotification.run(GlassViewEventHandler.java:301)
	at java.base/java.security.AccessController.doPrivileged(AccessController.java:400)
	at javafx.graphics@21.0.1/com.sun.javafx.tk.quantum.GlassViewEventHandler.lambda$handleMouseEvent$2(GlassViewEventHandler.java:450)
	at javafx.graphics@21.0.1/com.sun.javafx.tk.quantum.QuantumToolkit.runWithoutRenderLock(QuantumToolkit.java:424)
	at javafx.graphics@21.0.1/com.sun.javafx.tk.quantum.GlassViewEventHandler.handleMouseEvent(GlassViewEventHandler.java:449)
	at javafx.graphics@21.0.1/com.sun.glass.ui.View.handleMouseEvent(View.java:551)
	at javafx.graphics@21.0.1/com.sun.glass.ui.View.notifyMouse(View.java:937)
	at javafx.graphics@21.0.1/com.sun.glass.ui.win.WinApplication._runLoop(Native Method)
	at javafx.graphics@21.0.1/com.sun.glass.ui.win.WinApplication.lambda$runLoop$3(WinApplication.java:185)
	at java.base/java.lang.Thread.run(Thread.java:1583)
2025-10-05 20:51:26 [JavaFX Application Thread] INFO  p.c.a.service.AuthenticationService - Usuario cerró sesión: 11111111
2025-10-05 20:51:26 [JavaFX Application Thread] INFO  p.c.a.v.c.ClienteMainController - Cliente cerró sesión
2025-10-05 20:52:54 [JavaFX Application Thread] INFO  p.c.app.config.DatabaseConfig - Pool de conexiones cerrado correctamente
2025-10-05 20:52:54 [JavaFX Application Thread] INFO  pe.crediactiva.app.Main - Aplicación CrediActiva cerrada
2025-10-05 20:55:22 [main] INFO  pe.crediactiva.app.Main - Iniciando aplicación CrediActiva Desktop v1.0.0
2025-10-05 20:55:22 [JavaFX Application Thread] INFO  pe.crediactiva.app.Main - Icono no encontrado, continuando sin icono
2025-10-05 20:55:22 [JavaFX Application Thread] INFO  p.c.app.config.DatabaseConfig - Propiedades de base de datos cargadas correctamente
2025-10-05 20:55:22 [JavaFX Application Thread] INFO  p.c.app.config.DatabaseConfig - Pool de conexiones HikariCP inicializado correctamente
2025-10-05 20:55:23 [JavaFX Application Thread] INFO  pe.crediactiva.app.Main - Aplicación CrediActiva iniciada correctamente
2025-10-05 20:55:50 [JavaFX Application Thread] INFO  p.c.app.dao.impl.UsuarioDAOImpl - Usuario autenticado exitosamente: 11111111
2025-10-05 20:55:50 [JavaFX Application Thread] INFO  p.c.a.service.AuthenticationService - Usuario autenticado exitosamente: 11111111 - CLIENTE
2025-10-05 20:55:50 [JavaFX Application Thread] INFO  p.c.app.view.LoginController - Usuario autenticado exitosamente: 11111111
2025-10-05 20:55:51 [JavaFX Application Thread] ERROR p.c.app.dao.impl.PrestamoDAOImpl - Error al buscar préstamos por cliente y estado: 11111111, ACTIVO
java.sql.SQLException: Column 'cliente_nombre' not found.
	at com.mysql.cj.jdbc.exceptions.SQLError.createSQLException(SQLError.java:130)
	at com.mysql.cj.jdbc.exceptions.SQLError.createSQLException(SQLError.java:98)
	at com.mysql.cj.jdbc.exceptions.SQLError.createSQLException(SQLError.java:90)
	at com.mysql.cj.jdbc.exceptions.SQLError.createSQLException(SQLError.java:64)
	at com.mysql.cj.jdbc.result.ResultSetImpl.findColumn(ResultSetImpl.java:584)
	at com.mysql.cj.jdbc.result.ResultSetImpl.getString(ResultSetImpl.java:896)
	at com.zaxxer.hikari.pool.HikariProxyResultSet.getString(HikariProxyResultSet.java)
	at pe.crediactiva.app.dao.impl.PrestamoDAOImpl.mapResultSetToPrestamo(PrestamoDAOImpl.java:522)
	at pe.crediactiva.app.dao.impl.PrestamoDAOImpl.findByClienteAndEstado(PrestamoDAOImpl.java:475)
	at pe.crediactiva.app.service.PrestamoService.obtenerPrestamosActivosPorCliente(PrestamoService.java:399)
	at pe.crediactiva.app.view.cliente.ClienteMainController.cargarEstadisticasResumen(ClienteMainController.java:198)
	at pe.crediactiva.app.view.cliente.ClienteMainController.initialize(ClienteMainController.java:147)
	at java.base/jdk.internal.reflect.DirectMethodHandleAccessor.invoke(DirectMethodHandleAccessor.java:103)
	at java.base/java.lang.reflect.Method.invoke(Method.java:580)
	at com.sun.javafx.reflect.Trampoline.invoke(MethodUtil.java:72)
	at java.base/jdk.internal.reflect.DirectMethodHandleAccessor.invoke(DirectMethodHandleAccessor.java:103)
	at java.base/java.lang.reflect.Method.invoke(Method.java:580)
	at javafx.base@21.0.1/com.sun.javafx.reflect.MethodUtil.invoke(MethodUtil.java:270)
	at javafx.fxml@21.0.1/com.sun.javafx.fxml.MethodHelper.invoke(MethodHelper.java:84)
	at javafx.fxml@21.0.1/javafx.fxml.FXMLLoader.loadImpl(FXMLLoader.java:2688)
	at javafx.fxml@21.0.1/javafx.fxml.FXMLLoader.loadImpl(FXMLLoader.java:2563)
	at javafx.fxml@21.0.1/javafx.fxml.FXMLLoader.load(FXMLLoader.java:2531)
	at pe.crediactiva.app.view.LoginController.redirectToMainScreen(LoginController.java:140)
	at pe.crediactiva.app.view.LoginController.handleLogin(LoginController.java:99)
	at pe.crediactiva.app.view.LoginController.lambda$initialize$0(LoginController.java:50)
	at javafx.base@21.0.1/com.sun.javafx.event.CompositeEventHandler.dispatchBubblingEvent(CompositeEventHandler.java:86)
	at javafx.base@21.0.1/com.sun.javafx.event.EventHandlerManager.dispatchBubblingEvent(EventHandlerManager.java:232)
	at javafx.base@21.0.1/com.sun.javafx.event.EventHandlerManager.dispatchBubblingEvent(EventHandlerManager.java:189)
	at javafx.base@21.0.1/com.sun.javafx.event.CompositeEventDispatcher.dispatchBubblingEvent(CompositeEventDispatcher.java:59)
	at javafx.base@21.0.1/com.sun.javafx.event.BasicEventDispatcher.dispatchEvent(BasicEventDispatcher.java:58)
	at javafx.base@21.0.1/com.sun.javafx.event.EventDispatchChainImpl.dispatchEvent(EventDispatchChainImpl.java:114)
	at javafx.base@21.0.1/com.sun.javafx.event.BasicEventDispatcher.dispatchEvent(BasicEventDispatcher.java:56)
	at javafx.base@21.0.1/com.sun.javafx.event.EventDispatchChainImpl.dispatchEvent(EventDispatchChainImpl.java:114)
	at javafx.base@21.0.1/com.sun.javafx.event.BasicEventDispatcher.dispatchEvent(BasicEventDispatcher.java:56)
	at javafx.base@21.0.1/com.sun.javafx.event.EventDispatchChainImpl.dispatchEvent(EventDispatchChainImpl.java:114)
	at javafx.base@21.0.1/com.sun.javafx.event.EventUtil.fireEventImpl(EventUtil.java:74)
	at javafx.base@21.0.1/com.sun.javafx.event.EventUtil.fireEvent(EventUtil.java:49)
	at javafx.base@21.0.1/javafx.event.Event.fireEvent(Event.java:198)
	at javafx.graphics@21.0.1/javafx.scene.Node.fireEvent(Node.java:8875)
	at javafx.controls@21.0.1/com.sun.javafx.scene.control.behavior.TextFieldBehavior.fire(TextFieldBehavior.java:161)
	at javafx.controls@21.0.1/com.sun.javafx.scene.control.behavior.TextInputControlBehavior.lambda$keyMapping$62(TextInputControlBehavior.java:344)
	at javafx.controls@21.0.1/com.sun.javafx.scene.control.inputmap.InputMap.handle(InputMap.java:274)
	at javafx.base@21.0.1/com.sun.javafx.event.CompositeEventHandler$NormalEventHandlerRecord.handleBubblingEvent(CompositeEventHandler.java:247)
	at javafx.base@21.0.1/com.sun.javafx.event.CompositeEventHandler.dispatchBubblingEvent(CompositeEventHandler.java:80)
	at javafx.base@21.0.1/com.sun.javafx.event.EventHandlerManager.dispatchBubblingEvent(EventHandlerManager.java:232)
	at javafx.base@21.0.1/com.sun.javafx.event.EventHandlerManager.dispatchBubblingEvent(EventHandlerManager.java:189)
	at javafx.base@21.0.1/com.sun.javafx.event.CompositeEventDispatcher.dispatchBubblingEvent(CompositeEventDispatcher.java:59)
	at javafx.base@21.0.1/com.sun.javafx.event.BasicEventDispatcher.dispatchEvent(BasicEventDispatcher.java:58)
	at javafx.base@21.0.1/com.sun.javafx.event.EventDispatchChainImpl.dispatchEvent(EventDispatchChainImpl.java:114)
	at javafx.base@21.0.1/com.sun.javafx.event.BasicEventDispatcher.dispatchEvent(BasicEventDispatcher.java:56)
	at javafx.base@21.0.1/com.sun.javafx.event.EventDispatchChainImpl.dispatchEvent(EventDispatchChainImpl.java:114)
	at javafx.base@21.0.1/com.sun.javafx.event.BasicEventDispatcher.dispatchEvent(BasicEventDispatcher.java:56)
	at javafx.base@21.0.1/com.sun.javafx.event.EventDispatchChainImpl.dispatchEvent(EventDispatchChainImpl.java:114)
	at javafx.base@21.0.1/com.sun.javafx.event.EventUtil.fireEventImpl(EventUtil.java:74)
	at javafx.base@21.0.1/com.sun.javafx.event.EventUtil.fireEvent(EventUtil.java:54)
	at javafx.base@21.0.1/javafx.event.Event.fireEvent(Event.java:198)
	at javafx.graphics@21.0.1/javafx.scene.Scene.processKeyEvent(Scene.java:2194)
	at javafx.graphics@21.0.1/javafx.scene.Scene$ScenePeerListener.keyEvent(Scene.java:2715)
	at javafx.graphics@21.0.1/com.sun.javafx.tk.quantum.GlassViewEventHandler$KeyEventNotification.run(GlassViewEventHandler.java:218)
	at javafx.graphics@21.0.1/com.sun.javafx.tk.quantum.GlassViewEventHandler$KeyEventNotification.run(GlassViewEventHandler.java:150)
	at java.base/java.security.AccessController.doPrivileged(AccessController.java:400)
	at javafx.graphics@21.0.1/com.sun.javafx.tk.quantum.GlassViewEventHandler.lambda$handleKeyEvent$1(GlassViewEventHandler.java:250)
	at javafx.graphics@21.0.1/com.sun.javafx.tk.quantum.QuantumToolkit.runWithoutRenderLock(QuantumToolkit.java:424)
	at javafx.graphics@21.0.1/com.sun.javafx.tk.quantum.GlassViewEventHandler.handleKeyEvent(GlassViewEventHandler.java:249)
	at javafx.graphics@21.0.1/com.sun.glass.ui.View.handleKeyEvent(View.java:542)
	at javafx.graphics@21.0.1/com.sun.glass.ui.View.notifyKey(View.java:966)
	at javafx.graphics@21.0.1/com.sun.glass.ui.win.WinApplication._runLoop(Native Method)
	at javafx.graphics@21.0.1/com.sun.glass.ui.win.WinApplication.lambda$runLoop$3(WinApplication.java:185)
	at java.base/java.lang.Thread.run(Thread.java:1583)
2025-10-05 20:55:51 [JavaFX Application Thread] INFO  p.c.app.view.LoginController - Usuario redirigido a pantalla principal: CLIENTE
2025-10-05 20:59:58 [main] INFO  pe.crediactiva.app.Main - Iniciando aplicación CrediActiva Desktop v1.0.0
2025-10-05 20:59:58 [JavaFX Application Thread] INFO  pe.crediactiva.app.Main - Icono no encontrado, continuando sin icono
2025-10-05 20:59:58 [JavaFX Application Thread] INFO  p.c.app.config.DatabaseConfig - Propiedades de base de datos cargadas correctamente
2025-10-05 20:59:58 [JavaFX Application Thread] INFO  p.c.app.config.DatabaseConfig - Pool de conexiones HikariCP inicializado correctamente
2025-10-05 20:59:59 [JavaFX Application Thread] INFO  p.c.app.config.DatabaseConfig - Pool de conexiones cerrado correctamente
2025-10-05 20:59:59 [JavaFX Application Thread] INFO  pe.crediactiva.app.Main - Aplicación CrediActiva cerrada
2025-10-05 20:59:59 [JavaFX Application Thread] INFO  pe.crediactiva.app.Main - Aplicación CrediActiva iniciada correctamente
2025-10-05 21:00:21 [JavaFX Application Thread] INFO  p.c.app.dao.impl.UsuarioDAOImpl - Usuario autenticado exitosamente: 99999999
2025-10-05 21:00:21 [JavaFX Application Thread] INFO  p.c.a.service.AuthenticationService - Usuario autenticado exitosamente: 99999999 - ADMIN
2025-10-05 21:00:21 [JavaFX Application Thread] INFO  p.c.app.view.LoginController - Usuario autenticado exitosamente: 99999999
2025-10-05 21:00:21 [JavaFX Application Thread] INFO  p.c.app.view.LoginController - Usuario redirigido a pantalla principal: ADMIN
2025-10-05 21:00:25 [JavaFX Application Thread] INFO  p.c.a.service.AuthenticationService - Usuario cerró sesión: 99999999
2025-10-05 21:00:25 [JavaFX Application Thread] INFO  p.c.a.view.admin.AdminMainController - Usuario cerró sesión
2025-10-05 21:00:39 [JavaFX Application Thread] INFO  p.c.app.dao.impl.UsuarioDAOImpl - Usuario autenticado exitosamente: 11111111
2025-10-05 21:00:39 [JavaFX Application Thread] INFO  p.c.a.service.AuthenticationService - Usuario autenticado exitosamente: 11111111 - CLIENTE
2025-10-05 21:00:39 [JavaFX Application Thread] INFO  p.c.app.view.LoginController - Usuario autenticado exitosamente: 11111111
2025-10-05 21:00:39 [JavaFX Application Thread] ERROR p.c.app.dao.impl.PrestamoDAOImpl - Error al buscar préstamos por cliente y estado: 11111111, ACTIVO
java.sql.SQLException: Column 'cliente_nombre' not found.
	at com.mysql.cj.jdbc.exceptions.SQLError.createSQLException(SQLError.java:130)
	at com.mysql.cj.jdbc.exceptions.SQLError.createSQLException(SQLError.java:98)
	at com.mysql.cj.jdbc.exceptions.SQLError.createSQLException(SQLError.java:90)
	at com.mysql.cj.jdbc.exceptions.SQLError.createSQLException(SQLError.java:64)
	at com.mysql.cj.jdbc.result.ResultSetImpl.findColumn(ResultSetImpl.java:584)
	at com.mysql.cj.jdbc.result.ResultSetImpl.getString(ResultSetImpl.java:896)
	at com.zaxxer.hikari.pool.HikariProxyResultSet.getString(HikariProxyResultSet.java)
	at pe.crediactiva.app.dao.impl.PrestamoDAOImpl.mapResultSetToPrestamo(PrestamoDAOImpl.java:522)
	at pe.crediactiva.app.dao.impl.PrestamoDAOImpl.findByClienteAndEstado(PrestamoDAOImpl.java:475)
	at pe.crediactiva.app.service.PrestamoService.obtenerPrestamosActivosPorCliente(PrestamoService.java:399)
	at pe.crediactiva.app.view.cliente.ClienteMainController.cargarEstadisticasResumen(ClienteMainController.java:198)
	at pe.crediactiva.app.view.cliente.ClienteMainController.initialize(ClienteMainController.java:147)
	at java.base/jdk.internal.reflect.DirectMethodHandleAccessor.invoke(DirectMethodHandleAccessor.java:103)
	at java.base/java.lang.reflect.Method.invoke(Method.java:580)
	at com.sun.javafx.reflect.Trampoline.invoke(MethodUtil.java:72)
	at java.base/jdk.internal.reflect.DirectMethodHandleAccessor.invoke(DirectMethodHandleAccessor.java:103)
	at java.base/java.lang.reflect.Method.invoke(Method.java:580)
	at javafx.base@21.0.1/com.sun.javafx.reflect.MethodUtil.invoke(MethodUtil.java:270)
	at javafx.fxml@21.0.1/com.sun.javafx.fxml.MethodHelper.invoke(MethodHelper.java:84)
	at javafx.fxml@21.0.1/javafx.fxml.FXMLLoader.loadImpl(FXMLLoader.java:2688)
	at javafx.fxml@21.0.1/javafx.fxml.FXMLLoader.loadImpl(FXMLLoader.java:2563)
	at javafx.fxml@21.0.1/javafx.fxml.FXMLLoader.load(FXMLLoader.java:2531)
	at pe.crediactiva.app.view.LoginController.redirectToMainScreen(LoginController.java:140)
	at pe.crediactiva.app.view.LoginController.handleLogin(LoginController.java:99)
	at java.base/jdk.internal.reflect.DirectMethodHandleAccessor.invoke(DirectMethodHandleAccessor.java:103)
	at java.base/java.lang.reflect.Method.invoke(Method.java:580)
	at com.sun.javafx.reflect.Trampoline.invoke(MethodUtil.java:72)
	at java.base/jdk.internal.reflect.DirectMethodHandleAccessor.invoke(DirectMethodHandleAccessor.java:103)
	at java.base/java.lang.reflect.Method.invoke(Method.java:580)
	at javafx.base@21.0.1/com.sun.javafx.reflect.MethodUtil.invoke(MethodUtil.java:270)
	at javafx.fxml@21.0.1/com.sun.javafx.fxml.MethodHelper.invoke(MethodHelper.java:84)
	at javafx.fxml@21.0.1/javafx.fxml.FXMLLoader$MethodHandler.invoke(FXMLLoader.java:1855)
	at javafx.fxml@21.0.1/javafx.fxml.FXMLLoader$ControllerMethodEventHandler.handle(FXMLLoader.java:1726)
	at javafx.base@21.0.1/com.sun.javafx.event.CompositeEventHandler.dispatchBubblingEvent(CompositeEventHandler.java:86)
	at javafx.base@21.0.1/com.sun.javafx.event.EventHandlerManager.dispatchBubblingEvent(EventHandlerManager.java:232)
	at javafx.base@21.0.1/com.sun.javafx.event.EventHandlerManager.dispatchBubblingEvent(EventHandlerManager.java:189)
	at javafx.base@21.0.1/com.sun.javafx.event.CompositeEventDispatcher.dispatchBubblingEvent(CompositeEventDispatcher.java:59)
	at javafx.base@21.0.1/com.sun.javafx.event.BasicEventDispatcher.dispatchEvent(BasicEventDispatcher.java:58)
	at javafx.base@21.0.1/com.sun.javafx.event.EventDispatchChainImpl.dispatchEvent(EventDispatchChainImpl.java:114)
	at javafx.base@21.0.1/com.sun.javafx.event.BasicEventDispatcher.dispatchEvent(BasicEventDispatcher.java:56)
	at javafx.base@21.0.1/com.sun.javafx.event.EventDispatchChainImpl.dispatchEvent(EventDispatchChainImpl.java:114)
	at javafx.base@21.0.1/com.sun.javafx.event.BasicEventDispatcher.dispatchEvent(BasicEventDispatcher.java:56)
	at javafx.base@21.0.1/com.sun.javafx.event.EventDispatchChainImpl.dispatchEvent(EventDispatchChainImpl.java:114)
	at javafx.base@21.0.1/com.sun.javafx.event.EventUtil.fireEventImpl(EventUtil.java:74)
	at javafx.base@21.0.1/com.sun.javafx.event.EventUtil.fireEvent(EventUtil.java:49)
	at javafx.base@21.0.1/javafx.event.Event.fireEvent(Event.java:198)
	at javafx.graphics@21.0.1/javafx.scene.Node.fireEvent(Node.java:8875)
	at javafx.controls@21.0.1/javafx.scene.control.Button.fire(Button.java:203)
	at javafx.controls@21.0.1/com.sun.javafx.scene.control.behavior.ButtonBehavior.mouseReleased(ButtonBehavior.java:207)
	at javafx.controls@21.0.1/com.sun.javafx.scene.control.inputmap.InputMap.handle(InputMap.java:274)
	at javafx.base@21.0.1/com.sun.javafx.event.CompositeEventHandler$NormalEventHandlerRecord.handleBubblingEvent(CompositeEventHandler.java:247)
	at javafx.base@21.0.1/com.sun.javafx.event.CompositeEventHandler.dispatchBubblingEvent(CompositeEventHandler.java:80)
	at javafx.base@21.0.1/com.sun.javafx.event.EventHandlerManager.dispatchBubblingEvent(EventHandlerManager.java:232)
	at javafx.base@21.0.1/com.sun.javafx.event.EventHandlerManager.dispatchBubblingEvent(EventHandlerManager.java:189)
	at javafx.base@21.0.1/com.sun.javafx.event.CompositeEventDispatcher.dispatchBubblingEvent(CompositeEventDispatcher.java:59)
	at javafx.base@21.0.1/com.sun.javafx.event.BasicEventDispatcher.dispatchEvent(BasicEventDispatcher.java:58)
	at javafx.base@21.0.1/com.sun.javafx.event.EventDispatchChainImpl.dispatchEvent(EventDispatchChainImpl.java:114)
	at javafx.base@21.0.1/com.sun.javafx.event.BasicEventDispatcher.dispatchEvent(BasicEventDispatcher.java:56)
	at javafx.base@21.0.1/com.sun.javafx.event.EventDispatchChainImpl.dispatchEvent(EventDispatchChainImpl.java:114)
	at javafx.base@21.0.1/com.sun.javafx.event.BasicEventDispatcher.dispatchEvent(BasicEventDispatcher.java:56)
	at javafx.base@21.0.1/com.sun.javafx.event.EventDispatchChainImpl.dispatchEvent(EventDispatchChainImpl.java:114)
	at javafx.base@21.0.1/com.sun.javafx.event.EventUtil.fireEventImpl(EventUtil.java:74)
	at javafx.base@21.0.1/com.sun.javafx.event.EventUtil.fireEvent(EventUtil.java:54)
	at javafx.base@21.0.1/javafx.event.Event.fireEvent(Event.java:198)
	at javafx.graphics@21.0.1/javafx.scene.Scene$MouseHandler.process(Scene.java:3984)
	at javafx.graphics@21.0.1/javafx.scene.Scene.processMouseEvent(Scene.java:1890)
	at javafx.graphics@21.0.1/javafx.scene.Scene$ScenePeerListener.mouseEvent(Scene.java:2708)
	at javafx.graphics@21.0.1/com.sun.javafx.tk.quantum.GlassViewEventHandler$MouseEventNotification.run(GlassViewEventHandler.java:411)
	at javafx.graphics@21.0.1/com.sun.javafx.tk.quantum.GlassViewEventHandler$MouseEventNotification.run(GlassViewEventHandler.java:301)
	at java.base/java.security.AccessController.doPrivileged(AccessController.java:400)
	at javafx.graphics@21.0.1/com.sun.javafx.tk.quantum.GlassViewEventHandler.lambda$handleMouseEvent$2(GlassViewEventHandler.java:450)
	at javafx.graphics@21.0.1/com.sun.javafx.tk.quantum.QuantumToolkit.runWithoutRenderLock(QuantumToolkit.java:424)
	at javafx.graphics@21.0.1/com.sun.javafx.tk.quantum.GlassViewEventHandler.handleMouseEvent(GlassViewEventHandler.java:449)
	at javafx.graphics@21.0.1/com.sun.glass.ui.View.handleMouseEvent(View.java:551)
	at javafx.graphics@21.0.1/com.sun.glass.ui.View.notifyMouse(View.java:937)
	at javafx.graphics@21.0.1/com.sun.glass.ui.win.WinApplication._runLoop(Native Method)
	at javafx.graphics@21.0.1/com.sun.glass.ui.win.WinApplication.lambda$runLoop$3(WinApplication.java:185)
	at java.base/java.lang.Thread.run(Thread.java:1583)
2025-10-05 21:00:40 [JavaFX Application Thread] INFO  p.c.app.view.LoginController - Usuario redirigido a pantalla principal: CLIENTE
2025-10-05 21:02:26 [JavaFX Application Thread] INFO  p.c.a.v.c.SimuladorClienteController - Simulador de crédito inicializado correctamente
2025-10-05 21:02:29 [JavaFX Application Thread] ERROR p.c.app.dao.impl.PrestamoDAOImpl - Error al buscar préstamos por cliente y estado: 11111111, ACTIVO
java.sql.SQLException: Column 'cliente_nombre' not found.
	at com.mysql.cj.jdbc.exceptions.SQLError.createSQLException(SQLError.java:130)
	at com.mysql.cj.jdbc.exceptions.SQLError.createSQLException(SQLError.java:98)
	at com.mysql.cj.jdbc.exceptions.SQLError.createSQLException(SQLError.java:90)
	at com.mysql.cj.jdbc.exceptions.SQLError.createSQLException(SQLError.java:64)
	at com.mysql.cj.jdbc.result.ResultSetImpl.findColumn(ResultSetImpl.java:584)
	at com.mysql.cj.jdbc.result.ResultSetImpl.getString(ResultSetImpl.java:896)
	at com.zaxxer.hikari.pool.HikariProxyResultSet.getString(HikariProxyResultSet.java)
	at pe.crediactiva.app.dao.impl.PrestamoDAOImpl.mapResultSetToPrestamo(PrestamoDAOImpl.java:522)
	at pe.crediactiva.app.dao.impl.PrestamoDAOImpl.findByClienteAndEstado(PrestamoDAOImpl.java:475)
	at pe.crediactiva.app.service.PrestamoService.obtenerPrestamosActivosPorCliente(PrestamoService.java:399)
	at pe.crediactiva.app.view.cliente.ClienteMainController.cargarEstadisticasResumen(ClienteMainController.java:198)
	at pe.crediactiva.app.view.cliente.ClienteMainController.initialize(ClienteMainController.java:147)
	at java.base/jdk.internal.reflect.DirectMethodHandleAccessor.invoke(DirectMethodHandleAccessor.java:103)
	at java.base/java.lang.reflect.Method.invoke(Method.java:580)
	at com.sun.javafx.reflect.Trampoline.invoke(MethodUtil.java:72)
	at java.base/jdk.internal.reflect.DirectMethodHandleAccessor.invoke(DirectMethodHandleAccessor.java:103)
	at java.base/java.lang.reflect.Method.invoke(Method.java:580)
	at javafx.base@21.0.1/com.sun.javafx.reflect.MethodUtil.invoke(MethodUtil.java:270)
	at javafx.fxml@21.0.1/com.sun.javafx.fxml.MethodHelper.invoke(MethodHelper.java:84)
	at javafx.fxml@21.0.1/javafx.fxml.FXMLLoader.loadImpl(FXMLLoader.java:2688)
	at javafx.fxml@21.0.1/javafx.fxml.FXMLLoader.loadImpl(FXMLLoader.java:2563)
	at javafx.fxml@21.0.1/javafx.fxml.FXMLLoader.load(FXMLLoader.java:2531)
	at pe.crediactiva.app.view.cliente.SimuladorClienteController.handleVolver(SimuladorClienteController.java:431)
	at java.base/jdk.internal.reflect.DirectMethodHandleAccessor.invoke(DirectMethodHandleAccessor.java:103)
	at java.base/java.lang.reflect.Method.invoke(Method.java:580)
	at com.sun.javafx.reflect.Trampoline.invoke(MethodUtil.java:72)
	at java.base/jdk.internal.reflect.DirectMethodHandleAccessor.invoke(DirectMethodHandleAccessor.java:103)
	at java.base/java.lang.reflect.Method.invoke(Method.java:580)
	at javafx.base@21.0.1/com.sun.javafx.reflect.MethodUtil.invoke(MethodUtil.java:270)
	at javafx.fxml@21.0.1/com.sun.javafx.fxml.MethodHelper.invoke(MethodHelper.java:84)
	at javafx.fxml@21.0.1/javafx.fxml.FXMLLoader$MethodHandler.invoke(FXMLLoader.java:1855)
	at javafx.fxml@21.0.1/javafx.fxml.FXMLLoader$ControllerMethodEventHandler.handle(FXMLLoader.java:1726)
	at javafx.base@21.0.1/com.sun.javafx.event.CompositeEventHandler.dispatchBubblingEvent(CompositeEventHandler.java:86)
	at javafx.base@21.0.1/com.sun.javafx.event.EventHandlerManager.dispatchBubblingEvent(EventHandlerManager.java:232)
	at javafx.base@21.0.1/com.sun.javafx.event.EventHandlerManager.dispatchBubblingEvent(EventHandlerManager.java:189)
	at javafx.base@21.0.1/com.sun.javafx.event.CompositeEventDispatcher.dispatchBubblingEvent(CompositeEventDispatcher.java:59)
	at javafx.base@21.0.1/com.sun.javafx.event.BasicEventDispatcher.dispatchEvent(BasicEventDispatcher.java:58)
	at javafx.base@21.0.1/com.sun.javafx.event.EventDispatchChainImpl.dispatchEvent(EventDispatchChainImpl.java:114)
	at javafx.base@21.0.1/com.sun.javafx.event.BasicEventDispatcher.dispatchEvent(BasicEventDispatcher.java:56)
	at javafx.base@21.0.1/com.sun.javafx.event.EventDispatchChainImpl.dispatchEvent(EventDispatchChainImpl.java:114)
	at javafx.base@21.0.1/com.sun.javafx.event.BasicEventDispatcher.dispatchEvent(BasicEventDispatcher.java:56)
	at javafx.base@21.0.1/com.sun.javafx.event.EventDispatchChainImpl.dispatchEvent(EventDispatchChainImpl.java:114)
	at javafx.base@21.0.1/com.sun.javafx.event.EventUtil.fireEventImpl(EventUtil.java:74)
	at javafx.base@21.0.1/com.sun.javafx.event.EventUtil.fireEvent(EventUtil.java:49)
	at javafx.base@21.0.1/javafx.event.Event.fireEvent(Event.java:198)
	at javafx.graphics@21.0.1/javafx.scene.Node.fireEvent(Node.java:8875)
	at javafx.controls@21.0.1/javafx.scene.control.Button.fire(Button.java:203)
	at javafx.controls@21.0.1/com.sun.javafx.scene.control.behavior.ButtonBehavior.mouseReleased(ButtonBehavior.java:207)
	at javafx.controls@21.0.1/com.sun.javafx.scene.control.inputmap.InputMap.handle(InputMap.java:274)
	at javafx.base@21.0.1/com.sun.javafx.event.CompositeEventHandler$NormalEventHandlerRecord.handleBubblingEvent(CompositeEventHandler.java:247)
	at javafx.base@21.0.1/com.sun.javafx.event.CompositeEventHandler.dispatchBubblingEvent(CompositeEventHandler.java:80)
	at javafx.base@21.0.1/com.sun.javafx.event.EventHandlerManager.dispatchBubblingEvent(EventHandlerManager.java:232)
	at javafx.base@21.0.1/com.sun.javafx.event.EventHandlerManager.dispatchBubblingEvent(EventHandlerManager.java:189)
	at javafx.base@21.0.1/com.sun.javafx.event.CompositeEventDispatcher.dispatchBubblingEvent(CompositeEventDispatcher.java:59)
	at javafx.base@21.0.1/com.sun.javafx.event.BasicEventDispatcher.dispatchEvent(BasicEventDispatcher.java:58)
	at javafx.base@21.0.1/com.sun.javafx.event.EventDispatchChainImpl.dispatchEvent(EventDispatchChainImpl.java:114)
	at javafx.base@21.0.1/com.sun.javafx.event.BasicEventDispatcher.dispatchEvent(BasicEventDispatcher.java:56)
	at javafx.base@21.0.1/com.sun.javafx.event.EventDispatchChainImpl.dispatchEvent(EventDispatchChainImpl.java:114)
	at javafx.base@21.0.1/com.sun.javafx.event.BasicEventDispatcher.dispatchEvent(BasicEventDispatcher.java:56)
	at javafx.base@21.0.1/com.sun.javafx.event.EventDispatchChainImpl.dispatchEvent(EventDispatchChainImpl.java:114)
	at javafx.base@21.0.1/com.sun.javafx.event.EventUtil.fireEventImpl(EventUtil.java:74)
	at javafx.base@21.0.1/com.sun.javafx.event.EventUtil.fireEvent(EventUtil.java:54)
	at javafx.base@21.0.1/javafx.event.Event.fireEvent(Event.java:198)
	at javafx.graphics@21.0.1/javafx.scene.Scene$MouseHandler.process(Scene.java:3984)
	at javafx.graphics@21.0.1/javafx.scene.Scene.processMouseEvent(Scene.java:1890)
	at javafx.graphics@21.0.1/javafx.scene.Scene$ScenePeerListener.mouseEvent(Scene.java:2708)
	at javafx.graphics@21.0.1/com.sun.javafx.tk.quantum.GlassViewEventHandler$MouseEventNotification.run(GlassViewEventHandler.java:411)
	at javafx.graphics@21.0.1/com.sun.javafx.tk.quantum.GlassViewEventHandler$MouseEventNotification.run(GlassViewEventHandler.java:301)
	at java.base/java.security.AccessController.doPrivileged(AccessController.java:400)
	at javafx.graphics@21.0.1/com.sun.javafx.tk.quantum.GlassViewEventHandler.lambda$handleMouseEvent$2(GlassViewEventHandler.java:450)
	at javafx.graphics@21.0.1/com.sun.javafx.tk.quantum.QuantumToolkit.runWithoutRenderLock(QuantumToolkit.java:424)
	at javafx.graphics@21.0.1/com.sun.javafx.tk.quantum.GlassViewEventHandler.handleMouseEvent(GlassViewEventHandler.java:449)
	at javafx.graphics@21.0.1/com.sun.glass.ui.View.handleMouseEvent(View.java:551)
	at javafx.graphics@21.0.1/com.sun.glass.ui.View.notifyMouse(View.java:937)
	at javafx.graphics@21.0.1/com.sun.glass.ui.win.WinApplication._runLoop(Native Method)
	at javafx.graphics@21.0.1/com.sun.glass.ui.win.WinApplication.lambda$runLoop$3(WinApplication.java:185)
	at java.base/java.lang.Thread.run(Thread.java:1583)
2025-10-05 21:02:30 [JavaFX Application Thread] INFO  p.c.a.v.c.RecibosClienteController - Pantalla de recibos del cliente inicializada correctamente
2025-10-05 21:02:32 [JavaFX Application Thread] ERROR p.c.app.dao.impl.PrestamoDAOImpl - Error al buscar préstamos por cliente y estado: 11111111, ACTIVO
java.sql.SQLException: Column 'cliente_nombre' not found.
	at com.mysql.cj.jdbc.exceptions.SQLError.createSQLException(SQLError.java:130)
	at com.mysql.cj.jdbc.exceptions.SQLError.createSQLException(SQLError.java:98)
	at com.mysql.cj.jdbc.exceptions.SQLError.createSQLException(SQLError.java:90)
	at com.mysql.cj.jdbc.exceptions.SQLError.createSQLException(SQLError.java:64)
	at com.mysql.cj.jdbc.result.ResultSetImpl.findColumn(ResultSetImpl.java:584)
	at com.mysql.cj.jdbc.result.ResultSetImpl.getString(ResultSetImpl.java:896)
	at com.zaxxer.hikari.pool.HikariProxyResultSet.getString(HikariProxyResultSet.java)
	at pe.crediactiva.app.dao.impl.PrestamoDAOImpl.mapResultSetToPrestamo(PrestamoDAOImpl.java:522)
	at pe.crediactiva.app.dao.impl.PrestamoDAOImpl.findByClienteAndEstado(PrestamoDAOImpl.java:475)
	at pe.crediactiva.app.service.PrestamoService.obtenerPrestamosActivosPorCliente(PrestamoService.java:399)
	at pe.crediactiva.app.view.cliente.ClienteMainController.cargarEstadisticasResumen(ClienteMainController.java:198)
	at pe.crediactiva.app.view.cliente.ClienteMainController.initialize(ClienteMainController.java:147)
	at java.base/jdk.internal.reflect.DirectMethodHandleAccessor.invoke(DirectMethodHandleAccessor.java:103)
	at java.base/java.lang.reflect.Method.invoke(Method.java:580)
	at com.sun.javafx.reflect.Trampoline.invoke(MethodUtil.java:72)
	at java.base/jdk.internal.reflect.DirectMethodHandleAccessor.invoke(DirectMethodHandleAccessor.java:103)
	at java.base/java.lang.reflect.Method.invoke(Method.java:580)
	at javafx.base@21.0.1/com.sun.javafx.reflect.MethodUtil.invoke(MethodUtil.java:270)
	at javafx.fxml@21.0.1/com.sun.javafx.fxml.MethodHelper.invoke(MethodHelper.java:84)
	at javafx.fxml@21.0.1/javafx.fxml.FXMLLoader.loadImpl(FXMLLoader.java:2688)
	at javafx.fxml@21.0.1/javafx.fxml.FXMLLoader.loadImpl(FXMLLoader.java:2563)
	at javafx.fxml@21.0.1/javafx.fxml.FXMLLoader.load(FXMLLoader.java:2531)
	at pe.crediactiva.app.view.cliente.RecibosClienteController.handleVolver(RecibosClienteController.java:380)
	at java.base/jdk.internal.reflect.DirectMethodHandleAccessor.invoke(DirectMethodHandleAccessor.java:103)
	at java.base/java.lang.reflect.Method.invoke(Method.java:580)
	at com.sun.javafx.reflect.Trampoline.invoke(MethodUtil.java:72)
	at java.base/jdk.internal.reflect.DirectMethodHandleAccessor.invoke(DirectMethodHandleAccessor.java:103)
	at java.base/java.lang.reflect.Method.invoke(Method.java:580)
	at javafx.base@21.0.1/com.sun.javafx.reflect.MethodUtil.invoke(MethodUtil.java:270)
	at javafx.fxml@21.0.1/com.sun.javafx.fxml.MethodHelper.invoke(MethodHelper.java:84)
	at javafx.fxml@21.0.1/javafx.fxml.FXMLLoader$MethodHandler.invoke(FXMLLoader.java:1855)
	at javafx.fxml@21.0.1/javafx.fxml.FXMLLoader$ControllerMethodEventHandler.handle(FXMLLoader.java:1726)
	at javafx.base@21.0.1/com.sun.javafx.event.CompositeEventHandler.dispatchBubblingEvent(CompositeEventHandler.java:86)
	at javafx.base@21.0.1/com.sun.javafx.event.EventHandlerManager.dispatchBubblingEvent(EventHandlerManager.java:232)
	at javafx.base@21.0.1/com.sun.javafx.event.EventHandlerManager.dispatchBubblingEvent(EventHandlerManager.java:189)
	at javafx.base@21.0.1/com.sun.javafx.event.CompositeEventDispatcher.dispatchBubblingEvent(CompositeEventDispatcher.java:59)
	at javafx.base@21.0.1/com.sun.javafx.event.BasicEventDispatcher.dispatchEvent(BasicEventDispatcher.java:58)
	at javafx.base@21.0.1/com.sun.javafx.event.EventDispatchChainImpl.dispatchEvent(EventDispatchChainImpl.java:114)
	at javafx.base@21.0.1/com.sun.javafx.event.BasicEventDispatcher.dispatchEvent(BasicEventDispatcher.java:56)
	at javafx.base@21.0.1/com.sun.javafx.event.EventDispatchChainImpl.dispatchEvent(EventDispatchChainImpl.java:114)
	at javafx.base@21.0.1/com.sun.javafx.event.BasicEventDispatcher.dispatchEvent(BasicEventDispatcher.java:56)
	at javafx.base@21.0.1/com.sun.javafx.event.EventDispatchChainImpl.dispatchEvent(EventDispatchChainImpl.java:114)
	at javafx.base@21.0.1/com.sun.javafx.event.EventUtil.fireEventImpl(EventUtil.java:74)
	at javafx.base@21.0.1/com.sun.javafx.event.EventUtil.fireEvent(EventUtil.java:49)
	at javafx.base@21.0.1/javafx.event.Event.fireEvent(Event.java:198)
	at javafx.graphics@21.0.1/javafx.scene.Node.fireEvent(Node.java:8875)
	at javafx.controls@21.0.1/javafx.scene.control.Button.fire(Button.java:203)
	at javafx.controls@21.0.1/com.sun.javafx.scene.control.behavior.ButtonBehavior.mouseReleased(ButtonBehavior.java:207)
	at javafx.controls@21.0.1/com.sun.javafx.scene.control.inputmap.InputMap.handle(InputMap.java:274)
	at javafx.base@21.0.1/com.sun.javafx.event.CompositeEventHandler$NormalEventHandlerRecord.handleBubblingEvent(CompositeEventHandler.java:247)
	at javafx.base@21.0.1/com.sun.javafx.event.CompositeEventHandler.dispatchBubblingEvent(CompositeEventHandler.java:80)
	at javafx.base@21.0.1/com.sun.javafx.event.EventHandlerManager.dispatchBubblingEvent(EventHandlerManager.java:232)
	at javafx.base@21.0.1/com.sun.javafx.event.EventHandlerManager.dispatchBubblingEvent(EventHandlerManager.java:189)
	at javafx.base@21.0.1/com.sun.javafx.event.CompositeEventDispatcher.dispatchBubblingEvent(CompositeEventDispatcher.java:59)
	at javafx.base@21.0.1/com.sun.javafx.event.BasicEventDispatcher.dispatchEvent(BasicEventDispatcher.java:58)
	at javafx.base@21.0.1/com.sun.javafx.event.EventDispatchChainImpl.dispatchEvent(EventDispatchChainImpl.java:114)
	at javafx.base@21.0.1/com.sun.javafx.event.BasicEventDispatcher.dispatchEvent(BasicEventDispatcher.java:56)
	at javafx.base@21.0.1/com.sun.javafx.event.EventDispatchChainImpl.dispatchEvent(EventDispatchChainImpl.java:114)
	at javafx.base@21.0.1/com.sun.javafx.event.BasicEventDispatcher.dispatchEvent(BasicEventDispatcher.java:56)
	at javafx.base@21.0.1/com.sun.javafx.event.EventDispatchChainImpl.dispatchEvent(EventDispatchChainImpl.java:114)
	at javafx.base@21.0.1/com.sun.javafx.event.EventUtil.fireEventImpl(EventUtil.java:74)
	at javafx.base@21.0.1/com.sun.javafx.event.EventUtil.fireEvent(EventUtil.java:54)
	at javafx.base@21.0.1/javafx.event.Event.fireEvent(Event.java:198)
	at javafx.graphics@21.0.1/javafx.scene.Scene$MouseHandler.process(Scene.java:3984)
	at javafx.graphics@21.0.1/javafx.scene.Scene.processMouseEvent(Scene.java:1890)
	at javafx.graphics@21.0.1/javafx.scene.Scene$ScenePeerListener.mouseEvent(Scene.java:2708)
	at javafx.graphics@21.0.1/com.sun.javafx.tk.quantum.GlassViewEventHandler$MouseEventNotification.run(GlassViewEventHandler.java:411)
	at javafx.graphics@21.0.1/com.sun.javafx.tk.quantum.GlassViewEventHandler$MouseEventNotification.run(GlassViewEventHandler.java:301)
	at java.base/java.security.AccessController.doPrivileged(AccessController.java:400)
	at javafx.graphics@21.0.1/com.sun.javafx.tk.quantum.GlassViewEventHandler.lambda$handleMouseEvent$2(GlassViewEventHandler.java:450)
	at javafx.graphics@21.0.1/com.sun.javafx.tk.quantum.QuantumToolkit.runWithoutRenderLock(QuantumToolkit.java:424)
	at javafx.graphics@21.0.1/com.sun.javafx.tk.quantum.GlassViewEventHandler.handleMouseEvent(GlassViewEventHandler.java:449)
	at javafx.graphics@21.0.1/com.sun.glass.ui.View.handleMouseEvent(View.java:551)
	at javafx.graphics@21.0.1/com.sun.glass.ui.View.notifyMouse(View.java:937)
	at javafx.graphics@21.0.1/com.sun.glass.ui.win.WinApplication._runLoop(Native Method)
	at javafx.graphics@21.0.1/com.sun.glass.ui.win.WinApplication.lambda$runLoop$3(WinApplication.java:185)
	at java.base/java.lang.Thread.run(Thread.java:1583)
2025-10-05 21:02:33 [JavaFX Application Thread] INFO  p.c.a.v.c.CronogramasClienteController - Cargado cronograma con 26 cuotas para préstamo 1
2025-10-05 21:02:33 [JavaFX Application Thread] INFO  p.c.a.v.c.CronogramasClienteController - Cargados 1 préstamos para el cliente 11111111
2025-10-05 21:02:35 [JavaFX Application Thread] ERROR p.c.app.dao.impl.PrestamoDAOImpl - Error al buscar préstamos por cliente y estado: 11111111, ACTIVO
java.sql.SQLException: Column 'cliente_nombre' not found.
	at com.mysql.cj.jdbc.exceptions.SQLError.createSQLException(SQLError.java:130)
	at com.mysql.cj.jdbc.exceptions.SQLError.createSQLException(SQLError.java:98)
	at com.mysql.cj.jdbc.exceptions.SQLError.createSQLException(SQLError.java:90)
	at com.mysql.cj.jdbc.exceptions.SQLError.createSQLException(SQLError.java:64)
	at com.mysql.cj.jdbc.result.ResultSetImpl.findColumn(ResultSetImpl.java:584)
	at com.mysql.cj.jdbc.result.ResultSetImpl.getString(ResultSetImpl.java:896)
	at com.zaxxer.hikari.pool.HikariProxyResultSet.getString(HikariProxyResultSet.java)
	at pe.crediactiva.app.dao.impl.PrestamoDAOImpl.mapResultSetToPrestamo(PrestamoDAOImpl.java:522)
	at pe.crediactiva.app.dao.impl.PrestamoDAOImpl.findByClienteAndEstado(PrestamoDAOImpl.java:475)
	at pe.crediactiva.app.service.PrestamoService.obtenerPrestamosActivosPorCliente(PrestamoService.java:399)
	at pe.crediactiva.app.view.cliente.ClienteMainController.cargarEstadisticasResumen(ClienteMainController.java:198)
	at pe.crediactiva.app.view.cliente.ClienteMainController.initialize(ClienteMainController.java:147)
	at java.base/jdk.internal.reflect.DirectMethodHandleAccessor.invoke(DirectMethodHandleAccessor.java:103)
	at java.base/java.lang.reflect.Method.invoke(Method.java:580)
	at com.sun.javafx.reflect.Trampoline.invoke(MethodUtil.java:72)
	at java.base/jdk.internal.reflect.DirectMethodHandleAccessor.invoke(DirectMethodHandleAccessor.java:103)
	at java.base/java.lang.reflect.Method.invoke(Method.java:580)
	at javafx.base@21.0.1/com.sun.javafx.reflect.MethodUtil.invoke(MethodUtil.java:270)
	at javafx.fxml@21.0.1/com.sun.javafx.fxml.MethodHelper.invoke(MethodHelper.java:84)
	at javafx.fxml@21.0.1/javafx.fxml.FXMLLoader.loadImpl(FXMLLoader.java:2688)
	at javafx.fxml@21.0.1/javafx.fxml.FXMLLoader.loadImpl(FXMLLoader.java:2563)
	at javafx.fxml@21.0.1/javafx.fxml.FXMLLoader.load(FXMLLoader.java:2531)
	at pe.crediactiva.app.view.cliente.CronogramasClienteController.handleVolver(CronogramasClienteController.java:393)
	at java.base/jdk.internal.reflect.DirectMethodHandleAccessor.invoke(DirectMethodHandleAccessor.java:103)
	at java.base/java.lang.reflect.Method.invoke(Method.java:580)
	at com.sun.javafx.reflect.Trampoline.invoke(MethodUtil.java:72)
	at java.base/jdk.internal.reflect.DirectMethodHandleAccessor.invoke(DirectMethodHandleAccessor.java:103)
	at java.base/java.lang.reflect.Method.invoke(Method.java:580)
	at javafx.base@21.0.1/com.sun.javafx.reflect.MethodUtil.invoke(MethodUtil.java:270)
	at javafx.fxml@21.0.1/com.sun.javafx.fxml.MethodHelper.invoke(MethodHelper.java:84)
	at javafx.fxml@21.0.1/javafx.fxml.FXMLLoader$MethodHandler.invoke(FXMLLoader.java:1855)
	at javafx.fxml@21.0.1/javafx.fxml.FXMLLoader$ControllerMethodEventHandler.handle(FXMLLoader.java:1726)
	at javafx.base@21.0.1/com.sun.javafx.event.CompositeEventHandler.dispatchBubblingEvent(CompositeEventHandler.java:86)
	at javafx.base@21.0.1/com.sun.javafx.event.EventHandlerManager.dispatchBubblingEvent(EventHandlerManager.java:232)
	at javafx.base@21.0.1/com.sun.javafx.event.EventHandlerManager.dispatchBubblingEvent(EventHandlerManager.java:189)
	at javafx.base@21.0.1/com.sun.javafx.event.CompositeEventDispatcher.dispatchBubblingEvent(CompositeEventDispatcher.java:59)
	at javafx.base@21.0.1/com.sun.javafx.event.BasicEventDispatcher.dispatchEvent(BasicEventDispatcher.java:58)
	at javafx.base@21.0.1/com.sun.javafx.event.EventDispatchChainImpl.dispatchEvent(EventDispatchChainImpl.java:114)
	at javafx.base@21.0.1/com.sun.javafx.event.BasicEventDispatcher.dispatchEvent(BasicEventDispatcher.java:56)
	at javafx.base@21.0.1/com.sun.javafx.event.EventDispatchChainImpl.dispatchEvent(EventDispatchChainImpl.java:114)
	at javafx.base@21.0.1/com.sun.javafx.event.BasicEventDispatcher.dispatchEvent(BasicEventDispatcher.java:56)
	at javafx.base@21.0.1/com.sun.javafx.event.EventDispatchChainImpl.dispatchEvent(EventDispatchChainImpl.java:114)
	at javafx.base@21.0.1/com.sun.javafx.event.EventUtil.fireEventImpl(EventUtil.java:74)
	at javafx.base@21.0.1/com.sun.javafx.event.EventUtil.fireEvent(EventUtil.java:49)
	at javafx.base@21.0.1/javafx.event.Event.fireEvent(Event.java:198)
	at javafx.graphics@21.0.1/javafx.scene.Node.fireEvent(Node.java:8875)
	at javafx.controls@21.0.1/javafx.scene.control.Button.fire(Button.java:203)
	at javafx.controls@21.0.1/com.sun.javafx.scene.control.behavior.ButtonBehavior.mouseReleased(ButtonBehavior.java:207)
	at javafx.controls@21.0.1/com.sun.javafx.scene.control.inputmap.InputMap.handle(InputMap.java:274)
	at javafx.base@21.0.1/com.sun.javafx.event.CompositeEventHandler$NormalEventHandlerRecord.handleBubblingEvent(CompositeEventHandler.java:247)
	at javafx.base@21.0.1/com.sun.javafx.event.CompositeEventHandler.dispatchBubblingEvent(CompositeEventHandler.java:80)
	at javafx.base@21.0.1/com.sun.javafx.event.EventHandlerManager.dispatchBubblingEvent(EventHandlerManager.java:232)
	at javafx.base@21.0.1/com.sun.javafx.event.EventHandlerManager.dispatchBubblingEvent(EventHandlerManager.java:189)
	at javafx.base@21.0.1/com.sun.javafx.event.CompositeEventDispatcher.dispatchBubblingEvent(CompositeEventDispatcher.java:59)
	at javafx.base@21.0.1/com.sun.javafx.event.BasicEventDispatcher.dispatchEvent(BasicEventDispatcher.java:58)
	at javafx.base@21.0.1/com.sun.javafx.event.EventDispatchChainImpl.dispatchEvent(EventDispatchChainImpl.java:114)
	at javafx.base@21.0.1/com.sun.javafx.event.BasicEventDispatcher.dispatchEvent(BasicEventDispatcher.java:56)
	at javafx.base@21.0.1/com.sun.javafx.event.EventDispatchChainImpl.dispatchEvent(EventDispatchChainImpl.java:114)
	at javafx.base@21.0.1/com.sun.javafx.event.BasicEventDispatcher.dispatchEvent(BasicEventDispatcher.java:56)
	at javafx.base@21.0.1/com.sun.javafx.event.EventDispatchChainImpl.dispatchEvent(EventDispatchChainImpl.java:114)
	at javafx.base@21.0.1/com.sun.javafx.event.EventUtil.fireEventImpl(EventUtil.java:74)
	at javafx.base@21.0.1/com.sun.javafx.event.EventUtil.fireEvent(EventUtil.java:54)
	at javafx.base@21.0.1/javafx.event.Event.fireEvent(Event.java:198)
	at javafx.graphics@21.0.1/javafx.scene.Scene$MouseHandler.process(Scene.java:3984)
	at javafx.graphics@21.0.1/javafx.scene.Scene.processMouseEvent(Scene.java:1890)
	at javafx.graphics@21.0.1/javafx.scene.Scene$ScenePeerListener.mouseEvent(Scene.java:2708)
	at javafx.graphics@21.0.1/com.sun.javafx.tk.quantum.GlassViewEventHandler$MouseEventNotification.run(GlassViewEventHandler.java:411)
	at javafx.graphics@21.0.1/com.sun.javafx.tk.quantum.GlassViewEventHandler$MouseEventNotification.run(GlassViewEventHandler.java:301)
	at java.base/java.security.AccessController.doPrivileged(AccessController.java:400)
	at javafx.graphics@21.0.1/com.sun.javafx.tk.quantum.GlassViewEventHandler.lambda$handleMouseEvent$2(GlassViewEventHandler.java:450)
	at javafx.graphics@21.0.1/com.sun.javafx.tk.quantum.QuantumToolkit.runWithoutRenderLock(QuantumToolkit.java:424)
	at javafx.graphics@21.0.1/com.sun.javafx.tk.quantum.GlassViewEventHandler.handleMouseEvent(GlassViewEventHandler.java:449)
	at javafx.graphics@21.0.1/com.sun.glass.ui.View.handleMouseEvent(View.java:551)
	at javafx.graphics@21.0.1/com.sun.glass.ui.View.notifyMouse(View.java:937)
	at javafx.graphics@21.0.1/com.sun.glass.ui.win.WinApplication._runLoop(Native Method)
	at javafx.graphics@21.0.1/com.sun.glass.ui.win.WinApplication.lambda$runLoop$3(WinApplication.java:185)
	at java.base/java.lang.Thread.run(Thread.java:1583)
2025-10-05 21:02:37 [JavaFX Application Thread] INFO  p.c.a.v.c.PrestamosClienteController - Cargados 1 préstamos para el cliente 11111111
2025-10-05 21:02:38 [JavaFX Application Thread] ERROR p.c.app.dao.impl.PrestamoDAOImpl - Error al buscar préstamos por cliente y estado: 11111111, ACTIVO
java.sql.SQLException: Column 'cliente_nombre' not found.
	at com.mysql.cj.jdbc.exceptions.SQLError.createSQLException(SQLError.java:130)
	at com.mysql.cj.jdbc.exceptions.SQLError.createSQLException(SQLError.java:98)
	at com.mysql.cj.jdbc.exceptions.SQLError.createSQLException(SQLError.java:90)
	at com.mysql.cj.jdbc.exceptions.SQLError.createSQLException(SQLError.java:64)
	at com.mysql.cj.jdbc.result.ResultSetImpl.findColumn(ResultSetImpl.java:584)
	at com.mysql.cj.jdbc.result.ResultSetImpl.getString(ResultSetImpl.java:896)
	at com.zaxxer.hikari.pool.HikariProxyResultSet.getString(HikariProxyResultSet.java)
	at pe.crediactiva.app.dao.impl.PrestamoDAOImpl.mapResultSetToPrestamo(PrestamoDAOImpl.java:522)
	at pe.crediactiva.app.dao.impl.PrestamoDAOImpl.findByClienteAndEstado(PrestamoDAOImpl.java:475)
	at pe.crediactiva.app.service.PrestamoService.obtenerPrestamosActivosPorCliente(PrestamoService.java:399)
	at pe.crediactiva.app.view.cliente.ClienteMainController.cargarEstadisticasResumen(ClienteMainController.java:198)
	at pe.crediactiva.app.view.cliente.ClienteMainController.initialize(ClienteMainController.java:147)
	at java.base/jdk.internal.reflect.DirectMethodHandleAccessor.invoke(DirectMethodHandleAccessor.java:103)
	at java.base/java.lang.reflect.Method.invoke(Method.java:580)
	at com.sun.javafx.reflect.Trampoline.invoke(MethodUtil.java:72)
	at java.base/jdk.internal.reflect.DirectMethodHandleAccessor.invoke(DirectMethodHandleAccessor.java:103)
	at java.base/java.lang.reflect.Method.invoke(Method.java:580)
	at javafx.base@21.0.1/com.sun.javafx.reflect.MethodUtil.invoke(MethodUtil.java:270)
	at javafx.fxml@21.0.1/com.sun.javafx.fxml.MethodHelper.invoke(MethodHelper.java:84)
	at javafx.fxml@21.0.1/javafx.fxml.FXMLLoader.loadImpl(FXMLLoader.java:2688)
	at javafx.fxml@21.0.1/javafx.fxml.FXMLLoader.loadImpl(FXMLLoader.java:2563)
	at javafx.fxml@21.0.1/javafx.fxml.FXMLLoader.load(FXMLLoader.java:2531)
	at pe.crediactiva.app.view.cliente.PrestamosClienteController.handleVolver(PrestamosClienteController.java:287)
	at java.base/jdk.internal.reflect.DirectMethodHandleAccessor.invoke(DirectMethodHandleAccessor.java:103)
	at java.base/java.lang.reflect.Method.invoke(Method.java:580)
	at com.sun.javafx.reflect.Trampoline.invoke(MethodUtil.java:72)
	at java.base/jdk.internal.reflect.DirectMethodHandleAccessor.invoke(DirectMethodHandleAccessor.java:103)
	at java.base/java.lang.reflect.Method.invoke(Method.java:580)
	at javafx.base@21.0.1/com.sun.javafx.reflect.MethodUtil.invoke(MethodUtil.java:270)
	at javafx.fxml@21.0.1/com.sun.javafx.fxml.MethodHelper.invoke(MethodHelper.java:84)
	at javafx.fxml@21.0.1/javafx.fxml.FXMLLoader$MethodHandler.invoke(FXMLLoader.java:1855)
	at javafx.fxml@21.0.1/javafx.fxml.FXMLLoader$ControllerMethodEventHandler.handle(FXMLLoader.java:1726)
	at javafx.base@21.0.1/com.sun.javafx.event.CompositeEventHandler.dispatchBubblingEvent(CompositeEventHandler.java:86)
	at javafx.base@21.0.1/com.sun.javafx.event.EventHandlerManager.dispatchBubblingEvent(EventHandlerManager.java:232)
	at javafx.base@21.0.1/com.sun.javafx.event.EventHandlerManager.dispatchBubblingEvent(EventHandlerManager.java:189)
	at javafx.base@21.0.1/com.sun.javafx.event.CompositeEventDispatcher.dispatchBubblingEvent(CompositeEventDispatcher.java:59)
	at javafx.base@21.0.1/com.sun.javafx.event.BasicEventDispatcher.dispatchEvent(BasicEventDispatcher.java:58)
	at javafx.base@21.0.1/com.sun.javafx.event.EventDispatchChainImpl.dispatchEvent(EventDispatchChainImpl.java:114)
	at javafx.base@21.0.1/com.sun.javafx.event.BasicEventDispatcher.dispatchEvent(BasicEventDispatcher.java:56)
	at javafx.base@21.0.1/com.sun.javafx.event.EventDispatchChainImpl.dispatchEvent(EventDispatchChainImpl.java:114)
	at javafx.base@21.0.1/com.sun.javafx.event.BasicEventDispatcher.dispatchEvent(BasicEventDispatcher.java:56)
	at javafx.base@21.0.1/com.sun.javafx.event.EventDispatchChainImpl.dispatchEvent(EventDispatchChainImpl.java:114)
	at javafx.base@21.0.1/com.sun.javafx.event.EventUtil.fireEventImpl(EventUtil.java:74)
	at javafx.base@21.0.1/com.sun.javafx.event.EventUtil.fireEvent(EventUtil.java:49)
	at javafx.base@21.0.1/javafx.event.Event.fireEvent(Event.java:198)
	at javafx.graphics@21.0.1/javafx.scene.Node.fireEvent(Node.java:8875)
	at javafx.controls@21.0.1/javafx.scene.control.Button.fire(Button.java:203)
	at javafx.controls@21.0.1/com.sun.javafx.scene.control.behavior.ButtonBehavior.mouseReleased(ButtonBehavior.java:207)
	at javafx.controls@21.0.1/com.sun.javafx.scene.control.inputmap.InputMap.handle(InputMap.java:274)
	at javafx.base@21.0.1/com.sun.javafx.event.CompositeEventHandler$NormalEventHandlerRecord.handleBubblingEvent(CompositeEventHandler.java:247)
	at javafx.base@21.0.1/com.sun.javafx.event.CompositeEventHandler.dispatchBubblingEvent(CompositeEventHandler.java:80)
	at javafx.base@21.0.1/com.sun.javafx.event.EventHandlerManager.dispatchBubblingEvent(EventHandlerManager.java:232)
	at javafx.base@21.0.1/com.sun.javafx.event.EventHandlerManager.dispatchBubblingEvent(EventHandlerManager.java:189)
	at javafx.base@21.0.1/com.sun.javafx.event.CompositeEventDispatcher.dispatchBubblingEvent(CompositeEventDispatcher.java:59)
	at javafx.base@21.0.1/com.sun.javafx.event.BasicEventDispatcher.dispatchEvent(BasicEventDispatcher.java:58)
	at javafx.base@21.0.1/com.sun.javafx.event.EventDispatchChainImpl.dispatchEvent(EventDispatchChainImpl.java:114)
	at javafx.base@21.0.1/com.sun.javafx.event.BasicEventDispatcher.dispatchEvent(BasicEventDispatcher.java:56)
	at javafx.base@21.0.1/com.sun.javafx.event.EventDispatchChainImpl.dispatchEvent(EventDispatchChainImpl.java:114)
	at javafx.base@21.0.1/com.sun.javafx.event.BasicEventDispatcher.dispatchEvent(BasicEventDispatcher.java:56)
	at javafx.base@21.0.1/com.sun.javafx.event.EventDispatchChainImpl.dispatchEvent(EventDispatchChainImpl.java:114)
	at javafx.base@21.0.1/com.sun.javafx.event.EventUtil.fireEventImpl(EventUtil.java:74)
	at javafx.base@21.0.1/com.sun.javafx.event.EventUtil.fireEvent(EventUtil.java:54)
	at javafx.base@21.0.1/javafx.event.Event.fireEvent(Event.java:198)
	at javafx.graphics@21.0.1/javafx.scene.Scene$MouseHandler.process(Scene.java:3984)
	at javafx.graphics@21.0.1/javafx.scene.Scene.processMouseEvent(Scene.java:1890)
	at javafx.graphics@21.0.1/javafx.scene.Scene$ScenePeerListener.mouseEvent(Scene.java:2708)
	at javafx.graphics@21.0.1/com.sun.javafx.tk.quantum.GlassViewEventHandler$MouseEventNotification.run(GlassViewEventHandler.java:411)
	at javafx.graphics@21.0.1/com.sun.javafx.tk.quantum.GlassViewEventHandler$MouseEventNotification.run(GlassViewEventHandler.java:301)
	at java.base/java.security.AccessController.doPrivileged(AccessController.java:400)
	at javafx.graphics@21.0.1/com.sun.javafx.tk.quantum.GlassViewEventHandler.lambda$handleMouseEvent$2(GlassViewEventHandler.java:450)
	at javafx.graphics@21.0.1/com.sun.javafx.tk.quantum.QuantumToolkit.runWithoutRenderLock(QuantumToolkit.java:424)
	at javafx.graphics@21.0.1/com.sun.javafx.tk.quantum.GlassViewEventHandler.handleMouseEvent(GlassViewEventHandler.java:449)
	at javafx.graphics@21.0.1/com.sun.glass.ui.View.handleMouseEvent(View.java:551)
	at javafx.graphics@21.0.1/com.sun.glass.ui.View.notifyMouse(View.java:937)
	at javafx.graphics@21.0.1/com.sun.glass.ui.win.WinApplication._runLoop(Native Method)
	at javafx.graphics@21.0.1/com.sun.glass.ui.win.WinApplication.lambda$runLoop$3(WinApplication.java:185)
	at java.base/java.lang.Thread.run(Thread.java:1583)
2025-10-05 21:02:44 [JavaFX Application Thread] INFO  p.c.a.v.c.HistorialClienteController - Pantalla de historial del cliente inicializada correctamente
2025-10-05 21:02:46 [JavaFX Application Thread] ERROR p.c.app.dao.impl.PrestamoDAOImpl - Error al buscar préstamos por cliente y estado: 11111111, ACTIVO
java.sql.SQLException: Column 'cliente_nombre' not found.
	at com.mysql.cj.jdbc.exceptions.SQLError.createSQLException(SQLError.java:130)
	at com.mysql.cj.jdbc.exceptions.SQLError.createSQLException(SQLError.java:98)
	at com.mysql.cj.jdbc.exceptions.SQLError.createSQLException(SQLError.java:90)
	at com.mysql.cj.jdbc.exceptions.SQLError.createSQLException(SQLError.java:64)
	at com.mysql.cj.jdbc.result.ResultSetImpl.findColumn(ResultSetImpl.java:584)
	at com.mysql.cj.jdbc.result.ResultSetImpl.getString(ResultSetImpl.java:896)
	at com.zaxxer.hikari.pool.HikariProxyResultSet.getString(HikariProxyResultSet.java)
	at pe.crediactiva.app.dao.impl.PrestamoDAOImpl.mapResultSetToPrestamo(PrestamoDAOImpl.java:522)
	at pe.crediactiva.app.dao.impl.PrestamoDAOImpl.findByClienteAndEstado(PrestamoDAOImpl.java:475)
	at pe.crediactiva.app.service.PrestamoService.obtenerPrestamosActivosPorCliente(PrestamoService.java:399)
	at pe.crediactiva.app.view.cliente.ClienteMainController.cargarEstadisticasResumen(ClienteMainController.java:198)
	at pe.crediactiva.app.view.cliente.ClienteMainController.initialize(ClienteMainController.java:147)
	at java.base/jdk.internal.reflect.DirectMethodHandleAccessor.invoke(DirectMethodHandleAccessor.java:103)
	at java.base/java.lang.reflect.Method.invoke(Method.java:580)
	at com.sun.javafx.reflect.Trampoline.invoke(MethodUtil.java:72)
	at java.base/jdk.internal.reflect.DirectMethodHandleAccessor.invoke(DirectMethodHandleAccessor.java:103)
	at java.base/java.lang.reflect.Method.invoke(Method.java:580)
	at javafx.base@21.0.1/com.sun.javafx.reflect.MethodUtil.invoke(MethodUtil.java:270)
	at javafx.fxml@21.0.1/com.sun.javafx.fxml.MethodHelper.invoke(MethodHelper.java:84)
	at javafx.fxml@21.0.1/javafx.fxml.FXMLLoader.loadImpl(FXMLLoader.java:2688)
	at javafx.fxml@21.0.1/javafx.fxml.FXMLLoader.loadImpl(FXMLLoader.java:2563)
	at javafx.fxml@21.0.1/javafx.fxml.FXMLLoader.load(FXMLLoader.java:2531)
	at pe.crediactiva.app.view.cliente.HistorialClienteController.handleVolver(HistorialClienteController.java:497)
	at java.base/jdk.internal.reflect.DirectMethodHandleAccessor.invoke(DirectMethodHandleAccessor.java:103)
	at java.base/java.lang.reflect.Method.invoke(Method.java:580)
	at com.sun.javafx.reflect.Trampoline.invoke(MethodUtil.java:72)
	at java.base/jdk.internal.reflect.DirectMethodHandleAccessor.invoke(DirectMethodHandleAccessor.java:103)
	at java.base/java.lang.reflect.Method.invoke(Method.java:580)
	at javafx.base@21.0.1/com.sun.javafx.reflect.MethodUtil.invoke(MethodUtil.java:270)
	at javafx.fxml@21.0.1/com.sun.javafx.fxml.MethodHelper.invoke(MethodHelper.java:84)
	at javafx.fxml@21.0.1/javafx.fxml.FXMLLoader$MethodHandler.invoke(FXMLLoader.java:1855)
	at javafx.fxml@21.0.1/javafx.fxml.FXMLLoader$ControllerMethodEventHandler.handle(FXMLLoader.java:1726)
	at javafx.base@21.0.1/com.sun.javafx.event.CompositeEventHandler.dispatchBubblingEvent(CompositeEventHandler.java:86)
	at javafx.base@21.0.1/com.sun.javafx.event.EventHandlerManager.dispatchBubblingEvent(EventHandlerManager.java:232)
	at javafx.base@21.0.1/com.sun.javafx.event.EventHandlerManager.dispatchBubblingEvent(EventHandlerManager.java:189)
	at javafx.base@21.0.1/com.sun.javafx.event.CompositeEventDispatcher.dispatchBubblingEvent(CompositeEventDispatcher.java:59)
	at javafx.base@21.0.1/com.sun.javafx.event.BasicEventDispatcher.dispatchEvent(BasicEventDispatcher.java:58)
	at javafx.base@21.0.1/com.sun.javafx.event.EventDispatchChainImpl.dispatchEvent(EventDispatchChainImpl.java:114)
	at javafx.base@21.0.1/com.sun.javafx.event.BasicEventDispatcher.dispatchEvent(BasicEventDispatcher.java:56)
	at javafx.base@21.0.1/com.sun.javafx.event.EventDispatchChainImpl.dispatchEvent(EventDispatchChainImpl.java:114)
	at javafx.base@21.0.1/com.sun.javafx.event.BasicEventDispatcher.dispatchEvent(BasicEventDispatcher.java:56)
	at javafx.base@21.0.1/com.sun.javafx.event.EventDispatchChainImpl.dispatchEvent(EventDispatchChainImpl.java:114)
	at javafx.base@21.0.1/com.sun.javafx.event.EventUtil.fireEventImpl(EventUtil.java:74)
	at javafx.base@21.0.1/com.sun.javafx.event.EventUtil.fireEvent(EventUtil.java:49)
	at javafx.base@21.0.1/javafx.event.Event.fireEvent(Event.java:198)
	at javafx.graphics@21.0.1/javafx.scene.Node.fireEvent(Node.java:8875)
	at javafx.controls@21.0.1/javafx.scene.control.Button.fire(Button.java:203)
	at javafx.controls@21.0.1/com.sun.javafx.scene.control.behavior.ButtonBehavior.mouseReleased(ButtonBehavior.java:207)
	at javafx.controls@21.0.1/com.sun.javafx.scene.control.inputmap.InputMap.handle(InputMap.java:274)
	at javafx.base@21.0.1/com.sun.javafx.event.CompositeEventHandler$NormalEventHandlerRecord.handleBubblingEvent(CompositeEventHandler.java:247)
	at javafx.base@21.0.1/com.sun.javafx.event.CompositeEventHandler.dispatchBubblingEvent(CompositeEventHandler.java:80)
	at javafx.base@21.0.1/com.sun.javafx.event.EventHandlerManager.dispatchBubblingEvent(EventHandlerManager.java:232)
	at javafx.base@21.0.1/com.sun.javafx.event.EventHandlerManager.dispatchBubblingEvent(EventHandlerManager.java:189)
	at javafx.base@21.0.1/com.sun.javafx.event.CompositeEventDispatcher.dispatchBubblingEvent(CompositeEventDispatcher.java:59)
	at javafx.base@21.0.1/com.sun.javafx.event.BasicEventDispatcher.dispatchEvent(BasicEventDispatcher.java:58)
	at javafx.base@21.0.1/com.sun.javafx.event.EventDispatchChainImpl.dispatchEvent(EventDispatchChainImpl.java:114)
	at javafx.base@21.0.1/com.sun.javafx.event.BasicEventDispatcher.dispatchEvent(BasicEventDispatcher.java:56)
	at javafx.base@21.0.1/com.sun.javafx.event.EventDispatchChainImpl.dispatchEvent(EventDispatchChainImpl.java:114)
	at javafx.base@21.0.1/com.sun.javafx.event.BasicEventDispatcher.dispatchEvent(BasicEventDispatcher.java:56)
	at javafx.base@21.0.1/com.sun.javafx.event.EventDispatchChainImpl.dispatchEvent(EventDispatchChainImpl.java:114)
	at javafx.base@21.0.1/com.sun.javafx.event.EventUtil.fireEventImpl(EventUtil.java:74)
	at javafx.base@21.0.1/com.sun.javafx.event.EventUtil.fireEvent(EventUtil.java:54)
	at javafx.base@21.0.1/javafx.event.Event.fireEvent(Event.java:198)
	at javafx.graphics@21.0.1/javafx.scene.Scene$MouseHandler.process(Scene.java:3984)
	at javafx.graphics@21.0.1/javafx.scene.Scene.processMouseEvent(Scene.java:1890)
	at javafx.graphics@21.0.1/javafx.scene.Scene$ScenePeerListener.mouseEvent(Scene.java:2708)
	at javafx.graphics@21.0.1/com.sun.javafx.tk.quantum.GlassViewEventHandler$MouseEventNotification.run(GlassViewEventHandler.java:411)
	at javafx.graphics@21.0.1/com.sun.javafx.tk.quantum.GlassViewEventHandler$MouseEventNotification.run(GlassViewEventHandler.java:301)
	at java.base/java.security.AccessController.doPrivileged(AccessController.java:400)
	at javafx.graphics@21.0.1/com.sun.javafx.tk.quantum.GlassViewEventHandler.lambda$handleMouseEvent$2(GlassViewEventHandler.java:450)
	at javafx.graphics@21.0.1/com.sun.javafx.tk.quantum.QuantumToolkit.runWithoutRenderLock(QuantumToolkit.java:424)
	at javafx.graphics@21.0.1/com.sun.javafx.tk.quantum.GlassViewEventHandler.handleMouseEvent(GlassViewEventHandler.java:449)
	at javafx.graphics@21.0.1/com.sun.glass.ui.View.handleMouseEvent(View.java:551)
	at javafx.graphics@21.0.1/com.sun.glass.ui.View.notifyMouse(View.java:937)
	at javafx.graphics@21.0.1/com.sun.glass.ui.win.WinApplication._runLoop(Native Method)
	at javafx.graphics@21.0.1/com.sun.glass.ui.win.WinApplication.lambda$runLoop$3(WinApplication.java:185)
	at java.base/java.lang.Thread.run(Thread.java:1583)
2025-10-05 21:02:52 [JavaFX Application Thread] INFO  p.c.a.service.AuthenticationService - Usuario cerró sesión: 11111111
2025-10-05 21:02:52 [JavaFX Application Thread] INFO  p.c.a.v.c.ClienteMainController - Cliente cerró sesión
2025-10-05 21:03:00 [JavaFX Application Thread] INFO  p.c.app.config.DatabaseConfig - Pool de conexiones cerrado correctamente
2025-10-05 21:03:00 [JavaFX Application Thread] INFO  pe.crediactiva.app.Main - Aplicación CrediActiva cerrada
2025-10-05 21:04:53 [main] INFO  pe.crediactiva.app.Main - Iniciando aplicación CrediActiva Desktop v1.0.0
2025-10-05 21:04:53 [JavaFX Application Thread] INFO  pe.crediactiva.app.Main - Icono no encontrado, continuando sin icono
2025-10-05 21:04:53 [JavaFX Application Thread] INFO  p.c.app.config.DatabaseConfig - Propiedades de base de datos cargadas correctamente
2025-10-05 21:04:53 [JavaFX Application Thread] INFO  p.c.app.config.DatabaseConfig - Pool de conexiones HikariCP inicializado correctamente
2025-10-05 21:04:54 [JavaFX Application Thread] INFO  pe.crediactiva.app.Main - Aplicación CrediActiva iniciada correctamente
2025-10-05 21:05:07 [JavaFX Application Thread] INFO  p.c.app.dao.impl.UsuarioDAOImpl - Usuario autenticado exitosamente: 12345678
2025-10-05 21:05:07 [JavaFX Application Thread] INFO  p.c.a.service.AuthenticationService - Usuario autenticado exitosamente: 12345678 - ASESOR
2025-10-05 21:05:07 [JavaFX Application Thread] INFO  p.c.app.view.LoginController - Usuario autenticado exitosamente: 12345678
2025-10-05 21:05:07 [JavaFX Application Thread] ERROR p.c.app.service.RecaudacionService - Error al calcular recaudación mensual para asesor: null
java.lang.NullPointerException: Cannot invoke "java.lang.Long.longValue()" because "idAsesor" is null
	at pe.crediactiva.app.dao.impl.RecaudacionAsesorDAOImpl.findByAsesor(RecaudacionAsesorDAOImpl.java:157)
	at pe.crediactiva.app.service.RecaudacionService.obtenerRecaudacionMensualPorAsesor(RecaudacionService.java:112)
	at pe.crediactiva.app.service.RecaudacionService.obtenerRecaudacionDelDia(RecaudacionService.java:268)
	at pe.crediactiva.app.view.asesor.AsesorMainController.cargarEstadisticasDashboard(AsesorMainController.java:136)
	at pe.crediactiva.app.view.asesor.AsesorMainController.initialize(AsesorMainController.java:111)
	at java.base/jdk.internal.reflect.DirectMethodHandleAccessor.invoke(DirectMethodHandleAccessor.java:103)
	at java.base/java.lang.reflect.Method.invoke(Method.java:580)
	at com.sun.javafx.reflect.Trampoline.invoke(MethodUtil.java:72)
	at java.base/jdk.internal.reflect.DirectMethodHandleAccessor.invoke(DirectMethodHandleAccessor.java:103)
	at java.base/java.lang.reflect.Method.invoke(Method.java:580)
	at javafx.base@21.0.1/com.sun.javafx.reflect.MethodUtil.invoke(MethodUtil.java:270)
	at javafx.fxml@21.0.1/com.sun.javafx.fxml.MethodHelper.invoke(MethodHelper.java:84)
	at javafx.fxml@21.0.1/javafx.fxml.FXMLLoader.loadImpl(FXMLLoader.java:2688)
	at javafx.fxml@21.0.1/javafx.fxml.FXMLLoader.loadImpl(FXMLLoader.java:2563)
	at javafx.fxml@21.0.1/javafx.fxml.FXMLLoader.load(FXMLLoader.java:2531)
	at pe.crediactiva.app.view.LoginController.redirectToMainScreen(LoginController.java:140)
	at pe.crediactiva.app.view.LoginController.handleLogin(LoginController.java:99)
	at java.base/jdk.internal.reflect.DirectMethodHandleAccessor.invoke(DirectMethodHandleAccessor.java:103)
	at java.base/java.lang.reflect.Method.invoke(Method.java:580)
	at com.sun.javafx.reflect.Trampoline.invoke(MethodUtil.java:72)
	at java.base/jdk.internal.reflect.DirectMethodHandleAccessor.invoke(DirectMethodHandleAccessor.java:103)
	at java.base/java.lang.reflect.Method.invoke(Method.java:580)
	at javafx.base@21.0.1/com.sun.javafx.reflect.MethodUtil.invoke(MethodUtil.java:270)
	at javafx.fxml@21.0.1/com.sun.javafx.fxml.MethodHelper.invoke(MethodHelper.java:84)
	at javafx.fxml@21.0.1/javafx.fxml.FXMLLoader$MethodHandler.invoke(FXMLLoader.java:1855)
	at javafx.fxml@21.0.1/javafx.fxml.FXMLLoader$ControllerMethodEventHandler.handle(FXMLLoader.java:1726)
	at javafx.base@21.0.1/com.sun.javafx.event.CompositeEventHandler.dispatchBubblingEvent(CompositeEventHandler.java:86)
	at javafx.base@21.0.1/com.sun.javafx.event.EventHandlerManager.dispatchBubblingEvent(EventHandlerManager.java:232)
	at javafx.base@21.0.1/com.sun.javafx.event.EventHandlerManager.dispatchBubblingEvent(EventHandlerManager.java:189)
	at javafx.base@21.0.1/com.sun.javafx.event.CompositeEventDispatcher.dispatchBubblingEvent(CompositeEventDispatcher.java:59)
	at javafx.base@21.0.1/com.sun.javafx.event.BasicEventDispatcher.dispatchEvent(BasicEventDispatcher.java:58)
	at javafx.base@21.0.1/com.sun.javafx.event.EventDispatchChainImpl.dispatchEvent(EventDispatchChainImpl.java:114)
	at javafx.base@21.0.1/com.sun.javafx.event.BasicEventDispatcher.dispatchEvent(BasicEventDispatcher.java:56)
	at javafx.base@21.0.1/com.sun.javafx.event.EventDispatchChainImpl.dispatchEvent(EventDispatchChainImpl.java:114)
	at javafx.base@21.0.1/com.sun.javafx.event.BasicEventDispatcher.dispatchEvent(BasicEventDispatcher.java:56)
	at javafx.base@21.0.1/com.sun.javafx.event.EventDispatchChainImpl.dispatchEvent(EventDispatchChainImpl.java:114)
	at javafx.base@21.0.1/com.sun.javafx.event.EventUtil.fireEventImpl(EventUtil.java:74)
	at javafx.base@21.0.1/com.sun.javafx.event.EventUtil.fireEvent(EventUtil.java:49)
	at javafx.base@21.0.1/javafx.event.Event.fireEvent(Event.java:198)
	at javafx.graphics@21.0.1/javafx.scene.Node.fireEvent(Node.java:8875)
	at javafx.controls@21.0.1/javafx.scene.control.Button.fire(Button.java:203)
	at javafx.controls@21.0.1/com.sun.javafx.scene.control.behavior.ButtonBehavior.mouseReleased(ButtonBehavior.java:207)
	at javafx.controls@21.0.1/com.sun.javafx.scene.control.inputmap.InputMap.handle(InputMap.java:274)
	at javafx.base@21.0.1/com.sun.javafx.event.CompositeEventHandler$NormalEventHandlerRecord.handleBubblingEvent(CompositeEventHandler.java:247)
	at javafx.base@21.0.1/com.sun.javafx.event.CompositeEventHandler.dispatchBubblingEvent(CompositeEventHandler.java:80)
	at javafx.base@21.0.1/com.sun.javafx.event.EventHandlerManager.dispatchBubblingEvent(EventHandlerManager.java:232)
	at javafx.base@21.0.1/com.sun.javafx.event.EventHandlerManager.dispatchBubblingEvent(EventHandlerManager.java:189)
	at javafx.base@21.0.1/com.sun.javafx.event.CompositeEventDispatcher.dispatchBubblingEvent(CompositeEventDispatcher.java:59)
	at javafx.base@21.0.1/com.sun.javafx.event.BasicEventDispatcher.dispatchEvent(BasicEventDispatcher.java:58)
	at javafx.base@21.0.1/com.sun.javafx.event.EventDispatchChainImpl.dispatchEvent(EventDispatchChainImpl.java:114)
	at javafx.base@21.0.1/com.sun.javafx.event.BasicEventDispatcher.dispatchEvent(BasicEventDispatcher.java:56)
	at javafx.base@21.0.1/com.sun.javafx.event.EventDispatchChainImpl.dispatchEvent(EventDispatchChainImpl.java:114)
	at javafx.base@21.0.1/com.sun.javafx.event.BasicEventDispatcher.dispatchEvent(BasicEventDispatcher.java:56)
	at javafx.base@21.0.1/com.sun.javafx.event.EventDispatchChainImpl.dispatchEvent(EventDispatchChainImpl.java:114)
	at javafx.base@21.0.1/com.sun.javafx.event.EventUtil.fireEventImpl(EventUtil.java:74)
	at javafx.base@21.0.1/com.sun.javafx.event.EventUtil.fireEvent(EventUtil.java:54)
	at javafx.base@21.0.1/javafx.event.Event.fireEvent(Event.java:198)
	at javafx.graphics@21.0.1/javafx.scene.Scene$MouseHandler.process(Scene.java:3984)
	at javafx.graphics@21.0.1/javafx.scene.Scene.processMouseEvent(Scene.java:1890)
	at javafx.graphics@21.0.1/javafx.scene.Scene$ScenePeerListener.mouseEvent(Scene.java:2708)
	at javafx.graphics@21.0.1/com.sun.javafx.tk.quantum.GlassViewEventHandler$MouseEventNotification.run(GlassViewEventHandler.java:411)
	at javafx.graphics@21.0.1/com.sun.javafx.tk.quantum.GlassViewEventHandler$MouseEventNotification.run(GlassViewEventHandler.java:301)
	at java.base/java.security.AccessController.doPrivileged(AccessController.java:400)
	at javafx.graphics@21.0.1/com.sun.javafx.tk.quantum.GlassViewEventHandler.lambda$handleMouseEvent$2(GlassViewEventHandler.java:450)
	at javafx.graphics@21.0.1/com.sun.javafx.tk.quantum.QuantumToolkit.runWithoutRenderLock(QuantumToolkit.java:424)
	at javafx.graphics@21.0.1/com.sun.javafx.tk.quantum.GlassViewEventHandler.handleMouseEvent(GlassViewEventHandler.java:449)
	at javafx.graphics@21.0.1/com.sun.glass.ui.View.handleMouseEvent(View.java:551)
	at javafx.graphics@21.0.1/com.sun.glass.ui.View.notifyMouse(View.java:937)
	at javafx.graphics@21.0.1/com.sun.glass.ui.win.WinApplication._runLoop(Native Method)
	at javafx.graphics@21.0.1/com.sun.glass.ui.win.WinApplication.lambda$runLoop$3(WinApplication.java:185)
	at java.base/java.lang.Thread.run(Thread.java:1583)
2025-10-05 21:05:07 [JavaFX Application Thread] ERROR p.c.app.service.RecaudacionService - Error al calcular recaudación mensual para asesor: null
java.lang.NullPointerException: Cannot invoke "java.lang.Long.longValue()" because "idAsesor" is null
	at pe.crediactiva.app.dao.impl.RecaudacionAsesorDAOImpl.findByAsesor(RecaudacionAsesorDAOImpl.java:157)
	at pe.crediactiva.app.service.RecaudacionService.obtenerRecaudacionMensualPorAsesor(RecaudacionService.java:112)
	at pe.crediactiva.app.service.RecaudacionService.obtenerRecaudacionDelMes(RecaudacionService.java:275)
	at pe.crediactiva.app.view.asesor.AsesorMainController.cargarEstadisticasDashboard(AsesorMainController.java:140)
	at pe.crediactiva.app.view.asesor.AsesorMainController.initialize(AsesorMainController.java:111)
	at java.base/jdk.internal.reflect.DirectMethodHandleAccessor.invoke(DirectMethodHandleAccessor.java:103)
	at java.base/java.lang.reflect.Method.invoke(Method.java:580)
	at com.sun.javafx.reflect.Trampoline.invoke(MethodUtil.java:72)
	at java.base/jdk.internal.reflect.DirectMethodHandleAccessor.invoke(DirectMethodHandleAccessor.java:103)
	at java.base/java.lang.reflect.Method.invoke(Method.java:580)
	at javafx.base@21.0.1/com.sun.javafx.reflect.MethodUtil.invoke(MethodUtil.java:270)
	at javafx.fxml@21.0.1/com.sun.javafx.fxml.MethodHelper.invoke(MethodHelper.java:84)
	at javafx.fxml@21.0.1/javafx.fxml.FXMLLoader.loadImpl(FXMLLoader.java:2688)
	at javafx.fxml@21.0.1/javafx.fxml.FXMLLoader.loadImpl(FXMLLoader.java:2563)
	at javafx.fxml@21.0.1/javafx.fxml.FXMLLoader.load(FXMLLoader.java:2531)
	at pe.crediactiva.app.view.LoginController.redirectToMainScreen(LoginController.java:140)
	at pe.crediactiva.app.view.LoginController.handleLogin(LoginController.java:99)
	at java.base/jdk.internal.reflect.DirectMethodHandleAccessor.invoke(DirectMethodHandleAccessor.java:103)
	at java.base/java.lang.reflect.Method.invoke(Method.java:580)
	at com.sun.javafx.reflect.Trampoline.invoke(MethodUtil.java:72)
	at java.base/jdk.internal.reflect.DirectMethodHandleAccessor.invoke(DirectMethodHandleAccessor.java:103)
	at java.base/java.lang.reflect.Method.invoke(Method.java:580)
	at javafx.base@21.0.1/com.sun.javafx.reflect.MethodUtil.invoke(MethodUtil.java:270)
	at javafx.fxml@21.0.1/com.sun.javafx.fxml.MethodHelper.invoke(MethodHelper.java:84)
	at javafx.fxml@21.0.1/javafx.fxml.FXMLLoader$MethodHandler.invoke(FXMLLoader.java:1855)
	at javafx.fxml@21.0.1/javafx.fxml.FXMLLoader$ControllerMethodEventHandler.handle(FXMLLoader.java:1726)
	at javafx.base@21.0.1/com.sun.javafx.event.CompositeEventHandler.dispatchBubblingEvent(CompositeEventHandler.java:86)
	at javafx.base@21.0.1/com.sun.javafx.event.EventHandlerManager.dispatchBubblingEvent(EventHandlerManager.java:232)
	at javafx.base@21.0.1/com.sun.javafx.event.EventHandlerManager.dispatchBubblingEvent(EventHandlerManager.java:189)
	at javafx.base@21.0.1/com.sun.javafx.event.CompositeEventDispatcher.dispatchBubblingEvent(CompositeEventDispatcher.java:59)
	at javafx.base@21.0.1/com.sun.javafx.event.BasicEventDispatcher.dispatchEvent(BasicEventDispatcher.java:58)
	at javafx.base@21.0.1/com.sun.javafx.event.EventDispatchChainImpl.dispatchEvent(EventDispatchChainImpl.java:114)
	at javafx.base@21.0.1/com.sun.javafx.event.BasicEventDispatcher.dispatchEvent(BasicEventDispatcher.java:56)
	at javafx.base@21.0.1/com.sun.javafx.event.EventDispatchChainImpl.dispatchEvent(EventDispatchChainImpl.java:114)
	at javafx.base@21.0.1/com.sun.javafx.event.BasicEventDispatcher.dispatchEvent(BasicEventDispatcher.java:56)
	at javafx.base@21.0.1/com.sun.javafx.event.EventDispatchChainImpl.dispatchEvent(EventDispatchChainImpl.java:114)
	at javafx.base@21.0.1/com.sun.javafx.event.EventUtil.fireEventImpl(EventUtil.java:74)
	at javafx.base@21.0.1/com.sun.javafx.event.EventUtil.fireEvent(EventUtil.java:49)
	at javafx.base@21.0.1/javafx.event.Event.fireEvent(Event.java:198)
	at javafx.graphics@21.0.1/javafx.scene.Node.fireEvent(Node.java:8875)
	at javafx.controls@21.0.1/javafx.scene.control.Button.fire(Button.java:203)
	at javafx.controls@21.0.1/com.sun.javafx.scene.control.behavior.ButtonBehavior.mouseReleased(ButtonBehavior.java:207)
	at javafx.controls@21.0.1/com.sun.javafx.scene.control.inputmap.InputMap.handle(InputMap.java:274)
	at javafx.base@21.0.1/com.sun.javafx.event.CompositeEventHandler$NormalEventHandlerRecord.handleBubblingEvent(CompositeEventHandler.java:247)
	at javafx.base@21.0.1/com.sun.javafx.event.CompositeEventHandler.dispatchBubblingEvent(CompositeEventHandler.java:80)
	at javafx.base@21.0.1/com.sun.javafx.event.EventHandlerManager.dispatchBubblingEvent(EventHandlerManager.java:232)
	at javafx.base@21.0.1/com.sun.javafx.event.EventHandlerManager.dispatchBubblingEvent(EventHandlerManager.java:189)
	at javafx.base@21.0.1/com.sun.javafx.event.CompositeEventDispatcher.dispatchBubblingEvent(CompositeEventDispatcher.java:59)
	at javafx.base@21.0.1/com.sun.javafx.event.BasicEventDispatcher.dispatchEvent(BasicEventDispatcher.java:58)
	at javafx.base@21.0.1/com.sun.javafx.event.EventDispatchChainImpl.dispatchEvent(EventDispatchChainImpl.java:114)
	at javafx.base@21.0.1/com.sun.javafx.event.BasicEventDispatcher.dispatchEvent(BasicEventDispatcher.java:56)
	at javafx.base@21.0.1/com.sun.javafx.event.EventDispatchChainImpl.dispatchEvent(EventDispatchChainImpl.java:114)
	at javafx.base@21.0.1/com.sun.javafx.event.BasicEventDispatcher.dispatchEvent(BasicEventDispatcher.java:56)
	at javafx.base@21.0.1/com.sun.javafx.event.EventDispatchChainImpl.dispatchEvent(EventDispatchChainImpl.java:114)
	at javafx.base@21.0.1/com.sun.javafx.event.EventUtil.fireEventImpl(EventUtil.java:74)
	at javafx.base@21.0.1/com.sun.javafx.event.EventUtil.fireEvent(EventUtil.java:54)
	at javafx.base@21.0.1/javafx.event.Event.fireEvent(Event.java:198)
	at javafx.graphics@21.0.1/javafx.scene.Scene$MouseHandler.process(Scene.java:3984)
	at javafx.graphics@21.0.1/javafx.scene.Scene.processMouseEvent(Scene.java:1890)
	at javafx.graphics@21.0.1/javafx.scene.Scene$ScenePeerListener.mouseEvent(Scene.java:2708)
	at javafx.graphics@21.0.1/com.sun.javafx.tk.quantum.GlassViewEventHandler$MouseEventNotification.run(GlassViewEventHandler.java:411)
	at javafx.graphics@21.0.1/com.sun.javafx.tk.quantum.GlassViewEventHandler$MouseEventNotification.run(GlassViewEventHandler.java:301)
	at java.base/java.security.AccessController.doPrivileged(AccessController.java:400)
	at javafx.graphics@21.0.1/com.sun.javafx.tk.quantum.GlassViewEventHandler.lambda$handleMouseEvent$2(GlassViewEventHandler.java:450)
	at javafx.graphics@21.0.1/com.sun.javafx.tk.quantum.QuantumToolkit.runWithoutRenderLock(QuantumToolkit.java:424)
	at javafx.graphics@21.0.1/com.sun.javafx.tk.quantum.GlassViewEventHandler.handleMouseEvent(GlassViewEventHandler.java:449)
	at javafx.graphics@21.0.1/com.sun.glass.ui.View.handleMouseEvent(View.java:551)
	at javafx.graphics@21.0.1/com.sun.glass.ui.View.notifyMouse(View.java:937)
	at javafx.graphics@21.0.1/com.sun.glass.ui.win.WinApplication._runLoop(Native Method)
	at javafx.graphics@21.0.1/com.sun.glass.ui.win.WinApplication.lambda$runLoop$3(WinApplication.java:185)
	at java.base/java.lang.Thread.run(Thread.java:1583)
2025-10-05 21:05:07 [JavaFX Application Thread] INFO  p.c.app.view.LoginController - Usuario redirigido a pantalla principal: ASESOR
2025-10-05 21:05:18 [JavaFX Application Thread] INFO  p.c.app.config.DatabaseConfig - Pool de conexiones cerrado correctamente
2025-10-05 21:05:18 [JavaFX Application Thread] INFO  pe.crediactiva.app.Main - Aplicación CrediActiva cerrada
